DataType=double
version=3
OpenSimVersion=4.5-2024-01-10-34fd6af
endheader
time	addbrev_r	addlong_r	addmagDist_r	addmagIsch_r	addmagMid_r	addmagProx_r	bflh_r	bfsh_r	edl_r	ehl_r	fdl_r	fhl_r	gaslat_r	gasmed_r	gem_r	glmax1_r	glmax2_r	glmax3_r	glmed1_r	glmed2_r	glmed3_r	glmin1_r	glmin2_r	glmin3_r	grac_r	iliacus_r	pect_r	perbrev_r	perlong_r	piri_r	psoas_r	quadfem_r	recfem_r	sart_r	semimem_r	semiten_r	soleus_r	tfl_r	tibant_r	tibpost_r	vasint_r	vaslat_r	vasmed_r	addbrev_l	addlong_l	addmagDist_l	addmagIsch_l	addmagMid_l	addmagProx_l	bflh_l	bfsh_l	edl_l	ehl_l	fdl_l	fhl_l	gaslat_l	gasmed_l	gem_l	glmax1_l	glmax2_l	glmax3_l	glmed1_l	glmed2_l	glmed3_l	glmin1_l	glmin2_l	glmin3_l	grac_l	iliacus_l	pect_l	perbrev_l	perlong_l	piri_l	psoas_l	quadfem_l	recfem_l	sart_l	semimem_l	semiten_l	soleus_l	tfl_l	tibant_l	tibpost_l	vasint_l	vaslat_l	vasmed_l
0	0.001596386280161421	0.02296585210714152	0.001355270746042829	0.001389152208074587	0.001314475766053299	0.01067967818754853	0.225747380098346	0.1963044103868298	0.1355038767668297	0.1088427324709415	0.007179248732779068	0.005835125575474017	0.0369301726841338	0.03193018618087044	0.08311046876943397	0.007902901677182566	0.01973041492425302	0.01225032547354001	0.04012535183751742	0.0336180289900317	0.1357871418796871	0.04796033401468269	0.05825865702555696	0.06462737354824265	0.006878393863406713	0.1794422100440741	0.009868852663936948	0.06248316639582486	0.07652815719578215	0.1117591148902288	0.1838546147267946	0.1093615512571544	0.1447342381562598	0.07953040149561269	0.231216083122087	0.1607570264221899	0.006566093142718361	0.02845839035054172	0.1129739484073875	0.004389354032890499	0.004312987756995647	0.003767946555058066	0.004496243461407349	0.01838820231550599	0.03175456392039226	0.01205458312707751	0.01213782268602263	0.01670437845746959	0.01029550041347248	0.01874394997341138	0.02419624558631006	0.0196031079453932	0.01563231593527103	0.07334996688423669	0.07224146920325988	0.1905570705150992	0.2339222042409151	0.006407535984218758	0.009257385835534766	0.009964689870209539	0.007701892122701548	0.3105671843101631	0.2229815501637613	0.2124176328311523	0.3175375051841371	0.3133402257380334	0.3078329721548536	0.009231883369314589	0.1560769376041073	0.01279487597772291	0.1085420228789637	0.1267960417201649	0.008697984193463114	0.1393090616342133	0.007352330886601597	0.1497280885059961	0.01224713372981947	0.04490033190267075	0.03896839518086835	0.09694050451091578	0.04221535618089729	0.01555832602793595	0.1170341246237767	0.01365105388616115	0.01683492295561811	0.01301259348807379
0.009512856113114032	0.001635804137884363	0.02260907272847349	0.0009749397010863068	0.0009470335175224012	0.001182582935979897	0.01031508090776403	0.215049880055303	0.1880967668956616	0.1452780030541629	0.1171825547024303	0.005867413075377203	0.004697869041357796	0.0371241325906773	0.03124224749523159	0.08511906911010066	0.005593164045565796	0.01640944681200683	0.01013734447278697	0.03131195602445924	0.02379236997755631	0.1218848770576259	0.04077387047394883	0.05240922406140879	0.0594829705480307	0.006553005866650407	0.196086139738667	0.00964915012896423	0.06453249963818317	0.07890664934664308	0.1148121230899818	0.2016179065081199	0.1122509295889368	0.1426319045435218	0.08218454697258812	0.220756279949543	0.1537605779056836	0.007031187921014244	0.03142873247289995	0.1200974435726592	0.00351672792160035	0.002061396126574369	0.00180308388209623	0.002040567820181159	0.02189455208374419	0.03806761678245976	0.01404943187892212	0.01419451255985628	0.01976007541350103	0.01198314755571285	0.02433634427047424	0.03011062876737423	0.01998012358639904	0.01561609574999615	0.07518360505125075	0.07392909414622019	0.2146576968210724	0.2628754310701903	0.007968452719549417	0.008831772657614418	0.009529547403148306	0.007170155121746088	0.3269682417224717	0.2285329300170885	0.2180742447481449	0.3330863183086237	0.3286081067349387	0.3229209908412404	0.01076461676730773	0.1737069394743972	0.01505253467020241	0.1250516849537304	0.1453461553814181	0.01136718096518884	0.1538384825724377	0.009369168388001708	0.160161433064603	0.01521312498474953	0.05199286706191002	0.04416422427902575	0.1166555831618537	0.04991168924912494	0.01627130793053235	0.1195766436595782	0.01425875336598148	0.01800452358514517	0.01334873573990619
0.02645588447305514	0.001437110967999976	0.02224701678080448	0.001097219618862549	0.001225849860572977	0.001040745787404473	0.01031829979642202	0.2189731701564892	0.1912956520108783	0.1408031037117105	0.1126154127944472	0.01011694740672169	0.008300473287882143	0.0379685609488999	0.03359542339894581	0.08384393836024606	0.006396858610962675	0.01755856771209249	0.01088034731600102	0.05768833918013754	0.04495162036918055	0.1415580372812118	0.06415741691433863	0.07363356300724083	0.07914121241672731	0.006584422320452361	0.1934908860210122	0.009653567229164111	0.06520132660223696	0.08120266227542544	0.112947873888706	0.1970946812924799	0.1104490387662919	0.1467311116986515	0.08044856083231688	0.2266061783939554	0.1577018756833947	0.003621420637773789	0.0295600725837855	0.1156610384467935	0.006043843353704038	0.002760927083823625	0.002274908543360492	0.002817733788445932	0.02429968681161705	0.04266547660945502	0.01495891692615333	0.01521195812850961	0.02163211128058431	0.01272115079291561	0.01998873498010268	0.02795673621074813	0.0146943916287583	0.01101375675179886	0.0743374124438424	0.07294015908321087	0.2306860509915655	0.2822753449135245	0.007284145596100749	0.005486837791599643	0.005184151401131918	0.00385143085979378	0.3311626782240802	0.2220243155464031	0.20618598344931	0.3352090242473187	0.3298061997387266	0.3234182984329259	0.01153779414307579	0.1816219618615763	0.01637024253243956	0.1349579391298497	0.1564877313417176	0.01066732047804323	0.1588507610323194	0.008553318897991441	0.1606895241863118	0.01566809343051782	0.05037530540820129	0.04296376406783668	0.1315134380863787	0.05536896144187306	0.01184001834854667	0.1176678075318802	0.01163366008458199	0.01565863334087544	0.01030322044986861
0.04083125941383081	0.001491447445123503	0.02036237226000775	0.001845423496017678	0.001878362056839705	0.001529451167758344	0.009570831170609861	0.2027670393878421	0.1743236590613501	0.1310550152054208	0.1061066195153711	0.005616510695664011	0.004607056489025916	0.03241850918622718	0.02793069856397283	0.07533125018223923	0.01068520371662342	0.02213168881122964	0.0138099740914795	0.0321767172654993	0.03251452030563851	0.1271281063042529	0.04070950211664034	0.05142026905961306	0.05818903070183216	0.006368407429745717	0.1649300341645261	0.008969934300360038	0.05898097804759561	0.07104717260124513	0.1007428423024447	0.1695124524358378	0.09897434444961128	0.1275234003947157	0.07179866767933432	0.205318888305829	0.1422863976344583	0.007701863811837492	0.02624594126036382	0.1083969471061527	0.003637098627061702	0.007735908076608422	0.006855389807229681	0.00823460567887822	0.02774708867820504	0.04892516110239	0.01693064910902998	0.01724479556434005	0.02465541219278865	0.01439281537660639	0.02999683649672371	0.03684422063060842	0.01597468219790747	0.01158407771849648	0.06828377510673228	0.06681359406980997	0.245554490891236	0.2994256933608782	0.009904528664577621	0.004994075830197927	0.005052797634477738	0.003362722119042962	0.3194293107022027	0.2055771550660602	0.1936169877666237	0.3218792568909695	0.317028501193826	0.3114203872851427	0.0130142022091737	0.1932598633502012	0.01856779117069319	0.1490360967755676	0.1716331009571112	0.01521829393840701	0.1679449476729032	0.01202878186968419	0.1607150583800068	0.0197748653701372	0.05853230338393164	0.04809471122835186	0.151120786685252	0.06264291468775311	0.01366636986209916	0.1075030608629768	0.01234101519544744	0.01692639874765262	0.01074463168471758
0.04479999999999995	0.001404999157072133	0.01747355307480837	0.00301799212566655	0.003064196703368003	0.002093364153803731	0.008458396608136999	0.180583677096932	0.1508734612338947	0.1409900930151981	0.1158923656747462	0.003440293856481557	0.002926508068971849	0.02724395884132929	0.02316359486933925	0.06964143814620265	0.01742271993535931	0.0294278709953662	0.01848304121745137	0.02164750747478696	0.03528971969202377	0.1258635948937143	0.03273173359516245	0.04571768488221163	0.05415129591109624	0.006075737691172793	0.1602692987002885	0.008228527577426308	0.05998085796767179	0.06989765130741163	0.09193431518060254	0.1658507667444951	0.09119657835658676	0.1091050078462638	0.06578438110796758	0.177799147550479	0.1221778031878569	0.01029112124959879	0.02546005398780439	0.1144065128546049	0.002705887153872368	0.01538118201418012	0.0137158463958647	0.01656306304208984	0.02829117698852898	0.04985517473914517	0.0173194921161064	0.01763057192621741	0.02516836879865067	0.01477794167416714	0.03277597045482492	0.03944917503135554	0.02070191558006175	0.01517557829319514	0.06889215874154901	0.06740295138185537	0.2493495593843932	0.303921288691354	0.01168609257099927	0.005480550109938312	0.005782130117489312	0.003794320327917953	0.3230103657387609	0.2080814108583535	0.1974198682368527	0.3261233553029321	0.3218783647708984	0.3167035772392977	0.01330841045817396	0.2033955717814302	0.01901223905477777	0.1532122288820838	0.1766191126647587	0.0181387170463523	0.1782165043769032	0.01432676369552195	0.1655754525855896	0.02185460816185933	0.0611880757752877	0.05004189985833738	0.1539228454867238	0.06434332122535694	0.01729730583323187	0.1084527045788521	0.01312683901390918	0.01773601898875932	0.01147835391227099
0.05431285611311398	0.0009948134555096187	0.01635051771555009	0.003524498551490727	0.003569932341686209	0.002157939265019833	0.008270341085548314	0.1805472364792116	0.1488220521617317	0.164506924335415	0.1361693573086521	0.001684179203689453	0.001415363720980188	0.02337988454918591	0.01793286873522619	0.07450232968077625	0.02104602460210007	0.03387848767353235	0.02130488515382544	0.01064841980522696	0.03321702292925104	0.1286238332330921	0.02532441941853163	0.04142063251617226	0.05189426939664324	0.00609330106842375	0.1795572046427095	0.008124117658821681	0.06478611697941683	0.07477200141734033	0.0979533589817566	0.1874174818100942	0.0975590473868925	0.1080304929584573	0.07013906628176425	0.1749473191173787	0.1197329581048304	0.008709359402513613	0.02757521059468385	0.1317237737431575	0.001638383525205969	0.01911855362933566	0.01697385562142582	0.02066170700954657	0.03019741701835571	0.05342154149655831	0.01828028496842173	0.01864690999134042	0.02678480764556531	0.01546021107113174	0.02276576884762788	0.02956220130514906	0.01675758584324344	0.01219079446576741	0.06143544557357291	0.05994755540983338	0.2523066020703917	0.3076513448414165	0.009026650573097632	0.003981126204341313	0.003808246532922387	0.002663910376229132	0.302235192845632	0.1862984569586237	0.1701998567730213	0.3032579990221531	0.2989466953452969	0.2937626654026316	0.01394652158734398	0.2008610507672023	0.01992859672472214	0.1582606421950326	0.1809305201392582	0.01383823850986126	0.1734208809086411	0.01091486193509836	0.1495656258832761	0.01957022801353634	0.05053474683310998	0.04136251518855525	0.1653247873313037	0.06750236515512287	0.01339505366147738	0.09618604825895317	0.01255265141010066	0.01751238190731898	0.01072948238167818
0.07125588447305514	0.001199517277837721	0.01668728145988155	0.004887431358429166	0.0049910947253619	0.00291686717273141	0.00878820573891775	0.1952934218486777	0.1574915281017514	0.1411459595124936	0.1172953338245754	0.001751508795569212	0.001640210042646585	0.02172902282069611	0.01824903071200309	0.0663032202033291	0.02878609181704084	0.04407297672192875	0.02780075865421274	0.01449662721648107	0.04681928497239186	0.1505615178501596	0.02717102152026124	0.04153621566362993	0.05149457502714447	0.006824657250084018	0.1319695961504042	0.008455487715815137	0.05890599914043534	0.06594362568806128	0.08569416805888436	0.1379747539070822	0.08608307950995414	0.1026502994500522	0.06062012088607472	0.186004574961581	0.1264444096094609	0.01226268972272005	0.02058626911325332	0.1149208615258366	0.002141272658026996	0.02721345875137638	0.02424625516176998	0.02946030512165793	0.03232748829939106	0.05733151804155307	0.0194724369389842	0.01988107728180069	0.02865085400227057	0.01643848998297682	0.008271162673193055	0.01538923995259192	0.02443047481049415	0.01825276854411204	0.05305441978358173	0.05158169094441425	0.2545457641257673	0.3107417261832626	0.008684873976076611	0.003022697744978509	0.0025716254297051	0.002168142372288404	0.2786839674282608	0.162902831766784	0.1397726431944913	0.2792776530809302	0.2766024855938473	0.2724701369501089	0.01471644045681225	0.2183197143222284	0.02108286418659942	0.1680068409198056	0.190960856489564	0.01328442377619161	0.1897659870028545	0.0104729661890368	0.1351052089098237	0.01971061809652715	0.03514272310391965	0.02904682091431691	0.1776819198792698	0.0723648224713342	0.01726877894528331	0.0824540068402079	0.01318685407119065	0.01832883339338369	0.01108156979058274
0.08563125941383082	0.00193991544328758	0.02009785853242283	0.006945512606909009	0.007100661018357179	0.004280562052447391	0.01067391228633933	0.2371204978221977	0.1882270311233317	0.1272121837937001	0.1062072342660168	0.00219340557442338	0.002265318820500642	0.02539323662554156	0.02415758112163841	0.06459224203147547	0.04006926920667948	0.05983114403405981	0.0378084298272722	0.02206393629967697	0.06683140224046999	0.1920666585321903	0.03330003439087864	0.04694251376123613	0.05720019371171552	0.008623525965833625	0.09188007955154739	0.01012698620011824	0.05957977102453491	0.06403683560083256	0.0817236478636142	0.0958974322567487	0.0829301924605884	0.1104545752169204	0.0570276582446046	0.2231240286379189	0.1509351642728938	0.02034757729249053	0.01570089233641803	0.1068129349056344	0.003157553593631059	0.03873279050745473	0.03466373411807517	0.04193399272057932	0.03336003636948705	0.05923209403645364	0.02008401557351065	0.02050638034251968	0.02957941455543113	0.01705331160844861	0.006140846633387925	0.01269752781786207	0.03652779744499002	0.02746109939433548	0.04480512370819784	0.04337160846963029	0.2509164508487755	0.3060519268010167	0.01191655133996813	0.002773483564735395	0.002627124095094768	0.002134788304256724	0.2523028740420088	0.1400988159877564	0.1170973558787843	0.2534613909340391	0.2531371417796415	0.2508245592979789	0.01511197300675701	0.2374886400470715	0.02176595386028237	0.1744479038132373	0.198016924087483	0.01874348093111688	0.2097233101832616	0.01471365510760483	0.1277384330615171	0.02347528445717928	0.0304686591895989	0.02466380372390094	0.1836540663748379	0.0756638593900846	0.02558311096111486	0.0690372303545245	0.01407508738759606	0.01915038158980167	0.01174576296850363
0.08960000000000001	0.001959776538632167	0.01957475138744844	0.007539534889176574	0.007734071877452267	0.004570074601412013	0.0105705731521736	0.2363803157244028	0.1856997481207321	0.1258956991340184	0.1054431270746622	0.002414673491209053	0.002529185964212779	0.02436216744293009	0.02383934992180158	0.06204085811633052	0.04344468045673693	0.06394943898543577	0.04043831778858523	0.02487032875002872	0.07389990995243914	0.2001017685033986	0.03595465710481414	0.04959887627920425	0.05998656510582377	0.008749532533235788	0.08311959220339588	0.01008929031586483	0.05949854961358801	0.06323638377158032	0.07773848166446656	0.08674237207821345	0.07935029593259353	0.1065004633110769	0.05406370361618069	0.2206787233591385	0.148780276248324	0.02135953933219089	0.01421242820348809	0.1054994933562296	0.003480257837222198	0.04237477557294209	0.0379124660668053	0.04589644591494785	0.03415896090915187	0.06058696211859951	0.0206923499464514	0.02110580801590533	0.03035310872710345	0.01762821020144071	0.01099982033122224	0.01688396198656686	0.04233911735684072	0.03190641730001167	0.04461259150451777	0.04316802316648646	0.2550896843896425	0.3108834869619242	0.01420398349477218	0.003695047587830001	0.003997297366808545	0.00300190709173428	0.2537018306554888	0.1411090121878393	0.1207121284807336	0.2555810627037245	0.2560951081091368	0.2544428150384846	0.01555503270753194	0.2487278864541829	0.02240384363484732	0.1797104692177506	0.204105634869	0.02246519713662645	0.2210716822074394	0.0176670550435616	0.1325917622032806	0.02614223758778812	0.03453814388551234	0.02751218646008125	0.187714145483575	0.07784547818134348	0.03021343033501371	0.06870819414129295	0.01540763673966896	0.0205648640664201	0.01304324479104533
0.0991128561131141	0.001986775142247255	0.0194980493556272	0.009702258709052329	0.01000236659219328	0.005617712472253028	0.01112822402638069	0.2544260244784148	0.1946755289067282	0.1385420631708887	0.1170473361879516	0.00239034697378983	0.00271136260750841	0.02212224279284372	0.02274023237822087	0.06217077343535497	0.05610775437214842	0.08032725384896489	0.05085742534610999	0.02877692421427923	0.09510070569634886	0.2357137183948046	0.04150352860999341	0.05713371766925051	0.06928055010963183	0.009754836079493387	0.07217648305894461	0.01074643652907218	0.06472303686142133	0.06689522304444584	0.07597691862472372	0.07591199690385635	0.07878544641800753	0.1050857655230516	0.05235260460173782	0.2324493298296245	0.1553661261167535	0.02467346743874665	0.01199054658799726	0.1150835654402209	0.004055337212922281	0.05559184502838845	0.04968117281431149	0.06027504483073179	0.03408102885430376	0.06060363009058784	0.02047050131994849	0.02090752463989346	0.03021427444179015	0.01749805580232914	0.004131406700742891	0.01016587743527059	0.04944320433997156	0.03723842934923454	0.0354537666746487	0.03407168846968069	0.2443654470113303	0.2977399279197533	0.01555305342608997	0.00225713758648336	0.002400010699072007	0.001839592056360004	0.2211540750767873	0.1136966852520513	0.09114871395966263	0.2229205353705034	0.2251626431586342	0.2248647243834741	0.01534669490055333	0.2565243982269013	0.02225228460329612	0.1795859642818898	0.2036839466964951	0.02493474476688409	0.2299874410408267	0.01950036227063113	0.1190580981529375	0.02761560253392027	0.02556243215785011	0.02003483854223109	0.1880237730509209	0.07848611205432027	0.03448221370435941	0.05384580093286308	0.01465482689440513	0.01957343842112158	0.01208271038259924
0.1160558844730551	0.002874934997147921	0.01689323016849943	0.01382810465302484	0.01431221194979217	0.008043809875900814	0.01017447993455032	0.2328025193285656	0.1633866962062806	0.1822568139281268	0.1562472642011114	0.002886815348309789	0.003766136873294147	0.02247639980153453	0.02683225556155957	0.05713641033225423	0.07831179057811474	0.1066371125518077	0.06765691789905813	0.04251111574502875	0.1370492422801148	0.2800516980723492	0.05935843691108444	0.08047752673994926	0.09648336820502607	0.0105862389758848	0.08725673697052085	0.01105240262479577	0.08325859339024125	0.08320754351949688	0.06558370588171601	0.09083197143857788	0.07110416984799194	0.08217076261093217	0.04590350425513542	0.1985087220337313	0.128751609591481	0.03800695997225866	0.01490644967703347	0.1449741358022072	0.005892560369065855	0.08009591224167209	0.07172023560371917	0.08685361930622215	0.03459985298021896	0.06137102935438263	0.02118052095873932	0.02156435811138483	0.03089312511582363	0.01832458628279022	0.007077910029076034	0.01072158647738653	0.07558391127715239	0.05749478121874328	0.02490829228435308	0.02365237757737724	0.2330484055847567	0.2835024829134966	0.02268263420621325	0.004581244653025581	0.006075082663051411	0.004390182687897964	0.1847744406091763	0.08810975293263387	0.07070189280251613	0.1894503542036562	0.1963462187436865	0.1996005135765702	0.01573516706838378	0.2904477055365224	0.02286978753439274	0.1870857560273955	0.2121994008113655	0.03658746107493316	0.2670965733135785	0.02875839091090267	0.1137934828394399	0.03511254472353766	0.02298494330262405	0.01679313960194026	0.1900393577724415	0.08158961113377894	0.05340031376847025	0.03699121647749533	0.01847435552576467	0.02313629803582869	0.01579104674676151
0.1304312594138309	0.004930208571571686	0.01794390555327434	0.01677920544042674	0.01732633580197223	0.01050155850329116	0.009911950816777331	0.2119881634456283	0.1375728808163017	0.2099641292379963	0.1811501533606778	0.004346920444038748	0.005676175841369632	0.03398943097776909	0.04293771705881123	0.05255985056373371	0.09198525251191381	0.1224912377104094	0.07779862055426329	0.06191448978981045	0.1684002485430634	0.3074839855334011	0.07999624490782675	0.1043350191610989	0.1224851768914752	0.01155665782694457	0.1061855476895527	0.01213213152375265	0.1019883005223522	0.1006269639057114	0.05712997194054834	0.10762855687005	0.06441509430207	0.06784874189024163	0.04162042079976377	0.1703142656669924	0.107272368244038	0.05798265996530596	0.02133410732676068	0.1642825965141437	0.008349706271870122	0.09583349449089704	0.08621348527583771	0.103790552630965	0.03088599234115376	0.05491664828912366	0.01869893676544047	0.01906120718260554	0.02748672355099827	0.01658941722782321	0.004858193789200339	0.009379645813113107	0.09823353815531533	0.07441213125873734	0.01536896150127731	0.01425130431348624	0.200893530722225	0.2440061824433083	0.0300566693897941	0.002725745343299976	0.004323617645600727	0.002584788981580149	0.1404568407612751	0.05717727614607346	0.04214290736818603	0.1481700926202664	0.1591605202004899	0.1655264333008102	0.01394070099813993	0.3125528923404133	0.02070904496137027	0.1768692364221148	0.2024996517913167	0.04930760117636728	0.2958147373577317	0.03848223708160262	0.1071008563370221	0.04212726578124248	0.01743237571129492	0.01211086749759756	0.170206665167925	0.07734449764407841	0.0691694115162115	0.02173910227565695	0.01661289556071912	0.02000644262138833	0.01366139066674434
0.1344	0.005371463819800043	0.01881948961399492	0.0169625300290571	0.01753267164974163	0.01078835850490788	0.01006053845171509	0.2113059605178905	0.1368818354999461	0.2139040656747744	0.1842570369652067	0.005797843868829378	0.006994929587890223	0.03819701977388316	0.0480987177951686	0.05325864044456339	0.09230627221370162	0.1228450618498816	0.07802957091122889	0.07206695026621732	0.1756449514607771	0.3132707145792309	0.08941782419453312	0.1136193239555868	0.1315579775458004	0.01174674957445414	0.1148787689990539	0.01249826262272689	0.1061253660637466	0.1054995686709274	0.05800416092897884	0.115440244990678	0.06532432588329797	0.07012803845499893	0.04258994170445474	0.1701407857003643	0.1071043289222188	0.06095141693990761	0.02328403986521209	0.1670569901300358	0.009417935014891229	0.09632792781815028	0.08672363966991949	0.1042870889419639	0.03363868232127061	0.05828556362800939	0.02323798834957708	0.02323517569185896	0.03137343822740703	0.02029622039013562	0.03224645139621089	0.02310483379314786	0.1261429752940426	0.09860749697920446	0.01218182400350094	0.01144721460395371	0.1995200893714604	0.2420193846795025	0.03398195965143009	0.02103968284974242	0.02841010630672476	0.02119776428805809	0.1347738449741321	0.07742817184354001	0.08597071008405491	0.1483199403578739	0.1641718840438418	0.1743793718958133	0.01663939010111653	0.3244149584906593	0.02331587113340115	0.1899810728159414	0.2136974102095076	0.05327719207802038	0.3090134174487469	0.04309595779385515	0.1085454660120577	0.04480510520084062	0.0309810998858469	0.02011078203901841	0.1778177660309284	0.07934403806554709	0.09271846803770317	0.01810325269943623	0.0365159079519239	0.04125480731153575	0.0349792419929669
0.1439128561131141	0.005828148200564427	0.01794989041707158	0.01801804566231525	0.01862049039487684	0.01153266087474972	0.009559663298534806	0.1977992287027532	0.122027861230329	0.2168919285729261	0.1875927490888695	0.00582274414149803	0.007235576301544836	0.03900621795122964	0.05051809219631864	0.048117905384658	0.09755634900586808	0.1286931645827984	0.08177907869445578	0.07577846271133512	0.1856352987321565	0.3196282173040686	0.09336925219219103	0.1182612697012902	0.1367516056795114	0.01182625545842946	0.1096550180213983	0.01240424812625785	0.1088875802218369	0.1069995980734198	0.05017586925403177	0.109487062551757	0.05826801619931801	0.0591493761598829	0.03739824565583975	0.153416182200077	0.09472574477073575	0.06633496874374688	0.02325227496538208	0.1683689112975702	0.009934917769873477	0.1023800663468887	0.09223973744061825	0.1108331744552316	0.02671432982523703	0.04762946188735022	0.01598245230497696	0.01631373286914337	0.02369370260294736	0.01457183337834866	0.002181206941069868	0.007172251603912742	0.1146442627497497	0.08666500416110194	0.005717312299200869	0.0047655694846326	0.1656612013877892	0.2008309433521746	0.03529670711661969	0.001063470084285947	0.002718920745740005	0.001007130911747452	0.09449459398721949	0.02617070222413203	0.01355942332121639	0.1044867155206873	0.1187407359261362	0.1276637736716486	0.01195015116556035	0.320794431910066	0.01817876789519482	0.1621632869912631	0.1872502008284963	0.0584316170334728	0.3102926539908332	0.04543537382996403	0.09599884357960697	0.04664166489720985	0.01115724105755224	0.006896663701004597	0.1477720299386209	0.07115396370744764	0.08051383219881587	0.006393659003154641	0.01454985838755811	0.01675125075300781	0.01146730341464221
0.1608558844730551	0.00652840490838856	0.01733278748392732	0.01942992988795247	0.02015468477044074	0.01251253287841651	0.009083563271392949	0.1837640716970233	0.105999900000307	0.2239767633418178	0.1940074141166355	0.008624123557426953	0.009917295779019742	0.04298272972176245	0.05750177368616722	0.0429317417530258	0.1043417062918284	0.1363903370894813	0.0867168894531264	0.09794431727215731	0.2112302508313142	0.3398578468707019	0.1143445503207713	0.1393042508276639	0.1577863358366421	0.01206323768346996	0.1116899051346531	0.01255560157293207	0.1159176696393474	0.1139253000823014	0.04201884607719164	0.1094652688820613	0.05105793997603508	0.05031076354790536	0.03210751301226489	0.1367456297661062	0.08216390956076826	0.07281273965657778	0.02412709694190903	0.1719840945412179	0.01230667390606066	0.1101531106248743	0.09927899964294444	0.1192273185646696	0.01709951081176881	0.03042534420054411	0.01024677539235461	0.01043280012836441	0.01517953047537135	0.01023123306498955	0.001436859037376079	0.00712241400634246	0.1426673955316787	0.1080232369600066	0.001578538680126686	0.0009272830997041468	0.1030589012197584	0.1246873001371342	0.0437614472627517	0.001034439099595492	0.003203918287212457	0.0008068304494722321	0.05239432372458043	0.01057947619662383	0.00453878951265968	0.06875022495560494	0.08772987702257978	0.1000918480156143	0.007754060881939922	0.329227127555875	0.01252750163318144	0.1288388376457649	0.1530734642736148	0.07276334218693983	0.331308745953202	0.05653938131881537	0.09350368030754264	0.05278013019487038	0.006296601266756662	0.003607677691087583	0.09412237364629882	0.05526335003052366	0.1004557973418557	0.0005519000711749441	0.01253158405651796	0.0124211892706227	0.00962474810128602
0.1752312594138309	0.007430596438490253	0.01802812005862383	0.0202275020855692	0.02107694592967013	0.0132671466127456	0.008956226899823385	0.1743931717366028	0.09632375870758771	0.226845235383574	0.1961135934428934	0.01310904239192076	0.01398141435398201	0.0508677529108217	0.06864226391312876	0.03967301003933409	0.1072503686360365	0.1395226274162532	0.08874398898617493	0.1294934731398792	0.2376086655977252	0.3593060357632004	0.143027635160885	0.1667431142206542	0.1841727693844482	0.01233367624289072	0.11984435790724	0.01301018005747723	0.1235615036855329	0.1228198386467753	0.03707814552503672	0.1146571595066129	0.04657047994746863	0.04896102331621446	0.02920040592427256	0.1277907067907082	0.0754916148372058	0.07898586682625028	0.02620263024815452	0.1727394849126819	0.01556379787478822	0.1137371725540933	0.1025900703297692	0.1230439453096355	0.003004304942987889	0.004780841039475779	0.002521379893491432	0.002393809583102	0.003027867095906067	0.004577496325231771	0.007234468229510605	0.01200054785000166	0.2000085051255967	0.1523742078450521	0.0009470008728152662	0.0007768126375511555	0.01423063429215907	0.01679564752652319	0.06019704268393267	0.005539206616209887	0.009830580665891204	0.004925473971109118	0.009295488174524512	0.009484280486516034	0.01829426985374837	0.03865325664712119	0.06655051584440674	0.08520418238642019	0.002020218611532139	0.3647441656600972	0.004656135864598218	0.08577135473658398	0.1101718512484041	0.0998338811915061	0.3872126022803921	0.0778812104426318	0.1049032740096178	0.06560355974254677	0.004841006802775569	0.003207725510964305	0.01336568019984955	0.03288436208710558	0.1421197116169401	0.001129379889231666	0.01446683951897502	0.01093957237678259	0.01205320122475052
0.1792	0.00761566362152239	0.01880191780600932	0.02020016189023794	0.02111144376719726	0.01329537910554448	0.009203486508259143	0.1786860940627279	0.1005234587410124	0.2253319206967827	0.1942653562347937	0.01559309165285794	0.01611178696421413	0.05411358892377847	0.07286110303612767	0.04026404758191902	0.1067342846635941	0.1390696006709594	0.08845847447128197	0.1451161380290616	0.2480629997336299	0.369114632544016	0.1568430767489668	0.1793820204928858	0.1959102241901619	0.01249243011538688	0.1233080454275978	0.0133134455328973	0.1256303558927828	0.1260768058153758	0.03795177463271525	0.1168312155231619	0.04733710233786506	0.05409287379530524	0.0298213434781419	0.1337517093546051	0.07970770697052357	0.07910097644802103	0.02660012695648176	0.1713791495439452	0.01710059500417653	0.1131480265214014	0.1020465463110371	0.1223846395566565	0.006073428299289925	0.00976332857946116	0.005276967630380165	0.005063074506831087	0.006207057846330422	0.006852846742093961	0.01702517896240777	0.01762019117689345	0.2099183587098281	0.1608087216393143	0.001540210480271902	0.001409380575696648	0.02884974729357013	0.03443748118316179	0.06196507172089593	0.01146080233648758	0.01760011088693331	0.01092298336046242	0.01935179189995244	0.02131197625848556	0.03663373102065504	0.05027735734333787	0.07962509025060346	0.09936611477589191	0.003859251134443718	0.38056229537068	0.00689065703017825	0.1005095846315114	0.1255252955431269	0.1019166943781417	0.4015232624839502	0.07999012235157803	0.1112760710884332	0.06772383988406677	0.0113119192379305	0.007349903178337039	0.02793941447183798	0.03825514211367775	0.1503945733310431	0.002351341856347261	0.02160871195712784	0.01887283602116086	0.0195058147642385
0.1887128561131141	0.007945850948945383	0.01836377448396641	0.02010546720065655	0.0210527801409097	0.01338399011802685	0.00869467717922083	0.1638949263065873	0.08823500269532424	0.2208147848436583	0.190302601237437	0.01737807925092542	0.01770889105365119	0.05680928932920215	0.07690977602359743	0.03638253640079579	0.1054184415559993	0.1367810397414261	0.08702716110011995	0.1571820561867733	0.2548367213029066	0.366890371390383	0.167157380367145	0.1885198335536318	0.2040881752112639	0.01219968205943947	0.1243905929170613	0.01307501535861163	0.1262926223009416	0.1272066438221571	0.03284594185426985	0.116491712316359	0.04228455035880313	0.04929145187384617	0.02655066713696618	0.120146468918094	0.07034733787293958	0.08088920781131036	0.02715970178693403	0.1669621727630736	0.01830415751632901	0.1121392841345724	0.1011992511551759	0.121257916433167	0.00854254994774711	0.01429233357225946	0.006535182678280852	0.006384176071461621	0.008288954077438751	0.007959618904430976	0.01371466836062785	0.01563001140734744	0.2144827093804542	0.1640508051819703	0.001628032072004156	0.001386159531198917	0.04463023864946936	0.0536515664271384	0.0634348824199127	0.01011055181056402	0.01587711572541045	0.009605861192051899	0.02674416881962723	0.02040807580015979	0.03197813189792517	0.05744768940238366	0.0872430978321229	0.1071736681155849	0.004831802879318051	0.4025288115140584	0.008426904698418586	0.1137433234052425	0.1406773416450559	0.1045115276545164	0.4217136900128011	0.08189890423268489	0.1163745165343129	0.07025343018786004	0.009816974241499125	0.006188601848764377	0.04223789957145616	0.04447552443316515	0.1531370004119031	0.002115252493339978	0.02134783878764353	0.01883839254172279	0.01889435860009717
0.2056558844730552	0.008793326753830299	0.01935675729010041	0.01985237490881669	0.0209319083644791	0.01356788928516125	0.008496085483164554	0.1517726126047354	0.07954676150837221	0.2070525586059692	0.1775779787755512	0.02366487924697947	0.02319687682976415	0.0663026999203931	0.08993701236921012	0.03113525872586356	0.1022088069237068	0.1322663288731656	0.08419236484424678	0.1979358687275595	0.2791912057324585	0.3778838686799511	0.2021664245391703	0.2195799789141941	0.2321380988556306	0.01209377691888354	0.1259990593831438	0.01329298104150291	0.1291983263899805	0.1323727676237747	0.02616058950700293	0.1138065353270291	0.03543358118025711	0.0510737508970785	0.02226604403690209	0.1125848629924305	0.06542248679563666	0.08421654133650534	0.02805422795825601	0.1551522736631172	0.02234236824697996	0.1092041648925181	0.09865462137518241	0.1179876829259071	0.008817684645581308	0.0151194505307436	0.006075289854300143	0.006012922386874787	0.008222891876308152	0.007677403064932644	0.00788680649700014	0.01291283311764731	0.2158652396631698	0.1644346796758498	0.001452393856880391	0.001103461023360713	0.04907561638074081	0.05905205578451	0.06485851914682067	0.006177139771186668	0.01083226797327078	0.005618297357166063	0.02729310425605402	0.01392174870255557	0.02027611989543056	0.05748457232251756	0.08729902293002323	0.1071343921915757	0.004636103718501657	0.4161748668596543	0.008492650109598505	0.1172246413036842	0.1456865337987479	0.107442494016306	0.4352290358555835	0.0838455541059816	0.1193572834365715	0.07240550466247778	0.006880205122499729	0.004300546448767895	0.04541423821659556	0.04682060051619929	0.1532724283736083	0.001406564657788746	0.01769089488581309	0.01488397428487754	0.01478197938781602
0.2200312594138309	0.009771153447772818	0.0213730168883943	0.01938160119419999	0.0205642057195133	0.01371871509798529	0.008665102307563465	0.1459870006761392	0.07722281927683479	0.1931996134699304	0.1645658089758731	0.0298415103857538	0.02856758034898572	0.07757607508470381	0.1044731829360033	0.02804253140481756	0.0976380752606269	0.1263617669606297	0.08046239501100662	0.237525825269312	0.3002762811015266	0.3876929989491222	0.2359766006929739	0.2494042979536774	0.2589140145645031	0.01214594336164282	0.1308173726948002	0.01381258136067872	0.1326986330653039	0.1384408568783243	0.02262142924997443	0.1143820261616282	0.031490032336305	0.05755218145058308	0.0202706696375297	0.1121866312568137	0.06569006953835722	0.08813938451574121	0.02983425604132321	0.1438955087986471	0.02627145553841076	0.1047259918692917	0.09476319375306176	0.1130261789602819	0.006716881607910122	0.01151210787274697	0.004540101954778755	0.00448656129127304	0.006220708866531319	0.00645059983914963	0.005388642121561344	0.01178235456869968	0.2152833684159887	0.1637116350073218	0.001368304278085432	0.001038183291511693	0.03778041189807665	0.04535075305756792	0.06517176362340872	0.004391937764712091	0.008535864313644569	0.003767445397693238	0.02124789492279126	0.01010582492987373	0.01542710891016375	0.05165655813822964	0.08141755848724064	0.1012057710814264	0.003572904465794045	0.4111204204903685	0.007127353089411819	0.1085305218147963	0.1366888787443017	0.1082525594657904	0.4320340521366989	0.08432075839943856	0.1179008677130753	0.07232533830471274	0.005063949527474093	0.003250252775391964	0.03445442971109573	0.04316906446622824	0.1525486329451332	0.001290907157100908	0.01522355714549807	0.011915104868934	0.01225413585191554
0.224	0.009888662140095794	0.02247580605217548	0.01918893072039352	0.02045653870869558	0.01361169062828412	0.009094465778246533	0.1550971408986634	0.08618714937492637	0.1885921635309487	0.1597782570159501	0.0332464504265692	0.03144419738456017	0.08131369528809032	0.1092934235350718	0.0291961849301482	0.09627485624428292	0.1250808565706372	0.07964636808379572	0.2583013711674782	0.3133401317055685	0.4009251480027832	0.2540780669716842	0.265587534092232	0.2736800742736402	0.01235422459707887	0.1329388195912329	0.01420856444604145	0.1341970608211335	0.1416325192246194	0.02439939624901664	0.1147978469691012	0.03301210804064669	0.06615053534307147	0.02136896859816429	0.1240410239214582	0.07412829527933103	0.08696324711025646	0.0297166238970682	0.1403058571299235	0.02828094014968688	0.103107065137023	0.09326085015899535	0.1112521287911531	0.007113969850682813	0.01170412521554844	0.005715840285773739	0.005538999852034184	0.007035844482734121	0.007314763707272486	0.01531224818444062	0.01729225581631229	0.2156499688406451	0.1649521164687371	0.003310291893986485	0.003097228157825554	0.03797064716379611	0.04557473859855257	0.06401776090387379	0.0103929984846633	0.0162405591260433	0.009794987099316026	0.0286162423707635	0.02485947677525412	0.03788262412484023	0.06010927599184183	0.09000193393718679	0.1099898333626425	0.004244879674080024	0.3997136848534348	0.007595995987771256	0.1083182748131376	0.1350687257044403	0.1054705509929964	0.4203540021513266	0.08265517961201274	0.1188408885872127	0.07043555556534774	0.0113704112218174	0.00759938065131745	0.03411764878608455	0.04177068067432907	0.1541667076313484	0.004973057800226984	0.02110744473041696	0.01833219699995258	0.01874243679110518
0.2335128561131141	0.01006468902391997	0.02155616417740936	0.0185623566994591	0.01983553129682639	0.01337721222475566	0.008314839845820069	0.1344222319240428	0.07024620915539545	0.1780373758531096	0.1506533685038777	0.03450712602172312	0.03252961557022168	0.08279560703604469	0.1116676249964492	0.02402348337405481	0.09207250976449255	0.1189843785526585	0.07579407335098734	0.2659589354172355	0.3129709557825687	0.3878733133919504	0.2597142025095094	0.2694945187587199	0.2762171205372195	0.01171982388590319	0.1308621985902987	0.01361316592743909	0.1316042990808322	0.1394194457923314	0.01799017785517155	0.1114613266647859	0.02641550316972623	0.05934262479671432	0.01714944172931929	0.105678058974463	0.06181620700887906	0.08709830296950564	0.0297247881585696	0.131296168393793	0.02898431724348535	0.09907725350105324	0.08970441822696185	0.1068534603716829	0.005023308924968104	0.008542093050718898	0.003420927063746814	0.003358917350546051	0.004665547411032353	0.005521888946072881	0.004131696978804382	0.01099971927570224	0.2132667273741909	0.1620898766961613	0.001292628006900613	0.0009984834633584747	0.02807653216384834	0.03359886977213551	0.06468999980976735	0.003685810700570625	0.007598862776630196	0.00303163591588118	0.01628829873423075	0.008176341612678351	0.01342837643247696	0.0467627127822912	0.07629768390189424	0.09593921252238552	0.002771582444907633	0.4023184928631087	0.006025186375097026	0.1005987899081186	0.1280681837465977	0.1075710159988385	0.4245371793960303	0.08373101134735561	0.1153063765647405	0.0713606296408778	0.003839654449749394	0.002519634402066634	0.02531901493385977	0.03969411220241384	0.1509954842285937	0.001265581213481902	0.0138893470885378	0.01027064669247904	0.01097197943783752
0.2504558844730551	0.01079310002986249	0.02255531558665232	0.01790696618401256	0.01927053070302042	0.01332669974843584	0.008100960157025669	0.1219577270859253	0.06237062804439569	0.1620545475928023	0.1360190419722427	0.0398901020123952	0.03718576970301216	0.09143556398687169	0.1231292879505323	0.01936358057651395	0.08676347062892199	0.1118777934064926	0.07130381630174033	0.3000265944482003	0.3294577529013095	0.3905810367285159	0.2883802198214433	0.2942240941263002	0.2979383784910705	0.01146545151387918	0.1322533216252334	0.01370536217112746	0.1325836688749889	0.142565573307224	0.01243693319056997	0.1090699205933143	0.02046365074096198	0.06159580177378787	0.01364718355816582	0.09842854546794937	0.05738980566903305	0.08932042835512909	0.03063702448976017	0.1181360041734643	0.03232235592731779	0.09386407124572395	0.08512351874065964	0.1011157395553073	0.003636432229237385	0.006001990895958747	0.002692990446150477	0.002600133535347922	0.003482381173546622	0.004811944622433629	0.004945760589382031	0.01124701282393021	0.2048719464386961	0.1558474487894034	0.003013955023924032	0.002768338807967265	0.02134343409381036	0.02553352544489371	0.06195525984695373	0.004319513861575071	0.008245052427763504	0.003637797709447676	0.01848393047187167	0.01347778438791833	0.01977808028718976	0.04840828935492088	0.07671503418117465	0.09550781858525743	0.00221419935537328	0.3813318998515453	0.005091215169089157	0.09161578543773256	0.1175703289164137	0.1029173667962618	0.4037275700529414	0.08016846508375154	0.1120025811608358	0.06788462969451002	0.004461985540620743	0.003208768129980331	0.01732665935997227	0.03551420384964938	0.1452201757349442	0.004256246132340836	0.01364277282934866	0.01001012230930588	0.01098625545163111
0.2648312594138309	0.01152663646277453	0.02394506421986561	0.01748974773436185	0.0188946659822361	0.01343303468943336	0.008148849799482636	0.1153665311967915	0.05877355195228031	0.1513979525535558	0.1262442458075101	0.04347125547483668	0.04031594094856156	0.09919984548732531	0.1329719297132245	0.01676372094998274	0.08299672835231632	0.1069365620039656	0.06817892274987003	0.3231048075345361	0.3398836037111731	0.3922577912907338	0.3077511854418358	0.3109953465958949	0.3127187627264659	0.01143560215856474	0.134764087073848	0.01400368634121221	0.1343441019438128	0.145779452708059	0.0094571012178255	0.1088442067307097	0.01716968015006416	0.06456809932852217	0.01198338352961055	0.09544760127674595	0.05576816289217162	0.09270448561329551	0.03206884337036897	0.1096687173565573	0.03462365715881812	0.09019301664793151	0.08195415687488658	0.09705549934773287	0.003434505002167019	0.005564875869165277	0.002701003158520816	0.002590491974750929	0.003363087972724589	0.004685347348767526	0.006325602611397808	0.01189772977855037	0.1951249341293948	0.1485916595160323	0.005193601736663648	0.004962376841292246	0.02212702914220996	0.02659194950453556	0.0588146253162698	0.005151902233942308	0.009118720382504913	0.004456590169053029	0.02564250432619875	0.02082370335520788	0.02775958404827926	0.05456323187689224	0.08136598514612782	0.09910237592038383	0.002192788738798026	0.3625938437915838	0.004888826766203184	0.08742115856280022	0.1121629820245208	0.09753818731699637	0.3838905535552957	0.07606021421575616	0.1099982784433594	0.06432115318343624	0.005984320357234755	0.004505801435740604	0.01585570442120539	0.03351903101636407	0.1385301270016721	0.007895304835765836	0.01391671756969249	0.01052348734403314	0.01149042016887009
0.2688	0.01165850028139884	0.02490035095275171	0.01742391709636467	0.01888908369955584	0.01341563415513354	0.008512058150156114	0.1226347540939763	0.06567140675895461	0.1524665062556903	0.126488185703306	0.04591306254573003	0.04238904638582745	0.1024282628133438	0.1369114017557262	0.01881605764350413	0.08237627216703672	0.1064875072695372	0.06789044670482994	0.3381319095519287	0.3497722745856224	0.4029714391866976	0.3212587194996369	0.3235690607350504	0.3245372203296955	0.01164629737297553	0.1415879699123114	0.01438990819960889	0.1370738357095709	0.1499351796437353	0.01233341062351632	0.1146272360548754	0.01988051375980839	0.07175207714842254	0.01400350278392239	0.1045043767432285	0.06216476910967639	0.09231059447649907	0.03286043682345412	0.1103848695177718	0.03609396224185563	0.0894122220726886	0.08122340251150378	0.09619148163253899	0.003371483640567978	0.005197778559621939	0.003122490169424216	0.0029492508496946	0.003532441485738228	0.004933533181910111	0.01149445414133095	0.01481352358968415	0.1912193519580322	0.1460958160147878	0.00677082224152712	0.006601872133498743	0.02146288315855736	0.02580344730127902	0.0570676781586692	0.008091514246669868	0.01282596643590246	0.00739758528064292	0.03077938925198127	0.02972185171768757	0.04052150386506412	0.0597718545988067	0.08602732046382369	0.1034406490543598	0.002408608630765138	0.3490752240112536	0.004915253566885275	0.08486503395698242	0.1084195714996451	0.09420235897219612	0.3699496094229951	0.0737112973199614	0.1092941604396846	0.06204146721398517	0.009518879104781242	0.007047060366059692	0.01426383786104644	0.03177184672901813	0.1364750332287649	0.01074179631505058	0.01652066555901511	0.01343155448323732	0.01446034866312204
0.2783128561131141	0.01187496328899829	0.02450833761160663	0.01704762648657297	0.01847722216147101	0.01335528280382672	0.008047218930489812	0.1088717856092401	0.05492990491200736	0.1454275930936204	0.1206406260273927	0.04568995668889138	0.04222458563614112	0.1034383609967496	0.1382666881226148	0.01536632313429059	0.07972915318375177	0.1026183994756651	0.06544365139280756	0.3368732354556376	0.3448187409173379	0.3904243028032578	0.3192904061195981	0.3209112352517917	0.3213380240170748	0.01127424258497183	0.1387725542540694	0.01404605377493742	0.1350721896348318	0.1476343524375786	0.008040453721486384	0.1113309379927976	0.01547899852539274	0.06615050218537469	0.01126449449946798	0.09163342096657676	0.0535080946202439	0.09373431192512775	0.03312164775733376	0.1047307807708187	0.03596641730433642	0.08692938101458124	0.07908416235401447	0.09347267721097674	0.002614235750254536	0.003962062569405769	0.002448853633198106	0.002296822929612972	0.002749825316764689	0.004340937462542447	0.008353538047024527	0.01271983866305394	0.1861408253932368	0.1420449312333258	0.00737107244016356	0.007189702706681692	0.01864796262969471	0.02249542172116295	0.05566336776922162	0.006664882165927952	0.01087143801063272	0.00595831282406215	0.03097037345645695	0.0289758459002086	0.03762958824479616	0.05928281854062979	0.08474713703429793	0.101557866931652	0.001955423696319159	0.3409894014955768	0.004329651862275638	0.08046375187127049	0.1036171040399565	0.09205144161868602	0.361857235361609	0.07192506939442503	0.1071722976682932	0.06045654832293166	0.007514445362319968	0.005800775123901909	0.01064690683871371	0.03008534072120683	0.1325010782506222	0.0116568274284665	0.01467862713864856	0.01145334331573833	0.01258104532678483
0.2952558844730552	0.0127450055833211	0.02631748298558655	0.01692107698591664	0.01833948748362505	0.0137109685834398	0.008271776933125701	0.1047708892708378	0.0526001389657826	0.1436792408383425	0.1187790595039098	0.04753776264014467	0.04391762824345688	0.1113074243212026	0.1476123158937162	0.0150980652075786	0.07756939827992472	0.09976741951591246	0.0636397632846331	0.349770492286412	0.3497146265568375	0.3902171710364506	0.3304062635743205	0.331102537828784	0.3307200265898632	0.01144977660706899	0.147816983755059	0.01457726438554908	0.1392870031663399	0.1527495279454987	0.0079772480456329	0.1186892189798887	0.01522555355159891	0.06910805675342487	0.01188797047494931	0.08942641493096654	0.05224145162026042	0.0993793083827456	0.03615335500290617	0.1034687344998895	0.0373358921479061	0.08497805912435577	0.07751499478644135	0.09127051663285482	0.002036743151000581	0.002796056931117666	0.002335277584534464	0.002147183605320273	0.002347377869115957	0.004063465080274897	0.01045459250774681	0.01356965082480247	0.1732980154342084	0.1325604462435092	0.01019254903289444	0.01005007272596536	0.0174368865567513	0.02118095031026761	0.0513691429015167	0.008142738894844941	0.01250814515984762	0.007424624568196769	0.03930627475075939	0.03899335346134483	0.04903272322882301	0.06644078096824399	0.08995909267144228	0.1054125938881787	0.001820393680798417	0.3140092510712147	0.003877759895254145	0.07336633377606239	0.09466075575994708	0.08465136873270751	0.3337174373921228	0.06630184004066478	0.1037583951632255	0.05543873116958097	0.009440798206614953	0.00743852610697252	0.006812741493095258	0.02665432913137793	0.1237461850807068	0.01643966907327635	0.01531053080804933	0.01237678229142247	0.01357577713844152
0.3096312594138309	0.0133932222637254	0.02784503619735473	0.01679724619208135	0.01815883673594984	0.01399384352592445	0.008519473296722421	0.1029493210614975	0.05194304153226968	0.1452435487645312	0.1200317908818092	0.04748918789180214	0.04395538911084805	0.116587215635751	0.1533274872601508	0.01615998598680513	0.07588637265789641	0.09761237835938391	0.06226847314049158	0.3503302457042932	0.3464713538725965	0.3850001577113957	0.3308067489070624	0.3316663055426896	0.3312969686686189	0.01161564123174897	0.1564983176643304	0.01501742719103659	0.1424399898083871	0.1561375541706336	0.009661536041459005	0.1269153023249562	0.01673288587659032	0.07121651480507302	0.01365761363810864	0.08834323683331963	0.05171520463443596	0.1041884732870334	0.03903646207948062	0.1051232538217347	0.03748118567014511	0.08342472555793204	0.07628878504570022	0.0895216342330445	0.001954258250153296	0.002645116352428725	0.002293201842087138	0.002106408176971242	0.002275056044425938	0.003891049074573986	0.01069656889074538	0.01351074706482698	0.1622732365741917	0.1242059939447052	0.01156965085299854	0.0114276229888624	0.01859735641966597	0.02266684521395205	0.04802449154335179	0.008181141352926061	0.01236730444139888	0.007464472022656955	0.0440545573675593	0.04296505929139418	0.0526932812353688	0.0697538502741534	0.09161985560377771	0.1059255144066105	0.001781367713960918	0.294707233366611	0.003700090056747545	0.06932160412156083	0.08942204016730143	0.07904643395108732	0.313060819152024	0.06195462570541354	0.1003396705305427	0.0517894279163855	0.01012542501805501	0.008084356256368776	0.006364536662263869	0.02498173469102424	0.1159905773422798	0.01870142785267503	0.01482779419148285	0.01212352584420878	0.01325244501169087
0.3136000000000001	0.01348561002827295	0.02835629931988238	0.01673950975885505	0.01810940975387496	0.01400012012376701	0.008682080947903355	0.1054906573011166	0.05449990660110435	0.1487021938229231	0.1227089745128436	0.04813073843045901	0.04449952951112827	0.1182085952896086	0.1550202638401221	0.01794615131005823	0.07541373011458431	0.0971398060931104	0.06196432734384759	0.3541981262708753	0.348430245938444	0.387447189471119	0.3345348914442784	0.3354376614132663	0.3350163439975226	0.01170453137205863	0.1634975076012314	0.01521637671803887	0.1444404923524616	0.1587831013931572	0.01215273189771279	0.1337846488882642	0.01912646920221835	0.07452524667887958	0.01552636635837222	0.09152716967375363	0.05400183703886597	0.1044387007389426	0.04016611844124655	0.1077673925735723	0.03786784023381121	0.08289115980456001	0.07581498634956209	0.08893103374522163	0.002043340044701723	0.002655063306574161	0.002630157287798669	0.002407158328568232	0.00249466632791919	0.004086253331878782	0.01434200629342632	0.01555012570580783	0.1583323776687536	0.1214928517541004	0.01171905424899315	0.0116205016131677	0.01804068620840781	0.02194266769791185	0.04655980892535274	0.009976487416765035	0.01464932267171322	0.009280450414118884	0.04468191448186717	0.04621592559375506	0.05860317605803704	0.07007051134297727	0.09145242221181163	0.1055012410141375	0.001964326664486454	0.2833395520824064	0.003771806062272512	0.06748030945007212	0.08659928283249764	0.07635239117570523	0.3011612123867297	0.06001152702526552	0.09812182820733648	0.05000525218590523	0.01245375800899253	0.009661657621331584	0.006132137343870836	0.02390311109830022	0.1136875924063002	0.01912219754450477	0.01641337698538748	0.01395595578927739	0.0150783892050255
0.3231128561131141	0.01381896074381843	0.02880464576110776	0.01675752330607629	0.01807591258903733	0.01420455826610845	0.00864913152370363	0.100718518462706	0.05047509802106349	0.1529251923117191	0.1264909826212938	0.04721721869326225	0.04377836160816534	0.120173666345025	0.1569379122060025	0.01845346914577606	0.0750222805180062	0.09644452829912939	0.06152334175251099	0.3491900746622705	0.3435983773384629	0.3810875436895686	0.3303376106136364	0.3320481566116911	0.3321232992704356	0.01172109003439772	0.1702876859352079	0.01533803445909438	0.1464812917997827	0.1605901243800805	0.01288555255616817	0.1408586762223384	0.01986036649959931	0.07303239203060874	0.01646533950699702	0.08630965261477434	0.0504192554395561	0.1075193165981407	0.04216778081228912	0.1111178622154588	0.03743904099784007	0.0826792284665484	0.07573000715702619	0.0886702163958049	0.001436106606728196	0.00174575843805424	0.001957710225503101	0.001771155689253484	0.001803156405777013	0.00347499129629757	0.01031817306325554	0.0127631794666276	0.1512743856745938	0.1158473079257952	0.01117840529923343	0.01106181346674279	0.01523367455970135	0.01860269029358879	0.04467001488086741	0.007950332076541725	0.01193094290838126	0.007272118655176033	0.04133768470010817	0.04148883192685966	0.05105711095576072	0.06549796278054253	0.08587968468466156	0.09921112581376468	0.001519682647955926	0.2727065948410872	0.003222677441718599	0.0628998540978612	0.08144264542155362	0.07347901644219457	0.2901621639956027	0.05761836300050813	0.09355089819297377	0.04800893035953925	0.009603713259863955	0.007703135196727088	0.003638028884405575	0.02239505908295302	0.1081915517381759	0.01813515899256826	0.01399618720165454	0.01143118306110866	0.01258338030990367
0.3400558844730551	0.01480050257827595	0.0310878057563584	0.01682747919690485	0.01803775094340069	0.0147796957330566	0.009058204128272809	0.09872350139473074	0.04927524184718956	0.1646761716840466	0.1365723447544455	0.04606784252724057	0.04294009342639905	0.1276083474602565	0.1645334585093603	0.02213442640885458	0.0740302757457133	0.09512928872929055	0.06068093162249149	0.343691877590036	0.3362397356621949	0.3732242702259948	0.3262049197365863	0.3295894837183596	0.3306496090213344	0.01207386314420011	0.1910716461840511	0.01609979859741549	0.153657575303573	0.1679224086624549	0.01800294833011009	0.1618646902758995	0.02484925507082292	0.07594419675670896	0.02110821783507523	0.08405549246507728	0.04900498893128786	0.115677352861806	0.04782909067638264	0.1207950338109891	0.03707406721926604	0.08197806424590712	0.07536391342199623	0.08781684745055833	0.001248704629812372	0.001574267294768162	0.001583754709359239	0.001436189158393453	0.001508214012378827	0.00299217684505944	0.007869337469854106	0.01080824925931635	0.1354757577730807	0.1035928580427762	0.01016351824302303	0.01003533306464621	0.01430659123346867	0.01747658036469361	0.0402433002548816	0.0061963141922623	0.009489747180201935	0.005570549588296412	0.03755069214460556	0.03613084590856221	0.04348691562154573	0.05906967755813845	0.0772697298219823	0.08914223940503382	0.001271022537020629	0.2466067163302701	0.002836037763658586	0.05664067618842445	0.07355680630944467	0.066333413688794	0.2622558668068525	0.0519332913345648	0.08453417572021855	0.04336603706284205	0.007954350805713281	0.006515418205062553	0.003432540706709429	0.02036588188073504	0.09669645437388166	0.01639704161959333	0.01162201241686212	0.009243329555531542	0.01025960195278778
0.3544312594138309	0.01536247345554294	0.03263556094964981	0.01665817263190478	0.01775140044122681	0.01503866542296984	0.00934090966126395	0.09747645214369537	0.04908385219969598	0.1765543166836725	0.1467778398310506	0.04407819499962658	0.04129708051161487	0.1317636989285495	0.1679316542443368	0.0264975967736374	0.07232939205791286	0.09298093237726143	0.05930186924169366	0.3316690678335118	0.3237298033185338	0.3612452539091851	0.31624487554741	0.3215516844898041	0.3237871760090752	0.0122379941685369	0.2104632208647162	0.01656929109148515	0.1584979812170751	0.1728118173571458	0.02416964845202059	0.1823204226714002	0.03079434100977023	0.07854139749726002	0.02624167772780481	0.08256183510993929	0.0482171207734168	0.1206331482355508	0.05255043583488019	0.1305884058573067	0.03599341066417466	0.08036557462670527	0.07410306353099524	0.08600958828551028	0.001242810091024505	0.001798949960678566	0.001174464659163304	0.001087075796434412	0.001301934694985357	0.002532047915035986	0.00443176859142521	0.008712717112535514	0.1220176784597141	0.09295004628017904	0.009598754775939581	0.009423763531744168	0.01569406773022879	0.01915779878601932	0.03683721796418099	0.003567267294875484	0.005947122010168365	0.002958199231686993	0.03593615320625363	0.03068378250459161	0.03469026544002922	0.0550132288682879	0.07127096977020253	0.08180669084664047	0.001037880372049759	0.2282086939236034	0.002574060271342852	0.05261302005823952	0.06863036358235589	0.06101528510210263	0.2421595883640475	0.04759077871505826	0.07834987160747839	0.04001370900294571	0.006160737920572716	0.005328844787296794	0.004584473721654428	0.01944324295573702	0.08669206833653702	0.01526805773711367	0.008535947850152348	0.006250195188907228	0.007084537398936683
0.3584000000000001	0.01533565054729974	0.03281739264119144	0.01647454798449822	0.0175549052237329	0.01493945890705519	0.009397444757196194	0.09844368620273981	0.05049455831326271	0.1776337812668844	0.1475745546358781	0.04395576435326605	0.0411642340377909	0.131974775736399	0.167842971392717	0.02762130180097492	0.07132860186760266	0.0917933547878273	0.05854190582765637	0.3303904385430116	0.3213232426624343	0.3589801174951404	0.3151206892906613	0.3205113297274937	0.3227637125748605	0.01221166944553631	0.2138007928888317	0.0165952465076681	0.1586388111247083	0.1732033104832529	0.02585083369454139	0.1858660312922052	0.03234352979109173	0.08015340452924158	0.02746509345750511	0.08402773001364143	0.04937496203818466	0.120172776565108	0.05306718248074543	0.1315347138964813	0.03585135143377182	0.07926338670058916	0.07311505125751736	0.08481207866917526	0.001694932995693538	0.002348478678048843	0.001938683606105225	0.001790699664010565	0.001949239257613432	0.003089114049238779	0.01172270852911513	0.01324855615271251	0.1205665079511591	0.09230140965784814	0.009040996405035093	0.008934510096932892	0.01558941830368567	0.01884285071218279	0.03612458085110505	0.006714454864369364	0.01007332062175055	0.00613060695141508	0.03490900943621963	0.03413329777031283	0.04334629934323102	0.05406033074107994	0.07029051700481667	0.08097100202594909	0.00149395835243961	0.2186705555378027	0.002956391300719979	0.05247369829094794	0.06746689259007768	0.05940520856346261	0.2321553378335736	0.04659784102188099	0.07670336209545571	0.03900088146361658	0.01084973341928011	0.008435378239962175	0.005821439691008418	0.01891097601696976	0.08659260720263656	0.01463716022572868	0.01164302268311677	0.009722713569606191	0.01052016492011677
0.3679128561131141	0.01569680822392565	0.03356172162973003	0.01642972927985621	0.01744213225286712	0.01513412899293521	0.009446083603639851	0.09451053454449254	0.0474441705940739	0.1911706533714988	0.1591231179575764	0.042767335906372	0.04019654669857206	0.1347492603724559	0.1700833490416289	0.0312727718407232	0.07056091469948851	0.09066858695720849	0.05782070976499855	0.3233506836358798	0.3143503923771209	0.3514242369946345	0.3099040030209062	0.3170745684082439	0.3203683801914512	0.01226291030903083	0.2336613423855883	0.01685921615073764	0.1636380092553578	0.1785406129721855	0.0308973807474361	0.2066525941920004	0.03730672951107077	0.08127136740594097	0.03167854187920584	0.07971852956453911	0.04648559474861881	0.123445935035325	0.05715282672173569	0.1419532092745402	0.03523234173556872	0.0786331939496286	0.07266272019706345	0.08409091520138641	0.0007674519861566962	0.001157501443022474	0.0005459198896743367	0.000503427459741086	0.0007112500364169973	0.001911663056968347	0.004819480354172043	0.009835571313243703	0.1095520055388452	0.0830454172558331	0.00801707792371751	0.007823577846826841	0.01305158531545923	0.01571727991759593	0.03428300667042253	0.001357128717613373	0.00308174361999555	0.0007230299482757618	0.02931806625050044	0.02278184975833981	0.02605052052377504	0.04616238902811326	0.06075438560300356	0.07026912600210336	0.0006408065562231897	0.20761000105666	0.002072218233328293	0.04640312992745487	0.06128459426669004	0.05711093182632562	0.2205538299166024	0.04437066295918198	0.07197608895283369	0.03742560761207459	0.007116686658506063	0.006057811987240374	0.002977212281097975	0.01754941734907061	0.07781587812107202	0.01257122742600971	0.005701079878258748	0.003438328837356751	0.004217276679207924
0.3848558844730551	0.01622840179600809	0.03504508471922037	0.01587359558175177	0.01676443915165996	0.01518282089205878	0.009584651725367188	0.08909456496313817	0.04485266236945137	0.2069033411981843	0.172285050538025	0.04118501062843035	0.03885901121503622	0.1396858413025921	0.1739800916537494	0.03716026874445906	0.06659843379477788	0.0855474787236032	0.054550074955823	0.3129984493518946	0.2998930413946115	0.3345738715829802	0.3016412893356664	0.3107876586292358	0.3151174689972523	0.01222341622237929	0.2637090371726057	0.0172341717575817	0.1696511616027982	0.1854616423588754	0.03946513724784897	0.2379253044339771	0.04543222142440899	0.08533471090796949	0.03870493296070646	0.07535920604921639	0.0439868055211279	0.1274118232990771	0.06340460192598622	0.1543705442484369	0.03427832083997885	0.07466301309644757	0.06928256638285187	0.07971896421929801	0.0008415591352396946	0.001330230095107866	0.0005410411620490669	0.0005094260344069915	0.0007510114854335679	0.001832603167236117	0.01885878468323105	0.02267418581175934	0.09748860109680631	0.07347691721739912	0.007769120965997893	0.007560669751646814	0.01468817701219287	0.0169059614903931	0.03355614692234956	0.001260033114829903	0.003197402592272812	0.0004062551557488693	0.02868169934934568	0.02168421144696349	0.03153939329899999	0.04359049914078961	0.05654748055500013	0.0653033469032982	0.0007011150295662451	0.1855713214041203	0.002115468993254349	0.04239365975035128	0.05630365040525651	0.05605960117900696	0.1973303802246638	0.04350250635595865	0.07305572400334726	0.03689347099778467	0.02002120651620006	0.01551945778611308	0.003570165379934209	0.01637036471464366	0.07071572020303762	0.01212566760001135	0.004856846585355596	0.002857485952009467	0.003506823252756674
0.3992312594138309	0.01648393178502482	0.03601176295264586	0.01506648028298791	0.01585283507671244	0.01496005775058426	0.009610432214859499	0.08372081256570905	0.0428750150664701	0.2172537123111762	0.1807518729392293	0.03989277919718249	0.03770460123050704	0.1428134736842154	0.1758833092502723	0.04208580319087221	0.06157597820364377	0.07912741797331925	0.05045316002567877	0.3035249486332731	0.2850366585668307	0.3165256270989572	0.2936540313889194	0.3040389678990644	0.3089218273872646	0.01201301648911848	0.2880153358539543	0.01736329219305477	0.1728840149920419	0.1896820956717736	0.04690227764380939	0.2633664633189188	0.05232123814469667	0.08923839693781035	0.04466234961550424	0.07179848723027092	0.04217521606584863	0.1287470274783935	0.06816011919174289	0.1626035673320969	0.03334149185706223	0.06946637332700814	0.06473867819660441	0.07403816955103862	0.0009536701050022022	0.001532922341082789	0.0006182013619634201	0.0005884010020621845	0.0008531245683428847	0.001870646448676193	0.03555538434206621	0.0379418573767384	0.08886871585245307	0.06652826586964604	0.007892078617368148	0.00766750425215039	0.01684144605883319	0.01861034234872315	0.03421133301370743	0.001603310192467274	0.003972602803510038	0.0004764439844007649	0.02937297679016825	0.02218782983010641	0.04015659461257298	0.04293216058241195	0.05472380747919296	0.063077646743639	0.000827440438962528	0.1691614448445912	0.002267765313127536	0.03978884844392452	0.05315920170276441	0.05727594451486674	0.1801853450158255	0.04442208543861126	0.07741373913182356	0.03785150371139801	0.03526397136872405	0.02670838353861177	0.004174632237619024	0.01567209770922621	0.06633864458710416	0.01229559082342808	0.004538403035772357	0.002763146192576684	0.003313667639770517
0.4032	0.01654879570370388	0.03642621652722077	0.01484185693397344	0.015622026707604	0.01487836185308502	0.009702956170760802	0.08453633975060555	0.04439835460216897	0.2181454638418499	0.1812679550259297	0.04026372340679817	0.03800081492157948	0.1441154488960081	0.1771146683169424	0.04331875919470155	0.06017458557225138	0.07743786396114212	0.04937510664458163	0.3053945670662797	0.2842191820668288	0.3151101738161279	0.2952948109974634	0.3055314063168078	0.3102346217949557	0.012004629772182	0.2931087156305477	0.01746043222349274	0.1736679530858946	0.1909915379278107	0.04878877031625754	0.2683716060908022	0.05403240790775215	0.09178198952718958	0.04609746492792834	0.07356807223943009	0.04359453776876185	0.1286895258949918	0.06905566888750297	0.1633625501610265	0.03351449469015295	0.06796585451492318	0.06340593785618345	0.0723986292167943	0.00108221111397703	0.001718300448402447	0.0008083398502082903	0.0007656335947291973	0.001024930111294913	0.002025405702522494	0.04932599388895114	0.04996056417044677	0.08520615856765269	0.06354604749472469	0.006222463318281184	0.006015268014703908	0.01616770245862706	0.01700757406889477	0.03543057825819581	0.002494236287989624	0.005473535072447518	0.001201594561159109	0.02368160295783184	0.01866359630319757	0.04408082108866544	0.03653333818783265	0.04802423590917165	0.05655036810693513	0.0009878065538719281	0.158845336519493	0.002450452899052289	0.03821001722779498	0.05106857089177619	0.05933054279136259	0.1697063678319841	0.0460537355539892	0.07901544098957444	0.03927970493793886	0.04679641288409567	0.03493144138695714	0.004636852670105634	0.01526557187396352	0.06520496257084671	0.009639084089152592	0.005089500685198882	0.003486469516563531	0.003990320030805768
0.4127128561131141	0.0165728789280315	0.03630388623728775	0.01422812786952501	0.01495634401833106	0.01461141712816879	0.009408492248148938	0.07525230812306963	0.03821162904849716	0.225224016061395	0.1870566639281623	0.03964047824466953	0.03741938112073818	0.1450131735227481	0.1772076125711108	0.04558344160587326	0.05651936903694927	0.07252394531193877	0.04624731266261809	0.3003281227647924	0.2751953782968546	0.3012908193224014	0.2911293868841169	0.302075480625716	0.3070148250477523	0.01164675952613844	0.3099867079765424	0.01726595141884847	0.1752262068995036	0.1933356707822248	0.05239997797538534	0.2860232711245075	0.05731533531941494	0.09188329405285503	0.04909909004240286	0.06564124161659653	0.03853777957496364	0.1283216367794557	0.07194127628325031	0.1684777653725268	0.03298064700540035	0.06423660794084095	0.06010373761333782	0.06833627416482908	0.0005736860745193057	0.0008651748417906707	0.0003860549392076957	0.0003522164022850927	0.0005116753009876625	0.001709589547208136	0.05682236746911924	0.05758128057907243	0.08245504891017817	0.06112004536338953	0.007484390034197086	0.007252802652646113	0.01587226034157016	0.01623357450545927	0.03650843457634487	0.001929799036185915	0.004904095589092523	0.0004375830877673732	0.0267425367237444	0.02082777046352867	0.04957482781791037	0.03931805813405451	0.05033189481061623	0.05867497240394147	0.0007542295766611538	0.1542402782199636	0.002189654588472122	0.03573721367312118	0.04874224638521495	0.06130054307403099	0.1654112813836345	0.04750341466661776	0.08401149292716631	0.04050908022239801	0.05439497946634134	0.04074136332024923	0.002065876057462213	0.01438380492348947	0.06399277698697278	0.011626731910221	0.0040464763072827	0.002355244454220699	0.002937111515934503
0.4296558844730551	0.01650431585908358	0.0364309143915208	0.01290811224877668	0.01359944272709888	0.0139253809618859	0.009103880561676393	0.06521551647638356	0.03365573690626463	0.2297546099122738	0.1900054344509773	0.04047278414303385	0.03798674708345346	0.1473206610473686	0.1785964648733476	0.04919960802675768	0.04883363687715229	0.06261409388721682	0.03993865264483543	0.3026564269697022	0.2659166879101285	0.2837692509767696	0.2930952568809609	0.3036421633745565	0.3078707604825738	0.01105802088671122	0.3339788685420956	0.01700141935916778	0.1763467681504539	0.1966179238060439	0.058462116191659	0.3103294313515987	0.06260143701584714	0.09659301767404009	0.05385419086534524	0.05986195807023389	0.03549399483155987	0.1254430340527109	0.07554802966542656	0.1714883689575576	0.03308659228589463	0.05616351223475731	0.05287244577909665	0.05955404072317274	0.0004749942797768669	0.0006984601327254447	0.0003267750596388202	0.0002916122570149412	0.0004213494626290342	0.00172715152471971	0.08512915104864967	0.08379123704360425	0.07613527007642951	0.05560738667593235	0.007020361369957824	0.006765676891665471	0.01705646012028919	0.01607292988104937	0.04021969707560195	0.00241962749370661	0.006239881335628878	0.0004410492584135584	0.02464307358009267	0.01944953851060744	0.06236789536824499	0.03613618327526934	0.04639974330500677	0.05490900673276926	0.0008422508634690538	0.140020896525775	0.002368936418366117	0.03296901625186009	0.04591134680444652	0.06773521876100234	0.1512852453000511	0.05244600393216725	0.09441440261341125	0.0448763546500008	0.07997167889032096	0.05947907754647099	0.001491784335255543	0.01380232777092624	0.06242797519558528	0.01082302063241428	0.003672436319931632	0.002119287679305227	0.002667367931173818
0.4440312594138309	0.01645881391622749	0.03662450909377699	0.01169200566580181	0.01233905270645042	0.01330949016452538	0.008870614623840345	0.05706576083155104	0.03039411230780402	0.2283587424183256	0.1881205833541202	0.04095045167587504	0.03826657106348139	0.1491201973459308	0.1796381513698616	0.05116341040153233	0.04175665179998599	0.05354261816339342	0.03416398230568305	0.3031112309568376	0.2560526137539486	0.2666747943920167	0.2928777998461954	0.3026518833053405	0.3060415100170012	0.01054106422374997	0.3482300612319135	0.01674167260597884	0.1754951905392939	0.1972710730359762	0.06220292257404549	0.3246782724382241	0.06563111931659943	0.1000104762521624	0.05681992770159785	0.05551419810380626	0.03337224434496819	0.12306849468824	0.07781827217940024	0.1703005481430908	0.03301958103666592	0.04872033969781869	0.04622015118276365	0.05145731693121425	0.0007494284328539953	0.001181869015360385	0.0005072341460216239	0.0004740251104602798	0.0006683681307103308	0.001909293360532888	0.110003294329969	0.1068431403846117	0.06866146637030496	0.0493262109252349	0.007829765602421225	0.007537070349579361	0.02158989487652955	0.02023682951310658	0.04283976465754216	0.002982288073199646	0.007512507690216929	0.0005650233326772091	0.028136438863114	0.02196934372636264	0.07692324441021756	0.03844891008706811	0.04766625762482619	0.05601073513218444	0.001091628925924682	0.1262949010967785	0.002740279941625763	0.03175120154112138	0.04467962671547802	0.07228298098640829	0.1370194392205029	0.05594045108328279	0.1047912893028356	0.04812113531365954	0.1029293760777314	0.0763932707205288	0.002927518576841851	0.01378207686955319	0.05969253371329798	0.01206033544032363	0.003483585091722744	0.002163607384208236	0.002586252761873074
0.448	0.01638019172547218	0.03681728842968259	0.0114494596851553	0.01215859716479418	0.01310180133826163	0.008944161296226211	0.05940088556754582	0.03333531152227912	0.2300073281107049	0.1888623016648899	0.04317526584169909	0.04011675063769046	0.150647870172686	0.1815431033071482	0.05278368305941512	0.0403757941785894	0.05193838948117847	0.03314350356673535	0.3161783174287	0.2638581186298336	0.2732074121431053	0.3046732267625552	0.3135834201307522	0.3162166414913272	0.01050861289324122	0.3563054144354486	0.01682352230211161	0.1771825808260437	0.200453768289634	0.06460401942583013	0.3320495736140835	0.0678396468563288	0.105095649784296	0.05846922977298079	0.05981945014158707	0.03654343606531713	0.12096750860941	0.07839404717150447	0.1710994974789187	0.0342523723436237	0.04715336826057558	0.04474613083158664	0.04975660578818186	0.0009497318690934606	0.001483641374062547	0.000707575047113681	0.0006641454565299447	0.0008834863855295713	0.002136491995698555	0.1142254319134361	0.1107915406796233	0.07252422098980964	0.05225055416124831	0.009091294485281738	0.008785316213953355	0.02411502315430028	0.0231510723833507	0.04459355140827451	0.00361190613206765	0.008429167773345847	0.001098249797063145	0.03304454968973408	0.02632999442259536	0.08342078908750501	0.04407382258878228	0.05374427625106366	0.06243284883802533	0.00125404348971251	0.133680073502653	0.002985491351335609	0.03425520417190662	0.04785558432630888	0.07515097357752903	0.1447656647429833	0.05820340001609463	0.1105345256401327	0.0500693861174533	0.1069817935728278	0.07945275168867554	0.003749189929797902	0.01468007249480149	0.06287371585185399	0.01410361212200846	0.00421075777714713	0.002880209234792513	0.003304382301865663
0.457512856113114	0.01626304171572836	0.03634192721976476	0.01048922968399841	0.01113430365699759	0.0126005292163088	0.008519423334964105	0.04831239822627453	0.02649091825371095	0.2233332331300739	0.1830468233847989	0.04234060719783482	0.03930901418039652	0.1500261672465711	0.1801323131458157	0.05172325020093563	0.03491691789095477	0.04473454970325446	0.0285623105637978	0.3091203379099397	0.2509789500996564	0.2533868853896761	0.2973711116616039	0.305646104311387	0.307712247348968	0.009946498191100534	0.3577258603606034	0.0163297768969204	0.17341929972227	0.1968635383003405	0.06400259631724008	0.3337990904779697	0.06676760225339884	0.1027687098107177	0.05820882573164965	0.05091772742945481	0.03103234638054449	0.1191531750014612	0.07881190159504348	0.1660115719200324	0.0334645400866113	0.041492319232025	0.03970418675569717	0.04360862480360537	0.0005738288856121261	0.0008790749957490037	0.0003917343517033251	0.000356539074126472	0.0005055302788764321	0.0019055241079893	0.1324264701690009	0.1277530773706338	0.0664962519543989	0.04710071714757946	0.007351027266133394	0.007039559299448096	0.0218545397890517	0.0192760000876884	0.0466862239305018	0.003315737391579408	0.008545553554289466	0.0005011738878925581	0.02578127900000566	0.02040492444723739	0.08668879978175964	0.03565781083948626	0.04468900835837794	0.05344337151825435	0.001117721369239763	0.1198679385441801	0.00285714709077186	0.03017988214540103	0.04337867296073615	0.07890721362821976	0.1311206090351473	0.06103508542630413	0.1142985227955248	0.05254259684431979	0.1231594753975025	0.09121617851648428	0.001940535297309802	0.01354995827456807	0.06045686209933566	0.01123870122565922	0.003217940631284658	0.001922289669458259	0.002363147240210519
0.4744558844730551	0.01653689063603425	0.03708256258251402	0.009127547287449238	0.009773241436755356	0.01203124777543524	0.008300400586769015	0.03766695955454206	0.02191877051010539	0.2129212822313361	0.1731216072127078	0.04513816319494665	0.04160651909393109	0.1553615680167443	0.1860666353175354	0.05119744443408537	0.0263691901351271	0.03373588036118726	0.02157407013845859	0.3245242668249109	0.2495531289966849	0.2402821982568678	0.3096075742688885	0.3152612714900829	0.3151615488006906	0.009423759929255341	0.3679061187920835	0.01617839533174184	0.1724428816497297	0.1980604171340498	0.0645799270136041	0.3423011218024155	0.06652675187303374	0.1072978147642074	0.05900953142771592	0.04596678293121075	0.02865858442332639	0.1179561386100078	0.08075589474300654	0.1577009292598155	0.03487318224560854	0.03262499918524468	0.03181176665422324	0.03393444496011797	0.0006141198808992154	0.0009578078710496089	0.0004135241603334034	0.0003775599685487136	0.0005382911872381529	0.002045393072304327	0.1575148071262201	0.1511613260817153	0.06582601738351866	0.04594963473783837	0.006714552899359332	0.00637604023831841	0.02338408947188571	0.0196932090345824	0.0514908495189882	0.003754236767519202	0.009809719158704579	0.0004985700135358361	0.02343468234326828	0.01854887818087509	0.09746579619705502	0.03301291577948544	0.04208045337521187	0.05145639131656567	0.00125708108974746	0.1165808017002002	0.003157610227308793	0.03005688963194468	0.04382645698093426	0.08714337425361557	0.1284271531410786	0.06738114194144153	0.125826602766133	0.058096976727129	0.1457837911909462	0.1077614762785043	0.002121497523733567	0.01399063346029452	0.06254726718274992	0.01013616562942294	0.003140485349695942	0.001880354864347583	0.002302271577199585
0.4888312594138309	0.01693402302541907	0.03864929246302443	0.008200052595473314	0.008837345525426232	0.01174712083727492	0.00855987965143877	0.03782375174177605	0.02549329820053091	0.2005750154322817	0.1617979942061949	0.04737073908937719	0.04346449795067559	0.1609833925066763	0.1924152332750144	0.05101939546054542	0.02031214616772213	0.02628853139104602	0.01683650603659044	0.3372794591488327	0.2493609678137844	0.2344738363720819	0.319422222646404	0.3226679033587968	0.3207483547416289	0.009323143373873445	0.3696125823990082	0.01641681618953081	0.1714167537926608	0.1984433591880663	0.06527188661563343	0.3422992988180241	0.06655650092610989	0.1138707926583957	0.05970922799714144	0.0504806411592056	0.03258646177452441	0.1184907948152136	0.08174043638778039	0.1486954181179586	0.03608181626240627	0.02625784754937873	0.02618517900757591	0.026970992760451	0.001010145556670357	0.001643735351171122	0.0006680147624867406	0.0006331855674956676	0.0008938858176531914	0.002344080821186015	0.1714863369825049	0.1644520876339309	0.06689394165914429	0.04642340641763659	0.008301951294656152	0.007920593242960275	0.0286084705481108	0.02532425068667202	0.05455243446907178	0.004181431321054016	0.01069914436932871	0.0006401034981564893	0.03002985217437034	0.02327784822296821	0.1087553989841065	0.03978658148849407	0.04889345621861807	0.05854727680494058	0.001524270218567353	0.1202787977462642	0.003599007113724068	0.03272950119390411	0.04737746552896709	0.09232826812142356	0.1322211217493142	0.07139110008807451	0.1363935901850625	0.06171575233439339	0.1591231340911876	0.1176910284340943	0.004176604859516524	0.01526990452114107	0.06472266714609193	0.01262383611666412	0.003405842946231938	0.002204442140777263	0.002547513228975431
0.4928	0.01695684931906717	0.03884351720592868	0.008082744933769691	0.008794312328474817	0.01164463600946277	0.008602582571495826	0.03896542938753574	0.02708650023192686	0.1991438570885798	0.1599928292276767	0.0499604828500354	0.04565976247716353	0.1630151645013226	0.1953000857568423	0.05113675994468064	0.01946929898264227	0.02529232241035007	0.01620846838576718	0.353182419316125	0.2599154901387939	0.2429235287047945	0.3335120383549389	0.335503674256348	0.3325968817389562	0.009320323578521542	0.3733662608748424	0.01650582195144974	0.1727752553496051	0.2011022124368437	0.06554842932717654	0.3448735611746695	0.06672837800650469	0.117634000541784	0.05984800333639852	0.05345290176689091	0.03475099554995329	0.1172235382540074	0.08179502183275494	0.1470756264434614	0.03761242773225378	0.02532676789199954	0.02529727973342156	0.02595404023034674	0.0009232256759309353	0.00143312565211736	0.0006723599903142212	0.0006252734660649452	0.0008401962781069104	0.002452627242052185	0.1747994781909437	0.167946823499137	0.0736496673536329	0.05153537746774868	0.01071763565191639	0.01031469019928131	0.03079981645358228	0.02791867768292323	0.05710697059160855	0.004688543773407584	0.01144139759676917	0.001016972951473525	0.0382030072366795	0.03049485488405897	0.1175836626062868	0.04929068994811293	0.05915841206062853	0.0693016506316014	0.001558549053643358	0.133219274308663	0.003704284600205431	0.03547420520979414	0.05124121440154568	0.09654194940945912	0.1460939387254024	0.07468622698312126	0.14497416861538	0.06445924436415788	0.162783272742684	0.1206212617437993	0.003403924632149846	0.01611540005682664	0.0698476217422328	0.01653130771122435	0.004013450158988421	0.002670759234449781	0.003105610529078472
0.502312856113114	0.01726408575570216	0.03944667169089113	0.007369893456115749	0.008002531469680652	0.01148194415523385	0.00850878210758654	0.03192379891798572	0.02334547621794437	0.1858317483380414	0.1486974722725629	0.04927207129074863	0.04505918503013698	0.1651455247076843	0.1974469597215424	0.04850396610128904	0.01485770748852247	0.01931381247633569	0.01240845739064139	0.3483283384106341	0.2490479484168309	0.2263870687688939	0.3275619839501379	0.3283451855692545	0.3246075892523728	0.009063526472808552	0.3660725977405233	0.01637881155827789	0.1689499362030588	0.1968591866791575	0.06269300046498405	0.3370390519151464	0.06347005998235337	0.1158000990518731	0.05806169286554335	0.04828664207679654	0.03174350182707064	0.1189387256501733	0.08182893020472559	0.1375360888987832	0.03712007571012615	0.0206402137105709	0.02122560983668505	0.020830529031569	0.0007460609269802972	0.001176942344080053	0.0005009672799931893	0.0004607444606662669	0.0006550419808627701	0.002355591051105106	0.1857176216990166	0.17794983453093	0.07260211791141433	0.05037848218579837	0.007452881497665754	0.007062299962098631	0.02719636803809245	0.02275535399206409	0.05917038004168134	0.004392296368284206	0.01146918540529806	0.0005832916629793199	0.02610255650607021	0.02062016604729544	0.1136283357331998	0.03660189171098971	0.04663319135191226	0.05726553044631764	0.001480200967393374	0.1280235623317796	0.003665476431362034	0.03352603832174415	0.04908429166496654	0.1001790068946377	0.1413547008991716	0.07745311653902712	0.1450382388924603	0.06683415643076529	0.1717250567470622	0.1268829339948927	0.002674795901356788	0.01579605709169497	0.07021069525330184	0.01121628853190789	0.003487779303147242	0.002118141206545259	0.002567082955032161
0.519255884473055	0.01794920575107608	0.0404720617310553	0.006778605506859637	0.007422449491934894	0.01149965846420282	0.008385330349311852	0.02165801420531554	0.01694040184619626	0.1663745200101945	0.1317108121044581	0.05199026206136406	0.04744200805774615	0.1715531479467272	0.2058268408785913	0.04315888934011334	0.01016009578859534	0.01307192860477342	0.008459772171680322	0.3658620321612236	0.2541280830756973	0.2209151455501025	0.3411046596610449	0.3387513528670597	0.3327594421246294	0.008868306893750256	0.3573739992755195	0.01642172604082857	0.1669365011117286	0.1954672382063425	0.05614385571659807	0.3255609905318498	0.05657295911562527	0.1150492859106833	0.05376330885528271	0.04158823090668323	0.02764521938339634	0.1221856795191526	0.08173667833664754	0.1225963565514173	0.03885592346315805	0.01604080976660923	0.0172475374701133	0.01576761681175037	0.0006724701455928973	0.00103298935406653	0.0004578622198529587	0.0004127293308770619	0.0005887412677168751	0.002471565734059301	0.1928530317759811	0.1850566366539451	0.0812042823095744	0.05672040190696596	0.007891330939704025	0.007481651698261608	0.02777381140014005	0.02305552468718309	0.06323150503296041	0.004583062025232692	0.01201285311160326	0.000601036917048717	0.02729551795861778	0.02174156011134105	0.1184804565446865	0.03909653149361272	0.05031576932002221	0.06188736698257393	0.001502351243859296	0.1432513458931969	0.003821014528606868	0.03657521775522046	0.05343261936137783	0.1070150606342397	0.1579175077797774	0.08274654900457853	0.1537557226142434	0.07131022245673904	0.1783509499024188	0.131806767604785	0.002164490798307122	0.01703710678139476	0.07701268676795156	0.01188424116334198	0.003839445288334867	0.002269372380432277	0.002808925217379527
0.5336312594138308	0.01883582167568186	0.0423492512417475	0.006704871447418413	0.007352906601832005	0.01188111613864972	0.008701187601752879	0.02048327562065893	0.01700125306908069	0.1495696054922416	0.1172057746369377	0.0542392080496756	0.04948868773287902	0.178933930000914	0.2153641453743349	0.03892296372725441	0.008293157729415671	0.01071937640028843	0.006978182212180465	0.3816265186042784	0.2614953475200972	0.2233413466308221	0.3534461441702199	0.3485987968884391	0.3409298966282581	0.009108126245663876	0.346139161785897	0.01690518570327796	0.1667203695120423	0.1953317776401909	0.05067745800008754	0.3116170761485219	0.05096135714609502	0.11632993502106	0.05020478531840797	0.04245145186337802	0.02847567550130965	0.1278604371390002	0.08170084465729191	0.1102553176505338	0.04049895611000307	0.01436205607212627	0.01592480301918635	0.01386473396451468	0.001039703397824654	0.001656352257391194	0.0006976311599645222	0.0006527347139372878	0.0009199828428115131	0.002726819545189286	0.193515259283865	0.1861100912126161	0.08503485947094575	0.05963167439628083	0.01040822336333618	0.0099625431618676	0.03280625180475793	0.02923876326893474	0.06448187202497294	0.00481330881945272	0.01229052962418043	0.0007568566917052917	0.03718358296552129	0.0291032144643538	0.1256541431385671	0.04974475574841703	0.0612690897439373	0.07295617409937988	0.001701388155583507	0.1535381804425399	0.004136820369045467	0.04035848746209448	0.05816893011598011	0.1090549927523574	0.1682753757233384	0.08434094012810556	0.1603992474352542	0.07278133350112782	0.1798964459286116	0.1331770037538026	0.004041401296765204	0.01844392708542219	0.07977743589800571	0.01590478692808199	0.004258208071172958	0.002672527457911663	0.003166842787575526
0.5376	0.01903972129857898	0.04273320417560903	0.006891653527907363	0.007597556208660473	0.01203333472785879	0.008802506628446191	0.02179318201179427	0.01786472589781285	0.1465812850678088	0.1144091100044914	0.05621012916453347	0.05121794150772555	0.1812925236928582	0.2188536058878646	0.03777337087481328	0.008976333539779705	0.01161069431627147	0.00755346865988631	0.3946985744875441	0.2718518644153126	0.2326305127066902	0.3649312577840087	0.3590620532433489	0.3506702460722232	0.009247851735922024	0.3443706899397422	0.01709580130416951	0.1680114595221346	0.1971644743008439	0.04900273334168009	0.3085857792625537	0.04936093745608953	0.117892338834152	0.04900877605848507	0.04443889970066789	0.02975932335803255	0.128763784479586	0.0814166421046147	0.107684202737322	0.04180813907059185	0.015129374955108	0.01661160593983294	0.01468107933337992	0.001147458445679896	0.001806148350764683	0.0008382604545366379	0.0007833679941797755	0.001054658583510317	0.002865393099260059	0.1896438559649647	0.1822882268618061	0.08953133868241311	0.06323744891670766	0.0100981587097033	0.009666074992755912	0.03232449469428012	0.02888498217654856	0.06481935113200071	0.005219697242863931	0.01275981491464482	0.001248033564934992	0.03633395258494095	0.02900395046191295	0.1239832484341254	0.04958696044641342	0.06176829189744042	0.07381234338020767	0.001768754829402501	0.1609466821205884	0.004221018030836601	0.04215926661956994	0.06022892909598451	0.1095152243792774	0.1760412395055916	0.0847469891141284	0.1596789613611993	0.07305456081001657	0.1759960879632036	0.1302367050994298	0.004433244398431046	0.01900235417271684	0.08258301065103155	0.01544421523779525	0.00497303580341215	0.00334402245097759	0.003863701431688407
0.547112856113114	0.01975162589488914	0.04383307303051437	0.00674714470157712	0.007359520458591068	0.01236626436515949	0.008825005213460076	0.01449229846192156	0.012376292851348	0.1339942133936263	0.1041639699486673	0.05503200256586498	0.05032300083453744	0.1851665556038623	0.223441218671726	0.03373999918878873	0.00707523434232768	0.008954673224920122	0.005872961535960133	0.38876499593903	0.2634385525033895	0.2197937856826172	0.3582045022659335	0.3516310382096471	0.3428618464161608	0.009271290808521728	0.3332269722072584	0.01723981435872591	0.1659423868115475	0.1938106716104011	0.04382270542754762	0.2965925236526408	0.04409262073317892	0.1133570827607077	0.04578190857065495	0.03725480650224085	0.02499684439953283	0.1347181443801582	0.08177992758883677	0.09889703254469098	0.04132202879265489	0.01349215774252183	0.01536907967485022	0.01284051583899288	0.001855540415536791	0.003106835790470051	0.001164735574937123	0.001132381522762456	0.001628896030119411	0.003161643860633842	0.1954337748575987	0.1884283545588645	0.08739821035810386	0.0613418040174429	0.01276588907169466	0.01226526453522771	0.04067391809928874	0.0387665784880926	0.06566938283138485	0.004810164450991603	0.01229625775286413	0.0006633862143304044	0.04780319445855898	0.03580945846247391	0.1323970961247095	0.06071739536502612	0.07232828297927475	0.08401462097784743	0.002080992303530536	0.1633802772070146	0.004721018262378383	0.04565158896749662	0.06451209361022038	0.1110335834188038	0.1776338311494255	0.0858645041736472	0.1674639077441652	0.07437946209514651	0.1828038185319711	0.1355162638355518	0.00853618105068253	0.02068184146683653	0.0816092442570555	0.01960053957300622	0.004515362562004968	0.003006821986740091	0.003330875308895299
0.5640558844730551	0.02106790844710904	0.04638159500927704	0.007005553597766528	0.00758094157411109	0.01315204627287549	0.009255906978866225	0.01195001030976546	0.01046827886146707	0.1184806458763948	0.09112754663477142	0.05641555787379189	0.05173323532992423	0.1946920277232659	0.2354960990330006	0.02887979195744082	0.006527293175992508	0.008164575620927223	0.005388057556699962	0.4006440310272587	0.2690849877884918	0.2209400076440099	0.3671929974318623	0.3587553149080072	0.3488007684080731	0.0097187968621657	0.3215434047755253	0.01798419602889507	0.1674359041863911	0.1946506646921211	0.03729901131048805	0.2821340685254357	0.03758892378379848	0.1126239481630587	0.04178805747704122	0.03550309439376235	0.02384093654315691	0.1446428096308149	0.08279670670295675	0.08788142293120069	0.04268442189203155	0.01340224600014626	0.01558884820553639	0.01262888930797399	0.002254462372060284	0.003797202370153242	0.00141385202581782	0.001384993881134043	0.001986248223321567	0.003343676237909791	0.1820858754698391	0.1762793373984723	0.09077201423242617	0.06425098798888884	0.01466124166315836	0.01414642256826078	0.04410786497615326	0.04376590433051085	0.06401214012687978	0.004697380856666492	0.01176502928542805	0.0007474341425909028	0.05571202108661085	0.04139512274624808	0.1308334052148193	0.06929475193947357	0.08115430394922819	0.09262202434226252	0.002212127403679735	0.1735251134650131	0.004879909635732345	0.04915646440098717	0.06845091239769918	0.1081195215117046	0.1873981229695343	0.08363395852532293	0.1657817440486215	0.07252822063349469	0.1714132922785164	0.1273214173372134	0.01068193535826172	0.02180423699419259	0.08261692352733331	0.02265317515388855	0.004894024773472392	0.003375153360010962	0.00364096434882378
0.5784312594138308	0.02223133596583336	0.04895194399013784	0.007335060159843955	0.007844219548033091	0.01392020705283735	0.009826588275502075	0.01386516731238197	0.01203785659651904	0.1081655986603151	0.0826630891724732	0.056506862022026	0.05201398563668453	0.2026667377125535	0.2451786635244151	0.02615377435753551	0.006742617501171473	0.008516524508922221	0.005618745742808662	0.4041100894119908	0.26976824314424	0.2208906995379843	0.3691654432638186	0.3599063538838242	0.3495258600442183	0.01025482883237823	0.3125591420507197	0.01878636488170122	0.1692528300977996	0.195511604564557	0.03356617615354708	0.2713802576718607	0.03388940158135281	0.1129557502395684	0.03971111242023909	0.03726599148063683	0.02505692098682283	0.1540344448391475	0.08412435652529701	0.08117758009256844	0.04322036553267708	0.01399214367529679	0.01640162167461388	0.01317001813222997	0.003687210316046582	0.005481344480192404	0.003893780672364947	0.003659359713098153	0.004069291625806907	0.005287747393576682	0.1769854740554245	0.1649586045297884	0.1083525900788592	0.07980575743225012	0.01345130185011267	0.01317361288131389	0.04168791893115022	0.04182232572741567	0.06272394820743649	0.01461055233956781	0.02425959070612119	0.01117986732091982	0.05441090159511931	0.0543758329547877	0.1467948442252187	0.0717383136787417	0.08648581658874956	0.09972747915927302	0.003579876825899097	0.1851252016662251	0.006067084321461546	0.05680103011535823	0.07470820636383547	0.1043468151636664	0.1995086703348919	0.08160240043222527	0.1579282933704816	0.06994210333380807	0.1605644986854632	0.1183309269613295	0.0143586071430919	0.02261104421437733	0.0950954945850162	0.02160988486934503	0.01614669990362787	0.01530815757327621	0.01565835876726773
0.5823999999999999	0.02241958541102293	0.04960541239066345	0.007553079474600324	0.008065319547561076	0.01411829988433862	0.01009834221833785	0.01888262883767058	0.01590951070547554	0.1050401781574899	0.08006479415986464	0.05674125391047383	0.05225506865723202	0.2039661468682471	0.2469262861103827	0.0257000209829912	0.007773657322740602	0.01000987172606562	0.006567542688873858	0.4062844646966183	0.2724506927968541	0.225685153425574	0.3708643198290253	0.3613013900558685	0.3508056509367372	0.01049704025204934	0.3072135520044929	0.01904918535254381	0.1694009903845392	0.1953810142911443	0.0328018234312368	0.2655553247608698	0.03319058890391773	0.1142439204178652	0.03912442390749483	0.0419738867546379	0.02821439254604496	0.1556378151870689	0.0836642039260246	0.07917557471213188	0.04347670184987401	0.01506172461170143	0.01739366890585288	0.01431790204260443	0.001772408484451465	0.002390304101575098	0.002206082004490937	0.00202360669295045	0.0021054176405263	0.003870465424995245	0.1900907681573897	0.1784788319708299	0.09398703132496267	0.06788978002144892	0.009590143558206329	0.009309824317794157	0.02993277930256649	0.02641579790172693	0.06281318750273675	0.01133403269632416	0.02047251502325802	0.007626776015325127	0.03568274577459496	0.03753866717607914	0.1360895661179908	0.05038274744530716	0.0634544205253039	0.07607589624939567	0.002505593702049296	0.1555188131421434	0.004752322582519329	0.04347660992959035	0.05996265911958374	0.1052024337269985	0.1704557316708729	0.08194141345961592	0.1535879659228393	0.07012084902042899	0.1726245957274935	0.1271737417145326	0.005304288312304256	0.01816466003123862	0.08614074887626456	0.01521171990726945	0.01148532041697673	0.01036900563981835	0.01094630757854971
0.5919128561131139	0.02334577073991006	0.05130835898698871	0.007429141192312127	0.007766789830894115	0.01461932927597391	0.01026499500161061	0.01182747730461853	0.01061177435576054	0.09742084175251089	0.0743741416700187	0.05353386165552819	0.04965831463213705	0.2085233343342357	0.2515046342750407	0.02337927184627198	0.00579615322503135	0.007276146180788819	0.004828984235034823	0.3880082790682319	0.2543067276074831	0.2049551409760667	0.3534489305517721	0.3445152415125551	0.3345805396199877	0.01062726819666686	0.300952790925736	0.01937388551008175	0.1685184778689295	0.1925626432435179	0.02996046429834555	0.2594059841347185	0.03023061888556563	0.1092929285477491	0.03785305793982374	0.03399305428706269	0.02293001299102029	0.1642126221543082	0.08572088307456385	0.07479878704630787	0.04183594956767042	0.01341484130627424	0.01624017580893827	0.01244767905158767	0.0009941614951181476	0.001409927632708734	0.0009833667018543444	0.0008938301284214141	0.001039842226713328	0.002947850272351067	0.1816636889843077	0.1737691833611978	0.09347283589419784	0.06673749628449863	0.008917026384034034	0.008547873730099881	0.02805004390081476	0.0242021732146051	0.06360586524181872	0.006502271874656505	0.01422661383670939	0.002751222607198045	0.03161331468303284	0.02794853503360625	0.1201643739254507	0.04563663275794703	0.05851386984610286	0.07087851191511532	0.001766982738859984	0.1632965296939068	0.004092217212380275	0.04182976866568669	0.05937194364662486	0.107210874697458	0.1788098528882178	0.08310120995258216	0.153517932834783	0.07135166748504745	0.1673593868734645	0.1236645519049033	0.002998259302944612	0.01837656035689328	0.08464651548950097	0.01372478174468748	0.006565091696151184	0.004939318940834534	0.005566555048766055
0.6088558844730551	0.02460317168971691	0.05456421421643382	0.007310081265712079	0.007410337784986894	0.01532023744750876	0.01099700746356715	0.01393488033652113	0.01353707381850318	0.08802765617731698	0.067268977313441	0.04929462350282172	0.04620664275074925	0.21547341319623	0.2582590728353114	0.02277269601661864	0.00353466873852588	0.004608499785691725	0.003118775956423947	0.3636140043097436	0.2303492042102748	0.1826973201502016	0.3302656114332189	0.3222407519742305	0.313163816619172	0.01111470729056208	0.2928117250794877	0.02019667420789835	0.1680676099003433	0.1897118899432394	0.02951258129373401	0.2515004047879099	0.02951829855897792	0.1083519817554342	0.03838575489104551	0.03500064255037849	0.02398474317623068	0.1756754087876876	0.08853272620505305	0.07022669285718866	0.03965610027552931	0.01139666239291101	0.01485507943340329	0.01014466393461646	0.002130027900182574	0.002765638297426052	0.002992854504465745	0.002740963443900716	0.002717282583590453	0.004329695231175593	0.1897711813804014	0.1747380811089348	0.08905364610573245	0.06489727665484721	0.004548390366024164	0.004409001908737331	0.02302884758685667	0.01812321193651778	0.05920860063081298	0.01467572511982594	0.02472160474161374	0.01127367877776096	0.01857576690948887	0.02922264231929467	0.1302570395431	0.0324779554978567	0.04542812446168965	0.0581285817595434	0.002877687264486682	0.1346225502770454	0.004898554181912403	0.03993038756519106	0.05386410717328209	0.09867558650444073	0.1486708539292149	0.07718845963625906	0.1381133530378081	0.06574514058230528	0.168419886827371	0.1232336297632241	0.006011078416664323	0.01630337800887286	0.08284863843940098	0.007451377486702423	0.0149100052306324	0.01426681808037127	0.01480473658137272
0.6232312594138308	0.02513450698366361	0.05657458538534427	0.007123948798552571	0.007036255892094534	0.01560552133807254	0.01160714142566845	0.02069074249549895	0.02017463788343544	0.08388352878334317	0.0644296977189093	0.0451076474348695	0.04267519526850685	0.2175265371347573	0.2591226869911822	0.02426413733218943	0.002004697009700589	0.00304862799011428	0.002104529568669961	0.3378797880391935	0.207728849582264	0.1650008928084214	0.306532051678408	0.2998188862811594	0.2918638101407777	0.01144675637344498	0.2868574579232356	0.02068963368737073	0.166378828935008	0.1861095287223829	0.03181240097882825	0.2467743061364799	0.03156240383391146	0.1090975947025706	0.0403717778318385	0.04050981025916244	0.02808446558122659	0.1813517020181222	0.08994527852197301	0.06923005014388402	0.03723324110077456	0.009822192022866067	0.0136801289126517	0.008387591929426005	0.003403045681903507	0.003736069498965643	0.006165723272242677	0.005597990507138056	0.005045512498654274	0.006799478208075226	0.2142279097017834	0.1876773354780721	0.1015012261388896	0.07683218581066233	0.004669624668562427	0.004861030770730129	0.01920788216329289	0.01328114858714679	0.0595210180336731	0.02999363784109905	0.04467518268292497	0.02676165600333653	0.02088168375941924	0.05353511544856993	0.1748603690476853	0.03864807429936358	0.05395187578340496	0.06866821291942937	0.004691615880107559	0.1230476457820297	0.006344893215018572	0.04322546685008388	0.05430316156630154	0.09704170436403141	0.1377460145044376	0.07719188458678194	0.1381435793167048	0.0644845801762633	0.1819463748572855	0.1319083540921774	0.006640845613309154	0.01454673844013278	0.09502682215016592	0.009016881798032644	0.03064908288746512	0.03117878941140639	0.03192819041676764
0.6272	0.02514746743032103	0.05729942261174994	0.007306566965588072	0.0072001155964438	0.01571485948517891	0.01202497943940377	0.03029963330265618	0.02799625868756964	0.08681913657354634	0.06698025616628192	0.04442020481572777	0.04208601290992346	0.2176107148092144	0.258811373811528	0.02654944131266644	0.003198280728439131	0.0049490796049653	0.003300568330026737	0.3336475584830769	0.2060960960321965	0.1687970678920649	0.3030544924461818	0.2969674306172688	0.2895289341908806	0.01174755805380061	0.2871217573427028	0.02101718108805755	0.1672588658066407	0.1867728305544718	0.0347494281845268	0.2475088673512631	0.03450461997901305	0.1126717740088158	0.0423618052211417	0.04938557787075678	0.03414608629980083	0.1818971751256628	0.09012203798013227	0.07211238590215914	0.03684545357498838	0.01091442287262448	0.01466388681363699	0.009574440742730277	0.004291741411473289	0.004985725477658391	0.007342630730647746	0.006699615889952407	0.006158231066429464	0.007653688213209234	0.2094916487486159	0.1803514759613908	0.1040526770622158	0.07971803499537222	0.00352864941280925	0.003818917288724277	0.01919883456257091	0.01379691388803772	0.05709946946613685	0.03384912613276679	0.04941849074163357	0.0309113322883883	0.01899931296367371	0.05702187145785644	0.1780166727676595	0.0374516138077162	0.05331841321323787	0.06830847867531512	0.005349099877576657	0.1204796430425642	0.006917620686361094	0.0457971542872924	0.05572217127399111	0.09233243342659118	0.1344725532837063	0.07389904625022867	0.1305839522200955	0.06144651215117153	0.1750146280466873	0.1263134624016968	0.009942166119188781	0.01479039900812309	0.09657277289136273	0.007530208318579802	0.03504263788431414	0.03599814871311347	0.03666753182634935
0.636712856113114	0.02523000328217216	0.05642081106871277	0.006941731899511619	0.006628350414059031	0.01571870186883202	0.01142472849167152	0.01325951477575194	0.01379688037639527	0.08306960326161805	0.06508841700916593	0.03847027173756686	0.03702817724661552	0.2139349485569625	0.2533025843966767	0.02349001635685859	0.001097549807885492	0.001628963199409286	0.001188023325587623	0.2965412520586641	0.1755184217067306	0.1344225734864688	0.2692472972680757	0.2651604704382838	0.2592529607874431	0.01127331162269092	0.2786981884829195	0.02040022386534261	0.1618585131789345	0.1784949567554844	0.03092995696347615	0.2413728221417158	0.03066455094538006	0.09965373789117596	0.04009060466395374	0.02988104217528584	0.02083144771648145	0.1851012794041169	0.09053956887816064	0.07012082933566112	0.0332337295480875	0.009064610699157025	0.01319681424878943	0.007559943861625367	0.005250912214917196	0.006166343123849827	0.008863623958735351	0.008097489549196066	0.00747696332544104	0.00906092444540983	0.2281674909627176	0.1946249864395227	0.1212407307800055	0.09349628032580273	0.004858641236894205	0.005229851955065655	0.0225735696895852	0.01732989780784662	0.06280511967527989	0.0401355077555089	0.05797537194256036	0.03703274376587895	0.0255352616657099	0.07023291806553643	0.203516701726145	0.04728588261216362	0.06568814185814546	0.08269495274177036	0.006339211415093048	0.1406468020259786	0.008052384036450857	0.05414304286446685	0.06508343592684916	0.1010661145680248	0.1562260500462577	0.081162622960385	0.1441296190012233	0.06727371440599909	0.1891669809838992	0.1363239475530429	0.01258743772000402	0.01704565145698433	0.1109504845152492	0.0101061288391896	0.04191956844694409	0.04314666089433792	0.04389747995609986
0.6536558844730551	0.02510772105408838	0.05594315629221434	0.006792899278671165	0.006247754876422595	0.01574921883341407	0.01125097372719718	0.008217747268365157	0.009178826668247481	0.08386585888981252	0.0672209254176007	0.03112065222856042	0.03074041974798893	0.2083714539946861	0.2449795860617052	0.02341571676364976	0.0007721404150678334	0.001035078475212273	0.0007914226759462195	0.2503519344874419	0.1409019686616336	0.1035966606966654	0.2278274648905194	0.2268129760814587	0.223307363190735	0.01109414057254057	0.2693827182177668	0.02002891734924566	0.1565382607501664	0.1698311464999582	0.03091828699334133	0.2354222109252131	0.03066837135386609	0.09012116427596527	0.04026891202776108	0.02105217790896154	0.01476587191032715	0.1875324597541636	0.09059658548286802	0.07234569808068307	0.02873585529999637	0.008812377012661713	0.01312544022744551	0.007301699525911363	0.005702156237245974	0.006307361452716406	0.01032723075798781	0.009412447327673603	0.008454432534235662	0.009792357488928146	0.2538132841713658	0.2132342396007745	0.08859392437086805	0.0696388410086015	0.01255840908519168	0.01304417555448757	0.02983502145828985	0.02571296991620399	0.05382602202726321	0.04801830579250359	0.06783099333164655	0.0447000078916047	0.05349312035355546	0.1038214853917209	0.2517341106020613	0.07230238425734692	0.0858371676547986	0.09983914148717066	0.007223243520922793	0.06940078706783209	0.008388421433922114	0.04305910461818241	0.04926272711925238	0.08503076104211819	0.0806900659396155	0.06932068003658796	0.1435334375232303	0.05690666171193149	0.2109726691424423	0.1525222371029719	0.01187397352009203	0.01100286166691299	0.09095583501291045	0.02327586561986498	0.04786447371063198	0.05048625406229924	0.05106924247920296
0.6680312594138309	0.02426013179865814	0.05404890099355797	0.006510709151649265	0.005793459120983425	0.01532383383676833	0.01083607486966303	0.004902037261733902	0.005957405130414218	0.09189066163642663	0.07519365219092838	0.02421783987112066	0.02470756602403984	0.198241772455569	0.2311730788315992	0.02561458598339213	0.0007361108120535775	0.0008711291735270653	0.0006626238834792904	0.2051886706259477	0.1087996584228594	0.07683823361297552	0.1881373264419558	0.1905980536511218	0.1896818569111256	0.01067178563560273	0.2664997875404754	0.01926561478850963	0.1507815347524845	0.1615735430072964	0.03394846700532995	0.2368325743918054	0.03370306546743117	0.08208705892758679	0.04219673961648905	0.01416155443210121	0.01000730881494933	0.1839296411661524	0.08981281354662109	0.07935332557895919	0.02421920650139345	0.008584806028708673	0.01288195990496848	0.007132480307152026	0.008816657850558757	0.009897109893509675	0.01577607373184851	0.01440855474525668	0.01299278344877999	0.01399433613569632	0.2746568519816376	0.2186359086555293	0.1067491235474065	0.08750512632556635	0.01786919447136738	0.01878183877862604	0.03616917421309664	0.03419573789997273	0.05110671110676229	0.07066540982307863	0.0967309533861075	0.06778460315747532	0.07866724301025835	0.1548845159670802	0.3235397194506211	0.103475621536924	0.119908597081071	0.1359364978715527	0.01041486064499477	0.06200989303271804	0.01116925225251507	0.05474630839690141	0.05742675777525546	0.07707952147753971	0.07248259924958228	0.06507224561409078	0.145093759868364	0.05177809448304931	0.2191653081420919	0.157125388148331	0.01948670276444238	0.0108407322870159	0.1071880360523381	0.03380157830776008	0.07170381990241562	0.0762733697019652	0.07689302153881379
0.672	0.02407130845105555	0.05447683110327516	0.006779578893245973	0.006121385768571064	0.0153260463731163	0.01127326935219315	0.0178426957064865	0.01640610997571784	0.09558269061048365	0.07800504220390198	0.02539473937988523	0.02568080173748663	0.198004915713644	0.2309939694382083	0.02826013737357257	0.002658484801655852	0.003809538589286628	0.002521432651344361	0.2122935383336424	0.1170103060874982	0.09095401160481296	0.1949989501854652	0.1973994220375758	0.1964791199835439	0.01099787983464669	0.2679181354315797	0.01958929280436462	0.1524017556633795	0.1638479322324382	0.03725868678837312	0.2381338936049668	0.0370601666187781	0.08829778933987961	0.04420766459418692	0.02707064122542183	0.01877487097776896	0.1821162090448735	0.08922586100094115	0.08229101742662903	0.02490470010669302	0.01031431182611894	0.01433606547952593	0.009029219724649318	0.008970222544138038	0.01002770072366452	0.01609959490389989	0.01470030185720341	0.01324204750612711	0.0142860017116804	0.2694782492682363	0.2133047714859367	0.1135086001177027	0.09306198846405342	0.0196151292877919	0.02054642492376032	0.03736181772791052	0.03611179961536895	0.05135150632154735	0.07207047910262998	0.09837447695551349	0.06928241593598827	0.08512223637612795	0.1620678444359321	0.3286889801302671	0.1113394675894013	0.1285993513488085	0.1449822619073678	0.01058651241699527	0.07317117870177256	0.01133271406120375	0.05777425812851083	0.06091383788619398	0.07720058930731603	0.08411158895678528	0.06530227322349742	0.1469803789134042	0.05180755865326195	0.2142519346777373	0.1535831378024936	0.0196447929912816	0.01149011627683304	0.1115109487975148	0.03674892453749677	0.07348834452382731	0.07804457684880445	0.07872852943689583
0.6815128561131141	0.02332340365023133	0.05210493172950764	0.006192727326217106	0.005335954018193352	0.01481385985069821	0.01044378523211877	0.003109084671512725	0.00419034811690007	0.1018075179691948	0.08451726101449876	0.01822039124686026	0.01942474586030056	0.1882720843151339	0.2176296981362222	0.02868528305461228	0.0005919341193455284	0.000637692872105772	0.0004892142707647704	0.1653417883135473	0.0806387184996261	0.05408114501093081	0.1533998926853778	0.1591187586337668	0.1605806381477368	0.01024690420797124	0.267283579631002	0.01852248684003913	0.1458943325759816	0.1548028323184678	0.0381742770136949	0.2417268642802429	0.0378964168362802	0.07611494940365283	0.0449098907880975	0.009375646795022528	0.006726474704196643	0.1791204994452773	0.08916352162626329	0.0875504921383717	0.02020151036555478	0.008174583434090631	0.01242910040515127	0.006771122728019012	0.009976337201956523	0.01097411282418895	0.01821057589617964	0.01661672414092625	0.01487676517620064	0.01586848628659043	0.2754556827469998	0.2132811198780638	0.1185719407104666	0.09870134877575597	0.02475861789064905	0.02585660380221254	0.04137819920456376	0.04161575742492712	0.0488838808610344	0.08161797277236355	0.1103516922090187	0.07899744905128932	0.1052000787262017	0.1915997222476198	0.3651266468857198	0.1339882296402191	0.1518603437172392	0.1685199794642925	0.01179989371024993	0.06688471774027796	0.01227991838442778	0.06129696948097271	0.06286918471576503	0.07159487782264129	0.07726341841907823	0.06176486595964877	0.1493608889205833	0.04809599591187719	0.2161426343112012	0.1547094985799944	0.02107819544111751	0.01055759436539254	0.1162377592038587	0.04590770187602956	0.08329877948512933	0.08866857111615004	0.08942374436812645
0.6984558844730551	0.02232564847020499	0.05008099487820766	0.006319276800119234	0.005367542883238438	0.0144705807586455	0.01016675092281381	0.00569612139057344	0.004863102653125177	0.1186959043866479	0.09974229566311685	0.01280864544773782	0.01466891035075364	0.1780107352442631	0.2040049956340375	0.03311322814783217	0.003123266563889078	0.003885195545926097	0.00252928214401633	0.1297493332351002	0.05963022938019259	0.04159883003769706	0.1233158814442553	0.1328638506901684	0.1370980350492091	0.01002692075593659	0.2720825451685429	0.01794343024589824	0.1436224172945822	0.150900877352273	0.04382430041611442	0.2507123263694248	0.04374655972464587	0.07155320590528777	0.04855302520829999	0.007972931347077373	0.005460038674171989	0.1741711904409669	0.08869045044139676	0.1007789056840579	0.01662880747164398	0.01051632808271298	0.01439215673037935	0.009407767626549862	0.01223119974726432	0.0137391177983207	0.02181402027407172	0.01993892256091506	0.01799036759234809	0.01863243334995333	0.2749601955593357	0.2044273099400163	0.1329939976189526	0.1125596983964945	0.03070593249062464	0.03205317127034231	0.04905163198458026	0.05230264401617975	0.04539652302404991	0.09569353730102742	0.1278931297012867	0.09352869022748632	0.1311827493172577	0.231145280174369	0.4103188980029019	0.1644565648243023	0.1842876327420544	0.2018966101360945	0.01389166886835788	0.07210862760047819	0.01412303314773608	0.07181796119536228	0.07164705494748089	0.06348243005684789	0.08161270214004981	0.0567031175721375	0.1495004665777198	0.04286780966532078	0.2099466176947996	0.1495296641141698	0.02744665646913058	0.01138476024191318	0.1271633549253008	0.0567309925009458	0.09854922351488549	0.1051160401017147	0.1058566283330126
0.712831259413831	0.02086959014306167	0.04716373323937668	0.005860083332030149	0.004887093800511446	0.01355749646001738	0.009612284603604953	0.006064231034596875	0.005230779615172452	0.1302595814284771	0.1097727854452351	0.009567295162348104	0.01164019717879897	0.1662378103014435	0.1889271071246317	0.03701553475581103	0.002795574072328535	0.003511801255888728	0.002270159243583844	0.1057571203889894	0.04395541252355317	0.03046939912431611	0.1030524167987792	0.1147835369088871	0.1205189795233984	0.009424922622709657	0.2770898098490692	0.01695771528412296	0.1389137465047721	0.1459094656031928	0.04919947798186153	0.2592601320722174	0.0490384595139107	0.06919021638024543	0.05166330065423537	0.007008062814908718	0.004843194485010721	0.1637996867096096	0.08683950102107171	0.1092072660140374	0.01405337009685861	0.009677054399692107	0.0133600986040151	0.008623180580430075	0.01383914381767621	0.01573098906380879	0.02433827600843489	0.02226882281706244	0.02018704106607559	0.02056592183755716	0.2737623917829906	0.1975902220200956	0.142809654791833	0.1220495108237858	0.03556397439287242	0.03707678952491211	0.05542856277437797	0.06107554824698611	0.0427594241377804	0.1054525773127694	0.1400051329770317	0.1036027294524839	0.151932717931972	0.2606337521338897	0.4431258570199947	0.1883627108331864	0.2094574082805074	0.2276131519710866	0.0153620592024236	0.07628990438795934	0.01542434877864388	0.07947072799288521	0.0781708139253227	0.05747664496971149	0.08507454769812579	0.05289908520573564	0.1503244135168939	0.03901197803378662	0.20515761349128	0.1456518874019217	0.03209102203910397	0.01205346136628561	0.1345184563819039	0.0654167978969578	0.1091257780240514	0.1165317623075004	0.1172516582844747
0.7168000000000001	0.02067108187890266	0.04769824240747152	0.00637527967331481	0.005570162500094604	0.01360386517633642	0.01017258458623991	0.02337147342229613	0.01895405845546399	0.1350796813539576	0.1129996457134279	0.01377193585598085	0.01521026233709683	0.1676842958823196	0.19157942394282	0.03991351675345257	0.006035812713922395	0.008253050616513651	0.005282544813825055	0.1320972118016898	0.06839413285142362	0.06092610895409296	0.1273888926042004	0.1379942876526124	0.1429107226398371	0.009907543462346863	0.2814034596980109	0.01747221902537527	0.1430516732854909	0.1519786387343613	0.05263625581900814	0.2621632190813147	0.05261903714389122	0.079468269498641	0.0535974084350654	0.02528273155701278	0.01716377489688389	0.1607759247743116	0.08588906014216527	0.1123182085513302	0.01661946193743309	0.01271280369321198	0.01589817559136725	0.01193976196305894	0.0140209786708408	0.01590636333161318	0.0247045163772629	0.02260129482486365	0.02047454945951092	0.02086302744016393	0.2738855366028716	0.1968729375838408	0.1456498701515369	0.1245329128099513	0.0367539867107619	0.03829123903954131	0.05645223156449373	0.06248518350830416	0.04276730569996103	0.1070825720134344	0.1420419779942558	0.1052632925111243	0.1564801659179262	0.2665389253337579	0.4497410877907075	0.1936754102815705	0.2151199328708795	0.2334538078629323	0.01557454103469466	0.07918659379084038	0.01561136350957636	0.08094488025064892	0.07964453164228262	0.05722566616081737	0.08807968515698564	0.05284478428629182	0.1518105774278925	0.03883643958218487	0.2047797162104243	0.1453636498852006	0.03237017708075537	0.01219900799061105	0.1366272974793458	0.06747874635954032	0.1108930711955512	0.1183946474400492	0.1191417663913221
0.7263128561131141	0.01624021033869111	0.0373375607714564	0.004266146171791227	0.00348259266831337	0.01040913978029033	0.007561023690017955	0.003409198547224967	0.004020228118710258	0.1465786219903442	0.1229682398372897	0.007344236220093125	0.008909270492282049	0.1326551932589075	0.1484022988543683	0.0427316500354131	0.0004728307751715265	0.0005537319344188905	0.0003570657196132425	0.08009494135163402	0.03008653631988276	0.02101891175686754	0.08217755315260708	0.09551074479097797	0.1021869957174619	0.007313685860120561	0.2800472420907927	0.01363832534424952	0.1225432603613812	0.1312519844234661	0.05737706986486885	0.2688267023759669	0.05692668589320186	0.06469316427629751	0.05473213057854948	0.004926305959518811	0.003650514864925296	0.1268844988852385	0.07722414996789292	0.118512053358217	0.01073209052326436	0.005689689143054419	0.008723831010723085	0.004693435215459957	0.01446420193231789	0.01633833543815183	0.02559111153721653	0.02340811716164756	0.02117237960384107	0.02150395581912271	0.267986165406554	0.1892342197888962	0.148903115581194	0.1279540330151044	0.03997580636736512	0.04157988463182297	0.0588827398825357	0.06621111089778678	0.04044814400938319	0.1108939620538406	0.1465697485267871	0.1092662365685397	0.1687960123577662	0.2818169607711581	0.4634817319632642	0.2073756219244492	0.2291121070571998	0.2473525601930298	0.01605431381147278	0.08037426555505645	0.01594986749731464	0.0832587170267572	0.08138800013297617	0.0526606182330793	0.08888778445218488	0.04965186576783011	0.1509497722336962	0.0357983166090483	0.198359091397631	0.1406571624144831	0.03310045173481008	0.0119460069327821	0.1385406692251932	0.0730468644364571	0.1150098871470051	0.1228185563748575	0.1236010772054679
0.7432558844730551	0.01018569280324574	0.02497702060025319	0.002706997086753881	0.002208116133469522	0.006533707005733923	0.005321435350793162	0.01206227865281551	0.01140551398057255	0.1605777785485121	0.134159858036476	0.004850603836347311	0.005726507663319199	0.08823152995927461	0.09551188073803667	0.0487892960436452	0.000593269842439574	0.001116112087115033	0.0006704656800139497	0.05004680458745541	0.01896864498838482	0.02160782460520257	0.05757301094765332	0.07232207878673852	0.08002262996361872	0.004971035792420137	0.2675393492509313	0.009595859792966325	0.09951859582820269	0.1097155955420702	0.06569385627379747	0.2642969912212464	0.06509991007138141	0.0604376371509142	0.05661540913268272	0.01320319424064684	0.009364242209305759	0.07906964890064805	0.06197310812644174	0.1256585038977664	0.006768915460163404	0.003623261302894546	0.005453404072239487	0.002982087474342501	0.01494390895392838	0.01682200040032431	0.02648345121586522	0.02422266050147628	0.02188963550153541	0.02214992420419126	0.2589766514574605	0.1791841398176596	0.1523813673622419	0.1316045919522187	0.04611136685096243	0.04775423057923708	0.06475402808475002	0.07441000641962874	0.03765372672844822	0.1146338702374591	0.1508312472768103	0.1131792971247646	0.1915605115178998	0.305114524906888	0.4830709677070819	0.2318721266605645	0.2536626572536691	0.2714681063788618	0.016549329827739	0.08513294880633912	0.01630888422666173	0.08676904095512168	0.08474582890342763	0.04725930037708122	0.09307902476719962	0.0458070067705847	0.1535754259001744	0.03224392301860995	0.1902463300753059	0.1350256747143683	0.03398321760851237	0.01196181180165261	0.1402811863100334	0.08330304916319389	0.1190519693281342	0.1271519514368832	0.1279667052224749
0.757631259413831	0.007484315889859024	0.01971750255093431	0.00201682287423384	0.001622823285456168	0.004820642543587031	0.004426781579281965	0.01769679630516276	0.01622671813196469	0.1761232508609965	0.1470058506360868	0.003117194652569997	0.003766828418395436	0.06870379228483313	0.07161425290898527	0.05458702881928101	0.0007367956391645569	0.001554338531095154	0.000921150061017138	0.0325285291431099	0.01103517859737057	0.02076540814183347	0.0437430816416319	0.06026129264099152	0.0691160483008762	0.003991549961526087	0.2733486864989487	0.007935066758099804	0.091895287400887	0.1030912511084426	0.07358433387292568	0.2744681091755655	0.07288361067948602	0.06074353166679194	0.06059293202308604	0.01833967713889563	0.01292308842766842	0.05797467625307586	0.05699563309340308	0.1360031161362736	0.004610884666356816	0.002756549394113384	0.004050083365981436	0.002276283752808064	0.01489412058629751	0.01671839394151131	0.02639995284020617	0.02414500393264624	0.02180858953039183	0.02205960323081461	0.2525657225063775	0.1742140551041876	0.1508313169592432	0.1305249176642108	0.05206403697480064	0.05365166261169654	0.07116595221765123	0.08279663773756352	0.03612936174470124	0.1143483004890604	0.1500842740358667	0.1128563128874552	0.2125887344337797	0.3212576090724853	0.4947021913596962	0.2533288988632592	0.2743532512077603	0.2912754850316041	0.01651281927328519	0.08860458197991798	0.01624470663291051	0.08797988923943306	0.08656302289721018	0.04464840075677731	0.09603094945916091	0.04376301303006947	0.1596888080010364	0.03056978460346771	0.186784533635713	0.133150578546386	0.03367121008981493	0.01202697162522648	0.1384985565906197	0.09288428708536327	0.1186374746957908	0.1267170867796705	0.1275339890354132
0.7616000000000002	0.006918741131283344	0.01774925924574141	0.002680362233750348	0.002382841035014634	0.004827867624144075	0.004012412416904902	0.01600382228265367	0.01220688045765967	0.1842486188754401	0.1541185001505977	0.003646357360015378	0.004215657891164926	0.06367726806142672	0.06663135495022389	0.05383378047035978	0.00534167706719741	0.007137493393429199	0.004481724296877317	0.03623666561112354	0.02171564632724468	0.03337099998818828	0.04826754902857931	0.06554084121393958	0.07494961963533797	0.003910245440515007	0.2724015861487716	0.00753777671779355	0.09256267912363977	0.1036800299765734	0.07184065139201097	0.274020555697603	0.07167024848759997	0.05649942630994253	0.05895646848576034	0.01448690526178204	0.009616394129504015	0.05444959426104352	0.05517054912283034	0.1410148941105987	0.004942485609742139	0.007530720083563074	0.008152212917518716	0.007520264595034287	0.01483307277837555	0.0167066146490578	0.02617005156577243	0.02394082670536198	0.02165736915537536	0.02187033593941406	0.2454655891656895	0.1685229652787173	0.1508105828037177	0.1304397855682548	0.05290503086436902	0.05446242615592742	0.07228716305944649	0.08449858396884909	0.03538398301654429	0.1130523680609268	0.1482415468707918	0.1116174119554033	0.2155646662247784	0.32171346172127	0.4907985705824347	0.2562460471355131	0.2771262428923239	0.2937657784445824	0.01636705827173226	0.09257045024558068	0.01611681229967971	0.08849977402843008	0.08742418847726771	0.04352463950603886	0.09985879238675383	0.0427982955581888	0.1589948218196075	0.02983833402366156	0.1813442064586462	0.1293448759702344	0.03382862000130252	0.01234339863895568	0.1376837975102342	0.09413762989908454	0.1174420446725019	0.1254083733991569	0.1262091371407779
0.7711128561131142	0.006821932684615742	0.01728753909255623	0.001830610843058115	0.001464264003045642	0.0043937588265138	0.00353388292199495	0.002601949327485835	0.003057150229594882	0.1998023035476031	0.1669779442253908	0.002592597048752303	0.00322717615975039	0.06410839714347702	0.06556937888918216	0.05843024049623151	0.0004758020050766825	0.0005471248888634069	0.000284233229619924	0.02770589756950904	0.008636328438045772	0.01411242879443806	0.04169905051290769	0.06056951225937465	0.07066482202291055	0.003364072898369529	0.3022237633402253	0.007212151973945137	0.09588240659444339	0.1083610207128799	0.07878639286125792	0.3054318538223508	0.07817250775744802	0.05702373649082507	0.06452087209506788	0.002757318208129213	0.002064943460320298	0.05302214826073703	0.05985296769132819	0.1522632979541746	0.00404073197656178	0.002539739679659117	0.003702920733162071	0.002093374289733106	0.01427185157166088	0.0158398836290158	0.02551741780221554	0.02332375040794452	0.02099275913123327	0.02133214374747304	0.2422526834144667	0.1674302436884321	0.1460754680184609	0.126525727642946	0.05787578238314656	0.05935629277763017	0.07624791940010719	0.0895647948016315	0.03443406913982084	0.1111647850776899	0.1455756151077601	0.1095891663825809	0.2318290525119594	0.3323346899562321	0.4979820499922611	0.2722176461330243	0.2919397838703193	0.3075631142855226	0.01598904983904147	0.09123746851774131	0.01569694636365772	0.08675736024504095	0.08626178834761537	0.04217325194467806	0.09824611792905207	0.0415812406770912	0.1652098708769118	0.02891905981965354	0.1812932546938394	0.1300348695063634	0.03140175983978331	0.01163553464603931	0.1338932475002313	0.1020101509575113	0.1150868721094068	0.1228845557949543	0.1237338247557675
0.7880558844730552	0.006598546310624322	0.01696519465133879	0.00177828889483211	0.001420057317086819	0.004252792361612474	0.003473742764991861	0.002752612873610781	0.003213536042268806	0.214034855219524	0.1788325037812813	0.002484966770543503	0.003087832731935756	0.06330176411712157	0.06395874945931847	0.06260476942661658	0.0005102617356490388	0.0005892551146221498	0.0003033372212513498	0.02622767069962157	0.008003183338741161	0.01468363353414921	0.04170206084156497	0.06192826945590572	0.0727728270098783	0.003299545853612248	0.3201243993516875	0.007201685235403531	0.0994529319939344	0.1128716336693583	0.08442903919541675	0.3243955381869059	0.08377169128708233	0.05971510865025951	0.0686501411935643	0.002854421863060095	0.002134386342850279	0.05122154091055098	0.06200903808247146	0.1626686947495744	0.00386942677031307	0.002486599235628814	0.003592837765858334	0.002051285827811108	0.0138379524935262	0.01522809611668061	0.02486247123338012	0.02271730304197915	0.02039892001339577	0.02075298665070836	0.2313185970404859	0.1596934972718494	0.1398063994483478	0.1215431586211186	0.06502576978165515	0.06640262697716987	0.08332963762216579	0.09891486485787764	0.0317597949882607	0.1087081505027093	0.1418919805942486	0.1070672457647476	0.2562928410285494	0.3483727483280751	0.5059273634807155	0.2963266425818243	0.3144371052044732	0.3284825610355456	0.01560525735942495	0.09129136163788582	0.01526368365345044	0.08588354567030408	0.08610689315175074	0.03792886856714098	0.09743437335535488	0.03809050585415882	0.1710533432150408	0.02615293001717014	0.1753450300595736	0.1266555590049356	0.02984808267615072	0.01116679159689742	0.1281928367821893	0.1133564675922833	0.112237671978555	0.1198742381126524	0.1207210022204295
0.802431259413831	0.007077756897932276	0.01818163770300035	0.001960326946945062	0.001586567903158151	0.004582103034763574	0.003752025553510698	0.004024706082493617	0.004217308366197781	0.2243269646308598	0.1874128470601068	0.002892500939679083	0.003512833640393848	0.06767215525570275	0.06867049760506519	0.06565184624611127	0.0008524436111269006	0.001057528980174569	0.0005985191926076319	0.02974169026867715	0.01021115301102654	0.0174834467733595	0.04572169526222937	0.06684529615064512	0.07816210283847697	0.003568615214342472	0.3359528876413514	0.00770589769892808	0.1051725327465427	0.1192795516995461	0.08848736124326406	0.3401335098809779	0.08782096225745221	0.06335791954081645	0.07202869425407447	0.004123627058467898	0.002987099009090406	0.05491998114942138	0.0653464161014634	0.1705780600831888	0.004306737198192524	0.002976574847830263	0.004127256338622257	0.002538360844622294	0.01380963477619904	0.01537850819754575	0.02440210502707134	0.0223181112246327	0.02014330055335172	0.02033687027486673	0.221878420299258	0.1533367015528888	0.1330255816452698	0.1160687177738911	0.07079455044573882	0.07205941996339366	0.09162199738692338	0.1095640790862477	0.0293789068925301	0.1059479788589223	0.1379077248900552	0.1042452041074691	0.2770340761009797	0.3602413358959646	0.5102952119799035	0.3163127886037061	0.3328338806959864	0.3453990686077709	0.01537339742484465	0.09148842663302426	0.0150732593709849	0.08632028081091138	0.08730400096401367	0.03424110735050775	0.09642086416513206	0.03500415859776361	0.1759370656824045	0.0238909085471604	0.1705410241630681	0.1239616733073127	0.03072560724879501	0.01152683949701524	0.1222593683935181	0.1224054730906133	0.1092133280756251	0.1167525218769881	0.1174862569791457
0.8064000000000002	0.007253139773579957	0.01870655932165326	0.002816303393074141	0.002494545595985742	0.00506635194576257	0.004125480008386199	0.01298526547831853	0.009568680589602785	0.2309625463354241	0.1931825185190771	0.003632133600142982	0.004240844343488931	0.06876467922967361	0.07052557277264042	0.06666626801473709	0.005603553744987195	0.007295570302185158	0.004566286741045655	0.03614428352511341	0.02149286849268439	0.03448556017237885	0.05237324893077153	0.07413445943983157	0.08598676963125684	0.004073538780810855	0.336188771447091	0.008176189501925205	0.1090206500209167	0.1230061726580448	0.089130900345324	0.3400438937802114	0.08888030554333516	0.06533711617447725	0.07241744137549228	0.01115885877675792	0.007286799014815962	0.05709513880059126	0.06536612232404121	0.1756252048581069	0.005031096000007111	0.007941205955111223	0.008566433160618753	0.007923329317873222	0.01392934749739153	0.0157506968510711	0.02417568931502035	0.02213398858706399	0.02010125009163897	0.02018426506239118	0.2170251762270752	0.1501289205236393	0.133508916280575	0.1161710901340244	0.07097410979204033	0.07218852122961934	0.09381528758444016	0.1123573060775667	0.02959277577916555	0.1040383597710098	0.1353905554866117	0.1023416428041006	0.2782150984540718	0.3578855004581162	0.5043665580927014	0.3172658135307518	0.33374259990581	0.3461694634988892	0.01526601323294667	0.09800519334675965	0.0150739680310207	0.08793658959828957	0.0896022033472767	0.03484286252816603	0.1027975394479026	0.03531828076979825	0.1766295735136617	0.02438329740918754	0.1673470326760346	0.1217731875897145	0.0321753806513982	0.01257314318012898	0.1219873562780995	0.1224992130570498	0.1074596076279518	0.1148569140734078	0.1155171991639094
0.8159128561131141	0.006794308706214208	0.01764479698252909	0.002038238364620128	0.001687372146711701	0.004469591687810321	0.003668481532403895	0.004724439752352966	0.004393090471156947	0.237951272601449	0.1988136593716725	0.002883685134362891	0.003463686598197866	0.06619110064865598	0.06649651065876147	0.06926396496020137	0.001727222544048256	0.002158040012316531	0.001292546427402258	0.02906442243597298	0.0115190457608322	0.02055528400000312	0.04646236981518174	0.06888673567233797	0.08095349731287155	0.003525352810620417	0.3510548652849796	0.00765977504117716	0.1084021713651388	0.1233019516581715	0.09323941514468229	0.3562369039368904	0.09262201720523033	0.06532069491785936	0.07543000359244316	0.004396798613896929	0.003067553555317184	0.05281356510585514	0.06688125663002994	0.1804350927678227	0.00421404102456052	0.003793714224318098	0.004776242421438127	0.003448939252558769	0.01338508301864142	0.01499976787982906	0.02339630930592194	0.02141109818830089	0.01938584670318875	0.01948584713148521	0.2093828102240829	0.1451563565826114	0.1247262653556791	0.1091230881595053	0.07488014945044923	0.0760134628657593	0.09707672126048053	0.1167172985765071	0.02698565358662533	0.1011792537036856	0.1313664452704005	0.09942727368351957	0.2909176111952632	0.364236353620875	0.5046752733327504	0.3288355802800325	0.343633107031963	0.3546407049169762	0.01479500865221275	0.09089490963245264	0.01453623964757557	0.08480662322535765	0.08659335357530627	0.03083155411155052	0.09481848171062775	0.03197017323259906	0.177916303839871	0.02174056816313794	0.1633986481583879	0.1195500950913149	0.03027925560090207	0.01154584982818348	0.1148369592768459	0.1285891450060344	0.104099974473387	0.1113530388715948	0.1119986810853857
0.8328558844730553	0.006462056300040594	0.01697042732836104	0.002500787697138586	0.002208885978426584	0.004505801291104827	0.003659282089025956	0.008751190145984276	0.006256079609638261	0.2539335853247262	0.212284457197547	0.003286268325504305	0.003793509406669262	0.06416860862675031	0.06407642118032464	0.0728894471212639	0.004910481520043089	0.006244235141040159	0.003887079818300321	0.0315739319327061	0.01863864661207627	0.03179220361492535	0.0504530496689666	0.07436543022941372	0.08736374402460445	0.003642755462548347	0.3645900501464466	0.007703414475065088	0.1126467616532414	0.1282651331866904	0.09765447350787319	0.3706683498265293	0.09730409825062569	0.06738942886954767	0.07846122994989797	0.00707780840725321	0.004527198615481563	0.05068478327788627	0.06785376270444278	0.191927195617961	0.004456351993612905	0.006999496163007501	0.00752879919957056	0.006962539250994691	0.01316400669290732	0.01487172324475805	0.02272313470896606	0.02081068351197654	0.01891401699689139	0.01888201068229839	0.1977874473714487	0.136913315531042	0.1169756204737379	0.1028427397867989	0.07891370807726666	0.07994438048570315	0.1025794913663288	0.1239786862655102	0.02420548113417977	0.09772377909888719	0.1264967472486996	0.09596540874157981	0.3050576457335883	0.3702280406427315	0.5021533271068507	0.3418463508710858	0.3550481296721569	0.3645951094243189	0.01440793371082139	0.0887075265561698	0.01416069151372194	0.08375965986588005	0.08602289027850893	0.02657628080753708	0.09149329139802484	0.02839350225259854	0.178974397253596	0.01904279982954389	0.1563138773905281	0.1150567586097067	0.03041093407035714	0.01149385839368232	0.1079699337804594	0.1348054760053786	0.1003738601284712	0.1074712369272317	0.1080210683850502
0.8472312594138312	0.006708410672504751	0.01754149556324594	0.002906950767800979	0.002657055702491526	0.004800251962184913	0.003858486811675911	0.011768406259996	0.007934482413032667	0.2612351243887434	0.2183128765235346	0.004563735705556887	0.0049516976903794	0.06673388159510518	0.06735714306878682	0.07442308828899777	0.006858485326426338	0.008764765618474307	0.005492705791617085	0.0406189795337866	0.02774647221710524	0.04229804498998272	0.05933210577292713	0.08356436532111583	0.09671008296883621	0.003914935896253719	0.3730523500731909	0.008068385476506804	0.1170873502500814	0.1333515970817739	0.0994173247226575	0.3786454201242218	0.09923235547588527	0.07009557300784888	0.07988295434460395	0.009770352160023952	0.006151957033169782	0.05252515874779897	0.06927541737595892	0.1972059670869585	0.005409061589542904	0.009097381502930095	0.009420072016528055	0.009220645228133185	0.01345819950319972	0.01571106374080875	0.02229431323480263	0.02047011440348954	0.01887072673071514	0.01851934865032559	0.187429039553742	0.1299321239138142	0.1116238452110008	0.09826230788372443	0.08112161939922523	0.08203725088044958	0.1094801034373735	0.1327459504392832	0.02260990536047913	0.09386437689417207	0.1212479832519916	0.09210620304066228	0.3141932918545754	0.3706757825161132	0.4945806357659566	0.3497841426982423	0.3618474923771927	0.3703315496102608	0.01421360778756243	0.09227344665493824	0.01412510915241897	0.08549295661590674	0.08863735213691031	0.02438229725387562	0.09385218454940593	0.02638130628047486	0.1799484158321541	0.01785931422986272	0.1500633977658472	0.1109751173085518	0.03362152180999878	0.01292070326465816	0.1028904862176711	0.1379802830723084	0.09654615997839644	0.10349977199404	0.1038386491665736
0.8512000000000002	0.006707217088149817	0.01767624448433042	0.003317379178290205	0.003141667941257387	0.004956752076094432	0.004034307651709653	0.01722265249417509	0.01155457883179299	0.2654175340408942	0.2216230573804925	0.006279660688307806	0.006445750952518972	0.0675847597817603	0.06891570183588898	0.07530520381350851	0.009198742006531349	0.01187793456965671	0.007475212313292704	0.05196455167791158	0.03955888901107259	0.05640747449721636	0.07006575533591415	0.0941263414098835	0.1071340207013176	0.00415175381454819	0.3759403952284558	0.008303075024286571	0.1198295473143509	0.1367623233039023	0.1002466113467925	0.3809276597721519	0.1002518489717915	0.07300933051952413	0.0803484738182209	0.01502071361164665	0.00950499366748366	0.05223967687434213	0.06918050280531178	0.1999985139730865	0.006544293837530767	0.0114850132474854	0.01149925246403771	0.01181672103318524	0.01364426757210723	0.01620252954293373	0.02211551424138898	0.02033309582942837	0.01889265941105405	0.01842931811288535	0.1850812904178595	0.1289693290738811	0.1132461266961174	0.09917392147452092	0.08051106559254795	0.08137894910680622	0.1113011590347235	0.1349121311899364	0.02363886910392094	0.09203369027307311	0.1189404295464632	0.09025434021846349	0.3127276142120824	0.3661978731254441	0.4879469843040168	0.3481471796171002	0.3604006307661916	0.3689889370043685	0.01414762880729384	0.1001414842717442	0.01420300685919525	0.08756577452713983	0.09149497109583307	0.02636558640993587	0.1017568555341276	0.0277676908061822	0.1812098156868792	0.01927809701631725	0.1488473176309857	0.1101464596664886	0.03543175645530357	0.01424318971144739	0.1036817885208563	0.1367896974925351	0.09491207708904874	0.1017177366857358	0.1019767643187574
0.8607128561131143	0.006143288267741605	0.01621811135666371	0.003176548008859896	0.003018853528504325	0.004605535748800312	0.003666380459600467	0.01429299487830871	0.008922671656361004	0.2670697823522144	0.2230838248079877	0.005709992907553634	0.00587138728467856	0.06301377632230647	0.06351655226246615	0.07519226578377905	0.009207831114379778	0.01176140466830806	0.00740041966544308	0.04719095422526696	0.03713040058050026	0.05374842923418694	0.06604138537317937	0.09041034342621512	0.1036259481589233	0.003841352901603873	0.3748116513189982	0.007805195429939117	0.117462387736655	0.1343359322490562	0.1000964454290171	0.3806756137376809	0.1001343650356679	0.07046771608747708	0.07993401327044106	0.0117775010933983	0.007232652186158558	0.04801671286849331	0.06783853365181687	0.2007816601836221	0.005984045473945919	0.01136670515788012	0.01127183692614485	0.01173834534722411	0.01334034172250645	0.01594272462438426	0.02140245523830917	0.01969137679256104	0.01835704297603626	0.01777531699216175	0.1744548166351166	0.1211569168803953	0.1046867630112689	0.0922682336406881	0.08178248701410233	0.08257787873317214	0.113130235331683	0.1375434168053966	0.02075158003106875	0.08857121351248221	0.1141660930763241	0.08683882573271108	0.3168526947430238	0.3645230995540567	0.4788199266692134	0.3507428030335574	0.3615377319971284	0.3688860573389888	0.01371126460677774	0.0935141220247776	0.01374673416515012	0.08495572880351232	0.08882944982469508	0.02196192354019955	0.09408578134182807	0.02407894536994391	0.1776412980563951	0.01642916770300031	0.1415733435733024	0.1052188910077625	0.03517483234133081	0.0137299276080754	0.09635505512689647	0.1385702270123418	0.09118277291411014	0.09784847663139697	0.09802020345701924
0.8776558844730553	0.005334792867323797	0.01433384310326512	0.003409980680765995	0.003364493561328828	0.004263422672580327	0.003373081757474702	0.01725105503897136	0.01019818301555775	0.2692793394177738	0.2247885378221442	0.006956979891257714	0.006840294063890591	0.05732321808534992	0.0576100229774588	0.07490098151121247	0.01170421941174298	0.01496096679312858	0.009438225374629992	0.05395269248673511	0.04731770054192275	0.06616232269393828	0.07264928379857338	0.09674249377084135	0.1097996602688429	0.00367369336184581	0.3704124784267349	0.00734093033973604	0.1156998189755209	0.1330316781632235	0.09932364601148172	0.3765386841872562	0.09960768279474444	0.06985278287530547	0.07869885449171386	0.01423779662364134	0.008604289139261203	0.0415476364645791	0.06489735798183507	0.2014853681826778	0.006533947613936276	0.01370658741991306	0.0131273653548537	0.01435556225042762	0.01337957320924287	0.01646868055257791	0.02059042993585902	0.01899696539441308	0.01797734859422618	0.01708589179613764	0.1593015039082093	0.1102899343378412	0.09786513397272571	0.0863974905055445	0.08167204011868655	0.08235024567518626	0.1167267459443528	0.1423558666537827	0.01853541561871847	0.08313038242086146	0.1068644046494664	0.08148140568623749	0.317251795233535	0.3561435935592789	0.4597477424417249	0.3493228734340247	0.3589150840090497	0.3651494058948638	0.01325438191411565	0.09529154735016221	0.01343225041784853	0.08493892324292761	0.08947158032697912	0.01894567665458348	0.09469311299847707	0.02131079484629642	0.1732835495211647	0.01464105942421135	0.1309123356397281	0.09778092965886279	0.03767243241900801	0.01482466470344185	0.08967120562182673	0.1378998428336506	0.08579877195346294	0.09219574311643924	0.09216067523081252
0.8920312594138311	0.005091880624422238	0.01373965249304645	0.00350645959076389	0.003508959991785048	0.004164834151658412	0.003295316977396118	0.0188140237950134	0.01110003766538229	0.264791405012263	0.2209349081700237	0.007716613086670722	0.007464591791317763	0.055521346505715	0.05607396843975663	0.07334291882616928	0.01259233459209232	0.01612367186569239	0.01018166961948459	0.05852871317797776	0.05246510376917234	0.07171375715441328	0.07646367280423361	0.09983680548859897	0.1124689845920945	0.003635911733844613	0.3624054010478355	0.00717477307924761	0.1137861757360083	0.1310779962777949	0.09708130614363003	0.368152124889785	0.09746357321639766	0.06912741029282808	0.07677551644426638	0.01580128041262297	0.009568285923672371	0.03947084032454272	0.06292840134225945	0.1978107289762473	0.006943669758789521	0.01454693073001722	0.01380130678785544	0.01529260362289314	0.0136744315619969	0.01753741274253422	0.01978122303475888	0.01832927838183196	0.01775089725727863	0.01643325947755769	0.144982375558279	0.10076996490472	0.09159858019155112	0.08072933437961155	0.08082686610700363	0.08136014652513278	0.1218974568277365	0.148922177415785	0.01716855346473818	0.07676961531290336	0.09846946275193837	0.07516996344075183	0.3158457429487788	0.3443368094613088	0.4371392181245031	0.3458663864656847	0.3543498577774988	0.3595816723977711	0.01284005166417743	0.1007579697352171	0.01327237434176586	0.08647040253685292	0.09209088609856833	0.01750328653540383	0.09889538338773018	0.01968183450085724	0.1699522485871852	0.01400554650027848	0.1213766443357174	0.09114585221784274	0.04200448704431507	0.01690165534698397	0.08340279194327752	0.1359187661451556	0.07960939896454569	0.08569787892869971	0.08537388173867015
0.8960000000000002	0.004965948057098273	0.0136169899850534	0.003591957651935747	0.003627461951715754	0.004124991948395232	0.003353869397735307	0.02193549036222597	0.01351077464290565	0.2647462415002262	0.220775937685278	0.00835505478158256	0.00799350073430463	0.05495810629890784	0.05563108930043573	0.07355136227009311	0.01327258794926168	0.01709810249329382	0.0108008415472386	0.06237992915803137	0.05651153152532517	0.07700788657225945	0.07998630972434298	0.1031117032118005	0.1155880060511181	0.003686819575940932	0.3611625899677384	0.007189452071373493	0.1137715612567191	0.1312994051442915	0.09726363197844363	0.366740686293495	0.09768573679782219	0.07042750751897182	0.07673194640913004	0.01899563352352061	0.01170597738847293	0.03828525337011644	0.06227235388511609	0.1976550126830154	0.007304218445100985	0.01516860908436933	0.01430693727037038	0.01597989644807882	0.01395005369324618	0.01819433440586634	0.01964501638412816	0.01823761826905458	0.01784652535018337	0.01637924168570716	0.1431368199737314	0.1003299892742835	0.092931835822729	0.08139411084044809	0.08033743809782432	0.08081691599068951	0.1244977654704572	0.1520061874785476	0.01824712370587264	0.07488442262622259	0.09610002696809156	0.0732513403904393	0.3150666591945502	0.3401279159298566	0.4309071363331546	0.3448484510952606	0.353465670190879	0.3587700211047379	0.01281129876945987	0.1087047328481247	0.01340828620650631	0.08890414210887536	0.0953655453144395	0.01958117770003254	0.1067707623470329	0.02113504632866406	0.1717036722197748	0.01552380785712979	0.120727904182245	0.09074540939915418	0.04433853803994304	0.01841250954114791	0.08403485146841129	0.1349070608671776	0.07792537155349168	0.08388265992921554	0.08345370722053685
0.9055128561131143	0.004200777487548765	0.01164253561023602	0.003358735119570098	0.003441582566499958	0.003611606516584152	0.00287048383191687	0.01881863094653691	0.01085735303594164	0.2587179085983995	0.2156721064734041	0.008342685265382557	0.00786125804992199	0.04885421995432167	0.04891176278250643	0.07127098339284561	0.01300871470798551	0.01664023763850524	0.01051319979157477	0.06069280680183938	0.05636095355736861	0.07567613971799615	0.07805903149067302	0.1004899255675479	0.1125544917610934	0.003259600474583337	0.3502008354372518	0.006469265008237433	0.1084062852071019	0.1257365111145645	0.09422538767850593	0.356197330572123	0.09467614004949541	0.06666254365201869	0.07397492228110437	0.01602775138549142	0.009649044421679062	0.03214223150724941	0.05889585356230471	0.1924626492478682	0.006997674323376567	0.01469832307191393	0.01370919286263794	0.01553829124753151	0.01344576288522586	0.01775684911256533	0.01850344933027852	0.01720805177131169	0.0169829102737146	0.01537422750013329	0.1286631961012488	0.08991859713346842	0.08230045336673475	0.07261592229767239	0.07987029040069131	0.08025396161354599	0.1245370658581947	0.1524557028084335	0.0150180343323542	0.06939525597682465	0.08871738904262298	0.06784341956141085	0.3127040067130017	0.3305092116437035	0.4112107067028308	0.3402116768432873	0.3471520573656797	0.3510640670216579	0.01210874414631416	0.1010780181970468	0.01270984630615371	0.08497997287477775	0.09140391886862381	0.01489649530428956	0.09803031981144096	0.01706650761719752	0.1646463812574136	0.01247985306902182	0.1104285458875955	0.08357486438263445	0.0438576143440894	0.01785996372172734	0.0747430797932019	0.1337186049150646	0.07215122780283124	0.07782649846809457	0.07728445055466893
0.9224558844730553	0.003413248798539609	0.009766917083382315	0.00306336035436123	0.003195198474143815	0.003054570418034087	0.00245891927840772	0.01774640998416685	0.0101666759865576	0.2465555708537805	0.2053636526047256	0.008441712241853035	0.007812712705467925	0.04251246820617115	0.04208919595643457	0.06781378436556143	0.01243772688899983	0.01589953339213105	0.01004544504069708	0.05958218385042114	0.05617988270653074	0.07461770595311473	0.07607053340189193	0.09715649847945999	0.1084396365863384	0.002849943229427546	0.3316951568290232	0.005736960526790705	0.1010839389559505	0.1179715314919317	0.0896509640731192	0.337777860616244	0.09008830496600949	0.06299747488798557	0.06997152952995023	0.01539050144735033	0.009257729685461968	0.02566556274036513	0.05434536116658688	0.1828340666995898	0.00673407374697634	0.01385513759393758	0.01277379166875843	0.0146944844240041	0.01311240341694503	0.01800271139349525	0.0167794371532731	0.0156927000407518	0.01593249110101727	0.01395686008275836	0.1085694924671293	0.07698417604584201	0.07015252522233729	0.06194068069316582	0.07823798186621884	0.07842350888516261	0.1276220216662954	0.1565279443419257	0.0125686386301399	0.05956452026863038	0.075778541916432	0.05805233397942541	0.3071565612735901	0.3110230399449938	0.3765002884645162	0.3313071499170325	0.3362616260868079	0.3385139179226611	0.01112590657395538	0.1014694522578696	0.01196052819704643	0.08286623884792209	0.09038467699804757	0.01213994352911223	0.09695824408399238	0.01413269795307308	0.157966045194132	0.01091351997555918	0.0972205775870469	0.07446632230756484	0.0461839382254692	0.01913480402755051	0.06354336699558462	0.1302050329647669	0.06218547649726474	0.06729936393286565	0.06647395464050697
0.9368312594138312	0.003255177690995458	0.009351643066159633	0.002879393678693437	0.002997617254919207	0.002896793062051778	0.002357214765851283	0.01710918104449506	0.009975225930709465	0.2337315855931585	0.1946857487654905	0.007885751056708747	0.007305804262624064	0.04044736892472872	0.03999252595429634	0.06445240278208522	0.0116304299458911	0.01488855500363333	0.00940485961856111	0.05572313027824445	0.05241035414521461	0.07001727293685352	0.0714144219572235	0.09144434836394166	0.1021692606300728	0.002710763000708551	0.314710104338061	0.00546067435343375	0.09583478298377913	0.1118236572713374	0.08523879888927158	0.3205203318542718	0.08563099777325389	0.05994635279888967	0.06652867190460464	0.0149057222727326	0.009019474539383683	0.0244913569262883	0.05163959374643647	0.1734002429251222	0.006311364161263297	0.01296382108360247	0.01196454619505978	0.01374275869289407	0.01289213989997432	0.01834419609627885	0.01532331782071191	0.01441835952064024	0.01508247223898914	0.01278714803179203	0.09381993875149203	0.06823449616604102	0.06082537735632011	0.05352684577001934	0.07613842792739461	0.07615172307327703	0.1301328044488603	0.1596744549790352	0.01135057918654196	0.05106264103545319	0.06470062535051874	0.0495490185878046	0.3000852143267744	0.2922001009597964	0.3459217749289508	0.3213912883855696	0.3248561498950513	0.3259106249917381	0.01031320298141195	0.1035351209557068	0.01139263418911034	0.08159062017672561	0.09021457815140579	0.01129288432541646	0.09794065024601574	0.012780597676839	0.1531269568358273	0.01059350357245007	0.08797735801182976	0.06811443944969134	0.04859737534974726	0.02056897827076539	0.05495590740056442	0.1260369959247671	0.05360403679487835	0.05821866876263483	0.05713962118486006
0.9408000000000003	0.003124719658938265	0.0092602274316987	0.002920452905067097	0.003056917291013079	0.002842546043146859	0.002432999425381041	0.02057231948063277	0.01278432003912996	0.2310745402533502	0.1923980212945122	0.008122659453027082	0.007487536861129602	0.03954163947648219	0.03910581652963799	0.06413590450633512	0.01208779061547055	0.01560748083689314	0.00986044097758066	0.0570080415948646	0.05421123998574206	0.07328453921448967	0.07237801383305736	0.09206395840006615	0.1026141794167705	0.002754969133725523	0.3098384605222053	0.005449461384853862	0.09469055302103419	0.1106119088130023	0.08475065762217279	0.3155312460265776	0.08516033763170888	0.06067897695369403	0.06596772708724583	0.01836304180322132	0.01137249091999214	0.02339733219354941	0.05054214715179918	0.1714561047034569	0.006417497250711348	0.01334246826639045	0.01226390064705232	0.01416700145596777	0.01281480841188032	0.01833005023923104	0.01505622010956797	0.01417986156701937	0.01490564425738056	0.01262446192359643	0.09370046093852627	0.06901227111206452	0.06251614380530446	0.05452542782637054	0.07515817568378247	0.07514396030304485	0.1297424010343318	0.1590499967887767	0.01260517619877772	0.0496849673023226	0.06303405064292297	0.04813130388318711	0.2965075328233219	0.2872502895542455	0.340396894025038	0.3177459841170876	0.3214795152204274	0.3227572552807354	0.01017237738364468	0.1089070417119255	0.01133568443275874	0.08221914104370216	0.09138625029747167	0.01361287470629438	0.1036650037619959	0.01446112370520464	0.1541103504687182	0.0121361027734243	0.08832150253982837	0.06837754950785757	0.04876520276835915	0.02119562519339196	0.05605671728949708	0.124314439873975	0.05230122297969091	0.05675640725940188	0.05567062050927515
0.9503128561131143	0.002687275773407603	0.007964079876550373	0.002603763518277017	0.002709582536618942	0.002497425760023955	0.002044533832545491	0.01564752476034282	0.00894772286510523	0.2204747242456876	0.1837698912985127	0.006540925856427563	0.006061014573643417	0.03478074759342441	0.03359773730611317	0.06078580424196686	0.01092877253966147	0.01397584910036963	0.008824428597538913	0.04607413735113053	0.04526020400015308	0.06268551717611483	0.06160427431572232	0.08080723334771209	0.09117824723287442	0.002380237503303003	0.2939310006226433	0.004839645157807363	0.08813051697801431	0.1028978322149398	0.08040714188492627	0.3001853656558205	0.08077749821690841	0.05487507103577725	0.06251916654778308	0.01315758809597894	0.007884526541526526	0.02042929198336416	0.04760202044183839	0.1635035666776618	0.005257046783672104	0.01206991524892552	0.01107373543999158	0.01282554537562926	0.01285086225489024	0.0189541557267598	0.01406911727684474	0.01333578627235547	0.01443797880437472	0.0117579922345991	0.0797965212006418	0.05974337580684971	0.0505123035890158	0.04446883357269535	0.07427631885767304	0.0741260438301659	0.1335250283660658	0.163909319282512	0.009645744825138407	0.04316052674078511	0.05436943108280703	0.04165859679672707	0.2943094614186684	0.275049314094802	0.317545343342016	0.3126973903369101	0.3145322102320479	0.3142965303459933	0.009626505613575417	0.1032012652025303	0.01094204578439967	0.08053675483313119	0.09004854884454168	0.009541280611455307	0.09622887858037887	0.01077725516561719	0.1479210679748054	0.009720919020871143	0.0791726488618205	0.06204948084497464	0.05175680293121574	0.02199561443377713	0.04577833540188527	0.122298307276087	0.04562080158680817	0.04983716455167068	0.04847054208496682
0.9672558844730554	0.002660302088190918	0.007778710691990975	0.002530595715216442	0.002560626150068738	0.002503388517083505	0.002016702994920419	0.01532605231971964	0.008630468086505435	0.2034438013291577	0.1700172148427682	0.004145091148836317	0.004019021993844189	0.03211204978785769	0.03061073680071083	0.05608611541930256	0.01067660609699147	0.0136719630652139	0.008630950467321249	0.03130466335088664	0.03391439211199205	0.05203644684561047	0.04677989091303874	0.06534305606649492	0.07560399657557676	0.002323011590070086	0.267999387500633	0.004588781068348697	0.08089549768922114	0.09348668019051651	0.07411018967823907	0.2743938729973969	0.07450693025403118	0.04885082290582029	0.05776523850410149	0.01172807353740127	0.006929705719670099	0.02132810142241063	0.04427254056734577	0.1515360782409692	0.003805911747447021	0.01182456929902433	0.01092033329199055	0.01256779293592326	0.01267462058155255	0.01949198503950783	0.01244187247684813	0.01191905516217399	0.01353091882805912	0.01044036046516024	0.06401956962241992	0.05060900587435386	0.03873605006603844	0.03396734776025819	0.07094992631044669	0.07060774209752958	0.1359093568814601	0.1668124117619841	0.008148051753911256	0.03338289434905732	0.04167690888946793	0.03188540968191762	0.2831677626473723	0.2508985356106921	0.2805748932607441	0.2980021007579737	0.2980571158488972	0.2964603395221074	0.008723625051488581	0.1030798237727691	0.01032668491321667	0.07873379958663027	0.08931412882552767	0.008422448320628483	0.09472128019605987	0.009108701140651636	0.1409906204295635	0.009282196231170388	0.06930426531279944	0.05519918112848856	0.05499370092607753	0.02361574401011301	0.03528351570133322	0.1160292877212107	0.03573872420565453	0.03942148177763295	0.037734442148015
0.9816312594138312	0.002846213977068279	0.008297428651500113	0.002538114468960215	0.002502296922234925	0.002643037060190426	0.002202116254993925	0.01785028619046345	0.01079958079575276	0.1892800033622232	0.1585076175234939	0.002487873522699308	0.002636565132891857	0.03177243386636342	0.03030926758097687	0.05269285992399404	0.01057208351612129	0.0136715713160692	0.008629022205001847	0.02152977958617237	0.02605391526809005	0.04556472408163924	0.03666553386737754	0.05459359524113078	0.0646926401489356	0.00243814415838655	0.2475903106856254	0.004626602795709679	0.07608834815067247	0.08699618827834005	0.06955647279670714	0.2537659251545977	0.06995198889945622	0.04578620447653031	0.05439164148680635	0.01350071600244476	0.008193687279804086	0.02357063254741577	0.04207633012240639	0.1418101046677223	0.002880225015386209	0.01174513091741237	0.0109439810832363	0.01247008760594384	0.01258553877902637	0.01995797545339104	0.01127852708852958	0.01090915674260107	0.01290487972686572	0.009537074652304123	0.05688597797106241	0.04801710136924168	0.03150203045002867	0.02722333589007025	0.06793776820684351	0.06745318117636451	0.1375454423813733	0.1685293124113365	0.008339492753595891	0.02632301863911954	0.03266905561715055	0.02475895267262219	0.2730273478184104	0.2316362722954863	0.2542687815669836	0.2853719195851136	0.2843805538151484	0.2820807358402893	0.008102520546602016	0.1048044575553606	0.009964504254023628	0.07793606581613818	0.08951784265163538	0.009791856391224237	0.09570992964323674	0.009580134351073143	0.1379500338336157	0.01042188838925079	0.06588277119068967	0.05291128217059324	0.05757192707722177	0.02512045363812806	0.02903286797573645	0.1104924094293382	0.02859785054488592	0.0318721957495678	0.0299521027345564
0.9856000000000004	0.002773604973051882	0.0092646748982218	0.002508820922229675	0.002469346108444064	0.002590891662638907	0.002765755741065354	0.03156202763399878	0.02286603180231544	0.1868136367526177	0.1562256659822514	0.002483556063721867	0.002586391691512432	0.03196122182640589	0.03016877006606279	0.05487201808843307	0.01068057752754907	0.01442188171846909	0.009090138538100938	0.02090543759199552	0.02557432323344245	0.05097963387596177	0.03586458506210392	0.05354027884500073	0.06357596027590835	0.002749323025649314	0.2435154325214024	0.004983710321203668	0.07538537103537642	0.08636251756145456	0.07253096721410046	0.2497462794385449	0.07277142959401134	0.05195064532884519	0.05621009918155734	0.02754255840777492	0.01800037312494356	0.02274802875630963	0.0413201992553973	0.1407801694966679	0.002807191337791838	0.01156400887033365	0.01075551814650192	0.01227959081208086	0.01339685586725404	0.02140417012652241	0.01178990984366244	0.0114276541100096	0.0136402190295008	0.009993312466789818	0.05941736683748808	0.05015235136910785	0.03424568723085496	0.02926624006836886	0.06640104430516608	0.06590595979266421	0.1406479198833608	0.1720870451822195	0.009574632779581312	0.02650836738009101	0.03305605257434352	0.0249486540757854	0.2698155971485106	0.2278971510369591	0.2517737037415289	0.2821787296197634	0.2816804875944871	0.2798129061636928	0.008475794736589411	0.1111322620545045	0.01051871301422943	0.08198259772900844	0.09399464763553664	0.01185272081308886	0.1017476513913112	0.01119180157220963	0.1387168861037144	0.01201513612755269	0.06774070782647636	0.05403974724231059	0.06204871218900825	0.02704776107952011	0.03122297826649278	0.1079435295870416	0.02916413807606348	0.0325404589005708	0.03045432815105408
0.9951128561131144	0.002525019790721256	0.00898180854693556	0.002280269016026431	0.002222612614427708	0.002368665405174972	0.002783564345728193	0.03434265132905686	0.02573577430328123	0.1762382574035931	0.147385457149158	0.001720902207236737	0.001875232111173725	0.0295016225596208	0.02731987963840284	0.05296313879213477	0.009803194515427896	0.0134779675860771	0.00848575140919549	0.01534049279639713	0.02052076157713937	0.04691788109925373	0.02988109788668943	0.04677569009664992	0.05643760524343775	0.002658204289148129	0.228954985451296	0.004770592008685908	0.0704333138064952	0.08066164619395799	0.07010741102265282	0.2352549088589588	0.07024344529039479	0.05084725324447627	0.05412026479337435	0.0305091957739574	0.02018773961448538	0.02084230532115323	0.03882084950111078	0.133219116843713	0.002204174189312769	0.01049760222485601	0.009768656467523479	0.01114470787835034	0.0131255906964181	0.02147990228725759	0.01060970363673026	0.01038663666873237	0.01289436160707088	0.009004809180193663	0.04865957377597232	0.04397581347481301	0.02348516507794192	0.02006249736914802	0.06583377632854771	0.06520187645775434	0.1432547141682019	0.1753501490966718	0.007662099947066853	0.01999742690193974	0.02450479034659533	0.01841124313272897	0.267828091636457	0.21634089975979	0.2312543401224292	0.2776207594342576	0.2753916475581564	0.272187407118047	0.007811548227989937	0.1066564233414203	0.00998999810358385	0.07955264080840535	0.09210515402515182	0.009565986052056507	0.096061583789755	0.008881623258552594	0.1350689369210096	0.01069146099809118	0.06152259784534556	0.04992600581386241	0.06332349146211529	0.02750518620596535	0.02214651332807127	0.1064437145066277	0.02236801020828981	0.02541950077025153	0.02313398250346671
1.012055884473055	0.00235071812373415	0.01112431064379835	0.001911942270624794	0.001829925289052275	0.002103790897756652	0.003992365061977028	0.06365495908482982	0.05244495192091676	0.1589091778003665	0.1322876525940106	0.001620568874250268	0.001660258970661983	0.02955553555024573	0.02677161484041292	0.0551298087760883	0.008303820055089494	0.01295997073480433	0.00812282687148326	0.01296978663167231	0.01619190653207931	0.05375935742144878	0.02602134946285014	0.04116338274948796	0.04995922968144841	0.003222402228831123	0.2076100474774867	0.005401016448679857	0.06482132672505211	0.07473587403257817	0.07337150996033071	0.2135157822315442	0.0730137389755847	0.06310385302199881	0.05562754878323299	0.06141416118846657	0.04199247604301162	0.01854189934691212	0.03540729313058982	0.122232914228013	0.001910466316984241	0.008258574148251879	0.00772127636450701	0.008727306721731132	0.01314376295069807	0.02225241845289723	0.009295901754232479	0.009257845317598512	0.01225605686744275	0.007972597919794747	0.03919482539962455	0.04008549220188291	0.0137970827748347	0.01123795305133221	0.06320417414777926	0.06239161066909361	0.1470024905700268	0.179676784693696	0.007382669356837759	0.0115793610487309	0.01369146757048075	0.009913851411364439	0.2595128019922298	0.1961168057951497	0.2018738183544981	0.2662571576730456	0.2625391691444433	0.2582751149117166	0.007125673467761589	0.1082061808523828	0.009620817894314352	0.07905708840155713	0.09283643287087646	0.01033132528143645	0.09642522396499616	0.008771990537689883	0.132121361594598	0.0115314412797121	0.0569612065283126	0.04693794901054514	0.06707062093214784	0.02944431810344546	0.01383996504473765	0.101384963017087	0.01384305739597766	0.0164496558575759	0.01384992287584895
1.026431259413831	0.002391939568594852	0.01376574468800931	0.001583290699783062	0.001472065753777913	0.001964300040132683	0.00529390422105684	0.09279551463646167	0.0790904509758607	0.1444701605187796	0.1195610814711157	0.001821539213927731	0.001735189394672458	0.03157868952720307	0.02842905400372212	0.05814203107973361	0.006698816679448162	0.01230048839738788	0.007670201659508728	0.01288118657720651	0.0130119957663579	0.06137466069259988	0.02442533464580121	0.03799011004005808	0.04597992906543814	0.003875052945154717	0.1917954106161893	0.006219746841157172	0.06126574050251063	0.07115879345429695	0.07778897220590006	0.197125866114423	0.07691845061885359	0.07663511906851997	0.05816043052556846	0.09232677716774003	0.06381853938197864	0.01780053066626157	0.03324546021434414	0.1134574183261749	0.001876316325883571	0.005977496140578772	0.005679308127970229	0.006243817996723689	0.01337457656626204	0.02305023367562588	0.008738943583187107	0.008800304630104483	0.01211643053663677	0.00757329676186236	0.03821261873924553	0.04186011744802909	0.009628547015777453	0.007198174220932631	0.06214600208150643	0.06122306935832791	0.1509776133809775	0.184172312625921	0.008311208839210736	0.007253911774243798	0.008245851850091919	0.005467174136942149	0.2568691629452375	0.1864781431876065	0.1892602374067098	0.262104391789666	0.2577066498579046	0.2530294639171772	0.0068871674890057	0.1115829511552209	0.009626370972413242	0.08023676336807932	0.09501853660053142	0.01255334346565648	0.09918857343334629	0.01012096053140822	0.1338358880366401	0.01326117815136314	0.058370924381551	0.04818181375130581	0.07023947081044203	0.03113996753550523	0.01052849014756562	0.09921374548471898	0.009480877140641877	0.01187439196933347	0.009065951853580497
1.0304	0.002322555957185549	0.01473173936380809	0.001570232830676831	0.001468544165559555	0.001912915032384689	0.005863270593795558	0.1068290149358281	0.0914146221827366	0.1404809207076327	0.1159364159935581	0.00220621670392648	0.002019238820500539	0.03192989787930382	0.02865401060785773	0.05987318484333336	0.006878052724558182	0.01315140465415441	0.008197035414781851	0.01474423352048511	0.01447996012406739	0.0684993219197966	0.02572560143099011	0.03873841494760166	0.04646592483134006	0.004195210684217232	0.1860890827190619	0.006579989124048034	0.06035536525999866	0.07038777920756453	0.08014495927356201	0.1912146815077062	0.07912879336319933	0.08294900519097378	0.0594956937198001	0.1068653994626267	0.0739589635534172	0.01684277294690023	0.03216158785353954	0.1112110925436416	0.002044568205900808	0.005866295825274415	0.005545373805811367	0.00612929359866381	0.01403774690836146	0.02415970188839712	0.009299048397249496	0.009346526600568049	0.01278980056002947	0.008056916793389577	0.03942184394960514	0.04215650923522163	0.01389830992856496	0.01061115049306603	0.06015054864114358	0.05924965501805531	0.1517799533653108	0.1850575034827786	0.009271839908754223	0.008247940586717323	0.009639968159643816	0.006529007298819329	0.2515324678005664	0.1827317277452817	0.1867850085326961	0.2571482925052232	0.2535344175037493	0.2494679460129336	0.00725090391806681	0.1176264362608415	0.01010004557049606	0.08363921951069031	0.09855857227764026	0.01402002164830186	0.1052277973687894	0.01134808029670935	0.1326470193231639	0.0143587522373926	0.05829702494702346	0.04778675539829338	0.07354160034285984	0.03255327867755273	0.01371773067803072	0.096030112616418	0.0109087455318153	0.01341352025348738	0.01050906162960194
1.039912856113114	0.002062205865537617	0.01535375898647275	0.001166715141366486	0.001041041044142589	0.001594443568147246	0.006300287449495968	0.1187560840943538	0.1028994128432263	0.1324932387000516	0.1089502539345134	0.001715195603257713	0.001492529294928553	0.030636413748815	0.02658456694928601	0.06120061890839537	0.00510765139931516	0.01151671052949563	0.007139257856859769	0.01009606715916865	0.008606055619492417	0.06710163273634683	0.02070914159095374	0.03300359927864304	0.04036776694221387	0.004294961230536705	0.177185046153944	0.00668671304360063	0.05660561158309509	0.06653654562108077	0.08226496980443598	0.1825521708829759	0.08091583415163808	0.08821927249050025	0.06057490503552491	0.1198484197913545	0.08326921680766775	0.01427220196900002	0.03047106115098722	0.1061175912381166	0.001517677755912702	0.003650600136339743	0.003514613804521655	0.003743200536618084	0.01380422483831715	0.02411045057523903	0.008468668485524949	0.008609717429383535	0.01223639475146174	0.00735819101324182	0.03345393998959974	0.03941955490073069	0.005232439423039339	0.003298482104962919	0.06155558461452796	0.06054568611953372	0.155447876522062	0.189585302967594	0.00783520260316487	0.003900352786045059	0.003887262240965301	0.002099348192029767	0.2563815114089438	0.179885756252815	0.1781888963035007	0.2602615483394206	0.2551331548687227	0.249895457718087	0.006796793130032552	0.113385682103915	0.009728022775720574	0.08183950103372357	0.09724125702437529	0.01222821698714559	0.1000157395100044	0.009591640139612936	0.1330482280618327	0.01332054634514028	0.05593420582883302	0.04655349873556328	0.0740749540278528	0.03270372842721819	0.006728943857789637	0.09790036688598547	0.006213003434214597	0.008514793948928727	0.005478617099394272
1.056855884473055	0.001894624048181885	0.01764397859181012	0.0008029075803196852	0.0006564830549751795	0.001331407141401229	0.007568732905522457	0.1492276703296193	0.1306436749608429	0.1188487048394711	0.09687618314686323	0.001775210266328918	0.001410197108239468	0.03113940432964164	0.0263919954348526	0.06466757301948013	0.003630207271841164	0.0110747971847444	0.006822166608197638	0.008629661557940885	0.004947226044968542	0.07520848361635754	0.01799222284926671	0.02881685760995035	0.0354588901010993	0.004898314616191878	0.160994071086305	0.007400538831811111	0.05235569057887685	0.06230309604317275	0.08728584996569225	0.1661047562160208	0.08541904154708484	0.1020089065748099	0.0633859687515301	0.1520129506618083	0.1059530141254667	0.01191913436095552	0.02779885307941242	0.09788965488800815	0.00131582586878576	0.001409860956545205	0.001459631731259084	0.001322065727678992	0.01442640183535315	0.02529194971643121	0.008720162115879206	0.008886961042441115	0.01272909705814196	0.007557970544829685	0.03153845696049385	0.03804033801702438	0.004104024948176672	0.002330253721440352	0.06120024558259819	0.06015829901660361	0.1592803040860943	0.1942687006401846	0.007516284269440909	0.003116693334830193	0.002850312148325796	0.0013437212606394	0.2569787485116821	0.1779796254710035	0.1745831981546213	0.2603630002970591	0.2550423555518768	0.2496412357264805	0.006999557506890822	0.1155479638452816	0.0100627258408889	0.08439531715793905	0.1000653978762426	0.0117896152974704	0.1014372712093378	0.009190935478091319	0.1325407946405342	0.01325763930424553	0.05468436064455235	0.04560990187483893	0.07788155789696333	0.03408139016500136	0.005676991377225524	0.09719917423381326	0.005645853462790491	0.00802266553184759	0.004810053383998869
1.071231259413831	0.002049514482442629	0.01903232423395283	0.0008778096624454995	0.0007787062260386742	0.001405406305679161	0.008215456454922941	0.1634133312874944	0.1431150347438186	0.1117066901109954	0.09036033404299552	0.003702966470929062	0.003053055752533398	0.03385510643325546	0.0299206389047901	0.0653332346045177	0.003902580656403802	0.01204125484085099	0.007429652351110402	0.02075302791017948	0.01378776453744253	0.08818571600302569	0.02819126283132285	0.03757023547126923	0.04330882134579421	0.005314118967614084	0.1540829052128852	0.007923268488569063	0.05242910749716706	0.06294811649103423	0.08817269485000728	0.1579081812993439	0.08618096969905131	0.1094886183756995	0.06373067463962115	0.1674379588321399	0.1166882776099289	0.01208814896580679	0.02669141768599142	0.0930537134715676	0.002515972184249179	0.001465490956385139	0.00149351444168903	0.001368904648048573	0.01533389038032957	0.02687442061976466	0.009323615306673244	0.009494288747466589	0.01356275048984185	0.008053707675178932	0.03085847780701783	0.03730840800754554	0.005128725459719173	0.003196479255208969	0.06217344894419811	0.06110569482275842	0.165434196173904	0.2018438279186265	0.007480909476012185	0.003519255042394467	0.003314043600345859	0.001765432789032493	0.2629471217251087	0.1816647986652624	0.1774665401912772	0.266402725072103	0.2611108973435288	0.2556599502121593	0.007430749890132074	0.1210128651452957	0.01064754934496347	0.08890113412290347	0.1050229991695465	0.01163968410164654	0.1061260526048068	0.009111655058784831	0.1347109977692172	0.0134390534098877	0.05443622723684053	0.04543547344523887	0.08273924019787035	0.0359560819071742	0.006330703347432571	0.09872173597058448	0.006382232559863089	0.008925269588053186	0.005520692207418962
1.075200000000001	0.001763695206840621	0.01755140465226525	0.001087290909561573	0.001162092660393263	0.001259261724600691	0.007723254296487542	0.1571486192354969	0.1370184620678482	0.1084655144776257	0.08703139128353272	0.007962169048077462	0.006686915118358009	0.03328900463775278	0.03106618379796999	0.06191904335648318	0.005209203013644535	0.01335150849096128	0.008288373507195777	0.04755146078813161	0.03639922781194554	0.1052779982615678	0.05214871178601951	0.05951197439097437	0.06373252443376037	0.005076795952819957	0.1518009928738706	0.007549926365392591	0.05284462024516067	0.06481624504162287	0.08330589464969643	0.1537274059395946	0.0815613284663973	0.1080600556608635	0.05994833038952802	0.1625652145053517	0.1130617152000897	0.008314097289162426	0.02462347790958738	0.08879179599305699	0.005076388895592699	0.002878903602814532	0.002587989635107332	0.002930901469444947	0.01609133346025086	0.02816126118735729	0.009906592862390888	0.01006900211796401	0.01430119711625593	0.008556272024144353	0.02950768118986694	0.03553441822293502	0.009670783210898284	0.006837212747350629	0.06136859904039714	0.06030596362553754	0.168162484033395	0.2052462361509085	0.008137955578924109	0.004296326989784252	0.004331230348120075	0.002620168246544866	0.2621287848992638	0.1809665346494697	0.1763705803682453	0.2660893591338141	0.2614948347239037	0.2564924288069619	0.007816777844331827	0.1296728650946827	0.01116394395387904	0.09328153135877097	0.1097890645518408	0.01259615412972938	0.114622948423465	0.009929525348433513	0.1346852534195071	0.01424060241845434	0.05262039603115196	0.04389841342840518	0.0866187126404033	0.03771542524782099	0.009432727333459011	0.09743179352147484	0.00765290575402377	0.01029669103921921	0.006773275464366749
1.084712856113115	0.001766322218918687	0.01982204094378685	0.0007825672308682511	0.0007083932734494403	0.00119831616056111	0.008837090851286363	0.1808075275503594	0.1584860600484169	0.1069877071292774	0.08599417919881383	0.004261432663046089	0.003437882036742139	0.03297131194268715	0.02865099183208671	0.06763865915126277	0.003952780446685879	0.01288469701778699	0.007947404208974477	0.02304895049094334	0.01571178018705488	0.09715308228679918	0.02983577713961115	0.03847704915818063	0.04384298942333852	0.005619725224716714	0.1469179845166503	0.008230606807988285	0.05056934304284046	0.06140248866391001	0.09133859154315929	0.1506725792214245	0.08914581457889337	0.1173303273426665	0.06543133110227498	0.1856171155175272	0.1293870750880039	0.009226230484928346	0.02486935692812548	0.09028234963288155	0.002686195591431879	0.001076764506844276	0.0010536990340454	0.0009713534011296366	0.01603462846440415	0.02811656904075234	0.009754670965179452	0.009933992993646798	0.01418963959991929	0.008369071088771088	0.0254120087819501	0.03222088504461467	0.0044727145850006	0.002848193768293124	0.06291970400755237	0.0618337712361718	0.1699901442238218	0.2077178506495568	0.006149011395196539	0.003516522577630547	0.003122734505637032	0.001863563108007889	0.2676145709484714	0.184178989141278	0.1767425435115256	0.2708985456663577	0.2654034924865817	0.2596527479104739	0.007719993722522875	0.123478950093022	0.01101982138442396	0.09191592413446406	0.1081463930002644	0.009339000617446863	0.1076804237649373	0.00734447293990278	0.1334068704912883	0.0121329060874286	0.04989591879976295	0.0421226623458631	0.08660677062345769	0.03719688940092232	0.005297672822003305	0.09988454880182564	0.006681342584150055	0.009364707495198755	0.005794154721424805
1.101655884473056	0.001623389342544905	0.02084925196121427	0.0007644605467174837	0.0007401840338198742	0.001079883104768926	0.009490977045169342	0.1978683675382843	0.1735114889524332	0.102786331937538	0.08191335322013409	0.005793397794892175	0.00468164907187615	0.03365692705906408	0.02948198734792414	0.06983920261089965	0.004183246091012676	0.01392976052830601	0.008597595195946918	0.0318260922444383	0.02248575250395923	0.1100327185187092	0.03733892789729253	0.04492335775365812	0.04964873960323975	0.00598396411325141	0.142097942747472	0.0086516140873925	0.05012735454790477	0.06167919588003404	0.09432400519032824	0.1452301880659327	0.09195483416150443	0.1261059171403333	0.06708679819181523	0.203847674223671	0.1420914636462956	0.007097511441224496	0.02348173829294192	0.08769564302391622	0.003511605267624617	0.000929535471465762	0.000839382074339785	0.000823272903682785	0.0172517064529734	0.03009099323568939	0.01081855791920208	0.01096821218049066	0.01543235376856071	0.009191371212837852	0.02099051695546476	0.02707123412172934	0.006324649744384431	0.004792380451968019	0.06566804024393469	0.06458123591097013	0.1782156276367907	0.2182310249567632	0.004674412242802304	0.005594518230963888	0.005524473144218289	0.004062143180637531	0.2806059810798649	0.1956596818217938	0.1860321919604936	0.2844968391259	0.2790351319716092	0.2730690932020881	0.008409188431348615	0.1291919974713497	0.01180754868698875	0.09782160653675864	0.1142371791631551	0.006464007264794538	0.1122235844279708	0.005307646980709783	0.1349875601846833	0.01054387807447656	0.04593531139167536	0.03925420010855626	0.09241468412531588	0.03910208147569587	0.006246910288391794	0.1044286722305046	0.009254880742719468	0.01227271150098232	0.008494898088462521
1.116031259413831	0.001412490028403642	0.02113789411901889	0.0007832677853103854	0.0008608389044233253	0.000913496375674176	0.009790630491651638	0.2076395069230879	0.1820872938544553	0.1060708100575744	0.08394496312691273	0.008631225909808762	0.007046711149249423	0.03457643975918079	0.03088501686969175	0.07245702028256729	0.004561727792029634	0.01481995153411936	0.009159371453527375	0.0487922480541163	0.03588533406644994	0.1258977435668609	0.0529220348739307	0.05962589815382564	0.06363892731406871	0.006154829076875423	0.1486992524671183	0.008892221266570159	0.05246987363718116	0.06569880253686332	0.09781838805578538	0.1510462470423646	0.09536096781702563	0.1338684194714769	0.06926794698543827	0.2151922821213	0.1499501958436995	0.003975437798792174	0.0233053023802418	0.0897753536335868	0.005125381550759995	0.001051418488085611	0.0008168626158819148	0.0009712734488752102	0.01771469887740114	0.03066427136307353	0.01153396422488673	0.01162834954872364	0.01605748204812604	0.009774653914573248	0.02407019502066985	0.0285088316059151	0.0101554416941644	0.008184494830187735	0.06778207915040473	0.06672878763405424	0.1812137207193301	0.2219988011695606	0.004951233892036627	0.008424346128646653	0.009124271930542339	0.006895974565537076	0.2890785816297946	0.2060228458136009	0.1989149736582241	0.2940786215523954	0.289066206071615	0.2833657803776623	0.008851982498842864	0.1327942018334733	0.01224226312899534	0.1006781114020935	0.1171231338441345	0.006496088366319874	0.1158175542948896	0.005567081325595836	0.1387692852436588	0.01061683407345834	0.04797839668013	0.04073381011932169	0.09373958734847605	0.03957968396958086	0.009417646789008617	0.108061216230518	0.01226750327863651	0.01549891208549706	0.01172289274646569
1.12	0.00134074103987623	0.02112404202538254	0.0007928397483722356	0.0009069826734838995	0.0008575998974793261	0.009831236351875173	0.2095306446031692	0.1837421876753227	0.1081566715637042	0.08546044705608007	0.009630736920392513	0.007883677013791822	0.03487583993610908	0.03136288909499402	0.07331874426345286	0.004689061491779179	0.01505603634206041	0.009309492759946672	0.05481113783690544	0.04065876787945106	0.1309199067084012	0.0585368780958951	0.065020241754586	0.06882307783475598	0.006178831519279774	0.1523193477025831	0.008939248863370738	0.05356000592934979	0.06741446569736437	0.09896349292286452	0.1544252944299569	0.09649117666558069	0.1360311459265699	0.07001712893222543	0.2175968762144524	0.1516063925631175	0.002922426603399487	0.02343875839176905	0.09110096013095449	0.005698956642668607	0.001119090139009858	0.0008321756677795857	0.001049893330447922	0.01781573612943198	0.03076236991854258	0.01173817971208329	0.0118136974223265	0.01621762664410705	0.009944368097930367	0.02550826469926607	0.02936654839305755	0.01152884696245538	0.009375142190067236	0.06833282544833397	0.0672927295661883	0.1817613921296364	0.2226752662131491	0.005162935715879368	0.009356164475528379	0.01032786167924651	0.007823318262664365	0.2912042701297708	0.2089993255010061	0.2029901583579198	0.2965815140741818	0.2917489099238884	0.2861732739720328	0.008976226479939085	0.1338302020635972	0.01235822991112327	0.1013918686573037	0.1178331944849182	0.006714514411222068	0.1169294997846539	0.005812586156508073	0.140004152541352	0.01076107790060353	0.04897213971093781	0.04144536249228885	0.09389394940175746	0.03964918304782949	0.01058539352421677	0.1090259904715948	0.01324222223497266	0.01653263544190122	0.01276978655193858
