DataType=double
version=3
OpenSimVersion=4.5
endheader
time	addbrev_r	addlong_r	addmagDist_r	addmagIsch_r	addmagMid_r	addmagProx_r	bflh_r	bfsh_r	edl_r	ehl_r	fdl_r	fhl_r	gaslat_r	gasmed_r	gem_r	glmax1_r	glmax2_r	glmax3_r	glmed1_r	glmed2_r	glmed3_r	glmin1_r	glmin2_r	glmin3_r	grac_r	iliacus_r	pect_r	perbrev_r	perlong_r	piri_r	psoas_r	quadfem_r	recfem_r	sart_r	semimem_r	semiten_r	soleus_r	tfl_r	tibant_r	tibpost_r	vasint_r	vaslat_r	vasmed_r	addbrev_l	addlong_l	addmagDist_l	addmagIsch_l	addmagMid_l	addmagProx_l	bflh_l	bfsh_l	edl_l	ehl_l	fdl_l	fhl_l	gaslat_l	gasmed_l	gem_l	glmax1_l	glmax2_l	glmax3_l	glmed1_l	glmed2_l	glmed3_l	glmin1_l	glmin2_l	glmin3_l	grac_l	iliacus_l	pect_l	perbrev_l	perlong_l	piri_l	psoas_l	quadfem_l	recfem_l	sart_l	semimem_l	semiten_l	soleus_l	tfl_l	tibant_l	tibpost_l	vasint_l	vaslat_l	vasmed_l
0	0.00177073893804184	0.02069022495878239	0.001296910762584028	0.001287886341148525	0.001410701597185357	0.0093395784538421	0.1927015320924335	0.1675039908119351	0.1351164923036874	0.1092722295702786	0.005765712820487255	0.004731378430003483	0.03543241044745347	0.03082995349497069	0.07651557511156236	0.006978727412438299	0.01711703273514039	0.01062364972898687	0.03259902343277085	0.0270511723071643	0.1154871942106185	0.04115342645232184	0.0520073258972484	0.05861902801930989	0.006091588364157016	0.1801418696124481	0.008919213942167976	0.06115470135092385	0.07409672306435799	0.1028894496699415	0.1847323126665341	0.100807249019443	0.1277790165267421	0.07387391575262231	0.1969897421719653	0.1369496888057624	0.009045663230299032	0.0292967914203028	0.1112092787724744	0.003676601325414479	0.004051463196219626	0.003639212915236042	0.00419860051699848	0.01989716758527986	0.03466855865631745	0.01231581402594903	0.012503169624484	0.01769188017417175	0.0106285084901668	0.01544285860478927	0.02630616355925529	0.01656132183697984	0.01257039638831692	0.09089609485177992	0.08947190389762703	0.2232839713720058	0.2742974473434008	0.007152649955100216	0.005776036874295011	0.004927578880498774	0.003724065248560852	0.3773536638167575	0.2664592230716664	0.2477889370819819	0.3847775343639489	0.3783824100094518	0.3706608701537218	0.009710137928263432	0.1822549188463498	0.01379322320508059	0.1214915163546999	0.1439179644233415	0.01031471764324973	0.1631223142460018	0.008269789464294523	0.1822551774158606	0.01417978329028258	0.05116211528344215	0.04564984657010796	0.106445751398009	0.04762372561232477	0.01275242099571234	0.1447518969480971	0.01008949707845684	0.01323976887468934	0.008965519363671041
0.009512856113114032	0.001812984758143689	0.02052455644039062	0.0007861752926694676	0.0007189614014169047	0.001209824335139276	0.009034123936543927	0.1830824562112829	0.1606894977825885	0.1441313652379343	0.1168092234688819	0.004815360794502854	0.003885185344275616	0.03615917357002325	0.0306861093351752	0.07895646260522776	0.003905548404261842	0.01290423791493082	0.00794174600784253	0.02572844348373795	0.01751618316591953	0.1016472595629294	0.03558315267979946	0.04750421613601528	0.05460636665640727	0.005761045915201155	0.1979607379906193	0.008738635496494486	0.06321296404600217	0.07678210388789002	0.106648039760725	0.2035212242925686	0.1043027510388956	0.1272222294602342	0.07702137855818991	0.1882339092045869	0.1312413541617254	0.009135780115499337	0.0324070706039335	0.1177969358839924	0.002981077596892535	0.0009591690542839488	0.0009162060324798694	0.0008275618399604599	0.0220328305437567	0.03849600590708694	0.013556801112192	0.01377723542489329	0.019564793710386	0.0117225441945867	0.02438417708168294	0.035090398082482	0.01824103022655023	0.01355261910108972	0.09232696930972648	0.09080680461708655	0.2386169481917668	0.2924381247825833	0.009564633283308931	0.005796002723546431	0.005176571761577264	0.003572176114091904	0.3883771611520682	0.2709465729648576	0.2551777359010785	0.3955316995974352	0.3891640225765071	0.3815788005001607	0.01068880207197875	0.1951208639700548	0.0152574787766955	0.1321405249858155	0.1561344120522366	0.01439726748736639	0.1744204954543573	0.0114092281680826	0.1924895066962019	0.01762062292126258	0.06053649972644506	0.05254848568672812	0.1183481817011076	0.05257402500428895	0.014785043068333	0.1468030679288962	0.01067262751318209	0.01414812688450574	0.009383066299560865
0.02645588447305514	0.001880639675021417	0.02084274685546792	0.0008328195147058411	0.0008678827904046248	0.001193389536425706	0.009170990225691115	0.1867886883097234	0.1640847283312632	0.1379929074065845	0.1109972529652116	0.008120659493624957	0.00671273931926042	0.03852729102291757	0.03446226292755837	0.07768311665908416	0.003933772660921551	0.0130939219535693	0.008071472078150699	0.04655076104258302	0.03288838248456896	0.1155265208703591	0.05371746943270095	0.06370379411200536	0.06942675593026547	0.005867632208610455	0.1946724952136387	0.008900455933935777	0.06382957418356745	0.07856903294263112	0.1049099028774338	0.1984046875030199	0.1025439868862887	0.1311230016343885	0.07558304015407084	0.1937489996952915	0.1350619471670934	0.008105733387080111	0.03131275798418793	0.1126264016918162	0.005004962070162978	0.0009265195907037613	0.0008243659178810488	0.0007852407817214796	0.02539526864192937	0.04468838555462592	0.01525455326381241	0.01556672588060122	0.02239305712008858	0.01308152705084578	0.02121615362225864	0.03314349397779001	0.01350927236306782	0.009612897545146468	0.09170749001499832	0.09004905205291969	0.2595179149533838	0.3177979954374076	0.008527800498031408	0.003815833464840516	0.00256417033679237	0.001665292612937634	0.3959389441454536	0.267570440274777	0.2471980617369961	0.4010777903694251	0.3938563771266709	0.3856133397564888	0.01198939212179796	0.2046369582233833	0.01721131673952405	0.1459138589369074	0.171140080990324	0.01289044117899531	0.1802026379411017	0.0100851965970771	0.193411417404636	0.01780070058093425	0.05951773164123839	0.05163531608005192	0.1379600423788319	0.05950573974084047	0.01092514792453163	0.1453081814066985	0.009728108791700437	0.01374898527321459	0.008101111453802162
0.04083125941383081	0.002061172739579819	0.01953239734548846	0.001648326957276394	0.001616329273450533	0.001754596399882674	0.008638735596399036	0.1745906808785776	0.150614357258222	0.1289899725173186	0.1048555024862676	0.004770139543001993	0.004014405705739448	0.03485319481653516	0.03113451054107655	0.07005112590905618	0.008410457985819271	0.01807249675848331	0.01125815698623827	0.02842323353371768	0.02591565599654502	0.1073857797254505	0.0369510492177775	0.04779456852786643	0.05448263462278436	0.005813082216400218	0.1688775259864265	0.008464032306587323	0.05928618534947195	0.07066901819687453	0.09386851801805399	0.1730250366014874	0.09220244878332898	0.1152380842132156	0.06777223645440501	0.1770639787191224	0.1228329505030071	0.01263707645029003	0.02842763543855029	0.1059268370349433	0.003338786283496302	0.006058626728898847	0.005543622197812594	0.006360625171313617	0.02925640855739497	0.05166267401330019	0.01754189305246667	0.0179117945628056	0.0258197087986314	0.01501529205052184	0.03461819260476447	0.04470193306630484	0.01508695181186762	0.01040708055685421	0.08415057061534076	0.08242847626428931	0.2750031477614611	0.3354702640390002	0.01166462636215492	0.00376756864984809	0.003133458698234963	0.001620793289368353	0.379982835263507	0.247741327241236	0.2332367933480581	0.3833391173398656	0.3768505572133641	0.3696343167250166	0.01368487640679975	0.2158663904565668	0.01969810572817325	0.1612684852572878	0.1874735692106808	0.01827494398505265	0.1886748529891421	0.01423974639887329	0.1926931050443036	0.02256883008855084	0.0700663642555699	0.05829752588275191	0.1597335530659915	0.06745170527908277	0.01332826988507285	0.1327176859644299	0.01100796579483221	0.01569610877952086	0.009135469687098418
0.04479999999999995	0.001959313181415514	0.01715605153917133	0.002855963133918559	0.002849314879083952	0.002317929444016453	0.007815423277857803	0.1593819107205425	0.1331961892209362	0.1391041650090252	0.1146240341419559	0.002998220966734079	0.002662717852890719	0.03018942937224936	0.02686858976892607	0.0657178581195388	0.01543694389249818	0.02603516248108554	0.01634822538344939	0.02022880684117889	0.03073290631455271	0.1110071348406051	0.03109234521771737	0.04406851619093437	0.05234980694496218	0.005699509830526628	0.1642436002811589	0.007941071439871711	0.06076447779904185	0.07026065234696172	0.08686829881314073	0.1692847125756466	0.08617713165691118	0.1004582718601554	0.06291736946318763	0.1567704725784328	0.1077379204673563	0.01485176455746187	0.02751023970664025	0.1123606062731516	0.002635452848188228	0.01386634656718862	0.01252941685080301	0.01486661684298695	0.03014143280580926	0.05319611786823669	0.01814309969335087	0.01851352481044926	0.02663872478019777	0.01557298771567056	0.03802138863044618	0.04788034924662658	0.01952285698279484	0.01377019882803579	0.08505230198581638	0.08329922937718978	0.2811813377680461	0.3428398519593815	0.01345045449119244	0.00432879911633061	0.003959382815911986	0.002118600051864015	0.3855579872340311	0.2512896903836979	0.2381703772008359	0.389477824195361	0.3835168199878105	0.3766792350387298	0.01413733713735054	0.2269270888888648	0.02036154442185685	0.1669105924685724	0.1940602189163329	0.02119014124933757	0.1995237611020442	0.01653819576608489	0.1984744789093725	0.02476092976228983	0.07345780066949902	0.06078680424393133	0.1644026882047994	0.06981183345183421	0.01681199708437943	0.1341127712019726	0.01195053861066079	0.01673334140977496	0.01001631270344793
0.05431285611311398	0.0009683372966126654	0.01453183134694622	0.003565856771539779	0.003628997456181607	0.002162618839585325	0.007343278218199713	0.1596707946705431	0.1303441002001424	0.1666028440983343	0.138250893012053	0.001742565942012381	0.001517644625179868	0.02195422990357574	0.01696096019406255	0.07058997521806208	0.02105964251234265	0.03295732077388484	0.02074444140026006	0.01171405233444556	0.03455336795386427	0.1210415120539726	0.0265366134284704	0.04282928448705324	0.05329873837159067	0.005565109009193878	0.1825929737488116	0.007462831504927705	0.06476963497239807	0.074563194014657	0.09259468635821276	0.1903798977216014	0.09246255631629245	0.09794323042010902	0.06664478223708381	0.1535185973712452	0.1047403203084111	0.008890186690274254	0.02791924464600001	0.1319365465672635	0.001737909769500436	0.01954160394572767	0.01735885817992304	0.02112474359284599	0.03246892269507212	0.05748937603675099	0.0194290986384794	0.01985150189133631	0.02866872422138158	0.01650074875440502	0.02662456889194283	0.03613427351587299	0.01607910995852323	0.01129169310676045	0.07585618663060847	0.0741225696878548	0.2841129002620025	0.3465726030608743	0.01039611749327729	0.003209090048253752	0.002481021073104466	0.00146164596249052	0.359781812592679	0.2255295952030969	0.2066315924334579	0.3614536592241721	0.3556423611145968	0.3489655328396861	0.01497416697982615	0.2244228362734497	0.02151673256235145	0.1732270016185957	0.199394067500833	0.01615995751787077	0.1944385453161419	0.01260349350342461	0.1789507455483844	0.02208264201411114	0.06074038367119525	0.05033804245583396	0.1780205335108427	0.07356592445010526	0.01314374272533707	0.1190561979152539	0.01200156650270703	0.01723931180682667	0.009911381702770538
0.07125588447305514	0.001234891061952185	0.01487698464532828	0.005167593175049474	0.005293118752851926	0.003070812656958577	0.007881213322421858	0.1747265569291198	0.1385713862482405	0.1459106130436977	0.1217672222595018	0.001689031404960151	0.001673415420752963	0.0204173933552127	0.01752194443014883	0.06248188034729624	0.03009757399785243	0.04476081413457438	0.02826504297213587	0.01538785895054709	0.04982417509023662	0.1455878858433847	0.02855271498183426	0.04350729742606007	0.05375004003380705	0.00638902481251925	0.1358466707955771	0.007867974554539643	0.05999957005512204	0.0666774451136798	0.08025482100063693	0.1418456598665291	0.08104374710601236	0.09190888150253526	0.0571138279776383	0.164129411092817	0.1109733175878696	0.01333983108185509	0.02115480291338123	0.1171113031361614	0.00225546760650016	0.02904116423966942	0.02589951568086317	0.03144593270294783	0.03505756851073499	0.06219293884964568	0.02097252381887527	0.02143367775908062	0.03098383461513837	0.01773335832820894	0.009502226845792796	0.01887680727478036	0.02391252848459299	0.01763827790105495	0.06552421097045395	0.06382737795064135	0.2861859578102162	0.3495578139849078	0.009292592553843739	0.002622678379078836	0.001697309553865412	0.001462442841385502	0.330598407009058	0.1976229250110066	0.1707538270023707	0.3316087069545472	0.3276159352154306	0.3221174189605689	0.01595234555799999	0.2412844672837926	0.02291205696744659	0.1841942461396532	0.2102964015377021	0.01425175391867338	0.2097614593872663	0.0111583194307695	0.1598231116408146	0.02142193759873958	0.04207307968810083	0.03533592907236956	0.1928051945567538	0.07900357630915858	0.01688567507724686	0.1021971131576261	0.01328453119198714	0.0188248651560681	0.01093557027614069
0.08563125941383082	0.002354848918154128	0.01876776292699016	0.007650553476821651	0.007826394857876468	0.004834642762304106	0.00984047442043786	0.2152298828251897	0.1671178332812701	0.1347561269957892	0.1132486149899182	0.002242743867233363	0.002497889430493594	0.02636047415291203	0.0264147423461833	0.06018531693524717	0.0432532558656882	0.06275921193992405	0.03970408368559151	0.02524897505405137	0.07364017089152809	0.1909494293515244	0.03706676983786512	0.05169325100531643	0.06252165493996471	0.008399197419743997	0.09727934623960301	0.009795316038289452	0.06332054200193452	0.06713127543956578	0.07518617654404265	0.1008967799772947	0.07701797481852604	0.09836158553437847	0.05300662533875369	0.1988991268511648	0.1335816522617655	0.02496432715715416	0.01724057644270638	0.1110875099395978	0.003589632405874908	0.04271912078315953	0.03833034838909908	0.0462343404104904	0.03650680278194175	0.06484083868627408	0.021856840160042	0.02233504998335997	0.03229736739994441	0.018554041580244	0.006534762080811387	0.01500776258991723	0.03593151011082085	0.02683537515762286	0.05535733245466604	0.05371102574029516	0.2826222513977971	0.3449189916212872	0.01223301799023182	0.002450850277073651	0.001884512302468524	0.001583271724155613	0.2986025397343959	0.1698568306110559	0.1428969489481196	0.2998622145421739	0.2983603916741353	0.2948222716947137	0.01652222992922237	0.2599983110394139	0.02382365669524535	0.1917616340498282	0.2182653591811907	0.01920876323999124	0.2289047697898777	0.01502482565121146	0.1490491107269024	0.02495800412150629	0.03595696104427156	0.02964569239764164	0.2011062440626128	0.0829417644724658	0.02506302014733229	0.08567094173339712	0.01446476613845941	0.0200306077477093	0.0118856618669639
0.08960000000000001	0.002457587440813521	0.01852114773261179	0.008393102917180316	0.008607418921805219	0.005239769175322218	0.009860736474845751	0.2168038896857824	0.1662142364557055	0.1339882952318756	0.1130060131627153	0.002416592622095853	0.002744045704158271	0.02582817596552356	0.02671614662453459	0.05784631534550647	0.04739569072250382	0.06792433858338422	0.04299860218059253	0.02814865680579627	0.08170631446231184	0.201339572930881	0.03989021033526394	0.05464812485028146	0.065729959833603	0.008651043765862702	0.08784785405881589	0.009892523254612842	0.06384210757398998	0.06680282316919733	0.07137370229693932	0.09101578180155548	0.07366825336369716	0.09496730411889615	0.05017405272585845	0.1983876543179602	0.1326813294530192	0.02682871260858589	0.01581638961610636	0.110341909236552	0.003947482836068513	0.04716470378355787	0.04231464057714784	0.05106380807984458	0.03675707933412296	0.06520382790150463	0.02216014539255454	0.0226184909367254	0.03259622540224327	0.01888653038605362	0.01288112388477301	0.02046508734572767	0.04203909096794781	0.03150158702088737	0.0548631970127061	0.05322667671646671	0.2831545885751763	0.3452473795192876	0.01483178652032901	0.003528364336933833	0.00350608367930234	0.002580690936121345	0.2973551023711556	0.170017347770749	0.1468642553617003	0.2995159188077988	0.2989562553378527	0.2962008062097162	0.01674131744248972	0.2688396568932598	0.02414086642060692	0.1945607444454095	0.2216647713131783	0.02345314370597782	0.2384497892953032	0.018392088414202	0.1535791570903342	0.02778769506757203	0.04103462144112001	0.03323171138159111	0.2020536951945432	0.08399530542820996	0.03007670717614658	0.08491713297808721	0.01575722945572612	0.02131405128849139	0.01318649772728222
0.0991128561131141	0.002532653760507288	0.01846523481825088	0.01100819834212477	0.01135227475052827	0.006525256921015331	0.01051565295268467	0.2376951243049778	0.1763039585983519	0.1506000226445176	0.1281197361784223	0.002543659601454925	0.003105052398630995	0.02357581325281817	0.02591098395844164	0.05822421293445254	0.06262501405406748	0.0875831330390431	0.05550599916785116	0.03392351827343473	0.1079462849888554	0.2444815731969907	0.04765202678301431	0.06487389438470129	0.07809235671312129	0.009860369321482028	0.07700265333873692	0.0107056663704617	0.0708426656425287	0.07205987276122103	0.06955032335866428	0.08026596505675408	0.0732902006369997	0.09338006217320824	0.04839067316583998	0.2117847818135036	0.1400709538923669	0.03109578394039694	0.01354779424419682	0.1228438016706669	0.004751864132581949	0.06308875073723927	0.05649984147521461	0.06838298841271397	0.03748726685084945	0.06665573909902685	0.02246769180085089	0.0229553491907885	0.03320089639008749	0.01916712744825718	0.004701204763632045	0.01202740586275473	0.04919358940745075	0.03695830611896889	0.04379801616856658	0.04222799635363842	0.2746837765638706	0.3348467166231215	0.01575187040038846	0.002302551296284183	0.002195545772085071	0.001728944226004674	0.2603279356434604	0.1380563581053817	0.112152138969146	0.2619964871127338	0.2633077650663211	0.2620311279307097	0.01688709046379367	0.2776803017090644	0.02445898388542172	0.1972700551365694	0.2239628245848581	0.02515798374463625	0.2476859949046267	0.01966166935727072	0.136679265563191	0.02897712578322212	0.03020916403589151	0.02410887383333978	0.2068138857388764	0.08602038624529416	0.03425044331390929	0.06694299647172573	0.0155787695675022	0.02106694921966306	0.01278510562241205
0.1160558844730551	0.003517603712383003	0.01657105221280605	0.01591328050089735	0.01647367625916996	0.00937108607112371	0.01007222469221559	0.2286210746207946	0.15365338513982	0.2012196933910721	0.1733340957500341	0.003178317370857355	0.004345908711084638	0.02442298629411439	0.03080927380096706	0.05525303829337824	0.08933150176548893	0.1199889879732329	0.07617548237759084	0.04987871668650769	0.1577534814094887	0.3044052799113247	0.06841138733222606	0.09200093012610584	0.1098141701570042	0.01124379671276567	0.09195456283957347	0.01153231274673136	0.09267058682245727	0.09141744067298294	0.06127477446897738	0.09513661485197933	0.06806605789986039	0.07386061280431831	0.04330118636891228	0.1883957962970788	0.1202533356341029	0.04610700780584201	0.01640645077347645	0.1583302987767436	0.006891497383648669	0.09219517098262466	0.0826474704755966	0.09995944877970327	0.03795106997056564	0.06735341664559073	0.02312974563866666	0.02356650885872679	0.03382839057373028	0.01993800448090957	0.006941414345134021	0.01157939891062126	0.07494452020080233	0.0569173513894114	0.03056931123647405	0.02915155410361571	0.259951745167802	0.3163775381279275	0.02265447561033331	0.004440962860977132	0.005699186012936745	0.004168434679204839	0.2143154711758923	0.1047949440182902	0.08414509465920481	0.2185380042243109	0.2246791425506735	0.2271604291225846	0.01721978364878381	0.308607943224452	0.02499784196210893	0.2035735344775428	0.2308325025560642	0.03647109289934514	0.2818757103074428	0.02864888485323264	0.126510992531857	0.03620353033347031	0.02604709410370662	0.01942697270216048	0.2086597991082036	0.08881917815542807	0.05282306552338734	0.04576449354672393	0.01927526089724569	0.02450470199814828	0.01637000090328495
0.1304312594138309	0.005491134526565519	0.01781529396630501	0.01931108914055039	0.01995911059420423	0.01199969381036081	0.01009732009944983	0.2163330993720906	0.1338392388500989	0.2331975706137472	0.2019493959745422	0.004607884265953063	0.006246372953810204	0.03517754638546228	0.04613120448457077	0.05211456382588151	0.1058098252948881	0.1396735591000154	0.08874724528707456	0.06958442297287273	0.1934427021708235	0.341507103342854	0.08990902778088138	0.1172881469271742	0.1377307541340178	0.01251508636317203	0.1099420412329217	0.01285286185963393	0.112771204954558	0.1100474971922178	0.05435231821986326	0.111238496961141	0.06311064863779185	0.06167646388849199	0.03990870418528298	0.1674597493683183	0.103486531926661	0.06602343184036712	0.02237099286143115	0.1810742037407983	0.009407327987199447	0.110738804390428	0.09961355523836023	0.119956183615314	0.03443768879038191	0.06120821352330603	0.02088792294793898	0.02129007296553549	0.03066314507570846	0.01838018179793598	0.005635812533938181	0.01029038643910417	0.09797669246577753	0.07425498204459874	0.01901232015314901	0.01776526931951368	0.2260542099115114	0.274682229524001	0.02989532554715178	0.003283074512177822	0.0049121974518706	0.003127474067385415	0.1633431641420913	0.06946628922575221	0.05233977608416573	0.1704961023697876	0.1809848599688697	0.1868374108415366	0.01555821900944635	0.3285095704448356	0.02296499978514129	0.1933955070315527	0.2207452976579279	0.04887918549573671	0.3083258616889382	0.03819459261323965	0.1163518898160583	0.04302373842623469	0.02018734158596417	0.01422919128361269	0.18969510504919	0.08460252917041326	0.06900155302432123	0.02731915940278989	0.01823780341368005	0.02229189420279512	0.01512961660854568
0.1344	0.005903407519964123	0.01865949558345617	0.01951293691716424	0.02017776500690938	0.01228651418588537	0.01025928804240536	0.2162536635324481	0.1335716387225629	0.2370689050995483	0.2050591107208598	0.005774630114665084	0.007319531829779628	0.03897471538549108	0.0507606079882735	0.05284441035920066	0.1063037538250514	0.1402685128968897	0.08913024792106235	0.07793948601031941	0.1996422043074444	0.3468401411466548	0.09772606571388413	0.1250843246680897	0.1454193635953451	0.01271521848902559	0.1176138852530875	0.01321026406502717	0.1165966438805514	0.1144534619081955	0.05524568974943376	0.1181739434968056	0.06405127692487787	0.06373753304170432	0.0408620828259541	0.1676689442581706	0.1035657947181333	0.06892627965763827	0.02416020533665423	0.1838795130219793	0.01029888174917696	0.1113984020262239	0.1002704564107341	0.1206352766358984	0.03423758963488644	0.05975577356785183	0.02284411152729014	0.02295321506409904	0.03152859579242976	0.02002737370815854	0.02629713869812575	0.02079844968021342	0.1224050172230771	0.09494436165471025	0.01328131668481365	0.01240096447667238	0.2081181107624722	0.2524709978606449	0.03426076180306387	0.01633930936895566	0.02229356946163521	0.01640512344736745	0.1408771713344125	0.07343177415029871	0.07570978413162513	0.1530803164940854	0.1680775024439312	0.1775552298608395	0.01652761467333233	0.3331784004152977	0.02351693307389314	0.193766407441471	0.2189835936924045	0.05439864367087373	0.3166747090555426	0.0435698916833378	0.1123331682073329	0.04594399872910473	0.02897497790791476	0.019078340798688	0.1831235131881342	0.08204314723412715	0.08916788895782077	0.01934909870314138	0.03195836124517126	0.03650325455849178	0.02993145937438268
0.1439128561131141	0.006388820221871237	0.01805884107371268	0.02074663364834603	0.02145056105473123	0.01312985732008919	0.009924981696851971	0.206680518406309	0.1216348754098057	0.2418146228153134	0.2098994168075193	0.005847995606386119	0.007615207445396493	0.04003666574588511	0.05348461017395728	0.04845471094355391	0.1125860503336095	0.1475613618357439	0.09379566156565299	0.08223592327247545	0.2114547626998889	0.3572394202516443	0.1024230031112406	0.1306825295464009	0.151746612979864	0.01295074533478121	0.1126354075080059	0.01327619083637409	0.1202409191000166	0.1168147386760115	0.0482819397467658	0.1124896515010988	0.05792327212126056	0.05413558614250179	0.03624417252739947	0.1544569185186985	0.09351051477155992	0.07471709419440858	0.02416867048442319	0.1866698001166225	0.01089384839273453	0.1184863715239933	0.1067114414959549	0.1283054727459817	0.02978398055463221	0.05310497623820888	0.01783207588606313	0.0182043333681635	0.02642152273535274	0.01607787488809239	0.002635238028565343	0.007635139120425145	0.1139787896568462	0.08614314041137024	0.006911376498584672	0.005860048654780057	0.1853579919923849	0.2247612886413586	0.03511037524340865	0.001223375674581479	0.002876225279927479	0.00119635580034784	0.1073871802909033	0.03091104570161789	0.01658628478845039	0.1165677218924096	0.1304852749916781	0.1391010091114949	0.01331192665238921	0.3327443724097079	0.02009478134673221	0.1757865176680353	0.2021087120452582	0.05804373643955094	0.319276375257294	0.04515039890676618	0.1007961598134972	0.04739437567341197	0.01278297571484627	0.00798367213740008	0.1647970366607675	0.07735531649606453	0.08002186433987357	0.008041421310767703	0.01567911046273078	0.01844500007112939	0.01243989926382626
0.1608558844730551	0.007099068864705571	0.01769607330959128	0.02239702369623828	0.023214335473722	0.01424183148552192	0.009642825049699526	0.1974086238212995	0.1089959511203971	0.2508477534761873	0.2181281430226312	0.008073335306759166	0.009821808018665164	0.04366706070265832	0.05996566145122979	0.04405640059021664	0.1208248149740189	0.1572612903093858	0.1000021122690463	0.1011676661057947	0.2366608858257865	0.3803876541730418	0.1207621556885781	0.1495982871075812	0.171082759088118	0.01337502003253521	0.1132492592181542	0.0135887229586608	0.1277596906733273	0.1238608764652904	0.04098026842674849	0.1113567195097969	0.05166916938257492	0.04604221234505206	0.03149873557413597	0.1416033832142652	0.08343561092077025	0.08183953074982576	0.02491695995143191	0.1920827808252067	0.01297675178470353	0.1277270485705431	0.1150705327638716	0.1382957421304933	0.01861867212702192	0.03313666922499639	0.01116770804549149	0.01137339502701325	0.01653339702492939	0.0109798680256616	0.001744785494385306	0.007321109103396495	0.1424618158836498	0.1078637438939877	0.001557883828709054	0.0008639487430986511	0.1120713411902376	0.1356081269888992	0.04370004338628686	0.001132078206112726	0.003328318194552519	0.0009333910180261203	0.05660518046201939	0.01126711417165973	0.004556136901575409	0.0725142944777475	0.09139968228700104	0.103682926684794	0.00842651739602455	0.3347378860211981	0.01347199841488239	0.1354173899386085	0.1601780044046001	0.07262490843725748	0.3353892899125125	0.05644273899511618	0.09493111878373103	0.05317897263557558	0.006931524455158944	0.003952815164270261	0.1025534599628314	0.05829892172842333	0.1003117498448844	0.000385269681095465	0.01313099856436736	0.01330166206704291	0.01014905816755545
0.1752312594138309	0.007813969057656519	0.01813961833770865	0.02326299328411033	0.02418554867446022	0.01495573026460912	0.009553389065518912	0.1908030439696333	0.1012884926999476	0.2544713868080531	0.2210921170959557	0.01144198599694986	0.01290875829309078	0.04946287926008332	0.06842470061465164	0.04125282662327126	0.1245000803663152	0.1614657815022617	0.1027050134581298	0.1254855137999699	0.2590641193944683	0.3985188780280074	0.1431008128630193	0.1712404822275402	0.1921353701992332	0.01366881979523349	0.1182407699027938	0.01397836754383679	0.1342086637403943	0.1310267394582716	0.03655403590763388	0.1140845994220778	0.04774593954181825	0.04405711726676717	0.02880000014583238	0.1345220829808393	0.0779819401642885	0.08717406131555799	0.02631292012936717	0.1936825472857721	0.01551242842507138	0.1320201858458299	0.1189928478754372	0.1429013263485346	0.00460218909328925	0.007672839411225479	0.003417392045754186	0.003321001938109418	0.004415586169708489	0.005292653157496097	0.007037212009992121	0.01197474783910215	0.1980312005985088	0.1507902448250569	0.0009963386869859601	0.0007704665521080834	0.02416788662351345	0.02883843570466462	0.05974140296904005	0.005180922002430763	0.009345401180616475	0.004592398707466118	0.01404030166498189	0.009709599917508109	0.01724416703508687	0.04260479183364351	0.07013088787611486	0.08850842431702774	0.002689100143397919	0.3685740623944565	0.005614882747601359	0.09227035525034313	0.1171714042455057	0.09910033420494105	0.3893116365860609	0.07728462481158453	0.1059632038596559	0.06566243178850358	0.005336450795470378	0.003486349114693991	0.02243493083785461	0.03601914671701033	0.1406439401574897	0.001027096236121894	0.01457383772897019	0.01134427056389805	0.01205629897016374
0.1792	0.007956501108018918	0.01878221158118833	0.02315362687981434	0.02411683190543719	0.01493693792475205	0.009744434518131511	0.1938923678890797	0.1046071763672778	0.2524640250572636	0.2189302682498594	0.01328306641626903	0.01447885804714226	0.05202866251502784	0.07166784127106748	0.04172064652665951	0.1235945330951132	0.1604830176702201	0.1020811574006063	0.1368942923547873	0.2659032573163695	0.4045401554028148	0.1530672708559452	0.180219201140892	0.2003584275031778	0.01376337623326223	0.1207901690596406	0.0141976786154069	0.1354554352093811	0.1332039943042488	0.03732380942130531	0.1156531792403344	0.04837977387645206	0.04817868573277889	0.02935439575099174	0.139123915215947	0.08130329602056965	0.08716332899378333	0.02664593079581719	0.1920552663288425	0.01662773290979433	0.1310269867614193	0.1180957759203652	0.141806715094008	0.006542972936157661	0.01067161836270466	0.005428492497752838	0.00523935201796011	0.006558507686229429	0.006970899281812698	0.01629688141726705	0.01746921963053148	0.2079640424679343	0.1591741585435205	0.001932631427206376	0.001764832258198471	0.03278756271383857	0.03921373069712056	0.06166722859509948	0.01066249323694508	0.0165435702191804	0.01011037140793559	0.02216749405754976	0.02135344736943493	0.03546893594300536	0.05258829972676508	0.08157194099049185	0.1010360563100933	0.004001591110493007	0.3813181437740974	0.007141130785862456	0.1023548123108097	0.1276442545501423	0.1015256996730474	0.4015849118734318	0.07961905442452426	0.1121041025045125	0.067663827838866	0.01140941124995298	0.007491054212581855	0.03089495025919252	0.03929673401135594	0.1488794371900544	0.002861991525090072	0.02089402555631257	0.01821861904368306	0.01870393254203444
0.1887128561131141	0.008131799635140326	0.01815341911183648	0.02303416310757043	0.02402771964073811	0.01494277742106341	0.009252352210189932	0.1809803637549438	0.09388185876075814	0.2477481611844371	0.214855063804466	0.01459984250341755	0.01564774712448314	0.05337053193314888	0.07399779455238346	0.03814526242538028	0.1224125558659371	0.1584461974753517	0.1008060108864059	0.1456620440576976	0.2706604313859118	0.4016713131500207	0.1604339875372026	0.1865660285670797	0.2058939685307376	0.0134570488153452	0.1199101153891276	0.01389480676413626	0.1351340633963102	0.1331649132321564	0.03262270552180862	0.1137090528835897	0.04372351457237263	0.04344496568100756	0.02623889153058322	0.1271537247951866	0.07307121513047671	0.0879204220944793	0.02666139509199185	0.1876137543673175	0.01748652569846949	0.1300748928040782	0.1172714209462578	0.1407557987009203	0.008928418506790159	0.01507498121635152	0.006599535137922077	0.006477424129996493	0.008548674349587494	0.0080053222941474	0.01245222704355164	0.01505675805838378	0.2123197044332506	0.1622239549282569	0.001500644561064452	0.001223793873417245	0.04762990213650532	0.05727826132487073	0.06309250738287872	0.009057621584851357	0.01450188710070958	0.008550305378155442	0.02751185927872655	0.01859997833229663	0.02870487004516201	0.05760913424537978	0.08704951602267168	0.1067196136736174	0.004913347572781488	0.4027310924948286	0.008607523448982588	0.1150841934677381	0.1422287528668459	0.1040849241823025	0.4212824024785889	0.08148068372525208	0.116196717032552	0.07014530350678172	0.009355563903003017	0.005887884918379858	0.04484528862662666	0.04537639918895357	0.1514089327190977	0.001773945906694484	0.0203687830705413	0.01789200399612841	0.01781089750875831
0.2056558844730552	0.008792838849366985	0.01887596933885225	0.02263259663049664	0.0237133750938096	0.01499344722660487	0.009023898197801113	0.1694220154600106	0.08588187953102498	0.2326656040505831	0.2012522804825732	0.0193029248760324	0.01974177407524975	0.06065523826771376	0.08398490453854725	0.03304789934155978	0.1187161881133169	0.1533666034682562	0.09760495002909339	0.1759012329313587	0.286781671800703	0.4058135253644171	0.1858725429910964	0.2085238851327477	0.2252412781172824	0.01326535712353096	0.1176735474858751	0.01395505046360224	0.1357519734268652	0.1353841030551145	0.02623283460536558	0.1080195697862529	0.03710672599557226	0.04388060774218401	0.02205588203630655	0.1196289735170473	0.06824722159117609	0.09033915527084564	0.02695175939903541	0.1751955484282451	0.02046590331108574	0.1265533249682513	0.1141978166138587	0.1368654480898769	0.009640401725645981	0.01660708114269828	0.006540776682279181	0.006494053216425486	0.008939521477639033	0.008043585499525144	0.008030764710092378	0.01308566287087327	0.2143996782937732	0.1632789720973699	0.001426757206650365	0.001050457689069468	0.05413242056499003	0.06516719945373414	0.06452101290601907	0.006019244989640023	0.01061796655536956	0.00547282084097109	0.02955560954944421	0.01393812306213522	0.01977274717588026	0.05927033798534007	0.08883748286638485	0.1085006338274949	0.004982546035407616	0.4172067581395184	0.008983034561019444	0.1203775397664928	0.1490320908009456	0.1068914788340519	0.4353211489265749	0.08340565667036172	0.1196799475295657	0.07232327983344079	0.007324758879872193	0.004575343695113729	0.05007717576376678	0.04836101918491482	0.1522235243701611	0.001274993950976477	0.0177509246514413	0.01510952825374563	0.0147975399531341
0.2200312594138309	0.009507224666931121	0.02034834621751075	0.02193202113545953	0.02307258164870963	0.01493219217702883	0.009057148914731321	0.1623999172415778	0.08285786863627057	0.2169986709036384	0.1869336914699926	0.02387427107525797	0.02368478071568953	0.0691236725546539	0.09479295313082128	0.02979587929960338	0.1132810480456723	0.1463525256891053	0.0931635713346356	0.204596879634738	0.2989756664605262	0.4072127677679649	0.2097177158324051	0.2287802122464062	0.2427851567098664	0.01313743726211017	0.1184571176631682	0.01419986399334889	0.1363895992052259	0.1379573664059941	0.02262627786232757	0.1054653723857033	0.03301530126147183	0.04825534761037324	0.0198806969820372	0.1176174413062108	0.06750938916613124	0.0926773071500737	0.02794490054201228	0.1628301066895985	0.02327997106581388	0.1210946467000467	0.1094097050692916	0.1308620480777048	0.007250305583475783	0.01243747402301999	0.004914160710704364	0.004860815078304793	0.006721170003705294	0.006741980977057354	0.006507061508568988	0.01255169450308962	0.2144687255927169	0.1631327861853358	0.001387976274950821	0.00105068016575141	0.04077963126843786	0.04895603850394613	0.06494855425358737	0.004753462328964455	0.009004948877381368	0.004136059044718946	0.02279169886434369	0.01092150913313727	0.0166704476645751	0.05298518785094747	0.08262307445065746	0.1023438460245104	0.00383652332519275	0.4108661843807112	0.007465600387029177	0.110429164896909	0.1385965362943622	0.1078260699660192	0.4312024531492089	0.08401926038117759	0.1181545879407748	0.07221151363576944	0.00602546616203629	0.003891340069652099	0.03728381912563287	0.04401130289074185	0.1520965678167178	0.001308484932164546	0.0157093596332208	0.01254190737514203	0.0127581005163228
0.224	0.009592643457114872	0.02127407408235599	0.02173150589285068	0.02293081776404386	0.01482511929131855	0.009422513125847725	0.1701678653803434	0.09056900519062239	0.2117280606622031	0.1817928993849922	0.02637027196071817	0.02578501169603406	0.07192627126566611	0.09837599066568276	0.03051741298192959	0.1119543057847092	0.1450608075385892	0.09233972305497255	0.2196949182335336	0.3079456130862646	0.4165132982163958	0.2226701381816609	0.2401255876094504	0.2529727338617094	0.01330012678545413	0.1181667384325033	0.01450619775652044	0.1368922635415616	0.1396654351523709	0.02381694459083987	0.1038488823162685	0.03397251996776772	0.05504026041563671	0.02056531896801713	0.1276032709190602	0.07464337358173051	0.09170413296290345	0.02760347997410479	0.1588891457232405	0.02473408304437013	0.1195362882402462	0.1079774189802784	0.1291577089427528	0.007397321937622277	0.01232041841907224	0.005680072241018799	0.005535805536388661	0.007184164568767913	0.007289293757549663	0.01511653401363661	0.01795640110147979	0.2131962874718704	0.162828243945328	0.003722160247477489	0.003464223307577511	0.04128772013559703	0.04953263591068541	0.06393893982553117	0.009135436528821953	0.01461933037283917	0.008490849576416191	0.03101881235285598	0.02413745561722231	0.03604429166427226	0.06190722245755941	0.09135552099234902	0.111030050108973	0.004272764429743944	0.3999820017701107	0.007724235446018284	0.1093906128438175	0.1364774514230626	0.1055260905479687	0.4200650768362659	0.08258785104868197	0.1201732181513503	0.07063526376069633	0.01219711020626454	0.008329004120116751	0.0362355074504714	0.04258139310455977	0.1523287364901605	0.005481940186757174	0.01983846290437712	0.01706376696579944	0.01735298954944181
0.2335128561131141	0.009701377502566035	0.0203981671747386	0.02092383188763099	0.0221137426503929	0.01447556391838315	0.008668310461067299	0.1502603134387445	0.07579916677946875	0.2000339120284019	0.1716570746646879	0.02732788926160394	0.02658032892046496	0.07303105153996826	0.1000602116186222	0.02574391397484527	0.1068325299723643	0.1378701163875734	0.08778760474308096	0.2249380528059691	0.3045218905355487	0.4005476270326745	0.2259751943110425	0.2416494809480849	0.2530909962191686	0.01261667315583923	0.1158236891941815	0.01387378013740406	0.1334253738818889	0.1365891689316371	0.01809801602600621	0.1004432013987221	0.02795307255036395	0.04893538723700745	0.01679772245114336	0.1103700175430224	0.06324307501735191	0.0911721025063562	0.02753882667165685	0.1491853142254541	0.0251778032720844	0.1144850007558331	0.1035014042120496	0.1236537973786571	0.005424054288293286	0.009211480729456385	0.003749238461592142	0.00368094008871636	0.005064878935381816	0.005772699264845783	0.005561954433178026	0.01192995973382602	0.2124974909037464	0.1615821831662565	0.001386651572073421	0.001093835170139971	0.03020647158037789	0.03615202998293048	0.06442831103226142	0.004260030495416484	0.008340543828704375	0.003611554143542502	0.01769804000763335	0.009473438818092775	0.01549086005819213	0.04804275432707088	0.07747018944744281	0.09705973964008828	0.002994763798225045	0.4011300415203308	0.006289023557773436	0.1018555800893029	0.129231465147682	0.1070518218311312	0.4229007592661169	0.08337487289602535	0.1154495341572413	0.0711358867160012	0.004949576234342884	0.003271033298307265	0.02731780562328681	0.04019112853738974	0.1506230910482416	0.00143645856509188	0.01453582896262904	0.01105035864719924	0.01166615780355509
0.2504558844730551	0.01028774809789098	0.02119415662943942	0.02006445280117689	0.02130093069089394	0.0142837535320988	0.008409657218196814	0.1374715100544577	0.06806132182717983	0.1819971059776339	0.1554674511928461	0.03134606724893859	0.03003157819769153	0.07995845286673345	0.1090911303160057	0.02105132849117257	0.1006279823239094	0.12965529344267	0.08258679856140594	0.249851339152288	0.313122659486045	0.3959195174781495	0.2461900889635839	0.2582187026125779	0.2669091058825011	0.01225489957948559	0.1138090818888865	0.01381082932867275	0.1321746204603396	0.1369591321508295	0.01265266318356141	0.09532139063411811	0.0220143865482309	0.04994731269808816	0.013303058943057	0.1025716209895531	0.05855941075998412	0.09264973999803523	0.02798481820388684	0.1348208661401649	0.02759007342123024	0.1082791671325256	0.09803603241956595	0.1168499792367618	0.003958637453610076	0.006533917936065674	0.002960930944508384	0.002862384710088082	0.003804321189736639	0.005015785704804057	0.006351977197246049	0.01229119212816922	0.2039468792830103	0.1552055808425482	0.00367841042533371	0.003428841688062972	0.02374028540668694	0.02843156889288426	0.06169252224506737	0.004826054310589466	0.008881593869283078	0.00413202598097373	0.02170007929359757	0.01620908252734033	0.02315077674090544	0.05154418240243857	0.07967213763231275	0.09834467514967259	0.002400778343863191	0.380254822171885	0.005309178064602217	0.09268846220712593	0.1186150565894973	0.1024042397961528	0.4022380552796962	0.07980957721242021	0.1130265882906168	0.06764949865439136	0.005788853613709667	0.004192973524459873	0.0189044307397156	0.03590024497128902	0.1447306855404951	0.005344951049859802	0.01417159773980969	0.01065343913106288	0.01156005033411876
0.2648312594138309	0.01084936655264889	0.02224302807257612	0.01947207092401431	0.02072370819062307	0.01423723461694844	0.00836837674677254	0.1300188982694762	0.06404840182542292	0.170093160957067	0.1447508776262134	0.0339864132868757	0.03231830935308399	0.08600307818512787	0.1166296493546176	0.01839822701736617	0.09614505103407239	0.1238000572088291	0.07887690682775646	0.2664316916039634	0.3179790090715983	0.3921563273576247	0.2595905988209775	0.2692190135675517	0.2760868647550728	0.01209964392810722	0.1140901454934583	0.01393018089283564	0.1321097317847762	0.1380119018757458	0.009720436304334936	0.09341459531673821	0.01869889717925618	0.05177141819587493	0.01158966338261136	0.09861867483577996	0.05635703237266781	0.0949094351162858	0.02894628671722447	0.1255614728285944	0.02922071023391415	0.1038057373888994	0.09413407271813742	0.1119328769703543	0.003631558149334689	0.005881762162536457	0.002870926359719834	0.002755985282557001	0.003561534280688055	0.0048147878934875	0.007962745084609854	0.01332827403253006	0.1940895302442235	0.1478312708602447	0.006347863096347455	0.006107512934676376	0.02449316799293576	0.02945091648796021	0.05864950510356161	0.005533026186730581	0.009588614824392513	0.004801014561840938	0.03025096814437425	0.02464767681672389	0.03223675001024588	0.05914031614569364	0.08570689926808289	0.1032740177445369	0.002318613071844654	0.3615882131886544	0.00503381549020372	0.08812594547972487	0.1129115272178509	0.09720912838864983	0.3825685038574015	0.07583081423653958	0.1119606497356863	0.06418050364755046	0.007754997669603268	0.005889075899395808	0.01677999768035174	0.03373243253500989	0.1379792383808538	0.009768945542419845	0.01425333694875182	0.01094200908047865	0.01186492118991251
0.2688	0.01096832314639633	0.02307535247313984	0.01946253951301876	0.02075865876217684	0.01425428375494561	0.008698181060335177	0.1366751789012821	0.07016729047693979	0.1708594525773175	0.1449148760936023	0.03579500370954199	0.03385817185245048	0.0885598452801554	0.1197393747610255	0.02006180884415288	0.09589648643457087	0.1237840109700866	0.07886357092361918	0.2776450242555579	0.3256090490307886	0.4010260148838392	0.2696759363922369	0.2786253452835508	0.2849570450877267	0.01230521513195411	0.1187264499048759	0.01427090051981783	0.1342614910464819	0.1411897720955279	0.01201531640038219	0.09725660693534936	0.02087945905813222	0.05754034300248385	0.01319144818411831	0.1065197952754982	0.06190214092944166	0.0948216972549053	0.0295101336779363	0.1261528035118816	0.03032458598800031	0.1034352803496107	0.09378231659859249	0.1115172073880357	0.003382964585011837	0.005279610562097008	0.002998074933710473	0.002842891981082915	0.003474336177483211	0.00484396130189463	0.01304148622428146	0.01697053625801833	0.1893584901070827	0.144475366624837	0.008224438938607203	0.00801848067590121	0.02408826323251276	0.02890700669023847	0.05727222191883786	0.007349832987046218	0.01187284665863578	0.006564187773560271	0.03603729194049985	0.03251833307601234	0.04331040582030114	0.06477377612702966	0.090613701293979	0.1077341561386922	0.002369243144934016	0.3489617047475398	0.004920766910789518	0.08508067686304943	0.1089741277391046	0.09466706714745524	0.3696064017256924	0.07399785498388907	0.1126424602654397	0.06242048247227842	0.01196094632950085	0.00905892902175019	0.01462882790518076	0.03200852626153799	0.1352657354753065	0.01299616296622949	0.0156309047387102	0.01251616918328107	0.01350719725560179
0.2783128561131141	0.01112369454444468	0.02268735395577201	0.01892864418212837	0.02018688006457584	0.01408510943415653	0.008237055825308308	0.1232536550043087	0.06018257781631843	0.1631855475913808	0.1384243987680898	0.03563264291237186	0.03371809116832943	0.08942890031934565	0.1207888383593511	0.01697796324749455	0.09243047464783016	0.1189233134448008	0.07578396430221218	0.2763060481283215	0.3194901941739983	0.3870460259579707	0.2675271322231339	0.2756404718135313	0.2813080129209152	0.0118806330141871	0.1166615829633712	0.01389225862817605	0.1318088137937445	0.1386204319559706	0.00834771851456279	0.09476065725210404	0.01700610225860766	0.05280215096516051	0.01086601268712574	0.09447598376127558	0.05392937228818943	0.09549412727849034	0.02977269466824079	0.1200486618067831	0.03016627517893827	0.1000471302917972	0.09081965859453746	0.1078186430737813	0.002697800950007379	0.004100545139816746	0.002498308356578182	0.002347463316390787	0.002820453278196263	0.004372956370563712	0.009355562425111784	0.01384393788983572	0.1845834394315724	0.1408377170104432	0.009071141674046676	0.008871054797175865	0.02121560986558541	0.02563464383969699	0.0553992844308351	0.00672376395971362	0.0108973857238408	0.005964480297840601	0.0372308513238445	0.03377143199217204	0.04252629396320476	0.0654769157695331	0.09057468004758133	0.107097394774133	0.002007379683739658	0.3399227103853181	0.004391517791781889	0.08079875545999624	0.1040727917350791	0.09159872704302353	0.3604865487137579	0.07157190446734531	0.1097699153744542	0.06021796284111797	0.009075797219453789	0.007122785424428296	0.01106312901210782	0.03015835998870601	0.1314980708738303	0.01438878489657959	0.01462985513606785	0.01144971072250312	0.01254789471499747
0.2952558844730552	0.01182057056873191	0.02414229606909348	0.01868979151529115	0.01992899990646604	0.01430665087442913	0.008382495870466061	0.1188200353871754	0.05773641181481198	0.1605780456622742	0.1358803024172383	0.03701137677257952	0.03497543347349075	0.09579717997293202	0.1282469854835166	0.01664314103640814	0.08989881661717825	0.1156032087467214	0.07367954520220807	0.2857586773311611	0.321595627168234	0.3842067749553316	0.275475809828709	0.2827271695626891	0.2876482300438961	0.01195756932111629	0.1239113599019649	0.01427105581364215	0.1346613766101727	0.1422182874229069	0.00825826587509567	0.1006734465473099	0.01668975962386339	0.05506926520241918	0.01136270525220543	0.09190287592814415	0.05245655834447236	0.09986897655108469	0.03226778869244466	0.1181592835269213	0.03116573847659306	0.09764893326061266	0.08882233352594758	0.1051461753905769	0.001992008713763778	0.0027264595436297	0.002259096403765105	0.002076974154803013	0.002278611417665742	0.003997201097569276	0.0110668679547692	0.01462843473693229	0.1713851329405394	0.1310313186187895	0.01257563421252023	0.01240412787237088	0.02027481546128012	0.02467776074363155	0.05109443446447769	0.007911184290924158	0.0121346893824794	0.007116602674035574	0.04765656667101541	0.04517266153420662	0.05488369051508449	0.07473639304843455	0.09777142716721095	0.1128277071891594	0.001796266705801602	0.3131701676661782	0.003854199302995967	0.07336207096109572	0.0948877320090703	0.08421969938132101	0.3326230240464401	0.06593875012003701	0.1073823342621211	0.05519371259362094	0.01104843376366416	0.008901100606960061	0.00662208934909323	0.02658362888877653	0.1224350791761099	0.02025358275570492	0.01490055348461587	0.01197048423654867	0.01316023064635015
0.3096312594138309	0.01235706756085776	0.02541427694160048	0.01848987074778676	0.01967665036355618	0.01449454165834669	0.008561979628956374	0.116448604965349	0.05674511226165632	0.1617852072780865	0.1368001828101926	0.03695658604906358	0.03498506819458438	0.1002947085037134	0.1330328042379863	0.01764810097513074	0.08793389689687583	0.1130774338883552	0.07207225174508922	0.2859418485076877	0.3178753481634671	0.3782215437191659	0.2755071371703052	0.2828563155280793	0.287738737527275	0.01204964596337336	0.1322247984678075	0.01460982786344575	0.1371847268151488	0.145030238461787	0.009910105198367235	0.1086372108677937	0.01814014934347158	0.05694492839124934	0.01304262447764702	0.09041593608141592	0.05168286360403194	0.1037157360678711	0.0348545628822518	0.1194558367801406	0.03125055502375551	0.09576735295832819	0.08727715438603445	0.1030501354932997	0.001680621918350945	0.002165785900208445	0.002076733062390377	0.001892980944308958	0.00200100579213702	0.003716967895940367	0.01189269548945577	0.01517899246113289	0.1605200248499455	0.12278049007146	0.01420637278233053	0.01403814823229651	0.02042639825874159	0.02491655172797188	0.04793136580539285	0.007945256095967976	0.01199961321609527	0.007129262399377669	0.05265110843986379	0.0497241530623815	0.05949156839717566	0.07840562094728502	0.09980021986932218	0.1137238030466336	0.001660571612244298	0.2934720974227109	0.003545893637044251	0.06846133430153971	0.08878826678646169	0.07892724707390381	0.3118112397561664	0.06183049076356658	0.1045626790693933	0.05168215543702075	0.01230863794044145	0.01001559888073461	0.004896022740258657	0.02450379422694033	0.1148552480899944	0.0229407682155082	0.01432227738178691	0.01157539943395389	0.01275002579219074
0.3136000000000001	0.01245300097322424	0.02588490222834843	0.01845273109303807	0.01964353476479563	0.0145163693526528	0.008708264329361745	0.1186040180567321	0.05888606683009347	0.1650328212022056	0.1393541367590689	0.0374289209469176	0.03538898755169623	0.101758101935979	0.1345467335134637	0.0192331331457229	0.08757963223133357	0.1127340141493608	0.07185058777403104	0.2888253118887032	0.3192765912228189	0.3801207808292114	0.2783409347690413	0.285791674348718	0.2906751853692693	0.01213515522385275	0.1384571068659705	0.01479316276198611	0.1390130372734354	0.1473784337090132	0.01211063528254162	0.1147881929216027	0.0202622016234925	0.05972537386049186	0.01470822302587888	0.09305160075739337	0.05357198542828788	0.1041144433245155	0.03591118094249382	0.1219600838190259	0.03154405130996385	0.09537074132616316	0.08693096230771563	0.1026084842779704	0.001680301848959385	0.002062452983592243	0.002274173765950502	0.002064680939840352	0.002098343568872644	0.0038138087585214	0.01650989219997729	0.01848867381171387	0.1562535277770287	0.1196846708258165	0.01433292139267233	0.01419536507018096	0.01986870175584894	0.02409377135384334	0.04686030836999179	0.009228344898134188	0.01366671267668543	0.008392319636777515	0.05298925998287737	0.05203131489658164	0.06468843177922737	0.07831441160667205	0.09916681129231504	0.1128224171199871	0.001769050664685506	0.2824138992687806	0.003561499108967503	0.06635731264356615	0.08585331533810431	0.07698344653959462	0.3003053400936622	0.06042086186150786	0.1032757556344248	0.05039253229348845	0.01581454763970297	0.01250403314261806	0.004390371322727541	0.02344986213112904	0.1123909220572626	0.02327414399095453	0.01533262043160116	0.01278130319741251	0.01395302704186412
0.3231128561131141	0.01274807834274438	0.02630889399320011	0.01843001290821901	0.01957787525106161	0.0146754014832358	0.008678760616919044	0.1142710499417895	0.05536572448800261	0.1693485726505721	0.1431306708804956	0.03677161045138768	0.034874956798676	0.1037006036029165	0.1364466609191673	0.01995241032485472	0.08700022030523522	0.1118262004476719	0.07127407368851095	0.2852393050642389	0.3152897771746598	0.3745383863458728	0.2754217421170936	0.2835650730211295	0.2888486408493232	0.01213834919778292	0.1459758651041461	0.01490747500406496	0.1410944523646632	0.1494087105833692	0.01315986338815195	0.1225366562263368	0.02128510961668545	0.05886970693464472	0.01584185715915654	0.08852401520200497	0.05049369537964279	0.1067066500325325	0.03788369299900805	0.1253220713536996	0.03124357824845352	0.09493422620327732	0.08662971743305357	0.1021064104371863	0.001210618972842024	0.001354370373045732	0.001767482803206344	0.001585069518498635	0.00157064323993392	0.003319704645412791	0.01130098588026835	0.01423023704129825	0.1493840498769183	0.1143195753624085	0.01377487609378868	0.01363101979434231	0.01730181826728553	0.02115164285354244	0.04450033788072012	0.007693533171390156	0.01153043316256434	0.006921641303526478	0.04993251862191939	0.04813166442352658	0.05760020447799456	0.07410820129531696	0.09399932062254102	0.1069319155962112	0.001417184158876879	0.2714353331393543	0.003093409668803896	0.06219444367895167	0.08095888499765387	0.07323231898112183	0.2888103424230541	0.05739439769928108	0.09759745697660761	0.04783310206332023	0.01160070864866155	0.009490894090881205	0.002447397060274442	0.02199600073382283	0.106935637227409	0.02230451640564276	0.01348623899748406	0.01088893295249654	0.01207388370498469
0.3400558844730551	0.0135882415005419	0.02828524928981086	0.0184536447715518	0.01951145990084163	0.01514702204863379	0.009023188013150357	0.1122872894277087	0.05422931608626787	0.1809604719289843	0.153007603636177	0.03593205362828238	0.03427577217016119	0.1103091067055569	0.1431607554618006	0.02361538635875166	0.08593052733874812	0.1104151606463538	0.07037114076173687	0.2813265714673311	0.3092637396569867	0.3678345305756953	0.2727220292428483	0.282371848501731	0.2885118422665395	0.01242695448594998	0.1665519262207	0.01557089426867288	0.1478183358557744	0.1564772872341638	0.01826541420386792	0.1433365219575846	0.02625383819619809	0.06193543182879189	0.02037021547155691	0.08650240733175016	0.04924709179378499	0.1135610680407194	0.04311999725006704	0.134714340682834	0.03100598765730706	0.0941008717336537	0.0861039222868298	0.1011215996672697	0.000970962146124667	0.001065721610517796	0.001408926301683789	0.001258314571182256	0.001252947651429394	0.002849241561594029	0.009481039702734471	0.01264562371651124	0.1339941685219209	0.102419910338049	0.01252800560979699	0.01238311640735284	0.01558053257137268	0.01903830054676231	0.04016137556952201	0.006231867787106779	0.009484626893315027	0.005516455789400978	0.0451405660041612	0.04255494640573601	0.0503730159954476	0.06676889265791219	0.08457183420114293	0.09613020571926872	0.001169210352596944	0.2448915234227531	0.002688451472310014	0.05564925130966324	0.07269337709826308	0.06619677668594817	0.2605775658163806	0.05181882469069363	0.08828539592010165	0.04323144167252844	0.01024805189487184	0.008477411361604821	0.001832258634731566	0.01978888326177406	0.09581292266060346	0.02022542223148805	0.01139720220162691	0.008992214658992992	0.01006430343837604
0.3544312594138309	0.01409668053620094	0.02968087486299766	0.01821650340428021	0.01917410961865506	0.01533411998556536	0.009246605734979686	0.1102182588550614	0.0535263056615515	0.1925093816339934	0.1628095011573344	0.03444319984489373	0.03304658685853432	0.1144261547271849	0.1466183201076597	0.02787149653548665	0.08387803069589921	0.1077956236039469	0.0686941654747478	0.2722134760742662	0.2985239792053042	0.3567258175075679	0.2653328726281067	0.2766379435432884	0.2837345505302634	0.01253185100201385	0.186765106937387	0.01598256972405759	0.1526157904214743	0.161609107945855	0.02433749422736537	0.1644421191468121	0.03207571919188027	0.0648334738451425	0.02540541871921089	0.08461977356400632	0.04822733723227429	0.1177743182235763	0.04774110507927502	0.1440620370911246	0.03019229353329733	0.09210767159961127	0.0844792601709282	0.09890451757742771	0.0007721310376085771	0.0009030009265513976	0.0009646711759480265	0.0008600626056194271	0.0009157252859738096	0.002376076717016483	0.009061724667537274	0.01303988539804293	0.1216344654669577	0.09263877556598804	0.01170211353185206	0.01152747166834808	0.01529764438989948	0.0185489664019766	0.03741537222654574	0.004147935133940484	0.006730643001567531	0.003413958342874794	0.04197346449712587	0.0370684426849231	0.04351551751777637	0.06141521465468579	0.07749063642041465	0.08793444453585	0.0009038072799511052	0.2260196221124424	0.002360272692850428	0.05087644835063041	0.06694632404510359	0.06193408740959547	0.240403830112021	0.04833320942988795	0.08291143711886768	0.04049613067913356	0.01074942606586617	0.008923809598607342	0.001691595689501038	0.01845226524373889	0.08692811164290359	0.01873492581289082	0.00878029914562518	0.00645222325327987	0.007409728643869107
0.3584000000000001	0.01407805174695344	0.02983402563753456	0.01806027303154589	0.01900649309503667	0.01525206664671669	0.009290794767787941	0.1109070199279339	0.05461156636212556	0.1933803099445144	0.1634510179230784	0.03433272544845058	0.0329291371898465	0.1146232207858873	0.1465667588486977	0.02878962441999727	0.08301908625601843	0.1067700629225556	0.06803810565615216	0.2710989873917115	0.296440709791817	0.3547002149950004	0.2643472170704346	0.2757220694746225	0.2828318887063958	0.01250751645794287	0.1895688892869415	0.01600286773333046	0.1527298977023872	0.1619285876063792	0.0257173019106828	0.1674180587260066	0.03334421866412324	0.06613470832847609	0.02641470259504088	0.08572928492900427	0.04911718948210202	0.1174201886919697	0.04818682138207371	0.1448289963148358	0.03006944174406453	0.09116608648659537	0.08363655166435623	0.09788114332198539	0.001129867655123785	0.001342105783496127	0.001568284470842671	0.001416036715335169	0.001427655565633174	0.002820242701664787	0.01804663593856335	0.01955645091616011	0.1196021279807642	0.09137178688192668	0.01088197470649034	0.01076169323309343	0.01504459214800109	0.01789679294237391	0.03722336542982377	0.006677350525053007	0.01013479062457843	0.005916551977668414	0.03980211921056234	0.03872428905704162	0.05094777681111791	0.05911440958122292	0.07508724070570792	0.08567983326089719	0.001276350207120057	0.2163310134354112	0.002684208386355874	0.05033923733765889	0.06552982605284099	0.0613124533735431	0.2303369283624556	0.0480474354181552	0.08218874435075706	0.04013992409300956	0.01725287738380263	0.01339264472811497	0.002682701927024085	0.01794701759779099	0.08655449917971464	0.01761787712056291	0.01118693368906419	0.009169699701620701	0.01008930000520131
0.3679128561131141	0.01434288479856341	0.03041352169179514	0.01794771697346534	0.01883893935818687	0.01535694939656206	0.009306807051889455	0.1071569469683782	0.05188153712581776	0.2069016837749484	0.1748838626903317	0.03344208312862738	0.03219351035518394	0.1169784140334078	0.1483402755099888	0.03260749649122528	0.08198708062030374	0.1053274541046169	0.06711453936108877	0.2655904546020215	0.2903957267837131	0.3478665383272969	0.2605029108414283	0.2735017083076304	0.2815246236169516	0.01251074522524392	0.2099812672073854	0.01620897973137343	0.1575009856460393	0.1672597347806384	0.03103055164197851	0.1887379814954088	0.03854155391221347	0.0677716501866336	0.03075027060549357	0.08191661727154813	0.04660545692814533	0.1197025772667736	0.05207724747474596	0.1551146587425229	0.02957791629354962	0.09021506552327628	0.08286730587782865	0.09681916549195546	0.0004580103675492958	0.0005280100341652741	0.0004765842568278694	0.0004126389944745827	0.0004900579429480069	0.001894372193621439	0.01396389731777784	0.01818378391444425	0.1098461886238514	0.08318848870526729	0.009813271064201332	0.009619420465122461	0.01337376332711423	0.01573265995345031	0.03581292360360067	0.002288907865666172	0.004448895834882232	0.00146722092287894	0.03465270162471865	0.0287859345232768	0.03689123086734791	0.05190636063358205	0.06645477874778802	0.07608100320349802	0.0006195615628929477	0.2060356579053921	0.002020240572645586	0.04542754254416382	0.06048911274539069	0.05961390790361354	0.2194761882829206	0.0463589431370604	0.07848323201613881	0.03900634821942362	0.01557864682238055	0.01243128757878336	0.0008596198816657601	0.01693168126843569	0.07900522779761912	0.01554220467891397	0.006294141096587044	0.004027971953397337	0.004904407262936528
0.3848558844730551	0.01477488432616563	0.0316775408242084	0.01729979751983782	0.01808462047242654	0.01530073219394663	0.009381849756073703	0.1012463914952979	0.0490934955886183	0.2218325890355978	0.1872527915779275	0.03224440503522855	0.03116107413286937	0.1214816106027835	0.151805961411073	0.03836528657592234	0.07761289764204068	0.09967691042893485	0.06350807794808752	0.2572900259886782	0.2770578610466428	0.3314540886762448	0.2540007348734694	0.268700332212185	0.2775467727723699	0.01239731216510242	0.2399665847628667	0.01649619309348544	0.1630495453799984	0.1739471921763951	0.0394851988304406	0.2198535694713256	0.04651557093130633	0.07207707762609612	0.03762427078620548	0.07748233252352973	0.04410243886209728	0.1225873127235044	0.05802233342812382	0.1667596022034099	0.02879847563669275	0.08577878393312789	0.07903893751557452	0.09194877720045552	0.000355685304969531	0.000420293005685127	0.0003020990230905536	0.0002550498747633664	0.0003411871631228923	0.001702882993297348	0.03101726965557888	0.03411362566966171	0.09774491500138008	0.07343260096478828	0.009464478020167174	0.009247050042192645	0.01443790074866488	0.01602144246875228	0.03589965890823413	0.001850741598371034	0.004227271462936354	0.0007363143063444786	0.03317215773912636	0.02669752253044809	0.04279073907791542	0.0484428666762209	0.06136104956038853	0.07030939102708686	0.0005877084034446281	0.1839278381055101	0.001981910287882894	0.04080080518974082	0.05504064430229314	0.06001194322348596	0.1964403516631307	0.04657487623583165	0.08128802223786974	0.03940261720622388	0.0313846034206085	0.02405759435534788	0.0006316641951052699	0.01561583150556123	0.07216615535899951	0.0148994168831695	0.004987815934810257	0.002924187629167658	0.003700824082048062
0.3992312594138309	0.01496388727695787	0.03244511703226219	0.01641339542347329	0.01710420099228036	0.01499873481974837	0.009333615259714127	0.09479793084229349	0.04638896136209235	0.2312031025279339	0.1948145421889733	0.03123569444751303	0.03023321339161354	0.1242983185282171	0.1534261717201271	0.04297899813617233	0.07220090929789717	0.09272908344384424	0.05907704316435535	0.2493464295461839	0.2629153712789477	0.313241595669496	0.2472859930136909	0.2629812392504772	0.2721947423304227	0.01211339155936885	0.2639334825752954	0.01653942330163427	0.1658195059900131	0.1778536508673807	0.04655782684974694	0.2448555081160692	0.05301214801142849	0.07581659378866003	0.04328001358823969	0.07318188215904529	0.04182002053802771	0.1231732904897319	0.06252799607924085	0.1741025734180673	0.02799168471718462	0.08016319196990783	0.07409999984366748	0.08581806246844831	0.0004106139985606643	0.000522532798232844	0.0003418615000884454	0.0002958675177456624	0.0003906616856951224	0.001733951703521253	0.05132833535314665	0.05278910306232747	0.08944010157323823	0.06662697970146859	0.009528872223861336	0.009292087948811161	0.01648674021702628	0.01739109144187666	0.03738407856565903	0.002241705023724153	0.005170068959674545	0.000786365855100987	0.03346207526585453	0.02696950717195647	0.05302533360333282	0.04741906205378106	0.05923394436481929	0.06790746886514289	0.0007061164518248423	0.1676130977199242	0.002143950194546895	0.03807255837548477	0.05189334071536687	0.06264724181352518	0.1795857560121721	0.0485873475067219	0.08753433278352878	0.04129272390613822	0.04989254589074266	0.03764428605763365	0.0009147572536567928	0.01492141616129366	0.0683810764703182	0.01496664499513793	0.004636966088362878	0.002780726881866422	0.003473670006182806
0.4032	0.01493260515712277	0.0326312744583738	0.01610557195330833	0.01678907432411346	0.01482972043348838	0.009358604636520758	0.09486060621148319	0.04742558575621399	0.231653118127715	0.1949512376015689	0.03147364400199604	0.03039512891820707	0.1248562595941321	0.1537367276101263	0.04413158031924501	0.07045846311629993	0.09058747415930087	0.05771105491712362	0.2500688064271839	0.2609335190671314	0.310340400092273	0.2478506506374124	0.2633752845604034	0.2723905373753037	0.01203042395711029	0.2685650220270213	0.01653724277575975	0.1659210759286618	0.1784748422383169	0.04838951765919608	0.2495414061549682	0.05463987755783289	0.07796565968382554	0.04462680923041672	0.07430257008609445	0.04282953459114607	0.1223257078548901	0.06318169727053459	0.1744788199440736	0.02803141725860402	0.07828096834533801	0.07240773515963822	0.0837719172812556	0.0006585965299115116	0.0009163358360347381	0.000617868051298001	0.0005585496898282105	0.0006758490734837116	0.001970548605531466	0.06815256605673743	0.067555941325025	0.08572187440853202	0.06354244931528691	0.007534329551825295	0.007313126234687823	0.01631410003184545	0.01621705260441808	0.0391419269068379	0.00327047555883381	0.006938128790036619	0.001607776681759265	0.02692418712590523	0.0227177408741618	0.05779276815220148	0.04009654204413874	0.05163863159096981	0.06058300599030188	0.0009385564071596068	0.1569580641392732	0.002433139451079732	0.03687147347577492	0.05022581648053589	0.06561366737468965	0.1687428879554188	0.05092940036524325	0.09013526539677047	0.04336727132950927	0.06406313776419272	0.04775402740957153	0.002006955917668934	0.01475000564478282	0.06752367276193619	0.011776343856473	0.005310638484981345	0.003658765835344485	0.004278055203335002
0.4127128561131141	0.01489151360383017	0.03254442988486337	0.01534359766973274	0.01597488372262646	0.0144552440755385	0.009092310666267702	0.08658988763118831	0.04255380345356998	0.2375193469374129	0.1996018989513826	0.03095808973648036	0.02987733154004367	0.1255973681653931	0.1535348634994152	0.04669632692390812	0.06604998953014034	0.08479298515172121	0.05402077870051049	0.2452184066883556	0.2510550157487236	0.2956504246426041	0.243722626915032	0.2597390265209546	0.2688303436187535	0.01163662978484124	0.285313262433299	0.01632079010207279	0.1668777495237993	0.1803825002467828	0.05252868133491608	0.2670666593847827	0.05835446976523175	0.07911603269037167	0.0479457307504481	0.06788382368565297	0.03892361786410432	0.1211586718717219	0.0659154077626341	0.1787379813847096	0.02749531170561517	0.07370224024049445	0.06832965009422266	0.07879103966738331	0.0003463995698595634	0.0004319594456802271	0.0002743581614165491	0.000231756624150111	0.0003166513827466797	0.001728964615057237	0.07618291181657108	0.07590201533151264	0.08288010042107612	0.06098250920962062	0.009230589368664728	0.008967820967528203	0.01795528620781546	0.01776320932965175	0.04043367090398138	0.002493675842002357	0.00610338161629047	0.0006050036322399738	0.03209532329300877	0.02579876042577065	0.06413971665279365	0.04492955937488047	0.05592667030249966	0.06463663844390734	0.0007791378690338033	0.1539279325497324	0.002300715508383048	0.03548498884786834	0.04921792421454554	0.06797430489579365	0.1658354316054216	0.05266091248416908	0.09659490804239679	0.04493601881370528	0.072505996364902	0.05423496262741671	0.0006144750762420561	0.01439806117238548	0.06628170635672803	0.01441848844973568	0.004093833746909064	0.002370430865464047	0.003015229461563863
0.4296558844730551	0.01478675219449576	0.03260768543769452	0.01377713972908086	0.01435378679960781	0.01363828132946796	0.008715875361091386	0.0746369257452703	0.03704775329305991	0.2398634275563767	0.2006575610266218	0.03153478531991335	0.03019923059324379	0.1276993867142964	0.1544906649118861	0.05009279565763122	0.05698612744129535	0.07310461507997365	0.04658004849941288	0.245445718940706	0.2382789691033955	0.273272961554505	0.243511640503842	0.2589375339038399	0.2671672033498528	0.01092434990614885	0.3088826749277775	0.0159488186411072	0.1668538134137494	0.1825271739077318	0.05850719244290364	0.2910395154053422	0.06342837637437239	0.08352089140127665	0.05265783630114688	0.06074264957288547	0.0351079650661354	0.1177734978108517	0.06950842184236272	0.1801554608377964	0.02736995183534289	0.0641807018492916	0.05980744499320742	0.06843646718078085	0.0003502918379773432	0.0004545138063435419	0.0002660615761768937	0.0002244391628051676	0.0003115249918521131	0.00182391305487887	0.1106007964256361	0.1078835350325345	0.07669928194839454	0.05540517248532233	0.008720953886383201	0.008422753553406182	0.02024620073207783	0.01859418924394632	0.04544168573209274	0.003035795840216943	0.007679570907831175	0.0005488108881349932	0.03007610155333859	0.02421450218413984	0.07970287133467907	0.04177582259691513	0.05205729860478256	0.06109678376813572	0.0009385718184823918	0.1400803550543133	0.002615117003555471	0.03327165348651112	0.04719200961031898	0.0766329605763667	0.152175660035406	0.05931329447011987	0.1103164194715082	0.05083216809511017	0.1036955135941056	0.07708755025921837	0.0006208863238604299	0.01418960195001982	0.06543325349849217	0.01350650302629692	0.00368677747370026	0.002114710270988968	0.002700472888074204
0.4440312594138309	0.01470446277726864	0.03272270024888158	0.01233799408962967	0.01285625784324446	0.01290066602651304	0.008409854310981279	0.06463540892143506	0.03282318898344833	0.2364299119110916	0.1970022941601109	0.03183061508681245	0.03029887385010041	0.1293016495262203	0.1551479281059332	0.05181024786288304	0.04866349991242927	0.06242005909528826	0.03977894067514773	0.2443057255163079	0.2254911262723763	0.2519347726164837	0.2415955247069237	0.2560491155067335	0.2632831635677204	0.01029081103035455	0.3227235626643322	0.01558540913060635	0.1649595208919307	0.1821616589465667	0.06210716347983843	0.3050368446963493	0.06620280409606401	0.08663183160614828	0.05553483057730404	0.05506704784804418	0.03222021121885769	0.1148881964218283	0.07174107602753363	0.1774583414214987	0.02712255931467864	0.05542919066713052	0.0519870586744652	0.05891984565658107	0.0003753956686154496	0.0004954900288614781	0.000289612220065924	0.0002468559220730007	0.0003329110735218802	0.00191463270913862	0.1404903070681612	0.1357015544213709	0.06990529855332034	0.04950340809846358	0.009518283629669994	0.009181132657864039	0.02371619940826228	0.02118034187170336	0.04930075644967475	0.003645203059077637	0.009162111499454836	0.00061862303687914	0.03277661656585903	0.02650211398263838	0.09666954479341644	0.04343307592160865	0.05278939411808046	0.06186399311239786	0.001101859411177958	0.1263561336185469	0.002898166257236202	0.0312552587162872	0.04531259543742264	0.08330269384063874	0.1383693600161238	0.06444067912082717	0.1234108935659334	0.05541667676299123	0.1311760218829639	0.09734488449828518	0.0006684634526925421	0.01387655291959732	0.06369300861220908	0.01472565498466252	0.003383503964368506	0.00198396107442861	0.00250678771648716
0.448	0.01464378339782548	0.03293540542849353	0.01204653409526983	0.01260537300279552	0.01269174860597121	0.008469154051051801	0.0661932239230632	0.03520810976192476	0.2374606257074498	0.1973233989011849	0.03349454194487676	0.03167006115218664	0.1306267965996866	0.156663102412561	0.05329617950084742	0.04699629513861803	0.06043152778392046	0.03851284904288067	0.2538374194489242	0.2302177141583986	0.2553238234718259	0.2501355469704279	0.263883796653992	0.2704896345854899	0.01023459162464657	0.3298777806589621	0.01564063099065297	0.1661173416107216	0.1845565725653731	0.0643729126549181	0.3116904992777779	0.06825403426421486	0.09095913025487486	0.05712331150160323	0.05843158805463043	0.03477599607515019	0.1131308312662834	0.07236691867503535	0.1779394722260896	0.02801160684753311	0.05358009233412584	0.05028064457262685	0.05691109391396786	0.0005209179653691518	0.0006963534140816976	0.0004601246827643363	0.0004056277539462666	0.0005005979242512052	0.002132010730468239	0.1458968151622467	0.1407886499578995	0.07441475703222714	0.05289213646157822	0.01087216594000062	0.01052083619211882	0.02609532043828308	0.0238550961171353	0.05148019468090783	0.004320114669482619	0.01017472319126106	0.001170616270572235	0.03783825487557322	0.03111922860544611	0.1040556357178189	0.04932984077869476	0.05922842530959831	0.06873081150881925	0.001249455268725411	0.1346507584077666	0.003132943927420584	0.03378544967641573	0.04861465794566387	0.08688828450674271	0.147186567039613	0.06725990430356156	0.1301660355415559	0.05782268767988615	0.1363140761368257	0.1012146271376547	0.001165943569105387	0.0147759091579417	0.06745387013587649	0.01691938432538915	0.004136033673344454	0.00270371444904872	0.003246985161854237
0.457512856113114	0.01448856480019982	0.03242870194516433	0.01091180429615029	0.01140525074095778	0.01208369077986291	0.008008216412269347	0.05429060328730959	0.02818386217888617	0.2295269061556854	0.1903328957626503	0.0328114982531774	0.03096875361716128	0.1300242961882609	0.1551937345786012	0.05225124806237235	0.04056773643260616	0.05199866147738511	0.03314956726308543	0.2473186077657923	0.2163952697743806	0.2335928765675238	0.243140693522314	0.2560061892039692	0.2618450889914113	0.009593498990539314	0.3317905008557752	0.01508797904900567	0.1618207415095952	0.1806225957989049	0.06394217761989657	0.3138827255764542	0.0672548859823789	0.08905927359258241	0.05697703768692065	0.04929486265820915	0.02922460332973227	0.1106929157717047	0.07278662736017746	0.1718701357135718	0.02725436499975067	0.0468830221888119	0.04430352600347025	0.04963919960946386	0.0003421068246165015	0.0004498597301327049	0.0002557930751993208	0.000213064752831891	0.0002943539506348057	0.002005645467863033	0.1673729013535328	0.1607977319840883	0.06808239848675821	0.0474181856848996	0.008894753077478968	0.008529393052884585	0.0250373684775451	0.02124148626091111	0.0541514100381013	0.004040794325966588	0.01040718479205151	0.0005395150440567164	0.0302710586266279	0.02454168676089764	0.1082130851090287	0.04046179376586157	0.04969846206144353	0.05933271202384808	0.001211064470498434	0.1207477177364164	0.003157781987108444	0.03042817590805129	0.04496749868300701	0.09164261311429629	0.1333288004888022	0.07085746850055347	0.1353124193997297	0.0610331128105184	0.1554633602339384	0.1151233497583137	0.0004721555949256031	0.01407023632175077	0.06515040240074881	0.01364115648764513	0.003153818276960239	0.001797299488342821	0.002306598987931578
0.4744558844730551	0.01463559705123009	0.032926241043048	0.00924970443353659	0.00971364282212114	0.01132156378200675	0.007681619822054874	0.04162798715370429	0.02262900385325244	0.2164863980245698	0.1782189739181431	0.03484278346139518	0.03256708530223456	0.1341967799711671	0.1594437507467714	0.05148455828537566	0.03049086674233344	0.03903406446639738	0.02490808852366448	0.2571747740292741	0.2088474325260171	0.213358170891586	0.2500692230768379	0.2602675683778407	0.263914138467627	0.008899649468340601	0.3401392520084176	0.01474681716572827	0.1588169505089031	0.1795873203655152	0.06443582995373524	0.3209403319859438	0.0667863881211255	0.09265097268783781	0.05768188979062851	0.04270392387075903	0.02590737104732729	0.1084581026774641	0.07442588678414261	0.1617177724283066	0.02807951769851287	0.036380039718278	0.0349441377990628	0.0381975107821937	0.0003549715326534248	0.0004824582395961909	0.0002582469803635582	0.0002142467995826263	0.0003011928069831552	0.002162301903435884	0.1974407654350409	0.1888723594015578	0.06792389241053078	0.04652450594344395	0.00801048682543236	0.007613898960793692	0.02652713341408078	0.02131673392638483	0.0601153505624354	0.00455012793862824	0.01191490038587863	0.0005195089916877407	0.0269235261816857	0.02193378659445073	0.1207942532164563	0.03684518909292291	0.04622702508183953	0.05667925769538478	0.001361547460325157	0.1177702363843914	0.003502827161019293	0.03033309391326811	0.04561023725166683	0.1018613829917971	0.1311815771888038	0.07873166538774998	0.1492456756553507	0.06790371804550981	0.1825328981766174	0.1349105668327064	0.000497782074578576	0.01461760673007147	0.068110967783962	0.01212392981611204	0.003062565034798816	0.001727126230442998	0.002226836586266474
0.4888312594138309	0.01491420856567386	0.03417688598962427	0.008093273018251674	0.008527045670009861	0.01087966948054002	0.007807509360211179	0.03929179308534518	0.02459487086502373	0.202241674331579	0.1653359762023146	0.03646054068872288	0.03386523236428541	0.1386884608740879	0.1642531765576536	0.05093645368063214	0.0232903807142055	0.03007272605281352	0.01920644930691732	0.2655020147215383	0.2039353093119031	0.2017082008509386	0.2556769420962955	0.2634541388973002	0.2652718068292606	0.008636542162925174	0.3404122554900064	0.01479462355058137	0.1561371601403731	0.1781376980692891	0.06480596186711743	0.3198312236542967	0.06639899646900838	0.09796304320656109	0.05812524754220926	0.04496071595555543	0.02840874457119476	0.1080651024838609	0.07512669073440643	0.1513174757828512	0.02882061633313229	0.02880181772281105	0.02822735027796809	0.02992762844144696	0.0005817980013963232	0.0008695156023012668	0.0004014126821603254	0.0003572921435365075	0.0005009298526201169	0.002385397564600874	0.2139414679834752	0.2046112749205642	0.06893978550835193	0.04688258377365198	0.009819892938027271	0.009378384020968534	0.03125764262185718	0.02621182765978096	0.06370440104021102	0.004967199873438089	0.01285558518350659	0.0005933729783407709	0.03381096257255229	0.02710834779928464	0.1338141516714327	0.04395378654638325	0.05336148315863519	0.06413485643839943	0.001564520115274996	0.1208730458285082	0.003869528757107168	0.03235518451398161	0.04856981486975188	0.1079580057413229	0.1345950852752715	0.08343868223605548	0.1613645132848378	0.0720860432805063	0.1982487438161953	0.146626786526476	0.00162187638792401	0.01563531587079246	0.07050762170276458	0.01497093932270198	0.003198799052304291	0.00188880993186661	0.002347462492980527
0.4928	0.01489961789664015	0.03428009732965265	0.007978467081861984	0.008468033463010088	0.0107738995723087	0.007836434220995258	0.04037084500201717	0.02604060127612116	0.200506208899786	0.1634158881374924	0.03837785468052555	0.03548271654926666	0.1399744891157111	0.1661354518222479	0.05094260627952227	0.02255407459905615	0.02920805379140052	0.01866026619503544	0.2771649706969682	0.2115538580125816	0.2078034771789194	0.2659445212687492	0.2727172459066272	0.2737583293973199	0.008620966588995228	0.3423832651128439	0.01483847840767536	0.1567908786431625	0.179745932447692	0.06492054466516051	0.3209314193819547	0.06642223959201972	0.1007911663737013	0.05812967464878458	0.04746584245423727	0.03023816958647284	0.1068401108914917	0.07498131056051929	0.1496178441615969	0.02993541841794484	0.02797744468069692	0.02744224331636182	0.02903074393147731	0.0005036775482247783	0.0006663518873532553	0.0004172434975021392	0.0003600040199691504	0.0004567618621515638	0.002503785314270958	0.2179977773165425	0.2088626636348944	0.07530213490718243	0.0516855523052848	0.01294411119229715	0.01247442622766538	0.03435197935769058	0.02989615316014758	0.06627014060438442	0.005545328429374888	0.0136793639073222	0.001013616661569317	0.0445106229454966	0.03637354434936518	0.1449391258530324	0.05600674830272192	0.06606206716563402	0.07723878824852987	0.001614097683968856	0.133605983234159	0.003992141203914679	0.0352026412418112	0.05260270791097779	0.1121824108073173	0.1481979931534459	0.08674422851276671	0.1712456048702148	0.07485159077945015	0.2028244034917379	0.1503013963469777	0.0008580624128950958	0.01648340263631514	0.07543137020767106	0.02002199145276028	0.003827277010731408	0.002387924342061814	0.002935386952664629
0.502312856113114	0.01511183379244342	0.03469415785212231	0.007065685551772266	0.007477559980549545	0.01046273923680732	0.007660687664086972	0.03200769142686939	0.02170657129137355	0.1859613453056661	0.1509649354813641	0.0378218937362584	0.03496258863788456	0.1416872176307481	0.1677165088298081	0.04826519319389297	0.01690424325110431	0.02189371684769779	0.01401045465524343	0.2725917581036988	0.1995667479590764	0.1889939152222985	0.2600791195201442	0.2653938354191679	0.2653989046417868	0.008245397962844934	0.3354903669952476	0.01459513947172895	0.1521644133595698	0.1749050522485476	0.06216477642297731	0.3135141395074355	0.06316423662251906	0.09910152878878194	0.05637787040314515	0.04157683336086535	0.02685744860905986	0.1074731037035484	0.07487948040875109	0.1390537578853273	0.02943763345717943	0.02217258874776902	0.02234905767979842	0.0226988765412181	0.0005042479014040575	0.0007348531331789069	0.000350162538545696	0.0003025200938441908	0.000429468770582496	0.002504000634604245	0.2310925183335996	0.2208075711128363	0.07450267212347136	0.05065711320000637	0.008894416921184582	0.008436031639268888	0.03108298335081358	0.02497889978843707	0.06884322266582242	0.005258441738869616	0.01380802602292178	0.0005706895371748358	0.03011413443391605	0.02434740032039403	0.1399650482422053	0.04090840671409289	0.05122815944135463	0.063038465133728	0.00161829720550908	0.1287725538470866	0.004083293438139145	0.03389991134291727	0.05114090705628535	0.1166958074265419	0.1437743851001064	0.0901867914966617	0.1714555167665481	0.07786166632071108	0.2135147745245423	0.157751063075619	0.00114285544288948	0.01656102687370423	0.07618895198894239	0.0134175905474804	0.003360163563329348	0.001922156259738356	0.00244199358116443
0.519255884473055	0.01566845115926181	0.03550278865968724	0.006309647657740662	0.006711392626582459	0.01034994398234023	0.007481724640253828	0.02127933819509869	0.01525717954036381	0.1651195578953237	0.1328727254032042	0.03984187064481175	0.03671512951694189	0.1468636470779823	0.1744107161985966	0.04290092988070499	0.01147815816538677	0.01473945047460939	0.009478253525265014	0.2852268577180957	0.200162727683838	0.1790926432448915	0.2690657342841469	0.2713358839654307	0.2691728029237574	0.007952204085659137	0.3249456645558741	0.01450645002454408	0.1486414922139514	0.171769404204082	0.05571006725984647	0.3005855790811799	0.05628663978601135	0.0976935959529177	0.05207996782419691	0.03444410267389098	0.02255447219409645	0.1098219929214935	0.07441881653468864	0.1232113717818093	0.03066504076203021	0.01676301772216902	0.01763583036993444	0.01676659164512804	0.0003916233849558124	0.0005207243270620108	0.0002824942165409744	0.0002294338059381272	0.0003275236987384088	0.002606578706104116	0.2395003461680311	0.2291311183253888	0.08304124629364963	0.05691714605195052	0.009473820590886386	0.008994351853888166	0.03170003148288768	0.02526159442765758	0.07314448736813071	0.00546910294132924	0.01440707865776058	0.0005807389700645273	0.03168606573710592	0.0258320484931294	0.1458078531389896	0.04379236470638284	0.05528431925274664	0.0680477044520728	0.001630283333454405	0.1437833322386997	0.004230021408693643	0.03680888020177284	0.05538688060681234	0.1239435366598135	0.1601790250805817	0.09579667412385726	0.1809958022118813	0.0826046636355826	0.2213447830424993	0.1635777942906903	0.0004100252916676966	0.01775018111653173	0.08307619514621919	0.0143118540970078	0.003685092796961514	0.002040799208301813	0.002659840953405215
0.5336312594138308	0.01644896072848736	0.03714634166930497	0.006163002948979856	0.006555520220157501	0.01065329254900444	0.007740695735811974	0.01963361680249719	0.01500411412320327	0.1476505716226788	0.1178901577197284	0.04153621730626898	0.03826736123857378	0.1531390321811454	0.1825185596248662	0.03855479354193225	0.009371513401607218	0.01207418090077903	0.007795956338860538	0.2972184897444047	0.2045679166871403	0.1787416968093984	0.2779603703549892	0.277871570198734	0.2741487973752936	0.008124604365653742	0.3120696780374264	0.01488184165380377	0.1473601089103423	0.1703385485662903	0.05013661966504002	0.2853222988225303	0.05054769813507026	0.09813274622908252	0.04838694780313841	0.03467547052619073	0.022977502143608	0.1148450496662567	0.07403638339694459	0.110441570401409	0.03192013531184251	0.01480460034681009	0.01605239312692787	0.01456941947696819	0.0006822421332087714	0.001009307844298645	0.0004648238059637323	0.0004123968805075719	0.0005840843435535614	0.002815906134257375	0.2397489923697722	0.2299238400870591	0.08680500855009154	0.05977394876955152	0.01252421323209601	0.01200448216786944	0.03692625481885068	0.03172188316142964	0.07433687500988991	0.005634580410924116	0.01457466995981596	0.0006620022293350548	0.04325669250380457	0.03454325353214235	0.154026126253245	0.05618460226178251	0.06792520994067677	0.08073810711264545	0.001792245150617291	0.1543174728316006	0.004497535119064216	0.04043043618103542	0.06001786551322424	0.1258899542947338	0.1708193491414616	0.09731270246661132	0.188292376823977	0.0839972014231319	0.2227328062165829	0.1649009346865464	0.001873821543861961	0.019047951550764	0.08574759420126082	0.0191926275081865	0.004002600963399443	0.002323121063581617	0.002913497364001753
0.5376	0.01660609873720218	0.03741980392941686	0.006402077818525772	0.006842732718411716	0.0108170986453889	0.00783785612714955	0.02136209493159374	0.01599086318548255	0.144947625425288	0.1154581923323822	0.04301057030163858	0.03957166418070209	0.1547565702000207	0.1850776016915449	0.03738088562812865	0.01045819285931195	0.01348280000688211	0.008698838690880846	0.3072141215263205	0.2133032533709529	0.1872367497319467	0.2867448483555379	0.285883660278813	0.2816461675868739	0.008272592507630487	0.3088651383361702	0.0150435279287457	0.1482396315310692	0.1714818998763309	0.04837108384066171	0.2811155674653186	0.048896391880946	0.09898061186160188	0.04709011558043422	0.03662453206239018	0.02418566849426741	0.1157038571733206	0.07352542282008671	0.1081802130099403	0.03292924770358855	0.01598292570060852	0.01710592373482655	0.01583754284257599	0.0008458098179997696	0.001261740394160471	0.0006343054385183775	0.0005734613249797136	0.000766127353897641	0.002970210998695593	0.2350173110666672	0.2253003751858499	0.09099282021288142	0.06316131252023464	0.01220632723965518	0.01169924088756745	0.03672738839654496	0.03175771617670098	0.07442310900285366	0.00599600653831284	0.01495951597526924	0.001125150761893402	0.04255024090996229	0.03440548177994695	0.1518326310866796	0.05610738895696777	0.06845618516628088	0.0815734596947142	0.001877008803197233	0.1615121847758241	0.004601830763825951	0.0423685055616141	0.0621827291112763	0.1259270839238565	0.1782579060858922	0.09738961297794856	0.1870535242483669	0.08400831081000189	0.2180788552882122	0.1614042252659759	0.002593452699909204	0.01967121695755675	0.08824437810891116	0.01871469361812387	0.004697083331418353	0.002988327255364718	0.003587649766407616
0.547112856113114	0.01724692500192494	0.03842351071896341	0.006148002342025473	0.006504413393831601	0.01105331854380696	0.007832907691591118	0.01399801946248615	0.01076077433544645	0.1318090134392771	0.104625812172029	0.04214104304413428	0.03891760741890881	0.158451030260905	0.1894508484036607	0.03346965681930438	0.008010806320883012	0.01015123569378958	0.00658843640630073	0.3028476569252923	0.2053855191883608	0.1743912007450004	0.2813489953740851	0.2795588697567647	0.2747631206561333	0.008240109396251688	0.298304199528541	0.0151363796965759	0.1458669514910038	0.168065203346518	0.04344106526927174	0.2696410803215569	0.04381769969176046	0.09506803446870767	0.04399442597944472	0.02983704172226359	0.01976777382883475	0.120794958957701	0.07376902860998076	0.0988842933022691	0.03257408135743156	0.01373626099607325	0.01529559369931489	0.0133399391279415	0.001535948653699131	0.002515546434665532	0.0009693050273934143	0.0009276103660143635	0.00133303765482188	0.003288421494802704	0.24195888947815	0.2325405100714963	0.08965459602056239	0.06186424811200984	0.01536012836061719	0.01478143163466633	0.04551358419225581	0.04213426548023918	0.07568347793550581	0.005743682509381431	0.0147199816409903	0.0006667241049519724	0.05565987773473278	0.04274327273248032	0.1623612688199265	0.06906920969124182	0.08092539346564451	0.09374406419572434	0.002201157296624727	0.1653643482014599	0.00512161254226281	0.04618072328211095	0.06693703752012138	0.12811642817238	0.181397996123387	0.09903629662159545	0.1964562392495661	0.08577152201427495	0.2260349555661916	0.1675716663206382	0.006520255671462772	0.02142703446174163	0.08795602030444695	0.02366273808185978	0.004383762951770883	0.002783685673666857	0.00320246704018994
0.5640558844730551	0.01836628600579676	0.04055815559488421	0.006366966400968838	0.006688676537283573	0.01172389805296946	0.008191265485086188	0.01174307203885411	0.009041306702046156	0.1161657252525969	0.09152101421717782	0.04320330733368463	0.04002128413778023	0.1663208013697625	0.1995210389663809	0.02860995557856516	0.007545413482436703	0.00947781775294654	0.006175982516960624	0.3122903882561556	0.2096973122280933	0.174782681967291	0.2881792013626927	0.2846196646991736	0.278727287198682	0.008614097994662754	0.284907307627777	0.01573856853005642	0.1462660335752238	0.1676926545763945	0.03691154376790361	0.2537970173899442	0.03731412684979105	0.09375065079780602	0.03985676706999482	0.02819380443786235	0.01867690646828587	0.1292997921903536	0.07414792312479404	0.08772866752765374	0.03366700419986524	0.01366510470875592	0.01549196876827454	0.0131665682665062	0.002304648166892154	0.003864785199260673	0.001435125609418823	0.001402972884255632	0.002015210383840501	0.003625861188004979	0.2254749739486225	0.2175473006011568	0.09237170345038365	0.06434700615935923	0.01800547618316618	0.0173983552092148	0.0518064980337125	0.05081135855698683	0.07321589594625248	0.005567453297174549	0.01398751264528706	0.000734915133797469	0.06730393761560406	0.0505502026923081	0.1610677337465138	0.08127570150989208	0.09319538510669677	0.1055660139533836	0.002480843124278964	0.1767442518337792	0.00547285776175967	0.05130413525700087	0.07258336244767259	0.1238130976251272	0.1918595689597724	0.09573185842970855	0.1944689180567478	0.0831230090303606	0.2121816485309881	0.157622827332727	0.01072570136190889	0.02320612697960404	0.08816767028929436	0.02789730690716609	0.004840225529366012	0.00330427489511227	0.003573530482440739
0.5784312594138308	0.01942078684390135	0.04286606316100537	0.006654186063786204	0.006916183976388685	0.01241427293427488	0.008697039688824501	0.01323873803332139	0.01028768276692803	0.1058318203548297	0.08302085315376602	0.04330649126849639	0.04029312115112248	0.1735078521700112	0.2082938669754674	0.02583957707400056	0.007670366042757539	0.009700166270031974	0.006324249589157676	0.3155622253396804	0.2103150338484698	0.1745247483911366	0.2899904315117315	0.2855808719142441	0.2792384108371965	0.009089248077718472	0.2756267528999202	0.01644836493965374	0.147598221182531	0.1681138722399644	0.03313335991283714	0.2428506194560044	0.03356423887549684	0.09381013806617311	0.037680074162006	0.02959368210496871	0.01964895910948765	0.1377921085412679	0.0751817373432009	0.08090839973154242	0.03416362931482517	0.01413009005271405	0.01616696229532207	0.01358148064182505	0.002729547035937854	0.003913070015521408	0.003020441737190741	0.002809479954760903	0.003062134438537448	0.004833448533027361	0.2118836758775121	0.1993402653383446	0.1094933658622893	0.07939888574195435	0.01546396911156385	0.01509789055058376	0.04276654528596736	0.04111077793864407	0.07110692827336217	0.01347913058513366	0.02378577000054881	0.00925798221997739	0.05868809742661872	0.05656103168749657	0.165590114432349	0.07620737257297065	0.0910143707927452	0.1050416733714606	0.00321822461340145	0.187435629572957	0.00588999346149276	0.05472742152438373	0.07441709537682854	0.1189152168628139	0.2037998972035908	0.09268043956143972	0.1812980054169866	0.07949494375223974	0.1939474152795337	0.1432835655160254	0.00962514044368289	0.02244801929109452	0.09936944036150848	0.02463590114613984	0.01394840698532135	0.01277643161476943	0.01331146997242748
0.5823999999999999	0.01963209340900229	0.04351609959594607	0.006922127073093113	0.007187072535882459	0.01264923539647826	0.00896309970349291	0.01799143250962689	0.01378417854116344	0.1030621063355481	0.08076145146050598	0.04350141074545921	0.04051003807337104	0.1748681329277645	0.2101488425660303	0.02528651629067027	0.008954573376367531	0.01149291172363501	0.007464205278250631	0.3176443210129076	0.213266183900524	0.17962463668519	0.2916539530400769	0.2870102810653908	0.2806052315378782	0.009345830128574656	0.2702546115622858	0.01672122198624033	0.1479368849196111	0.1681143781956012	0.03219389920550954	0.2369961074144586	0.03272187222208869	0.09477123084854647	0.03698721567773462	0.03387080032887187	0.02247288247162232	0.1396735321416588	0.07476578557649506	0.0791622828509146	0.03441898713740826	0.01548410458828614	0.01741916107772109	0.01503681945609306	0.001597886017153782	0.002308513965147632	0.001645497797869509	0.001519217109747024	0.001714343418574291	0.003686779206028627	0.231149515002768	0.2191842023729335	0.09169575146967017	0.06451570801277472	0.0117778829737013	0.01135308425376257	0.03727990092823576	0.03290117321411646	0.07190664110411536	0.009363682655068532	0.0190712388799245	0.004735338353877922	0.04286330872469355	0.03901871203476773	0.1561574918251243	0.05686240420376537	0.06944186242209421	0.08260895830910615	0.002442861545869708	0.156913589895773	0.005076240973206049	0.04412957976214545	0.0628371274440737	0.1211419959916177	0.1728617517036387	0.09399024894801972	0.1807348047028612	0.08092048119512393	0.2124811805519318	0.1569157552026465	0.005338959732551774	0.01966350534450852	0.08854365876477215	0.01833564133456263	0.008441796402304438	0.007131913171586473	0.007654822548574346
0.5919128561131139	0.02040159638594472	0.04493532609220672	0.006721914809575928	0.006845217417782812	0.01301333720249683	0.009078594651838431	0.01147089887114069	0.009130097790398521	0.0951633241574045	0.07462460683014871	0.04109281118648949	0.03856234509589553	0.1788722886358511	0.2142431654286871	0.02308160058841009	0.006727810466839423	0.008473806695367096	0.005545060218306176	0.3038919043458121	0.198410993885764	0.1617642121526858	0.2782876794769958	0.2738770180047985	0.2677232349552531	0.009410366777997997	0.2646038628190052	0.01696130490443366	0.1468243647866235	0.165521904680671	0.02954713179030666	0.2312661558692699	0.02992262413326818	0.0908521192813197	0.03572207656743298	0.02700901398838566	0.01799382896046975	0.1465372115102596	0.07637973654781818	0.07429661171444542	0.0331848591363568	0.01350304640243187	0.01590985152910451	0.01281634005907261	0.0006333668927968293	0.0007687919950380182	0.0007387261757748839	0.0006435418341323946	0.0006982504124928236	0.003003599845704445	0.2233679627693611	0.2132555735508173	0.09539985777431276	0.06710118497795382	0.01013939190551516	0.00970885724728902	0.03080312729757944	0.02523568166157538	0.07263267809503078	0.007152524087722312	0.01620051177024647	0.002586785489383745	0.03455744498114544	0.0308020751596984	0.1438187835872401	0.04888167374058922	0.06205875794757794	0.07553613221135856	0.00182204810719718	0.164027950506902	0.004389500206770972	0.0416656537607046	0.0607629083565879	0.122645407814291	0.1812356641463908	0.09498879892677589	0.1777797912439106	0.08161371991459852	0.2057810547035763	0.1520556072378482	0.0008812732722410375	0.01888042546664642	0.09026294434667786	0.01557982485074336	0.00626538124224294	0.004536792459461063	0.005259106826257699
0.6088558844730551	0.02152790082769513	0.04782087762949864	0.006498142163487737	0.006423723564607581	0.01357078970901989	0.009684113844020537	0.01210536894288687	0.01107058007443199	0.085496301634783	0.06703337360863228	0.03793669526297134	0.03600742090546207	0.185581543999961	0.2209702810148917	0.0222789372630398	0.003974387920356383	0.005130862756914453	0.003409195661854473	0.2858398347639735	0.1787379032716886	0.1421395231772826	0.2607706050938388	0.2567469279722373	0.2510218414294205	0.009782571807237652	0.2581664515313604	0.01766070285586637	0.1463757659017746	0.1632716797981383	0.02890147191406534	0.2247195569472467	0.02897653718866534	0.09050620956621445	0.03603068327430876	0.02734708767699909	0.01863208905105568	0.1563369529752662	0.07891422208007902	0.06907307619175984	0.03158864753499817	0.01093784517260562	0.01398004961876338	0.009928995225854957	0.00135624265650503	0.001552782014052467	0.002204919591217771	0.001983194122493501	0.001863353386468782	0.00393927844618773	0.2281597311826568	0.2121993196473576	0.08845256384829475	0.06304710170311907	0.005024824150824072	0.004799332400205645	0.02385087677785068	0.01682613738671056	0.06782647806586553	0.01340942548955905	0.02420221599107776	0.00919376192072504	0.01793756322478711	0.02694599435845133	0.1463922818288785	0.0315104030463519	0.04440668716315808	0.05795406771817001	0.002588646954999973	0.1333081941133099	0.0048339907041184	0.03762613719715613	0.05312939511589844	0.1137020660763774	0.1490997605162544	0.08860282031315012	0.1602409077304312	0.07567287513977468	0.2045603474988977	0.1500440696240581	0.002420782578223159	0.0163070621897717	0.08623973797268675	0.007964126476173292	0.01254339916984794	0.01163151735598012	0.01228880439422032
0.6232312594138308	0.02203414084035369	0.04967611071578421	0.00627656920110546	0.006048687304758371	0.01380212192147372	0.01021816667242068	0.01757651474804563	0.0167535105703739	0.08120224036172492	0.06385476866071858	0.03480501503713126	0.03337130972955939	0.1880863043646108	0.2226395857940743	0.02350750631924058	0.002200814297900732	0.003209236420268628	0.002169273898457366	0.2666040911705653	0.1606836458366701	0.1274957465177996	0.2428529733866371	0.2396740720117627	0.2346880007025145	0.01005994771331742	0.2539735533031185	0.01811308653860797	0.1451840968321913	0.1606823834414277	0.03087313370053867	0.221310870548804	0.03068243196825655	0.09183904787788608	0.03776523640738289	0.03221987773443876	0.02230799484553793	0.1612813545267875	0.08029588161581527	0.06759540965529572	0.02978689481478174	0.009114348601982455	0.01255230816553632	0.00790244686217248	0.002826746354367422	0.00314482123310243	0.005004085365018658	0.00453799853495386	0.004122090942366821	0.006105494022343638	0.2483343736839002	0.2230727590174431	0.09629101597340269	0.07095660753233826	0.005153088119329705	0.005178176761142588	0.02364865718092527	0.01638257379082274	0.06757667387742143	0.02561355764403246	0.04008828201340229	0.02153597403859059	0.02119220783758002	0.04658981957028918	0.1822284307945193	0.03740931174382605	0.05186813221534305	0.06682079573214712	0.004233424240612434	0.1221496488009952	0.006250319612318656	0.04150871289481151	0.05468163135612423	0.1115661628478419	0.1377914172629846	0.08795734771310176	0.160070562164962	0.07428087571106649	0.2161069125100428	0.157489684064859	0.005479828310145917	0.01555974684564478	0.09453424470521457	0.009222886780373533	0.02513864096791118	0.02528782150166981	0.02598866724169578
0.6272	0.02200370837856008	0.05021477839630272	0.006556278197936937	0.006323550147502954	0.01393127470596159	0.01059886215942425	0.02709014034011802	0.02415916886718861	0.08493570417371202	0.06709939422892973	0.03428241427823884	0.03292768585464199	0.1877833496358681	0.2220242537226647	0.02563031341619113	0.004007482397241947	0.005858481763043425	0.003843207347780935	0.2635299237779055	0.1609060761681298	0.1333394267934699	0.240542700996876	0.238029452628682	0.2335915874252791	0.01036618074102914	0.2540085937719998	0.01841387819514491	0.1462656443187843	0.1615556749314126	0.03349313764919028	0.2217948200938328	0.0333775794529061	0.09499393710256557	0.03948980133067005	0.04076190330898451	0.02805416494845764	0.1615692640513193	0.08026634845711123	0.07094044572956403	0.02951299236788664	0.01085002494782414	0.01409474426764583	0.00979314412239443	0.003283315617396621	0.003718268794679137	0.005753405004897343	0.005229745981656333	0.004768761383707347	0.00660744444263508	0.2403792075002008	0.213333820922188	0.09788488687982438	0.07298209308251959	0.003332085920955859	0.003451403592308209	0.02095886676329296	0.01371505077448606	0.06480617640661292	0.02834247669453143	0.04334568770572327	0.02458454886713018	0.01581686224331397	0.04635620848119153	0.1798069552320421	0.03246394842922402	0.04737894357802912	0.06249945957217908	0.004600473213130635	0.1183738321245313	0.006482774259924742	0.04208556115985771	0.05402373816282011	0.1064265630929589	0.1335536855465969	0.08424295105977882	0.150248535696086	0.07084674874323033	0.2065193370004601	0.1499860163112505	0.006855630886443078	0.01514592868690379	0.09502224231579774	0.006581233051042291	0.0283081578905435	0.02874276553597824	0.02942724279574714
0.636712856113114	0.02212142783776082	0.04954728429408534	0.006082299621761366	0.005680697678057244	0.01386821919832328	0.01004384288670335	0.01079606898725193	0.01110690856884408	0.08074022744525289	0.06445964706126817	0.0298047697776642	0.02911548076765556	0.1855513248156896	0.2184091007388296	0.02292875974752661	0.001151446452018865	0.001636408902752888	0.001159271447760029	0.2353958893623118	0.1358252639267058	0.10318279775312	0.2146919821426488	0.2134865932191469	0.2100175953554996	0.009891581784318289	0.2489187103628513	0.01787222802814244	0.1418443653501881	0.1550747945604144	0.03026791541257665	0.2183373841244868	0.03003782308814799	0.08456738669885387	0.03763962626879738	0.02319086217527865	0.01617728444675914	0.1641519211070538	0.08095904621398485	0.06834260470404838	0.02676500524772007	0.008179834026978378	0.01186838339850134	0.006881621191870484	0.003735464791198902	0.004091909586315212	0.006786367292761231	0.006157936037106725	0.005545540515936107	0.007633768847177492	0.2590432996149013	0.2283676903433202	0.1139883342346166	0.08570236194363678	0.004685350684764632	0.004869753674631488	0.02236715794097235	0.01477566565365907	0.0708242706633086	0.03348581931857986	0.05046254207269746	0.02950737604974843	0.02111992380338505	0.05762267885530487	0.2029647236771537	0.0408598761635815	0.05813385123317721	0.07516680985481727	0.005281747475325846	0.1374430344417685	0.007272869880207482	0.04834641269696944	0.06140672775101308	0.115869167043772	0.1545737363187032	0.09195470565399816	0.164324912111174	0.07703257794984975	0.2212323275254318	0.160538551409793	0.00716594071799723	0.01672130655448803	0.1085741764348986	0.009122596460761358	0.03382568697200308	0.03437297164097166	0.03521755221660435
0.6536558844730551	0.02204336919313061	0.04918028097214865	0.005944527851760753	0.005366488459034085	0.01388611456182645	0.009888010647246892	0.006172361389981638	0.006999943149447337	0.0819593117747127	0.06657702887169202	0.02427705857451817	0.02438697879721756	0.181515069434122	0.2122831777952249	0.02298016701873484	0.0007270020309247862	0.0009309790765069883	0.0006967718376419265	0.2006368239651701	0.1095022783342565	0.07929343998401472	0.1835643854759407	0.1847200974509668	0.1830726321453954	0.00973576041303976	0.2432151930397102	0.01758415643904867	0.1380717902763482	0.1488483893249031	0.03042955194661781	0.2151882819234119	0.03019894075592731	0.07732192696806546	0.03793497219864126	0.01578937029331296	0.0111068639054237	0.1660572185390674	0.0812355230211274	0.07044636711982827	0.02338051247134585	0.007818173519862234	0.01166495392518138	0.006498845986523459	0.004526255100358576	0.00495574567329053	0.008212930403933155	0.007473075223423622	0.006700683039517924	0.008368811932020052	0.2863112487369509	0.2497567881571601	0.07953464995422901	0.06011977819876643	0.0143971657831952	0.01462531285228798	0.0354756524104349	0.03013771962149889	0.06245942851751609	0.0399814147885264	0.0585444160187894	0.03565817123419856	0.0572998570548529	0.09463891481403169	0.2539657758098126	0.07370843814452062	0.08561543911947254	0.09927393079802162	0.00622483585785328	0.06969129143897136	0.007816488272680772	0.03944277164983166	0.04857272747293748	0.1010766362686258	0.08200586371164505	0.08094496050629497	0.1693080211493166	0.06769931531701502	0.2462527872499335	0.1794052936120059	0.008909061036333763	0.0119250385215381	0.08736545937450313	0.02534332054702564	0.03833026621137602	0.04024773390216717	0.04079298666641554
0.6680312594138309	0.02135856783215264	0.04764093222171344	0.005714933750412004	0.005009735572004349	0.01353300413700688	0.009539176714119028	0.003178513836285233	0.004162064155817243	0.09038512139768336	0.07456500918374996	0.01907846368367229	0.01983467674532161	0.1736756906601409	0.2015430323037312	0.0252454813573738	0.0006634269420116332	0.0007391810900868169	0.000555610383715669	0.1664717053435362	0.08525709736937385	0.05902215808157067	0.1537594317548383	0.1577484517843258	0.1581640561717351	0.009388199734885236	0.244124903514699	0.01698485167610085	0.1342895636027904	0.1433507666746219	0.03354019488657219	0.2195081114545349	0.03330751914714596	0.07150678483489634	0.03999777850962379	0.01011285130430795	0.007187826464453204	0.1629599729031637	0.08099508503263354	0.07742449930504652	0.01995729941184294	0.007599986091276023	0.01142714191396802	0.006323922479971456	0.00668329625164977	0.007258613579108107	0.01229775772416739	0.01120188694677919	0.009995347533959404	0.01146286276425832	0.2964909619716075	0.2484672731415416	0.09189051231477828	0.0728411536744705	0.02028645011192408	0.02084788024593735	0.0403565884458597	0.03710597636697357	0.05859617116419058	0.05755580045164341	0.08072285326611288	0.05364286624143571	0.08242121879846721	0.1392524628773751	0.3114968399545581	0.103541682567626	0.1172986076675141	0.1320617915073035	0.008573078593941724	0.0615296367053321	0.009741377031630883	0.04721329086968431	0.05335724389616806	0.09190352402436729	0.07300563980011159	0.07533398038597196	0.169104727183409	0.06165498573898091	0.2476881218888322	0.1795642578629858	0.01330776167536663	0.01098215026627741	0.0981325130837741	0.03641411762683263	0.05674199636623816	0.06016132870962112	0.06078742186648227
0.672	0.02104837956169387	0.04770804206926906	0.006063454629607989	0.00542073093480296	0.01351655529328379	0.009904483137221145	0.01588437259836797	0.01402660374908813	0.09516381220069174	0.07840131431184189	0.01993757451798912	0.02052928932805466	0.1721809448043597	0.199925070562884	0.02779805806072886	0.003238095385741436	0.004470620285265443	0.002918785667367646	0.1715525878905685	0.09315480998937042	0.07344950802528545	0.1589732275852749	0.1631584619024636	0.1637706696645949	0.009685707897694037	0.2445688387464914	0.01721458564225642	0.1355443374275056	0.1450731085163404	0.03662544727387027	0.2201156927377607	0.0365144516330813	0.07665214336498459	0.04177167838521717	0.02228159434127993	0.01535391351035673	0.1604971242384336	0.08002122448881574	0.08110238329593934	0.02043563151304556	0.009993931627133685	0.01345139999324522	0.008954595090343208	0.00706410428298394	0.007798960250924386	0.01274421203135647	0.01162166746060289	0.0104388988078113	0.01184345428803087	0.2896670235348154	0.2417063237474065	0.09810355818437654	0.07800719092038101	0.02259692488633349	0.02316528588877653	0.04350719892002471	0.04151018005731515	0.05839174768451023	0.05886678732984423	0.08217668584947899	0.05506594901790111	0.09154335217663359	0.1479908413519369	0.3170846062557952	0.1139862550904403	0.1284255892275043	0.1433851568177244	0.00883331414194231	0.07342210105160631	0.01002471744831369	0.05124745469532742	0.05793482404721341	0.091263309464961	0.08502330875233823	0.07496975947493166	0.1711318671721053	0.06126145187365969	0.2415946789005207	0.1752050267170011	0.01475492820712442	0.01205459698786225	0.1018900370687158	0.04024755467989873	0.05850442260780846	0.06195409508898249	0.06258564177349921
0.6815128561131141	0.02055781395559833	0.04598697347983135	0.005471762106071832	0.004667647938405543	0.01309707807342023	0.009206812506109933	0.001847488107347387	0.002790696940420797	0.100966946351525	0.08418307790033444	0.01455147992472158	0.01583147188432532	0.1656193069167702	0.1905900126013196	0.02840111854489257	0.0006741226013814202	0.000709538102587174	0.0005164780722853028	0.1361602784026521	0.06417848265649781	0.04235037197465852	0.1276350863235924	0.134368866468002	0.1367395587469636	0.009038449612351507	0.2481952738212058	0.0163881906884314	0.131202300859727	0.1390451213516815	0.03784527481181407	0.2269404288409584	0.03759179938291757	0.06741738286186995	0.04282822010347866	0.006468942188057751	0.004674171204383566	0.1585953178752247	0.08079677321620846	0.08582739661034092	0.01688952173710266	0.00738397362217918	0.01114365108684871	0.006160507390548301	0.007881236239877343	0.008588046840556517	0.01439519471024806	0.01312352980010146	0.0117317040499884	0.01305324835139951	0.290479339501397	0.2384020661746934	0.1006182952107263	0.08139719602003719	0.02878899512980601	0.02946920196719498	0.04914984954043925	0.04915951528816092	0.05532622665435762	0.06620661618631854	0.09118767957243126	0.06255558171652013	0.11506771834254	0.1770160326889713	0.3490600377233006	0.1395431358883771	0.1540526158043185	0.1687847558226618	0.009781610475849096	0.0684456893249569	0.0107429605839577	0.05431692491822105	0.05986184388062281	0.08494416196951907	0.07921978805887354	0.07069865057951383	0.1740226791982075	0.05711300990373609	0.2404306207807037	0.1743833466067482	0.01603891752788724	0.01128823962442899	0.1041592613074697	0.05090585515944032	0.06601550665204675	0.07012207343476502	0.07079166578149951
0.6984558844730551	0.01962537503403586	0.04408423789731235	0.005841862366614059	0.004992371422164589	0.01287450974826662	0.009002431278476532	0.006307500260266123	0.004493240573758839	0.1203985525172602	0.1013815336459729	0.01046392220363777	0.01223562660589225	0.1564918147785608	0.178716659982164	0.03312866317123461	0.004463155488372813	0.005580439489445855	0.003593086743039727	0.1093644800991693	0.0514336995020045	0.03854477733800152	0.1057623402726729	0.1161065612490877	0.1210596641446831	0.008947500499679746	0.2558367807012612	0.01596001806042475	0.1310204860263996	0.1377627511298803	0.0436977504993851	0.2382075667911958	0.04375968891737952	0.06445007601532794	0.04660590695559831	0.007001662729732811	0.004587116007636819	0.1538579488013405	0.08052110875415087	0.1006472531758621	0.01420006588863712	0.01104986904758348	0.01426749142367047	0.01023072225579344	0.009667742389021728	0.01077456711278439	0.01722780736009347	0.01573675202547101	0.01418449353830037	0.01517489968483029	0.2802628749366462	0.2225705915565623	0.1112487194232728	0.09199542726712713	0.03575024692530669	0.03661585263508908	0.05718446496151834	0.06064348260295558	0.05045255614694551	0.0770975501261435	0.1044010631552521	0.07392944172436491	0.1437194401094704	0.2144581682965653	0.3855426423773382	0.1719062808078342	0.187624869532814	0.2025704207580762	0.01139408609311904	0.07412630584248917	0.0121017023334014	0.06307875151004	0.06724345830696818	0.074908786377447	0.08376280916560409	0.06389361059644043	0.1725774887693606	0.05058378269484991	0.2274890507944526	0.164631773611374	0.02110085526901916	0.01183848380568494	0.1112358715405799	0.06312067227503351	0.07794047875036407	0.0829908635648684	0.08364379404286261
0.712831259413831	0.01853540253920464	0.04190486237322944	0.005577142691383401	0.004716358003181653	0.01222786703458366	0.008601725300412264	0.006976486854236338	0.004875097741712573	0.1324303236008178	0.1117402146412306	0.008068388482354708	0.01000061925841227	0.1477761172583758	0.1674801571873101	0.0368470321581166	0.00467712087437046	0.005881362040728308	0.003767462389062086	0.09169075093558784	0.04058546574889645	0.03165805919199319	0.09118941929934578	0.1035023886404074	0.1097812548867373	0.008531621926056785	0.2631563269284761	0.01526823427218471	0.1286372743870325	0.135313331908234	0.04872780658614441	0.248328941166278	0.0487648764560898	0.06316199191156677	0.04969153615702111	0.006452389703997651	0.004188008057828128	0.1461851991590024	0.07963209592876933	0.1094369194325513	0.01230901390992366	0.01090305687544262	0.01392056912588513	0.01016635985775673	0.01103928633947809	0.01252484528422988	0.01926452753154443	0.01762398301559188	0.0159980100283269	0.01670278314593661	0.2722597434566432	0.2108912151870317	0.1184275278487292	0.09921219170914342	0.04153658808712801	0.04251780811162133	0.06462916383587572	0.07097155722705752	0.04685996886359813	0.08461857320356368	0.1134655325565657	0.08178027156182015	0.1673708650199744	0.2430973727328024	0.4127738946332415	0.1981706427318854	0.2146063576983132	0.2295594035742269	0.01256951447010399	0.07925982167062463	0.01312313646052401	0.0699866146388389	0.07335134540235337	0.06758041811847044	0.08790303085781545	0.05888633992234475	0.1727736157881036	0.04586545348081126	0.2180923174893992	0.1576555783547237	0.02533929699807334	0.0125227081439979	0.1159051798707606	0.07312228383795766	0.08620548526635746	0.09193177037831902	0.09254124362364735
0.7168000000000001	0.01756947699081824	0.04079833573465466	0.005757239122027732	0.005062646527438108	0.01173963997335109	0.008804625385311935	0.02309768512164237	0.01789074761942747	0.137980512241615	0.1156637817788784	0.01097188751436512	0.01231788396706972	0.1430385848343161	0.1624905272441092	0.040245233076207	0.007166942212531847	0.009654662587574029	0.006156904727222053	0.1078723456467934	0.05779329926149624	0.0557646437451601	0.1065559038075275	0.1181846091166409	0.1239734291002404	0.008628440837930233	0.2647685697011281	0.01517323359896683	0.1287662069888538	0.1371596361788598	0.05297720347827631	0.2499399285362205	0.05308248181011391	0.07134363399372667	0.05175624175947011	0.0233249425801512	0.01562689186743495	0.1373963307433225	0.0768510976452076	0.1128646709366808	0.01374610471804138	0.01290742200410422	0.01538472976358303	0.01242967165758089	0.01134028162627036	0.0129099470867723	0.01970487291347963	0.01803196297893023	0.01639206029350029	0.017052584417087	0.2721681685013972	0.2099826624150682	0.1206956229581072	0.1012701396982407	0.04305531285962792	0.04405559501117103	0.06671761778172795	0.07370259668661851	0.04664087799821629	0.08627023379118325	0.1155047147027191	0.08346356249863832	0.1734244057517738	0.2500040581819044	0.4201511296001702	0.2049128401070091	0.2215843327047069	0.2366200198780291	0.0128359918866625	0.0818540882351661	0.01337797189590275	0.07186784491391943	0.07524242754763809	0.0669401517749658	0.09040531574063655	0.05853219083659104	0.1744912261804332	0.0454768974089417	0.217661316398452	0.1573529721296174	0.02626817878064455	0.01283748894221242	0.117585803541339	0.07570681620780359	0.08800614627881759	0.09386232381420875	0.09446737877553039
0.7263128561131141	0.0145513024130282	0.03349520033952319	0.003842512289261397	0.003129867092419197	0.009342457263420902	0.006752232209784318	0.001795721191290132	0.002459768301684379	0.145583018946365	0.1221510048806747	0.006266776881535671	0.007710858608300496	0.1194393594825202	0.1329720692799848	0.04213004983853626	0.0005425148630842565	0.0005788961317369428	0.0003668902772385169	0.06959732050622813	0.02554844879648543	0.01803989499672921	0.07298399897759868	0.08641417932408281	0.0932354688660853	0.006552844871367054	0.2693902616361751	0.01232372570594627	0.1141642857935949	0.1227114360587614	0.0565834836817591	0.2602506423360642	0.0561639732685042	0.05998845616815243	0.05301399384299567	0.002881904875458848	0.002194916654328707	0.1138354848219578	0.07199022565844061	0.1167299056895289	0.009418422010494169	0.005239302271280763	0.007940368223541832	0.004355162142996901	0.01165275868495796	0.01320490910576627	0.02032482275460181	0.0185964135275942	0.01687925287828211	0.0174727753516889	0.2616397710663948	0.1988857521906627	0.1229170057742816	0.1037834530904539	0.04697141318447608	0.04801037497512121	0.06985977524385488	0.07849289422704583	0.04374220469295725	0.08885302879563414	0.118334208117341	0.08625681109371824	0.1879863901868842	0.2653473048554395	0.4308963675051913	0.2206487461253066	0.2373518154294701	0.2519969045221915	0.0131516452487222	0.08451427534783407	0.01355951503636133	0.07397166173712078	0.07700494466091282	0.06154644491595526	0.0925576564746608	0.05460158249943667	0.1733310465915466	0.04189284775194243	0.2079593737374696	0.1504127634881251	0.02675947966334758	0.01264004475477165	0.1182270910738661	0.08229732105886399	0.09088339382619824	0.09694750920613927	0.09757993649036162
0.7432558844730551	0.008859479537857219	0.02191076375453494	0.002369826547065039	0.001928556511968577	0.005692564364327292	0.004656266116274805	0.01007174216502675	0.00956653325522154	0.1605625389491842	0.1341534453013007	0.004063772890943856	0.004836722867306904	0.07790337616958981	0.08345112344817482	0.0484021362245883	0.0006096368655443061	0.001055527447941467	0.0006277349463110835	0.04217052453325783	0.01563885552658956	0.01916939023540687	0.05075200801849692	0.06562365503446776	0.07345171338836103	0.004355249469213846	0.2603815272483434	0.008549872619978317	0.09320325494959018	0.1033468893662477	0.06518920206248577	0.2587856218641148	0.06462193826349052	0.05664355491960112	0.0553755434501387	0.01090502080689519	0.00774146762784818	0.06879651250863346	0.05802961895466494	0.1247677776613999	0.005772885639322619	0.003241998476849152	0.004812140701859185	0.002686179885060853	0.012003417026009	0.0135155559196751	0.02101385334441577	0.01922322323772468	0.01741706947673627	0.01794380052379837	0.248217659676617	0.185419019374143	0.1254235504220627	0.1066473752620105	0.05453763496783971	0.05559043748060033	0.07697752973014994	0.08845695363965286	0.04021891296994629	0.09177204617413802	0.1213893332378969	0.08936233006624986	0.2155697702116145	0.2913808163637635	0.4503529176279404	0.2499081185379787	0.266365446667908	0.2802264521975031	0.01351878586659228	0.09051553330207769	0.01377947080204627	0.07735213801063325	0.08044020129780102	0.05500037126806569	0.09783959154346063	0.04980724082844226	0.1764857570902734	0.0375774098049297	0.196797270257659	0.1427661359244977	0.0272235710270215	0.01260202830881157	0.1187821747144489	0.0948023750098185	0.09406945840531175	0.1003541524128759	0.1010228803403956
0.757631259413831	0.006744644691321266	0.01782355396988544	0.001843587876529898	0.001486867224822215	0.004356534117468566	0.003967861062958554	0.0147031662855531	0.01350247510476197	0.1749487603692917	0.1460492069313375	0.002773754308691843	0.003359215931829218	0.06278282450047085	0.06486113540272388	0.05358278251906782	0.0008023590871373176	0.001505733007890886	0.0008912443349400969	0.02885116786153439	0.009837676869853089	0.01912984736849256	0.04048586112709279	0.05692892024169977	0.06575978319552098	0.003601154368208946	0.2678276234801529	0.007280802237185228	0.08800588498573995	0.09909510502742007	0.07222154568695553	0.2697379505130788	0.07157019146523111	0.05745826305221997	0.05913247274837124	0.01514303865589225	0.01066942578435837	0.05225955404010966	0.05454204898848986	0.134495727527869	0.004124510891575497	0.002642871318499189	0.003780797750967105	0.002219320070153703	0.01199454034625764	0.01346622121817395	0.02096926631021492	0.01918277495811522	0.01737695929283046	0.01788023426206681	0.2404547041595142	0.1793323001358111	0.1237897894040334	0.1055574989373796	0.06198198605558882	0.06296829615938233	0.08517802924867733	0.09916450803648205	0.03835928478978309	0.09159275935826185	0.1206881668798315	0.08913897132837741	0.2419969694959211	0.3118613818705386	0.4653933391493202	0.2769287154294267	0.2924757463905779	0.3052681094558493	0.01351116046399346	0.09517170819055375	0.01374170804405674	0.0791340420139998	0.08298068242634904	0.0517874101909227	0.1018369464833997	0.04730644823911131	0.1842355912782069	0.03552756254937615	0.1926083048033431	0.1405067272855733	0.02705498726828916	0.01276422114289995	0.1168033646821752	0.1067964614435501	0.09375407373671912	0.1000301715362632	0.1006963247853542
0.7616000000000002	0.006219052096991088	0.01607251804249182	0.002886142313766351	0.00263680912641553	0.004568274813308078	0.003733592696517647	0.01748498007968262	0.01224029828386977	0.1884192945909746	0.1578056963876983	0.003184537901449486	0.003742077083840643	0.05784663230275748	0.06001573066961795	0.05407538534952481	0.007597958668475366	0.009981466988460818	0.006288581571930389	0.03248351296989051	0.02352939555137274	0.03807643617619506	0.04556985061473623	0.0634604813751664	0.07335870436911536	0.003748552790186987	0.2692103828800677	0.007097292129497093	0.09071458290372196	0.1016230072357923	0.07183147179827797	0.2718431441155136	0.07188993210319995	0.05427819155191903	0.05844815032120969	0.01465033206122353	0.009431647491224431	0.04960478938434327	0.05306746494694802	0.1436435519923772	0.004491461205657068	0.00968589079933917	0.009910953366003741	0.009927456619824198	0.01200787751951018	0.0135577880360534	0.02083518737908392	0.01906839043349088	0.01731692047673019	0.0177609248170773	0.2327024277467285	0.1728524739966409	0.123997150648765	0.105728055384563	0.0630826130592947	0.06404341047523936	0.08670530484662087	0.1014323186816226	0.03737653661109076	0.09060858685315745	0.1192105249138983	0.08823171859129843	0.2460757776872051	0.3135773090118083	0.4625189782011343	0.2810465607948766	0.2964661647366159	0.3089590915527161	0.01342061852440477	0.09931951663891161	0.01366269376545644	0.07999347140901331	0.08413783603797213	0.05020814825826605	0.1057708236540819	0.04601753415737905	0.1833921131762091	0.03450505073052838	0.1864953944120439	0.1362042805290281	0.02748415304339115	0.01312729592812529	0.1161002694601627	0.1084963670243896	0.09291044643830761	0.0991061719034954	0.09974990390600524
0.7711128561131142	0.005916354982916553	0.01519380553975995	0.001635073300546153	0.001315625575738303	0.003831845588943378	0.003088999175510065	0.001594868053392934	0.002014114602438427	0.1999647791063748	0.1670968763965317	0.002238009464258634	0.002778398348148928	0.05713433789363159	0.05749457851699374	0.05816329635068603	0.000681135474139558	0.0007594571075818427	0.0004169556293568594	0.02352892224665493	0.007538679005314661	0.01372735904498974	0.0381500452597777	0.0570570410217946	0.06720530946522497	0.002960403801295155	0.2974016649709996	0.006513154049368998	0.09176558526146601	0.1042687235891076	0.07840757169602948	0.3016553194064371	0.07782957554494628	0.05462650191398182	0.06363680687913799	0.001541653536765902	0.00117719988195442	0.04596852047067296	0.0571173157276873	0.1517406742231182	0.003479844535445515	0.002479496707867784	0.003438588724744089	0.002108903222038968	0.01145693091526087	0.01266698356863006	0.02024863984867727	0.01850879220672809	0.01668890174183759	0.01728043172280508	0.2298907181201288	0.1720859590861724	0.119794017678702	0.1022851672989659	0.06934902446031366	0.07022942599841327	0.09192651508950576	0.1080924111399488	0.03647094825894422	0.08913601669573204	0.1170395292819256	0.08659379276552656	0.2669113586219231	0.3284106899029914	0.4740925755288923	0.3018701861435919	0.3161089896084234	0.3275276089840409	0.01308750410516792	0.09916340380937289	0.01328043461558108	0.07872949532540358	0.08358659421193637	0.04886161222651122	0.1053494179624872	0.04483622865394082	0.1917213496188672	0.03359066046042324	0.1870606434769248	0.1374558439345104	0.02490836328773603	0.01243928755541689	0.1127458641577834	0.1184920082584438	0.09094710775713988	0.09699113414456852	0.0976981765298099
0.7880558844730552	0.006126854856364413	0.015782642183995	0.001711642706907869	0.001381015715988972	0.003976491438349918	0.003207453127739002	0.001586233301288339	0.001992364962945225	0.2133107621910679	0.1782474704154474	0.002322483277394813	0.002879332346186601	0.05952125043147895	0.05968981595727601	0.06197499088714751	0.0008109336121044389	0.0009097130885391466	0.0005076677465457621	0.02430840926074133	0.007923680229534625	0.01472113859445817	0.04002713227032464	0.06019989549226411	0.07103597534850915	0.00307972499006568	0.3161404821831506	0.006807954911299536	0.09705053168947669	0.110386872173836	0.08353557974459722	0.3208841837301207	0.08293020795551026	0.05778517176277258	0.06768054515015609	0.001470657072036391	0.001120873551931153	0.04760716834991715	0.06034954223529682	0.1617377171357813	0.003604256119748157	0.002676524451888179	0.003653107330897816	0.002300496974735908	0.01110608343868971	0.01214516136011805	0.01972547605240342	0.018023498769993	0.01620638715791306	0.01680250067351035	0.2179348496234404	0.1633245128750103	0.1139815207410144	0.09778122314791195	0.07836935321410571	0.07914061294961636	0.1011339213931629	0.120203200556012	0.03346030229089137	0.08722056961480698	0.1139486085575846	0.08460799763021336	0.2981861185226078	0.3505209383372165	0.4875038599924649	0.3331334572883752	0.3456750634885108	0.3553593332048157	0.01278765850713283	0.1008029884929976	0.01292071027394506	0.07873522216603204	0.08445420849902688	0.04394568035538694	0.1059980068098666	0.04087112882776794	0.1997414324481691	0.03040174772775786	0.1805799213754885	0.1338397330332174	0.02353830663336088	0.0120747258925608	0.1072884001566446	0.1328994887145444	0.08864952865051494	0.09457287314619309	0.09527952862844995
0.802431259413831	0.006356346304881451	0.01642744671596589	0.001922706069242086	0.001591632589514883	0.004191750788063414	0.003387704214955411	0.003310648058715502	0.003083090883985505	0.2247792148459265	0.187855629452619	0.002573544395950786	0.003137632829012886	0.06188106911813671	0.06208560367701601	0.06515186944388035	0.001700722664748258	0.002072800617505376	0.001243698793670229	0.02644382949699883	0.01037014383573994	0.01861389061458084	0.04300145985398282	0.06424284101603746	0.07568597652674912	0.003278016061684065	0.3309888177921805	0.007150816812838192	0.1020027312149142	0.1159896076660635	0.08768982469511452	0.3359971272536659	0.08712919434259392	0.06080768602185117	0.07095256289679193	0.002861683210985449	0.001985516293285357	0.04950413925094044	0.06297194511949615	0.1703660360238609	0.003872871267401917	0.003661097456567665	0.004570462960958499	0.003347931378422964	0.01117318630227983	0.01240253665617659	0.01941829476293676	0.0177650735544208	0.01608062097447346	0.01650925221237934	0.2081726194987364	0.1564988800993381	0.1079826304742161	0.09303224396839493	0.08564968026841055	0.08630773956785535	0.1111849795373615	0.1331184469700691	0.03093105630202224	0.08509186013274742	0.1107051902802498	0.08241109481547164	0.3244860643703755	0.3675953435602177	0.4969380311891217	0.359036915985023	0.3699854317085398	0.378116565021536	0.0126529897858932	0.1026459178250654	0.0128211261095409	0.08007599663584991	0.0866779356092276	0.03989626920730947	0.1065637020727803	0.03755732619908964	0.2066314378633304	0.02791879578380359	0.1756989273163126	0.1311975210321051	0.02463973637540173	0.01256379380044605	0.1019049504785527	0.1444368188904391	0.08628088281823727	0.09215061474317485	0.09274778561476434
0.8064000000000002	0.006623881536580076	0.01715058136921425	0.002869710676806046	0.002586903654216907	0.004768956926688854	0.003818382785875241	0.01279658122103042	0.008680010904113775	0.2320772212856046	0.1942327997488737	0.00326870325363931	0.003849434606924715	0.06355819206705875	0.06464032193273808	0.06624186510095229	0.006851133370917807	0.008825008484287866	0.005538648396735396	0.03290162681507426	0.02209995517943176	0.03647476009106351	0.04977358175796491	0.07177219872336646	0.08384255713551395	0.003853190279698908	0.3315841975612597	0.00770909118903998	0.1064648614175507	0.1202530310224561	0.08837307683116363	0.3362131052932005	0.08826563740785685	0.06287062499302853	0.07142562711002297	0.01018871060482419	0.006439335561052378	0.05253933401811619	0.0632468266243235	0.1759865355749183	0.004625059392519336	0.009073837714688567	0.00943176668157884	0.009212210059474424	0.01133787282018691	0.01280290472361165	0.01931413942875727	0.01769067750221694	0.01612580002018204	0.01644859346810378	0.2036914071040507	0.1532560551242523	0.1089381465079665	0.09360660467334925	0.08591559623627185	0.08653643590810543	0.1132422617325725	0.135775703179955	0.03103301392302078	0.08377895942087887	0.1089462143306639	0.08111984684481643	0.3260370997331182	0.3664288951360342	0.4926906677912763	0.3605232009592251	0.3715090045802302	0.3795572252482553	0.01261252178089238	0.1087588454046364	0.01286942634108552	0.08181391958912321	0.08897510011332832	0.04022024340048897	0.112545477904317	0.03770719312082204	0.2071386144251399	0.02821740471047612	0.1725266055155998	0.1289842755102889	0.02608365211137876	0.01352028660527449	0.1020394841538951	0.1447261610852136	0.08514778140382569	0.09092097553411656	0.09145436518116178
0.8159128561131141	0.006160661238550962	0.01607097693009267	0.00206130940656487	0.001751256679616479	0.004153308081459078	0.003347020354479487	0.004209179767883535	0.003317219723481254	0.2387254159198276	0.1995477030380452	0.002613328277385159	0.003148517232719417	0.06102832918648454	0.06067583760091471	0.06876695005338417	0.002796858084814421	0.003453759505232657	0.002116675768555951	0.02634378525479731	0.01226793600748493	0.02237051076698031	0.0442893771766887	0.06686911014587396	0.07908960160221021	0.003286904789895414	0.3465018855449756	0.007178135043560022	0.105762504065733	0.1205190509712872	0.09240983296833129	0.3524096747368969	0.09192033960482079	0.06288814493909774	0.07438651970404246	0.003235266717745459	0.002108330692319111	0.04813805683372481	0.06474715807318936	0.1805083378068599	0.003854949681348595	0.004740426754569891	0.005472973809855646	0.004535903703579565	0.01092420398100971	0.01224176170991734	0.01867816054067383	0.01710360766759153	0.01555685337970388	0.01586794523596161	0.1959045397783973	0.1480466875963718	0.1008082041602827	0.08714117445952239	0.09090387634575586	0.09144011360581997	0.1181609891160294	0.1422342547794145	0.02837684583394226	0.08135314069041355	0.1054325999724873	0.07863262999000231	0.3428957932257953	0.3764971643502851	0.4966141323630478	0.3764980610523421	0.3858113434459935	0.3923955356010477	0.01223736584691608	0.1032958917744966	0.01243730852759661	0.07965113338022158	0.08706681206089954	0.03604849996726752	0.1061228468239026	0.0342708039547498	0.2100454458404469	0.02550242027325839	0.1686314512159315	0.1268749283534613	0.02470300452569189	0.0127367880947277	0.09535444412896475	0.1525890475583286	0.08226190185249391	0.08792948013225381	0.08843633893315336
0.8328558844730553	0.005880617009938599	0.01549135661571772	0.002607807250898083	0.002355090846143368	0.004258549834247571	0.003371225331733716	0.008640190789158309	0.00530593878261381	0.2550617606633168	0.2133712566744768	0.002951294294532861	0.00343909411581831	0.05925220788464365	0.05858165190619712	0.072343081640751	0.006396658553857033	0.00807031774854	0.005048836772213358	0.028708915712648	0.01978949543590955	0.03440693537153394	0.04820259678174482	0.07236425820928213	0.08559595311143586	0.003454609301577883	0.3597360030170194	0.007273031476665881	0.1103325564913094	0.1257056645970271	0.09669343283002621	0.3665154659321888	0.09651286434397095	0.0648144862216625	0.0773480539591507	0.006069177307210014	0.003622067289214247	0.04656537484369114	0.06578838889749358	0.192313076433373	0.00409874287077798	0.008402291101111754	0.008645893546127097	0.008541170351766944	0.01091497442982039	0.01242584909895468	0.01823905119552653	0.0167251457620246	0.01532450385336863	0.0154453187574496	0.1834765210927966	0.1387457278110555	0.09371327408903656	0.08151721607269451	0.09607714381711024	0.09651236537010463	0.1255836719276583	0.1519748113814796	0.02526470615629248	0.07857845923366653	0.1013606504660749	0.07586937283605286	0.3616067447991721	0.3868144192320236	0.4980620806206127	0.3943593901305402	0.4020838161270574	0.4071420140884947	0.01199801018069905	0.1025267232281686	0.01221408398403911	0.07982066539662279	0.08776825299671114	0.0311119878183771	0.1040217542430275	0.03022600151689778	0.212192587843372	0.0224015927260014	0.1608574439767715	0.1219294944180006	0.02569303072119408	0.01296938206648005	0.08889865297281385	0.1606932218557515	0.07929728370354101	0.08488277551363058	0.08527016409476479
0.8472312594138312	0.006075756628856274	0.01594235509483754	0.003042369196999002	0.002827066194203508	0.004546539398050497	0.00355552648493595	0.01184328313438898	0.006991945023565397	0.2629659526866177	0.2199796576797987	0.003921152307232772	0.004330360727361112	0.06121447154297345	0.0611047830723331	0.07396491269801946	0.008603266350829081	0.01091847698071067	0.006861810193246319	0.03579441804766137	0.02790909658809435	0.04445313079151801	0.05540392693418855	0.08007743058372088	0.09360567744743158	0.003721675780380046	0.3677630092000396	0.007605939411264458	0.1145579338841462	0.1304356140558847	0.09853837612598623	0.3742634400265458	0.09854853164641869	0.06709108145258399	0.07879906773310937	0.008660348524916586	0.005144564087413847	0.04820111978289187	0.06708482902009037	0.198077406421432	0.004856881577671494	0.01075771305520212	0.01076128522732035	0.0110841903519531	0.01127742720131306	0.01331184823660416	0.01798136294414112	0.0165384151236573	0.01540559966429515	0.01521721388582254	0.1734057358453704	0.1315958905498464	0.08938450877140054	0.07787386299028592	0.09888670921649147	0.0992200615677543	0.1328805311245573	0.1612959704216673	0.02359136206223315	0.07554605352607918	0.09714600807777572	0.0728495246934074	0.3729768955519571	0.3902416251405492	0.4939453058156099	0.4048636617246964	0.4115707240432392	0.4156243704342363	0.01190127946511434	0.1066936615061076	0.01225555146445651	0.0820423752184143	0.09081740992682165	0.02865669082954965	0.1070126372840167	0.02808159932601748	0.2137966796317335	0.0210362209227001	0.1546145401270461	0.1178494330590251	0.02891481580994041	0.0143666751626932	0.08461754431933968	0.1649133293205515	0.07633656883795722	0.08183173564976315	0.0820239901150161
0.8512000000000002	0.006113438846775561	0.01613737779122792	0.003498995450938992	0.003345926737904546	0.004753714292535256	0.00374713070259612	0.01726267227178068	0.01043877053134181	0.2673922914955927	0.2235942049423028	0.005276173611614926	0.005527491669755872	0.06206194862939007	0.0626019240048051	0.07480459580093754	0.01117314807718093	0.01431382893155123	0.009023245760991188	0.04505834551391683	0.03843563200440316	0.05764318900476352	0.0642990982349155	0.08899329032460122	0.1025368594378966	0.00398468745227766	0.3701299003880658	0.007862734594006274	0.1173149834147611	0.133650096664998	0.09927589730001068	0.3761440442704124	0.09950211126066787	0.0694980028172256	0.07923176545490623	0.01355908494782939	0.008225733395141098	0.04845934847050692	0.06707375146921811	0.2011589063718547	0.00580089642404909	0.01340691116297273	0.01309182414320693	0.01396167963949304	0.01151234735337517	0.01384768367967992	0.01791278480251344	0.01650110966911687	0.01551136825764884	0.01521347097211111	0.1718875486090994	0.1310595480148514	0.09148523321996803	0.07923182741289619	0.09815610647473517	0.09845376864543386	0.1344657258507194	0.1631628352355985	0.02464994648023053	0.07422680332439323	0.0955098256830193	0.071517593662856	0.371165915401148	0.3862350457854576	0.4884895369258463	0.4030043754483125	0.4099995761390968	0.4142426950106568	0.01189809228109218	0.1141978717809219	0.01238531912465514	0.08423589671310262	0.09369146843177288	0.03061837258852999	0.1145817061163225	0.02949392500662469	0.214896112163371	0.02243482753928553	0.1538162168657262	0.1172715600183402	0.03078396128819827	0.01564371613964126	0.08586146937627738	0.1635746263190593	0.07523622093512988	0.08062290964115892	0.08074124719215474
0.8607128561131143	0.005595356122297515	0.01481461730541204	0.003384471991858674	0.003249827579684906	0.004437231638886536	0.003421157907271964	0.01488311633093421	0.008251380488837962	0.2692394366849177	0.2252070031841921	0.004792603820972964	0.005034461741591503	0.05789795362563591	0.05768571665935176	0.07480965229618285	0.01126886932994247	0.01432786375951064	0.009031348441023351	0.04093688922542713	0.03652404420435069	0.05568237862460691	0.06087462572692635	0.08587193315060179	0.09961873490692137	0.003711435168727305	0.3693972029850433	0.007418964267850455	0.1152858597760868	0.1315934924741049	0.09927199656871045	0.3762154056154597	0.09953336893275821	0.06734001903307056	0.07894408659905537	0.01087403446319405	0.006332538181286726	0.04457774634300374	0.06587230380140235	0.2021241646257926	0.005313274627965656	0.01338516357495932	0.01295894356937369	0.01398416316703772	0.01133092711070537	0.01375162471344917	0.01736898059702997	0.01601695901479819	0.01513157951253682	0.01469117689725738	0.1608540161598026	0.1225393585494008	0.08373462073942881	0.07307345276715813	0.09984030985834859	0.1000740883148746	0.1369330458788676	0.1666555417228572	0.0215977416000055	0.07136202426081656	0.09146703815710168	0.06872218323265875	0.3770381508891947	0.3867009638030067	0.4815099147735187	0.4075789777182111	0.4132098940744256	0.4162453167398105	0.01156194864622819	0.1084199498384315	0.01202382077273608	0.08231132914691275	0.0916835372734396	0.02583652056106102	0.1077066652610926	0.02556499914806952	0.2115247676548515	0.01934936241216923	0.1459926585955733	0.1119288454124173	0.03094012959116975	0.01524978453451583	0.07909690761778272	0.1660711122806022	0.07217464132201228	0.07747211652099226	0.07749831906688404
0.8776558844730553	0.004911923675571752	0.01321492769023009	0.00370149031380739	0.003664037746129068	0.004207798623025766	0.00320473405880791	0.01838928857835912	0.009822033316932871	0.2716933164340739	0.2272181493642843	0.005732059595591412	0.005766847452192644	0.05287370681479466	0.05250453221880728	0.07454289028759921	0.01408862108091048	0.01795049308953649	0.01133763000490805	0.04616256726316571	0.04579708645687362	0.0677286911520673	0.06612341344993311	0.09103381795534898	0.1047761073818969	0.003625201860911381	0.3647302562894624	0.00705873854814133	0.1139670545734736	0.1305140782491901	0.0984832440110818	0.3718207927438499	0.09902004040819028	0.06659654326657724	0.0777772861707989	0.01354885809061902	0.007816928769780719	0.03933595216126411	0.06323481649009782	0.2031950092534408	0.005741332201737701	0.01610394633923147	0.01518961245190749	0.01700274249748543	0.01171293639869704	0.01479518653865068	0.01693566682035602	0.01568204835615741	0.01514228923779276	0.01429583293917872	0.1454788896441492	0.1107749721932044	0.07807727037964501	0.06831397331059577	0.09989599661327998	0.1000297971546089	0.1417769313999523	0.173084199780303	0.0190886144005933	0.06699578747467366	0.08550895043098793	0.06448809077044299	0.3788840151988169	0.3806201816909822	0.465038430785711	0.4078798688182042	0.4124833514140487	0.4144985829232574	0.01133720881906228	0.1111342893800751	0.01195156708423323	0.083776571714893	0.0936955457742924	0.02215349822682809	0.1090380202983576	0.02237528340422366	0.2067991102599707	0.01718102374596374	0.134625518151395	0.1038799811932365	0.0348803633520246	0.01673872565546283	0.0732703198139896	0.16574877625231	0.06802809803271351	0.07317860245488268	0.07295709016194196
0.8920312594138311	0.004702526233161484	0.01269239352566295	0.0038210387469974	0.003824053504122874	0.004142224648648921	0.003145178216687373	0.02000849132037937	0.010713267604321	0.2674445579463225	0.2236155981737595	0.006298267030684657	0.006233310306650855	0.05118421508427214	0.05105387134659228	0.0730261192749402	0.01507243810056065	0.01923402261706798	0.01215745827809867	0.0496361147381905	0.05019930530333614	0.07274699736565667	0.06896945505316594	0.09327324396050958	0.1066776139105856	0.003607830536897235	0.3567060647501842	0.006917366230738067	0.1121523407006741	0.1285570778004982	0.09628262589757833	0.3634768778026281	0.09692702806778142	0.06570865299891328	0.07591188805127212	0.0150137779263707	0.008701942241773232	0.03764315335817418	0.06138048844165252	0.1997714300118907	0.006051771910909762	0.01705775299237667	0.01597737438735874	0.01806035414649152	0.01216666601033067	0.01603417029739312	0.01643238667665982	0.01529330699998659	0.01516201048040665	0.01388098011891353	0.1318950951949771	0.1010743581464167	0.07339279190030222	0.06409911300723645	0.09895120550379817	0.09897000974975641	0.1466536924089213	0.1793485273300552	0.01761882681690645	0.06194780036053975	0.07879623121981703	0.05953186617339639	0.3774308366753882	0.3706512984906201	0.4453441605410973	0.4047674145949495	0.4085399424762449	0.409748353050823	0.01109511456319741	0.1166760537149975	0.01193664756909762	0.08594622132818888	0.09672500318194341	0.02033969351512427	0.1133554721348178	0.02057194418271249	0.202870543586289	0.01628969139835458	0.1249670941068787	0.09702959143392313	0.03953682732166096	0.0187953242618654	0.0682709981636635	0.1637253689743477	0.06325702703295176	0.0681987125283974	0.06769969058001615
0.8960000000000002	0.004584984954801692	0.01255632359107424	0.00392211397349491	0.003953303656960842	0.004117919143556029	0.003195304834379081	0.02284516495069126	0.01281859293851349	0.2674657888600147	0.2235585910242815	0.006773967016577689	0.006627151959864959	0.05053891704907305	0.05049764317185237	0.07315647309274517	0.0158359417661636	0.02029872536044693	0.01283407911019745	0.0525310085860221	0.05364583035998618	0.07748580525771756	0.07164423497775795	0.09578055565605545	0.1090923023036953	0.003659006728394954	0.3551764983689017	0.006926423107263732	0.1120820697199702	0.1286268465041498	0.09634635276002691	0.3618379852830276	0.0970434817924762	0.06664242248397279	0.07579594568702794	0.01778505745536478	0.01053447988275324	0.0366291731960678	0.06073421117151233	0.1996917668610358	0.006322442738258487	0.01777800749906972	0.01657711061797084	0.01885430059754577	0.01233283483044555	0.01645093887019506	0.01631479800486154	0.01520709131957108	0.01520264131497554	0.01383991899991794	0.131087132998628	0.1012407525518764	0.07528774368085987	0.06527326978443168	0.09828882507593517	0.09827124142467869	0.1480095444667674	0.1808969750689675	0.01878474280470919	0.06059383493488632	0.07713193168928437	0.05814783647168664	0.3756676040133589	0.3667295670255649	0.440322894135772	0.4029411759866469	0.4069705833543196	0.4083625820701953	0.01106199956858678	0.1236642389271474	0.01202937383816704	0.08780917755269858	0.09926612866797958	0.0224944630071953	0.1204651011353296	0.02212834984763831	0.204338680014027	0.01780059794518023	0.1248517941765587	0.09696951106309806	0.04104056203986028	0.01994256198273491	0.06944067083374585	0.1624962271015979	0.06207342829931298	0.0668951975817961	0.06633539414297833
0.9055128561131143	0.003961831314610533	0.01095229397115252	0.003707549071800398	0.003776088879634763	0.003688159024386588	0.002800616055801018	0.02027488105363266	0.01070399389762053	0.2613128733656315	0.2183512173289798	0.006762169369028148	0.006516048826554223	0.04553621530888414	0.04501586558194665	0.0710135692189313	0.01547857073456883	0.01974990295153239	0.0124881805207941	0.05111799958071541	0.05328354831295184	0.07600905204020737	0.06991655856528206	0.09336163086672809	0.10626313212136	0.003302178205658188	0.3448874748032408	0.00632654620317304	0.1073028801125076	0.1236338935782651	0.09350807517259603	0.3518291435892303	0.09421639292085587	0.06343777879759387	0.07327364100308301	0.01541122454170269	0.008907463768224717	0.03159335330738243	0.05779108136397213	0.194551839489339	0.00606603578863267	0.0172439825457131	0.01595665807023162	0.01833065681498313	0.01219748425983215	0.01658420364478682	0.01555617308919461	0.01454314899970327	0.01474700503336406	0.01313582115945754	0.1165252628246168	0.09010370546720857	0.0658872066844982	0.05763837526891968	0.09795006949867552	0.09785129194078752	0.1494826482016464	0.1831738312039773	0.01534881022308525	0.05611131296572455	0.0710139782696961	0.05379102152352107	0.3746967484782095	0.3592020295036725	0.4230397547102825	0.3999560626245553	0.4024927790591881	0.4025966754806167	0.01059830553907272	0.1173374963824262	0.01159043094561075	0.08552963560621951	0.09687982233396021	0.01729890877013587	0.112802734341316	0.01775288047757956	0.1970765615004401	0.01449052448474978	0.1140041750044489	0.08930367820315807	0.04217822393647404	0.01987857234473085	0.06106191100565504	0.1615844487148358	0.05747875638921426	0.0621378893113336	0.06141648373861928
0.9224558844730553	0.003350880555197402	0.009492483239773865	0.003427270612087921	0.003531653515164318	0.003231694788885429	0.002474101443896563	0.01928573296704292	0.01018318325854186	0.2488202626707806	0.2077760094484461	0.006841976602614577	0.006477478481396468	0.04051908276031051	0.03969333007063292	0.067580080759575	0.01473826896413039	0.01880426932895617	0.01189021858581779	0.05022937414388334	0.05268542603502205	0.07433980406407932	0.0680513104040214	0.09014454214854647	0.1022571424790123	0.002962682803801654	0.3270781028231595	0.005722918310496323	0.1006195145070643	0.1164679951447995	0.08898983436810159	0.333930760735717	0.08966505261384095	0.06016578575250969	0.06943275137719081	0.01491759548129804	0.008641470013602014	0.02650076400311763	0.05376538623220219	0.1848308228543046	0.005852353769407909	0.01627688046596232	0.01495430615335393	0.01733632425831023	0.01228194817430574	0.01740318875287967	0.01440446059380687	0.01356130704045796	0.01422803346890294	0.01216759256911889	0.09780931621652666	0.07712836579068884	0.05606322191430177	0.04910525294352589	0.09619395783291583	0.09593711792811943	0.1532179649348803	0.1881057047197665	0.01276201048579031	0.04829458822585761	0.06066017005128271	0.04607727896160254	0.3696711002570301	0.3426768816884974	0.3929554393443401	0.3921104181494268	0.3930627433210176	0.391792668599125	0.009956790681140993	0.1183844251379388	0.01117330503799533	0.08513799535118308	0.09730014213882553	0.01400655118084343	0.1122786296166069	0.01457738762843384	0.189785843683742	0.01261275804739952	0.1008971070057559	0.0800678978019337	0.04597396607684332	0.02147176560107292	0.05175730268668491	0.1580353001673649	0.0497377614575688	0.05402113234645786	0.05299200670727095
0.9368312594138312	0.003206160001130745	0.009113304845995662	0.003214785013918657	0.003306735498601817	0.00306474295025958	0.002372045694064983	0.01844936936749605	0.009927917708737334	0.2358751679828054	0.1969593677042928	0.00640004029026198	0.006066876136274764	0.03866795646268222	0.03784556634587232	0.06424495523455896	0.01373796311555191	0.01754646995894862	0.01109289353565103	0.04704858300406936	0.04911606124597016	0.06965316329452968	0.06397726041999664	0.08494610944877351	0.09644153255619506	0.002815928288446519	0.3105815285511631	0.005451871779065188	0.09545116219669288	0.1104799073574214	0.08464190300335472	0.3171010919593242	0.08525267258984716	0.05732389469428009	0.06604979824150896	0.01438895498230478	0.008396833370283118	0.02533238721409202	0.05114658116677604	0.1752875673474864	0.005494794133596701	0.01518654215226472	0.01396829787570034	0.01616675104646842	0.0123795553410616	0.01816312689306943	0.01341881181824796	0.01272304597485868	0.01380005347770506	0.01137056700601108	0.08517507087915187	0.06917691565670048	0.04877102814020923	0.04254177838911314	0.09379916248185449	0.09340689696007135	0.15587815878585	0.1914348285939869	0.0116109965057818	0.04155546832614267	0.05187648505848227	0.03937862806835537	0.3622531535298265	0.3258823331644151	0.3663735882582146	0.382304543460134	0.3821396703431777	0.3799646366488796	0.009424270706442818	0.1206359475009894	0.01087482370751438	0.08511059077743767	0.09811605774980597	0.01301539910675358	0.1134291389031708	0.01326311198915671	0.1845395333755785	0.01222131760856058	0.09249554593448428	0.07414233720241278	0.04941554417287061	0.0230985011189093	0.04492296712514788	0.1535356386023539	0.04307414673644627	0.04701224546239542	0.04571862573590946
0.9408000000000003	0.003120739131999502	0.009063960961007041	0.003296663261774626	0.00340289250587299	0.003055864729147536	0.002447370593634045	0.02150531081901586	0.01227882290483482	0.2332300225431539	0.1947313812501045	0.006541513008090131	0.00617932646692991	0.03794769669913592	0.03719801306583313	0.063751721802613	0.01436517621675316	0.01845629145295757	0.01167064649215001	0.04792176146127346	0.0507858977356719	0.07273261600112305	0.06457734182727924	0.08526084251626694	0.09662971315203035	0.002876399136836357	0.305424176647915	0.005458043060436321	0.09443650504689576	0.1092991838883011	0.08388668083036661	0.3118103343565848	0.08453967672778265	0.0576474265015226	0.0653324305629092	0.01728182740636746	0.0103343537466576	0.02470064907541147	0.0501231370262866	0.1733735289323668	0.005571430697551261	0.01577105860555739	0.01446483469775484	0.01681112672142373	0.01257910920845886	0.01861955639082535	0.0133643424876269	0.01269455976688041	0.01389236640623646	0.01138028263096706	0.08592168471861024	0.07055233279466559	0.0506628226644947	0.04372957859852113	0.092727575548903	0.09230725917497881	0.1568423141111693	0.192423433643339	0.01293309169573765	0.04048389389020664	0.05062095644228726	0.0382706233980586	0.3590979677906717	0.32124710894656	0.3616264032532479	0.3790680454246053	0.3792094243384151	0.3773000569822427	0.009430484025281155	0.1266126645997822	0.01100543907812819	0.08687146015602243	0.100451961415026	0.01540584505979917	0.1195454676770388	0.01502318322300108	0.1857985426744829	0.01388917829200246	0.09349119504638305	0.07483058681167472	0.05100202990383396	0.02420010773629535	0.04626597388538709	0.1516682204248457	0.04216433123147063	0.04601204063496162	0.04465608919011754
0.9503128561131143	0.002810397397050153	0.008132586171238552	0.002948896481628207	0.003027346289168947	0.002752545024258451	0.002139341756020907	0.01707586006252844	0.009118012312155869	0.2224923921742482	0.185867994267725	0.005412156050898495	0.005151332966335726	0.03455270452663948	0.03329430146546045	0.06065942451360921	0.0128213456154948	0.0163711485760339	0.01034655133745532	0.03994121806011488	0.04322103824527663	0.06307414262633909	0.05639061076759157	0.0763862090714668	0.08740280124324751	0.002551723622335693	0.2913970251069357	0.004965582737586084	0.08868124223784803	0.1026474588665574	0.07994859520330015	0.2980389588187731	0.08051227564809595	0.05310844538769734	0.06225479102297365	0.0130106991017685	0.007547946351598512	0.02243073156549119	0.04767161573297046	0.1653469320680037	0.004713698783854427	0.01411609395708415	0.01295317080909395	0.01504179240918329	0.01250863721365953	0.01892809073168273	0.01254619513241596	0.01198571406108996	0.013446491866688	0.01063978147686113	0.07279822649853633	0.06104963142146538	0.04054557242311591	0.03538628395502932	0.09162516458731633	0.09111108301461072	0.1584846402196765	0.1947430505354852	0.009899613681140691	0.03540124239202586	0.04380940733865389	0.03328370376366795	0.3556590466706228	0.3106472626094046	0.3417326138655447	0.3732975303357696	0.3718891665567295	0.3687184674582326	0.008950367309411608	0.1200174799697518	0.01059710612264126	0.0846683206203679	0.09823567533393042	0.01099640839465739	0.1115464137199315	0.01120193356087545	0.178544469610631	0.01114589240266863	0.08406248306177468	0.06816803565145893	0.05278479547280068	0.02441647979913473	0.0374909927404043	0.1494530122971028	0.03695616971083714	0.04062205812870582	0.0390649579565354
0.9672558844730554	0.002658703685974487	0.007679739251978677	0.00283530473823679	0.002861913350657887	0.002661691374654267	0.002053934592532492	0.01679999019417453	0.008907467956377936	0.2057161156518683	0.1721984975281048	0.003541363461243013	0.003534545823142408	0.03133922607255607	0.02978883980791568	0.05604810344419351	0.01248939159475002	0.01596917292301667	0.01009161141594934	0.02813073425464447	0.03419818490618445	0.05442347619713556	0.04426562149670699	0.06340471748894412	0.07413355376928731	0.002438626819245002	0.2661773725166208	0.00463764386075562	0.08133711711702897	0.09343827450422915	0.07378220532920267	0.2728725273926016	0.07436227011413939	0.04758243496703938	0.05750134209016974	0.01196007186604968	0.006861881931909196	0.02205748242177354	0.04404189337110914	0.1533413597669477	0.003526132826310517	0.01373973268303636	0.0126395683334622	0.01465211234392362	0.01283620291203764	0.02020595455457512	0.01152381357865222	0.01113881723027777	0.0131383104659652	0.00980745263866413	0.05985254353550701	0.05326027075782375	0.03110671060111582	0.02697481130303523	0.08777793091249664	0.08710819686378314	0.1617936565982828	0.198729436661973	0.008620364030698295	0.02753900768577009	0.03363247402732139	0.02546896641758446	0.3438750356688513	0.2881925902329902	0.308809466460354	0.3584041868151408	0.3556496435621999	0.3514728457244884	0.008422258289340677	0.1207709646488176	0.01037833290521197	0.08490975951986399	0.09932461686292486	0.009968966032672683	0.1107849059161757	0.009765857898870935	0.1713474733985285	0.01084396824335541	0.07556690321944441	0.06208494920356328	0.05802848143111361	0.02658755917079733	0.0290410316876354	0.1424840485066644	0.02921193613138763	0.03253716014384202	0.0306111134452847
0.9816312594138312	0.002674387124444778	0.007798181637276779	0.002802546416864904	0.002784223660801514	0.002685364048836749	0.002149102668448551	0.01906683115153777	0.01086216003399863	0.1917254327552084	0.1607517102560669	0.00220087205652295	0.002394216447052479	0.02994255596644861	0.02835234211630167	0.05262599667520511	0.01238057570178898	0.01595110243366848	0.01007915204398592	0.01995081126425065	0.02784612174160189	0.04924188038286366	0.03563273796168779	0.05399636292534292	0.06445056225682402	0.002474102525785701	0.2457024637576058	0.004550506337129155	0.07605340162895061	0.08667101965798853	0.06918994408401266	0.2522168781952057	0.06977143316186164	0.04449049787277596	0.05398103629187252	0.01365706428024305	0.008067988016159941	0.02278533052940165	0.04136903723311992	0.1435163995948589	0.002724946160680642	0.01360227105458192	0.01256245673716989	0.01450617744318511	0.01322835051882392	0.02140477674248229	0.01089048937085592	0.01063218264796028	0.01306047797277062	0.009327863562409285	0.05519082875436445	0.05192250413878566	0.0254944122784075	0.02170792792500774	0.08430125121492317	0.08351613350466863	0.1646029638299809	0.2018252500087064	0.008952755609362546	0.02200990387166817	0.02663888969868055	0.01990736294861305	0.3332734377432864	0.2701804663638019	0.2856944449908225	0.3456029003410149	0.3421152045492336	0.3375023080672333	0.008135232413383908	0.1230129537506987	0.01038049124581325	0.08598781967055161	0.1012267207964024	0.01135646753715892	0.112091367104575	0.01038008636773581	0.1680766630120531	0.01208394226865925	0.07343802154689685	0.06054278606586181	0.06265206999031683	0.02865963890348813	0.02427028625183429	0.1363025576449759	0.02379346957512511	0.02688394366195876	0.02466535179736518
0.9856000000000004	0.002593356696317719	0.008611977852381927	0.00277912166070767	0.002759426946321042	0.002631311191015107	0.002641067026170872	0.03125699896097038	0.02156706200227381	0.1891603544753988	0.1584118514458682	0.002210227621587206	0.002359134242970651	0.02996096491288041	0.02808377792787815	0.05443083037676564	0.01251547340180228	0.01666566046604501	0.01051957036334249	0.0194634138023163	0.027557830548259	0.05419256366347602	0.03495380371778132	0.05305236266426806	0.06342831574373367	0.002744578652710968	0.241439108541241	0.004852055254448135	0.07524714930678097	0.08590420984889181	0.07164936688681853	0.2479902279180636	0.07209867234093544	0.04983806441040031	0.05544574802718852	0.02612946987100273	0.01677295312041546	0.02192729702639723	0.04055877266843035	0.1423066886518997	0.002663938870784506	0.01347725368823659	0.01242297547833457	0.01437758180765465	0.0137387178839497	0.02232408231920352	0.01120873711930077	0.01095519820838436	0.01352330488803913	0.009631468236744781	0.05837481856133637	0.05464882835456877	0.02836491453901047	0.02381549586053421	0.08216142087350871	0.08137726848474469	0.1653311140047632	0.20243187096562	0.01040159594946715	0.02210662968366442	0.02695542790579476	0.0200013011551196	0.3270776755003448	0.2644983315750805	0.2818234025079879	0.3394443631432998	0.3365328884141697	0.3324507947073412	0.008369537210364158	0.1279928985320411	0.01074934555814304	0.08860657070709418	0.1041381717821278	0.01380418124136993	0.1171176022787716	0.01228273416842205	0.1680623053674837	0.0138336508114516	0.07563742371258307	0.06188625002193524	0.06550472302437417	0.0300038106100378	0.02661997888252348	0.1327991548279123	0.02417901696309164	0.0273104733661271	0.02499403110003885
0.9951128561131144	0.00234047350430568	0.008284258198614095	0.002502732408766676	0.002467081322510961	0.002381108814610579	0.002624060123226934	0.03319080709212439	0.02385227181192065	0.1784448954744303	0.1494128396764343	0.001574484831958815	0.001752196384601695	0.02758256376158002	0.02533783488344384	0.0524572327459451	0.01135066903920909	0.01532976363686457	0.009666695697116694	0.01460514360728284	0.02263353587748387	0.04965315903350706	0.02957427465879675	0.04680840703792501	0.05673434415914062	0.00261822742247992	0.2274964874071825	0.004611214546623854	0.07027915746677577	0.08028463811925968	0.06918004350408316	0.2340665543288125	0.06950303739024687	0.0486981174582086	0.05333725340465103	0.02844592891789139	0.01854171834172472	0.01986642644510895	0.03812603585117719	0.1345722405954153	0.002124319801288892	0.01211763520087901	0.01117130472856814	0.0129239337413282	0.01382694096083474	0.02292061309779454	0.01046697658561428	0.01032660281081239	0.01320736696554731	0.008992786031101959	0.04920522112652528	0.04906564595916976	0.01923954034187639	0.01609831286625259	0.08170064290060366	0.08080270870376956	0.1690804050653046	0.2071030101058216	0.008528381214634744	0.0170099316821776	0.02023059868435404	0.01490704419119326	0.3263241344122825	0.2555590251805381	0.2653169784778109	0.3364952960203749	0.3321165346706256	0.3268920480727386	0.007977237439414165	0.1244227335771923	0.01050407028409511	0.08775189530299994	0.1037042522196052	0.01137259429552804	0.1122117958057676	0.009979926495721587	0.1647145570332542	0.01247110212401975	0.07015508583912182	0.05818878187970639	0.06817860087817773	0.03085186241834918	0.01893688677971106	0.1315759980751765	0.01894883831758885	0.02189582240975706	0.01934725226341541
1.012055884473055	0.002168946853626636	0.01010096787176696	0.00206622760023621	0.002004997376063537	0.002085146900415931	0.003641651540849639	0.05794282582898087	0.04677494837749091	0.1603896111495281	0.1337369864129535	0.001476819090584651	0.001543932010549078	0.02746680216012367	0.02469412515846795	0.05369409929389111	0.009396837143623958	0.01404860633248426	0.008823360995064866	0.01226977055077303	0.01775593497421053	0.05371644957350688	0.02565886007641813	0.04104813001655067	0.05001352892415258	0.003049784430027173	0.2062503080941779	0.005093315839505834	0.06429296662939479	0.07395507171190231	0.07124396899599408	0.2123667796973759	0.07108116272894453	0.05897698962654032	0.0540604210731554	0.05490831831665791	0.03729755751328968	0.01755733175901776	0.03475138540543917	0.1227987870097769	0.001827283158797022	0.009484380106595684	0.008777306631178785	0.01007761605721265	0.01434072100160219	0.02443051517028474	0.009728935140935476	0.009741715118650119	0.01314826408241645	0.008425843885071222	0.04297835636996643	0.04702019067387047	0.01164473448206284	0.009137023650732965	0.07870953248436476	0.07766146901543387	0.174058072014799	0.2128562026338563	0.008558970561118854	0.01037002542858047	0.01176478305331927	0.008213826299099629	0.3179201259404254	0.2372372288487873	0.240277663157743	0.3254447138070748	0.3199582329611859	0.3139981354349284	0.007654313060211436	0.1268613895133704	0.01052759745688452	0.08929807902272227	0.1063144884663154	0.01240732487806552	0.1133222632696913	0.0102270109353366	0.1620417507957256	0.01357405010085101	0.06748450948434544	0.05637781255028804	0.07394500911169914	0.03337437478150368	0.0125349990803379	0.1260582092202889	0.01239849955507567	0.01508513335027045	0.01216988492880632
1.026431259413831	0.002138494355150482	0.01224900388450335	0.001653701798108723	0.001563641281831114	0.001870132203110448	0.004717856143189409	0.08247456870872802	0.06957197680336408	0.1453252288830187	0.1205289029830843	0.001581178806199471	0.001528790236425511	0.02870953150879987	0.02552643069470961	0.05578926880929256	0.007360858501404348	0.01265333607259053	0.007907250997847226	0.01143401421920223	0.01361830760209137	0.05828324268142224	0.02332915784519059	0.03708941762906426	0.04518694483844059	0.003537997933738302	0.1901394131080272	0.005706978197377524	0.06000765502483305	0.06959309500080416	0.07447658242472581	0.1957427389637606	0.07381194463948847	0.07029302345607104	0.05577215651362045	0.08127344688911087	0.05599811782164046	0.01626066343710081	0.03241974035189382	0.1132786999877107	0.001701341308389536	0.006810787581776596	0.006374552057050601	0.007173765678450627	0.01471036511900941	0.02540161551686985	0.009395715635953435	0.00949023692290824	0.01320199632641711	0.00821179650136006	0.0445405837220488	0.05058098214934439	0.008547388224609331	0.006026082142713761	0.07745571699846794	0.07631487305826033	0.1780478097147125	0.2172845566594226	0.009832264951312827	0.006955875581299805	0.00754777701527836	0.004672911232264699	0.314862770882885	0.2284705123191434	0.2302880334295299	0.3211084019558031	0.3151456943828597	0.3089665551053333	0.00755468083959373	0.1301961658776665	0.01067287704037071	0.09102492658916762	0.1089464221480237	0.01508951470887888	0.116102840060383	0.01200551654802615	0.1642388749579659	0.01561827472321044	0.07064339723970357	0.05880652167709872	0.0775113212667005	0.03515749496232631	0.0102907150249939	0.1236415049519559	0.008991031165776681	0.01153797150241761	0.008413625770210698
1.0304	0.002036068895352457	0.01301169534847567	0.001636759951885731	0.001556614400242679	0.001801491120181079	0.005205900048391348	0.09497487432363609	0.08052754663859513	0.1413120425107052	0.1169235443295794	0.001878949435612463	0.001737594990463017	0.02865768080565228	0.02532148379176212	0.05718202371885989	0.007551851721059334	0.01345045928724109	0.008401454819881693	0.01274177813349453	0.01478552710696753	0.064546540997918	0.02413976942495935	0.03737920080998725	0.0452329805415329	0.003806303644912513	0.1841209567644878	0.00599238450291775	0.05884401914357393	0.06850662452278425	0.07636945369251687	0.189574486817593	0.07558013704584139	0.07567881136904384	0.05677792366649192	0.09418903755950526	0.06500186507075242	0.01511165269006942	0.03123071900945196	0.1109178513097658	0.001810106278445893	0.006732434110222997	0.00626529008762027	0.007098078294493413	0.01537448421793732	0.02653126126685823	0.00992998058504852	0.01001450566750564	0.0138640402188026	0.008671581077039055	0.04550471600780302	0.05067231888246708	0.01251556273233417	0.009182226008455372	0.07492780073400962	0.0738101634548711	0.1783670883925395	0.2175609263059703	0.01073934452461285	0.007766650170404055	0.008719241738017237	0.005563032395306933	0.3076646747534545	0.2229786754813185	0.2259429933279031	0.3141603909081079	0.3089783778696477	0.3034236374164335	0.007900870749013744	0.1356592311103335	0.01113212872039278	0.09422750632898051	0.1122255820197304	0.01649615694031281	0.1215385454211189	0.0131720891142937	0.1621175523861438	0.01667778423950982	0.0702514053291183	0.058133481759834	0.0809089236602283	0.03656463860169923	0.01323316104636571	0.1195841770824304	0.01024524273790254	0.0128983028414464	0.009669645624670042
1.039912856113114	0.001864995365628335	0.0136659240062745	0.00117842199702895	0.00106976180598368	0.001501252064072898	0.005574742938825197	0.1042801607722151	0.0899669809348638	0.1326646365210577	0.1093688798180634	0.00150335096730479	0.001322368149023295	0.02804144157390582	0.02408509340638738	0.05802802453494627	0.005295219698436202	0.01109961586019702	0.006891258403705451	0.008944099083143399	0.008718880193671268	0.06139019946952656	0.01978189168611876	0.0321793408188534	0.03955555513625676	0.003857491637202456	0.1760023429656587	0.006078583873451776	0.05524641817568667	0.06485207205750597	0.07790445942906775	0.181525571545691	0.07676159122164897	0.08024020838508858	0.05754319411507316	0.1047864314413487	0.07270667720291259	0.01312831945187005	0.02985882535205249	0.1052418460377028	0.001373709946941628	0.004077731191650871	0.003864585903083187	0.004226421794360433	0.01535191932502083	0.02678366697828238	0.009358106174468989	0.009520547080807932	0.01356273315293983	0.008184664419501173	0.04081907444989335	0.04867465950523088	0.004985922466156385	0.002868617761467511	0.07681092522667768	0.07559339922508386	0.1832082089686918	0.2235243185127978	0.009448629185750238	0.004275854402483539	0.004070945840808156	0.001990291012619798	0.3147031299521612	0.2228410576191971	0.2209808880414098	0.3197553554226827	0.3132033140504569	0.3065765552729751	0.007612161521800654	0.1325922085597264	0.01093756378012591	0.09354783388962019	0.1120483331764522	0.01482159221912456	0.1174442428672345	0.01157699856186084	0.1636386220722577	0.01575536788829246	0.06878688997073776	0.05753121474102482	0.08224347503965745	0.03699850162507547	0.007222034164801916	0.1222855078325131	0.006482410930771608	0.00901064800373896	0.005633577969271546
1.056855884473055	0.001726272244237248	0.01567143488308846	0.0007484556513259745	0.0006158016615265834	0.001222030144919475	0.006653676442221867	0.1299506173340866	0.113727884200451	0.1182928972868166	0.09672224138078496	0.001556736157250233	0.001243294879899072	0.02855397449830632	0.02400398847204047	0.06053081026227818	0.003334303379411022	0.00984799110525224	0.006064435027317613	0.007512561153114793	0.004424669853653428	0.06650043599453045	0.01700236412655145	0.02784390065388959	0.03440555882273995	0.00433218168631042	0.1600801354665313	0.006655441558610685	0.05072017285045553	0.06030342921273329	0.08168213013616599	0.1652650626204589	0.08002930134856705	0.09199046422342949	0.05956245292696729	0.1322682172843247	0.092177843196972	0.01097787154976041	0.02731434162582425	0.09623464720392683	0.00117265220335396	0.001425240516750943	0.001454121757605335	0.001354985563632297	0.01616368602591563	0.02829834107874438	0.009734361451768826	0.009923641739510854	0.01422938944305809	0.008485025474669821	0.03868850821348042	0.0470421811554755	0.00400698434035374	0.002032480928078186	0.07641982679559353	0.07516708836821413	0.1880505269364781	0.2294484811165041	0.009090763267861722	0.003559678463926926	0.003114803125789724	0.00131319096550218	0.315703194488156	0.2210235938669459	0.2172981066661628	0.3202371864284113	0.3135101825341821	0.3067246650934967	0.007902101694415287	0.1355949006766594	0.01138997340795446	0.09694875557100203	0.1157697302443101	0.01430228087050958	0.1195422292388307	0.01112080539165106	0.1631317550399596	0.01569533125409648	0.0673360536079366	0.05641660544767206	0.08707728080720339	0.03874610571097277	0.006253653386569883	0.121516820382696	0.006058734318357612	0.008698079154893432	0.005103220283009096
1.071231259413831	0.001784559304794501	0.01671886820307684	0.0007749340705983678	0.0006793815065335094	0.001233326331226593	0.007185920306693161	0.1423140455568596	0.1246336328176513	0.110827510583229	0.09003693537696754	0.002987344025977539	0.002448055484658793	0.03016268068430347	0.02617285397766121	0.06082593136988035	0.003474208017500281	0.01057252632618828	0.006518261631143511	0.01633065747114753	0.01082363704611605	0.07665223644299558	0.02421560510755557	0.03376496025738347	0.03954266684663342	0.004655844055086031	0.1518948427745324	0.007038021490868331	0.04988190306700745	0.05980698715724642	0.082088156705418	0.1560818825722928	0.08031882989117907	0.09797887373012587	0.05953395935702971	0.1456441394098336	0.1014999821210533	0.01060097037617279	0.0259154016927459	0.09112115222663755	0.002033553600773074	0.001345951622775615	0.001358132737405127	0.001264141597578147	0.01702520827640765	0.02980881739907863	0.01028953012782581	0.01048491793200768	0.01501167149907464	0.008940914079311716	0.03764185907933103	0.04607115813689965	0.004830960311238034	0.002729268331064863	0.07754142595490759	0.07625991078988879	0.1941899557604918	0.2370236316734968	0.008994450038632874	0.003830721299363753	0.003396849021626768	0.001600767410547265	0.3220840295087047	0.2249041416918397	0.2201139682081161	0.3266696326567299	0.3199262576774026	0.3130481708438822	0.008302510489812986	0.1409903654995079	0.01193923344384129	0.1012836404782507	0.120573818701321	0.01406685977228695	0.1241673143328459	0.01096438721900339	0.1653848143993468	0.01581218632153081	0.06687494108029619	0.0561151779831012	0.09173061298710417	0.04055748849193404	0.006720974906568134	0.1232705903398678	0.006642957896587054	0.009433789215761433	0.005652876967141854
1.075200000000001	0.001538507881282912	0.01534728865896774	0.001166311515234949	0.001216181521595994	0.001219396931227996	0.006778763139384019	0.1377872578424923	0.1194308069986963	0.1079036765690161	0.08727494777007001	0.006167022301886685	0.005183880567936079	0.02898820472543405	0.02647979210789622	0.05733404580610211	0.005854773785744778	0.01328614549988636	0.008266496996969267	0.03681679934682756	0.03019904033679474	0.09261938594339605	0.04259787522009765	0.05067839680840559	0.05540772574909852	0.004525248602377715	0.1462792740754341	0.006727130824174653	0.0499479526548962	0.06063697784977917	0.07695968507317455	0.1489723088253021	0.07553746942676301	0.09535442775324117	0.05556077883697485	0.1414164155870463	0.09819519872460025	0.007908100552534854	0.0236402094274195	0.08744904503131125	0.004005547688350142	0.003894756872367646	0.003499459398269536	0.004058980672174832	0.01762162410691624	0.03079468254833246	0.01080427391388154	0.01098546788896838	0.01562178831914097	0.009379313092856284	0.03598027867271709	0.04384307702057128	0.009299006176565591	0.006359439134467394	0.07646241235529767	0.07519866833513836	0.1954565507264189	0.238671927088469	0.009469147068428951	0.004763873648634345	0.004608001082173799	0.002628474259004956	0.3198278915107322	0.2236488242303579	0.2185456519579388	0.3249523390640804	0.3189335805237339	0.3125271124238259	0.008627084476366073	0.1482087868304423	0.01235046230438782	0.1047553083818263	0.1242467044420348	0.0146949966901258	0.1313588845577269	0.01154274191805564	0.1643132024605111	0.01633344011590537	0.06452630581091745	0.05415551396436664	0.0946507829410069	0.04187852335806456	0.009754113069510555	0.1215736950953163	0.008026902867320891	0.01090612727109779	0.007047731187015257
1.084712856113115	0.001564514833970125	0.01745485903709915	0.0006801918822730063	0.0006021395502375383	0.0010626370779503	0.007731279752227172	0.1572586009944054	0.1378938282273671	0.1058824460748818	0.08554481112997311	0.00341778344180373	0.00273894001931464	0.02952433032228654	0.02522650240837019	0.06261313719141483	0.003411519391690646	0.01116767965593864	0.0068807941678135	0.0180252162260774	0.01206876331673635	0.08386738980693161	0.02528580809393873	0.03413451346929719	0.03955620362968373	0.004922485844271018	0.1448070742512727	0.007309381815315016	0.04805959503774708	0.05818944662661148	0.08456320143072604	0.148888389461193	0.08261164959427822	0.1046194411236578	0.06082507188031665	0.1612915067929474	0.1124444061496706	0.008326711265673772	0.02428308087459752	0.08811927280666271	0.002154795639917675	0.000907303356151948	0.0008944654283990521	0.0008068842331273462	0.0181160304690308	0.0317470717402087	0.01095271611950008	0.01116242097246479	0.01598360510642094	0.009439000491802471	0.03087757228884383	0.03979010297164723	0.004078895535056349	0.002337273481625365	0.07861010516356885	0.0772973939723461	0.2013532568134693	0.2461488783332847	0.007372187031659718	0.003809359729850842	0.003132646031286439	0.00170427872724492	0.3290075421645809	0.2284739836323851	0.2194969312835928	0.3333391404443356	0.3263283454319093	0.3190592296427782	0.008757691334354603	0.1452429856273518	0.012540500621967	0.1060801601126863	0.1256265850180767	0.01126126989764382	0.1270864953241438	0.008808269310971884	0.1642847484096603	0.0142978694417904	0.06136273661977511	0.05209471684775289	0.0977676228670679	0.04257646645601055	0.005475235907835038	0.1249199005370384	0.007069541603411667	0.01007006792635458	0.006031412772108414
1.101655884473056	0.001355194079631393	0.01815558555616465	0.0006350162440930298	0.0005985419842446169	0.0009056649704131786	0.008260034334798284	0.1720000088459693	0.1508811127717095	0.1015525868172521	0.08145992548629465	0.004538364574185353	0.003625551990659097	0.02933190128177876	0.025008682957399	0.06434581282649005	0.003577407120392701	0.01203141232412634	0.007416937865041641	0.02414413244021103	0.01693936633872156	0.094193025740237	0.03040299156953146	0.03834092561590514	0.04322942600632625	0.005198125263023407	0.1390931198170597	0.007599673728393347	0.04694441458681032	0.05758477100286041	0.08692280437701558	0.1427742379886491	0.08481698830037582	0.1117542083217706	0.06203164532313417	0.1769666641735866	0.1233723433692379	0.005883861639344669	0.02270564994014559	0.08536183829320018	0.002710033358342787	0.0007174421412174512	0.0006380757111460844	0.0006187688664048524	0.01920594440914185	0.03352919855868725	0.01186831460829112	0.01205659715479519	0.01707681537961923	0.01013454584675403	0.02392314487307314	0.03264013254370106	0.00541566406631219	0.003862780948362001	0.08189908015913033	0.080575428269622	0.209649882472018	0.2568808515871369	0.005490235565672971	0.005408616441945554	0.004842146375006378	0.003437461128590471	0.3436215576174387	0.2407194047103142	0.2279886252349137	0.3485176816690324	0.3414010948501983	0.3337498532240159	0.00934822411155092	0.1512847357628856	0.01321291025580805	0.1116038333285816	0.1313978090535788	0.007751471459548119	0.1319353841542468	0.006243650152105647	0.1656751720701612	0.0122659534300267	0.05553388241367541	0.04795676479876812	0.1030484450865746	0.04433106198103833	0.005776039584038468	0.1303078561150363	0.009136489474988064	0.01242131292483152	0.008190005701106525
1.116031259413831	0.001265113956252461	0.01862813105530627	0.0006636784164748527	0.0007002811402153767	0.0008223705670931298	0.008568652294645408	0.1805486473439573	0.1584004354369925	0.1043064517151968	0.08320353981948486	0.006722329991268079	0.005454632749933156	0.03065504315462183	0.02674933222946767	0.06665565408447434	0.003857654580886459	0.01274867549783322	0.007868547600857789	0.03731810082814879	0.02716436411351751	0.1067083426710114	0.04250375485297997	0.04979449848555473	0.05415673106531192	0.005386189867491074	0.1448142422034688	0.007872790855019319	0.04916237831475681	0.06110932780173219	0.09001496184703789	0.1478417285326009	0.08782604913191211	0.1184167539154608	0.06403737978409584	0.1867512894152153	0.1301603379503967	0.004037990959026019	0.02283359074636812	0.08724751743875303	0.003976075676376326	0.0008026467048555527	0.0006296029686821882	0.0007167537667419799	0.02030370898589109	0.03528257853942747	0.01287120185811366	0.01302579275561805	0.01821785144050782	0.01095373681073161	0.02599575885030855	0.03359807159961257	0.008311027605032092	0.006446952473150996	0.08478101115862967	0.08345118112020102	0.2177729832707231	0.2669137582582727	0.005597818409148929	0.007679878008586279	0.007678197332064142	0.005703880407168626	0.3566760603080768	0.2525996618974445	0.2410327305903793	0.3623617667968801	0.3554406520196131	0.3478269455759258	0.01002594145773028	0.1579267222611276	0.0140181850948476	0.11742011849689	0.1376661024367323	0.007562155661351178	0.1378231122446077	0.006284898484603868	0.1711341029775407	0.01243208780961867	0.05746169230767063	0.04943165668166011	0.1081329521004524	0.04624807239764173	0.00813182849792984	0.1350629919589346	0.01176571956106482	0.01534892237964212	0.01094866018721516
1.12	0.0012526964520466	0.01873424413618659	0.0006814565811970477	0.0007435825936705632	0.0008066740943170458	0.008629625385477289	0.1822366160344272	0.1598823058038387	0.1061929625884692	0.08460493594360466	0.007498384878584398	0.006110975595660162	0.03123618573533699	0.02750262176752452	0.06745087216919965	0.003955590995129132	0.01294036597752362	0.007990177222156437	0.04207615173971925	0.03084670641386497	0.1106581540279433	0.04695474729379384	0.05410581797255683	0.05832348023105405	0.005429292429321617	0.1481787563924726	0.007950724158873769	0.05028858434106263	0.06273132196905332	0.09107471922261823	0.1509929097854033	0.08887046297195643	0.1203307002420174	0.06477273471947655	0.188838835741105	0.1316014928591176	0.003563301114963052	0.02311950818043269	0.08851975599710406	0.004437447077959283	0.0008639882501045321	0.0006594689837266775	0.0007834197079829012	0.02063273160038962	0.03580298643897939	0.01318178388651646	0.01332482849122139	0.01856486086407664	0.01121081183219124	0.02719387963190976	0.03438157648951538	0.009352052697120526	0.007351075333693855	0.08558934402171586	0.0842590023176339	0.2201325758191892	0.2697993583994466	0.005763192207059269	0.008431960472728617	0.008637570240255394	0.006447339899879678	0.3603800733136149	0.2561001733040821	0.2452204245355509	0.3663293387545726	0.3595001248765342	0.3519348278009786	0.0102364850605439	0.1599879919857449	0.01426876924957511	0.1191839815092283	0.1395720946407367	0.007723386076561642	0.1396962945817556	0.00647083764931369	0.1729793446367807	0.01262400607200947	0.05850640823594789	0.05020587510688295	0.1096297205425976	0.04682777411835671	0.009023087425342146	0.1364033162090292	0.01262178668414924	0.01629604487519041	0.01184813481092151
