DataType=double
version=3
OpenSimVersion=4.5
endheader
time	pelvis_tilt	pelvis_list	pelvis_rotation	pelvis_tx	pelvis_ty	pelvis_tz	hip_flexion_r	hip_adduction_r	hip_rotation_r	knee_angle_r	ankle_angle_r	subtalar_angle_r	mtp_angle_r	hip_flexion_l	hip_adduction_l	hip_rotation_l	knee_angle_l	ankle_angle_l	subtalar_angle_l	mtp_angle_l	lumbar_extension	lumbar_bending	lumbar_rotation	arm_flex_r	arm_add_r	arm_rot_r	elbow_flex_r	arm_flex_l	arm_add_l	arm_rot_l	elbow_flex_l	pelvis_tilt_u	pelvis_list_u	pelvis_rotation_u	pelvis_tx_u	pelvis_ty_u	pelvis_tz_u	hip_flexion_r_u	hip_adduction_r_u	hip_rotation_r_u	knee_angle_r_u	ankle_angle_r_u	subtalar_angle_r_u	mtp_angle_r_u	hip_flexion_l_u	hip_adduction_l_u	hip_rotation_l_u	knee_angle_l_u	ankle_angle_l_u	subtalar_angle_l_u	mtp_angle_l_u	lumbar_extension_u	lumbar_bending_u	lumbar_rotation_u	arm_flex_r_u	arm_add_r_u	arm_rot_r_u	elbow_flex_r_u	arm_flex_l_u	arm_add_l_u	arm_rot_l_u	elbow_flex_l_u
0	-0.09571668876163771	0.0714561648249568	0.01869863594668886	1.057384485546998	0.9457940414593091	0.4337677646878833	0.6160487760412712	-0.2329212406332372	0.1234095798249981	0.3654332935627497	-0.06219124896358685	-0.3762745512627201	-0.04041816517861153	-0.03602689817056309	0.05690446362784057	-0.08614562816426345	0.1780867754864751	0.2653272024843679	-0.06646909617380931	-0.04204531269565541	-0.2001808975721476	-0.02579020032830696	0.07275378442969203	-0.2062347236617598	-0.173839504632739	-0.476121122166444	0.2291163786669274	0.4986141777221121	-0.338142012208647	-0.0514298926674718	1.4168101613103	-0.3720383885381455	-0.04826508808391899	0.1295958709916074	0.168818439063	-0.2173530538214696	0.1942489982896978	-0.01493447956382282	0.4257324498603558	-1.357626110613679	0.05349191274885265	0.01969642318374876	-0.4516894591658709	-0.4011141610088049	-0.5057416006737168	-0.3938756571303706	0.05585783710033432	0.6075479194020841	1.226112935742356	0.679611785850555	-0.2540997806074516	0.8010779938866662	-0.279006117668948	-0.4789256653565639	-2.222339622122378	0.04416003429334406	0.3670162967355243	0.8590890734076133	2.027075907923838	0.1096306187681142	-0.2754897583035677	3.234868761152113
0.009512856113114032	-0.09929198599791403	0.07061724895852528	0.01978716782528342	1.059013126521797	0.9437449317747086	0.4356903295028435	0.6159866823707904	-0.2282568650651207	0.1084514404272253	0.3688668762988676	-0.06011729420917564	-0.3800478848399023	-0.04436384481252563	-0.04002487295275331	0.0531545896491073	-0.08475295690983084	0.1844884222363431	0.2735276897116131	-0.06547259895637805	-0.04051225985309501	-0.192375088168764	-0.02807220994293536	0.06795815704915831	-0.2244708385835603	-0.1734476223196393	-0.4712924483189397	0.2393880287942342	0.5175102428250058	-0.3367183089436742	-0.05400157819040179	1.446017849186294	-0.3731090862267286	-0.1392151475921589	0.1135911836593078	0.1768947118208232	-0.2129072810976613	0.2086479698157817	-0.02055013866473276	0.5564252828260758	-1.7910947797013	0.6572355987783862	0.4523653654062539	-0.4126057067481855	-0.4338575469590036	-0.3481560159894308	-0.4211779718410077	0.2534872840724571	0.7664094519259651	0.6655656601609319	-0.3228089440776186	0.4543635145317922	0.837242633785851	-0.183239199723038	-0.5293005882563351	-1.697141260407267	0.03926175092629611	0.6635913599911398	1.257118797331814	1.900766704129481	0.198284508273911	-0.2715401517778777	2.899703020177339
0.02645588447305514	-0.1050721426632633	0.06624580745311923	0.02264493486764196	1.062389853014829	0.9402404347419531	0.4393206930904235	0.6137023584418406	-0.2171373841559699	0.07298182306918394	0.3872090494113514	-0.04625447613667549	-0.3911914904544415	-0.05236462093710281	-0.0447127726837237	0.04389351567637439	-0.07676709561016869	0.2015786603223663	0.2871878281258849	-0.07542217385059491	-0.03206504596931508	-0.1779564595960001	-0.02861806455248044	0.05833366590330058	-0.2526005690286787	-0.172753175804589	-0.4551637782286697	0.2621945893233477	0.544691449469305	-0.3316100430487555	-0.05901311284086361	1.490614143051055	-0.2952035107768424	-0.3773221064509427	0.2507373152804113	0.226934510280585	-0.2004368563999828	0.2163000767901414	-0.2923230082874049	0.7284648006669475	-2.271893433233581	1.412180884764701	1.00371015955403	-0.9552012498629255	-0.4989620705182334	-0.2358191108812058	-0.6864917853875476	0.67142646643533	1.259053222984922	1.043675409629551	-0.6822267280494311	0.3176559824127809	0.8531682359349255	0.1274087896914865	-0.5990377653794593	-1.806489591623093	0.04605998747690843	1.204822229053501	1.281799154940158	1.265728363082544	0.39872486420873	-0.3281926502141922	2.430477626151692
0.04083125941383081	-0.1085295870621947	0.05981781428096611	0.02761231807275093	1.066037051188852	0.9374260320625537	0.4423813353667252	0.6069772503189821	-0.2068425813603412	0.0427592616541443	0.4085658149020861	-0.03756029682720688	-0.407426642838848	-0.05921715932739121	-0.04813726214659081	0.03292858011689148	-0.06601244406554149	0.2218338982382312	0.3014653198463897	-0.08654221320513364	-0.03261790572544133	-0.1659639155650034	-0.02527280569830198	0.0496222654972323	-0.2833065922901662	-0.1719527101732062	-0.4366848387062604	0.2761715294913846	0.5591492634006436	-0.325270869189949	-0.06415005535175866	1.525717765946263	-0.1814738383050423	-0.4877823702807337	0.4440447773870851	0.2797790065203445	-0.1920756900950122	0.2074060061852898	-0.6506380106114951	0.6562143334159962	-1.727506325736954	1.438760833889293	-0.1750025898270073	-1.194010389028205	-0.421487898377835	-0.2526231032887728	-0.7896631983028104	0.7521838972622943	1.495840101072544	0.6417672724467938	-0.9966904835356692	-0.4185305956974803	0.8046101882868447	0.3041471995587072	-0.600789841598352	-2.522323705292603	0.06777948829299796	1.268671523539066	0.5389962906016903	0.8010197765402957	0.4505871935762297	-0.3821414814642393	2.573504795416886
0.04479999999999995	-0.109181391551027	0.05789035585907296	0.02948124506081028	1.06717315862065	0.9366659686209251	0.4431956884125741	0.6041942400466094	-0.2043817898234368	0.03664868870865828	0.4140351662299406	-0.0397446086667656	-0.4120227422380753	-0.06077336756376791	-0.04916831804189015	0.0298586259179419	-0.06314887143737397	0.2277490805131555	0.3030547588664204	-0.09103054829085505	-0.03467233379852091	-0.1628190264546993	-0.02405119103218484	0.04726328549875403	-0.2937889770192839	-0.1716669730697265	-0.4318338573672604	0.2776573496904484	0.5622163189996306	-0.3235293056746499	-0.06568357471814994	1.536273225924038	-0.1704794041698795	-0.5071113440214188	0.4590780670888791	0.2845414442612795	-0.1901538222426901	0.2093570304461685	-0.7238525407075611	0.6482697747288848	-1.213551417290033	1.223103328146514	-0.4831589087809854	-1.123237198098771	-0.3975438186560425	-0.1967539630756304	-0.8352828327533863	0.9395598797147939	1.679873916215777	0.9549687833711271	-0.9293972609009025	-0.3002594933887224	0.7974095722015666	0.3293953898478064	-0.6071490750501863	-2.490217954901102	0.06777401377276926	1.268121159863476	0.4939175550986374	0.7334182543226987	0.4635917669954183	-0.3828151692701479	2.559555615407705
0.05431285611311398	-0.110709048013973	0.05282363397575342	0.03407107002371605	1.069928112726304	0.9348929586216445	0.4451986425974271	0.5962167122409219	-0.1982427007789341	0.02906507035591914	0.4226594483545477	-0.04131009672595296	-0.4213324570173845	-0.06439191874791346	-0.05047525049683954	0.02162205956195731	-0.05449961915869374	0.2447443534838353	0.3104074896208948	-0.1006571017447789	-0.03765730920401652	-0.1552995013690782	-0.02059042929385119	0.04139959835159798	-0.3168643955808502	-0.1709649729012679	-0.4196863541856046	0.2815459373494692	0.5687721716949903	-0.3190330434250154	-0.06936884088602449	1.560857718074724	-0.1498555869976715	-0.5622869891206002	0.4888180286385593	0.2901522262588778	-0.1797794337919423	0.2136384856860251	-0.9027202577590554	0.6643149409100686	-0.4944727373146446	0.7252025846919936	0.213576286269792	-0.8541537498381603	-0.3656648993798302	-0.06191182878482232	-0.8992273888003233	0.8833928314424146	1.925224389612908	0.6293309875653414	-1.101799008342278	-0.383887085041654	0.7727815910196105	0.4021149920184327	-0.6302924351292659	-2.256150704954396	0.08350317623914028	1.2644695585412	0.3019445241561276	0.6048985673751101	0.4859557757293947	-0.3966378839191747	2.570226762504433
0.07125588447305514	-0.1129364623699597	0.04225798235291546	0.04146726059861922	1.07457549585541	0.932232265707005	0.449034056205057	0.5822881514727356	-0.1851365331725259	0.02348363006848464	0.4375439332587083	-0.02428367525765786	-0.4337397097506543	-0.07021564145176626	-0.0481746556592601	0.0052699389088805	-0.04048506576289167	0.2834545563294578	0.3185564417513485	-0.122198760020291	-0.04897760282229768	-0.1433071074066007	-0.01257653753894694	0.030102226625887	-0.3439688833826664	-0.1691042787234964	-0.4000399631750861	0.2825267153090862	0.5741875833000256	-0.3101969918379547	-0.07656875142871347	1.601549311254511	-0.1166755089369606	-0.6825579323666393	0.3570061345318126	0.2511893571970322	-0.1291951891745852	0.2423742100853896	-0.6525239773832369	0.9099606430423328	-0.2831124963576152	1.213324812777431	1.758316729392032	-0.6745856956834473	-0.3195272210523872	0.3634301513947936	-1.030239028383476	0.7434727126090377	2.686912858312501	0.3481681790845594	-1.430192093597919	-0.9770652182840791	0.6339665160261124	0.5348213905450487	-0.7035717198774736	-0.8226194522699573	0.1360023289178552	1.016388396198288	-0.1862910977340837	-0.01194502244334619	0.5588034218781185	-0.4536724705691393	2.172844215434468
0.08563125941383082	-0.1145982323778718	0.03198744233509561	0.04537457201697197	1.077835536073032	0.9307779918974228	0.4527507918367566	0.5760237320892773	-0.1703425500298019	0.02052732854266225	0.4598646671528177	0.006298998042387413	-0.4441849302920832	-0.07432968728121908	-0.03978054135389664	-0.01018608545530733	-0.03199448273584644	0.3271633600325412	0.3208732398470223	-0.1439969972030173	-0.06528166949585444	-0.134958312533008	-0.004624417801913042	0.01972576712018436	-0.3464303158174473	-0.1669908266591938	-0.387645524805556	0.2777840117795281	0.5700033615493338	-0.3018268706085238	-0.0832585619245543	1.629477544004478	-0.1224594023332485	-0.731401003689789	0.1899440794732425	0.2031751442636995	-0.07275853548423632	0.2747529994002404	-0.216124156962726	1.131841905974145	-0.007672861220393304	1.812179734668594	2.2759148057396	-0.8251433711992161	-0.2427103348546775	0.8079598932207906	-1.111203576907859	0.3824283597924737	3.374796827048226	-0.1052917725392654	-1.565767263201698	-1.177105260833792	0.5426361390387775	0.5467332792914371	-0.7279630585298331	0.3859615420028376	0.147853900690199	0.7055128095445204	-0.4151232709113575	-0.5348473751460634	0.5969454678698064	-0.4651233368013662	1.723142784478215
0.08960000000000001	-0.1151050474720634	0.02909246089023094	0.04605278087241119	1.078619615125477	0.9305195297690739	0.4538580595656871	0.5753856910396355	-0.1657757390957211	0.02096664974345355	0.4671430855679405	0.0151065489971061	-0.4476328567409736	-0.07522764634069974	-0.03633090672168293	-0.01461977531188909	-0.03079684440573421	0.3408757296702805	0.3200151977820779	-0.1502020037912198	-0.06978670240719628	-0.1328166743662106	-0.002503795895077363	0.01685191669703573	-0.344493909574931	-0.1664214828716732	-0.3850104449463756	0.276148781695309	0.5676911246951988	-0.2994579951459925	-0.08508255141354956	1.636112198704236	-0.1179685905882751	-0.7393541740676524	0.1789388126740312	0.1983401395382501	-0.06005007695662341	0.279204134914921	-0.1973494495774447	1.154150591269109	-0.02523585158602573	1.795422377538108	1.963514583811204	-0.9212803579975321	-0.2187880312125667	0.9069907911258537	-1.12702530225584	0.3625627496615633	3.562672800981449	-0.1392083665802164	-1.597365120554975	-1.134118099538998	0.5313123363194086	0.5453890149029872	-0.7195259375244727	0.4938474261193195	0.1465267269578549	0.6667335197727871	-0.4860806087794489	-0.6423034457441205	0.5989669758396973	-0.469921946154204	1.67313849410024
0.0991128561131141	-0.1162309064731882	0.02199634209363189	0.0476189591216905	1.080461665527524	0.9300848833196014	0.4565691247952994	0.5735447864441129	-0.1545693525326953	0.02079012290342783	0.484049369379123	0.03392118863711906	-0.4562727479194306	-0.0771819630007787	-0.02663297669618558	-0.02555251959871634	-0.0280227073626497	0.3763490719745858	0.3166122666242818	-0.1657447691824122	-0.08070060408408618	-0.1277660208696552	0.00259733767333703	0.01008544444039158	-0.3382677952815699	-0.1650634068127583	-0.3790688133265213	0.2710454574050646	0.5605204653050738	-0.2937271897784729	-0.08960202739487981	1.651544013723454	-0.116922950662473	-0.7545638326976744	0.1459376324061598	0.1903372728431728	-0.03145608271458826	0.2903408349328421	-0.2312072239641294	1.204624277720932	-0.01415951325893232	1.683106377811384	1.928131937858323	-0.8958873975939733	-0.1979834166493646	1.128717071383274	-1.170210132680398	0.2329994565241208	3.900622856330349	-0.5586199768200217	-1.687667146496133	-1.166417154753475	0.53392675800223	0.5313498863644489	-0.6976136174175895	0.8435878362442488	0.137395446562695	0.5630272393766653	-0.601579850558194	-0.8757950872475873	0.6072208773828125	-0.4826554196721522	1.55526655541075
0.1160558844730551	-0.1180364493675939	0.008836980235204066	0.04936591708518141	1.083673565398322	0.9299545533962044	0.4616000673216077	0.5659349516629801	-0.1333069345598629	0.020422356593375	0.5051733114532104	0.06138667557800417	-0.4709377732191049	-0.08073182846204441	-0.004502648429024092	-0.04593787743689225	-0.02505983135124549	0.4476914646211789	0.3021267797508511	-0.1969080199619834	-0.1005188315222414	-0.1184718203289846	0.01175243593478448	-0.0009479644248812091	-0.3174648163233944	-0.1630222207840763	-0.3722125615819981	0.2585089337707852	0.541625662205186	-0.2832499708889067	-0.09806594926252485	1.674877283729751	-0.09194541709032998	-0.8010848221199246	0.06203687832709107	0.1909062014671843	0.01443449506588268	0.3011383633535969	-0.7285252130420803	1.300369483249567	-0.04171063144316735	0.7068940076999913	1.236922141908424	-0.8222913004531018	-0.234143553291003	1.471786737434107	-1.234630433824405	0.1369343850442996	4.509606189391238	-1.128394684053932	-2.00755484776752	-1.114562253061788	0.5643611269599519	0.5584739487827648	-0.593882386073695	1.582584312060982	0.0992025390485366	0.2455052558687715	-0.8601964852242499	-1.349507178381346	0.6286663686982183	-0.5132384067112519	1.174414585901614
0.1304312594138309	-0.1191035580922211	-0.002973073231949418	0.05000615947572474	1.086450330762853	0.930378480277664	0.4659130660797015	0.55160687782261	-0.1143498884821827	0.01922824368765931	0.5082470221035482	0.07442587972777628	-0.4817375257395603	-0.08461850219266548	0.01838633156769276	-0.06407035595194746	-0.02335116607910079	0.515536586402022	0.282646636052672	-0.2276843650119999	-0.1135190220819089	-0.110267052108009	0.02014890361418506	-0.008625221177791784	-0.2926492677373267	-0.161943848686337	-0.3698311886188653	0.2459482579388894	0.5199964214292896	-0.2741748918577629	-0.1053943044156926	1.689080373588419	-0.05471268823957835	-0.8401455803567717	0.04169685949452315	0.1949327741093543	0.04231022814320977	0.2963374554340061	-1.249247584500905	1.322030869352752	-0.1378381929806921	-0.2368840101216511	0.6290111170003807	-0.6580368315420831	-0.3112485548969681	1.702761122371789	-1.289195662835227	0.09921186574166529	4.897464901662191	-1.593435247912212	-2.253652967410916	-0.5861208917680625	0.5698517145293679	0.612519399673349	-0.4718164535794592	1.746702995726846	0.04832218075031697	0.1370477935458642	-0.8191108592044942	-1.623242178178903	0.6289468800019794	-0.4948126923314607	0.806153653919381
0.1344	-0.1192973049454698	-0.006323727284583207	0.05019451086167651	1.08722441567145	0.9305568884542718	0.4670811536192361	0.5464186320879503	-0.1091251959403662	0.01860060835946685	0.5069201783427187	0.07673401928593837	-0.4842106173911302	-0.08590310629170936	0.0252507971097462	-0.0692197947559824	-0.02298774650847955	0.5351137605397356	0.2760338176959756	-0.2367099110098871	-0.1153185252970566	-0.1080199695546887	0.02261339247696438	-0.01042839858098212	-0.2859087062648521	-0.1617845652628686	-0.3692257674550427	0.2428752928929373	0.513488606515121	-0.2716900694151102	-0.1073218050987416	1.692095990858789	-0.04732727785848217	-0.8524277704646738	0.03400273497089248	0.1894529727280499	0.04846821127571135	0.2946479955401516	-1.32443249881389	1.329365385849014	-0.1568004271937862	-0.383989383660737	0.5642064298779699	-0.6032253994755494	-0.3359545681161431	1.80572774983698	-1.301955699467093	0.1230305270406101	5.103661779881212	-1.465816766875088	-2.290565813072118	-0.4706250568199439	0.5565622216356713	0.6309810820171722	-0.4452512962072678	1.833023215889036	0.04031408273916895	0.1506583990238691	-0.7755527841710399	-1.705568731938199	0.6271124207420541	-0.4901550691113191	0.7034849674331514
0.1439128561131141	-0.1197230952060557	-0.01458416279042516	0.05050246198504057	1.088984088847133	0.9310724472058981	0.469855037370411	0.5332356577271103	-0.09635072538798138	0.01713082388533382	0.5021740891434459	0.08311419367183639	-0.4892505971793505	-0.08960836407174426	0.0429358350259722	-0.08178927554811959	-0.0220196053310713	0.5840561988061587	0.2605404659675159	-0.2593824475803793	-0.1170512960554346	-0.1027383490725834	0.02883967697690538	-0.01444546108377247	-0.2679250983534826	-0.1615023552071905	-0.3674875787889225	0.2361367132844389	0.4969044994724982	-0.2657130813409232	-0.1118922264764313	1.697888532227521	-0.0358261203786247	-0.8916661007125195	0.03246564739587116	0.1790599704883069	0.06021603650044698	0.2879171399335866	-1.445771989644674	1.366867048770814	-0.143783982989261	-0.6058365102559105	0.7594707621226593	-0.4807947116241521	-0.4656282837391634	1.935019174448496	-1.34608713298173	0.1183835769305495	5.242080243406282	-1.789313729250468	-2.480597460648005	0.1493780743319399	0.5422701942353758	0.6891538748521053	-0.3918724405954609	1.915151936369945	0.01280978556176338	0.2221557932956963	-0.6092970580443511	-1.792394461380815	0.6322773475813184	-0.4646117951652024	0.4573642360348498
0.1608558844730551	-0.1196851262300078	-0.03066940570132618	0.05115279241474165	1.091758881492806	0.9322718792515203	0.4745871452613538	0.5071165450366323	-0.07204756428966236	0.0154473007674605	0.489290795252196	0.09693123791637882	-0.4974227872069715	-0.1006612668795497	0.07874838377936991	-0.1056201906799921	-0.01795365303502714	0.6780904650290287	0.2285271510295583	-0.3032111513734841	-0.104055999982769	-0.09461774983309815	0.04198729653633654	-0.01982970839033033	-0.2365505334562343	-0.1621726740317956	-0.3621488279588579	0.2309662054114091	0.464606963764525	-0.2547053458201553	-0.1188495220512934	1.697828456412664	0.04849426146008889	-1.004298225852597	0.04619793676462322	0.1469842674710116	0.08025396669995413	0.2699866415366502	-1.627785909284315	1.500367180867354	-0.04923372652898908	-0.8943573221415604	0.7969153694049049	-0.520234876960572	-0.8329503779708458	2.276257909175972	-1.470716864942158	0.3592882363471529	5.853022073339505	-1.758485267486791	-2.593181904919914	1.2828173973591	0.4019029648253953	0.8597815448094903	-0.2417374985972939	1.754684019534785	-0.1008691896169647	0.4137355252397947	0.0613610655436847	-2.018184089844644	0.671541217822493	-0.3430610506041363	-0.5283100047858686
0.1752312594138309	-0.1183995201091334	-0.04536323687593712	0.05190730873183658	1.093674379918876	0.9334886079356848	0.4783564153774595	0.4829504885453769	-0.0501759113905579	0.01519922674765273	0.4752001820608401	0.1062319786707516	-0.5056355544537121	-0.1136617522449987	0.1119169140900869	-0.1274502382650542	-0.01301862073629209	0.7633773330681114	0.2130473702776742	-0.3367937329772503	-0.08479992369180217	-0.0898106476531472	0.05478941659421365	-0.02262140852251762	-0.2123343846370581	-0.1644282433961591	-0.3551060994494635	0.2372089212561382	0.4347759239370046	-0.2447435260615133	-0.1227288396695617	1.68395388307284	0.1260292917945463	-1.015618603572654	0.05709649452354273	0.1210587110740152	0.08648409009846389	0.2550194403193549	-1.723056267164306	1.511692033798787	0.000918916374788914	-1.055292484350443	0.4276229941462455	-0.6135695033565589	-0.9050726008126528	2.251885804818011	-1.557675014249474	0.2213416521025712	5.85350993866813	-0.03780588003570784	-1.910017630932688	1.119790200178883	0.2755676838763328	0.8865176599218662	-0.163667628388577	1.649933182100777	-0.2102010957939112	0.5551085355794543	0.8190869488355577	-2.098591350664942	0.713881880667511	-0.1918624092703824	-1.348349934250987
0.1792	-0.1178694984430463	-0.04934353671218701	0.05213536654198463	1.094144710593999	0.9338295958440451	0.4793619364356863	0.4760837255996407	-0.04424245306366335	0.01519615790881382	0.4709430447578886	0.10758520779486	-0.5080903106946623	-0.1171285530885368	0.1206417448581611	-0.1336581658896926	-0.01246467488377886	0.7862352262791877	0.2146136239179482	-0.3436311024598489	-0.08106620037374407	-0.08876152569140609	0.05824130384917518	-0.02326882573934626	-0.2057500562336397	-0.1653132867038783	-0.3528531278872432	0.2408844596980545	0.4264815070615602	-0.2418896813565851	-0.1234001717120287	1.678298609625091	0.1375431981424067	-1.009192747104459	0.06617303307497568	0.1125644738953046	0.08663826443074554	0.2502080825122422	-1.72572013977052	1.493650941097079	-0.006673057893974613	-1.067009017852323	0.3777088791984268	-0.5926998179446112	-0.9005834663910881	2.245608468499511	-1.571775590945911	0.2000222135479178	5.784818385465471	-0.1979183269231758	-1.777950231997214	1.30120072637738	0.2450537966615117	0.8823910842435446	-0.1505201994536146	1.642754862961975	-0.2292488849031137	0.5857413527698745	0.9357871516536802	-2.137749015853913	0.7202060002389488	-0.1620906566344347	-1.509120264835586
0.1887128561131141	-0.1164687688876342	-0.05883863274022176	0.05285335498286219	1.09513282239322	0.9346694968608823	0.4816897226740792	0.4597262213034918	-0.03020990272381212	0.01524883602369867	0.4608387869638647	0.1113842243233114	-0.5135031130392845	-0.1257995942475389	0.1415003801099956	-0.1487494463744308	-0.01099674037569586	0.8381767214295213	0.2104261441522164	-0.3569377945288237	-0.06542331156427238	-0.08668393598005306	0.066546212460457	-0.02461302348703779	-0.1900215777697326	-0.1677208886506069	-0.3468123802340434	0.2513295408008012	0.4060742991299873	-0.2349387960974382	-0.124588771302592	1.662434252394092	0.1625773550376347	-0.9808612909718351	0.08976908722441382	0.0939500706937797	0.09081796256342844	0.2378600767883082	-1.718853963551608	1.445940122603783	0.0105267821724368	-1.059198769779659	0.3932504341578785	-0.5465568296747354	-0.9148584941054516	2.145861769730558	-1.581838824517777	0.1358888239185518	5.126019000411115	-0.6690729354998153	-1.052489857692029	2.003594306690515	0.1814651958032719	0.8591951564662264	-0.1321718260729247	1.652936013241339	-0.2849619891829908	0.685332311706031	1.306528548426954	-2.133610871176792	0.7462640423982039	-0.0767923770353335	-1.877365287306192
0.2056558844730552	-0.1129850344711684	-0.07450070022933046	0.05510482460498504	1.096351046676078	0.9363268544069289	0.4854327668975645	0.4303979491634344	-0.007306563314284281	0.01509430667258949	0.4429562002999491	0.1162859264067592	-0.522102473611475	-0.1406300108084354	0.1770077278837503	-0.1741294919640939	-0.007697718088653396	0.9148492848669474	0.1944171675491029	-0.3675006720234409	-0.02157432063698989	-0.08527765381472711	0.08035392367285367	-0.02659780826408641	-0.1625685649636068	-0.1739008699684546	-0.3337932821462353	0.2817604098114416	0.3712209008584589	-0.2215887416581035	-0.1239030635150699	1.621714460889187	0.250945810706231	-0.8547146088760549	0.1827853540120817	0.04813894851029933	0.1052521399237356	0.2021002418202589	-1.742608035029753	1.237331774541628	-0.04240715277958119	-1.047754471801898	0.1541866141263503	-0.465768251598493	-0.8014884969385454	2.068668000911524	-1.378001162935934	0.2843375978107336	3.947352625114057	-1.094265003692824	-0.3307791550559299	3.050816848718592	-0.02472669746755626	0.7596934841146677	-0.1034301078880924	1.582133714565603	-0.4485461997694852	0.8397277385076216	2.289975593861514	-1.969614372784323	0.831256786841835	0.1631523286006442	-2.962427160514135
0.2200312594138309	-0.1089806379199772	-0.08572629296296219	0.05837330115338746	1.09674372085746	0.937909030804834	0.4880973711129006	0.4054591287523002	0.008806348059578986	0.01389487696167666	0.4282093586813978	0.116910426946978	-0.5281359248570792	-0.1503417868139725	0.2069880205537247	-0.1919933356960272	-0.00256689169009372	0.9657601666278167	0.1808342803910775	-0.3721924031382892	0.02288371341139251	-0.0868444323823344	0.09039418949141739	-0.02796087461593263	-0.1400203252361933	-0.1811747143207947	-0.3213183269932758	0.318899440382583	0.3435593295485744	-0.2092677564344606	-0.1203330275683642	1.573285234647947	0.2945633488360244	-0.7030828221044152	0.2691217683341152	0.007118251920614743	0.1131864371533182	0.169259320797806	-1.711240802441524	1.001251439966578	-0.1263858304735815	-0.9926531255884838	-0.04128343144481689	-0.3658934918714283	-0.5162710541953028	2.122258994490039	-1.102519041195378	0.4041464196818498	3.19697118238937	-0.6329667117757036	-0.4476788574400683	2.899993483031753	-0.1800334706878339	0.6319049181694484	-0.08804150986030165	1.576182419694973	-0.5480257524739236	0.8745484261472032	2.75869408310601	-1.913219528623596	0.8717125367732446	0.3122874265041609	-3.689211577701629
0.224	-0.1078157198108673	-0.08842808860897837	0.05948001875528584	1.096751477338719	0.9383584900344315	0.4887531910204761	0.3987219270430052	0.01264927302691886	0.01334677479921194	0.4243253515685241	0.1167099721846593	-0.5295158985603396	-0.1521658869024433	0.2154800431650579	-0.1962173125737238	-0.000966097758273117	0.9781746091912118	0.1789204559886907	-0.3742890765800612	0.03379391243089228	-0.08761015038285692	0.09282287606452568	-0.02830578762888583	-0.1337164303691587	-0.1833666948881759	-0.317875161599928	0.3298246702019103	0.3359129681144537	-0.2058128821975559	-0.1190635835942973	1.558458271592746	0.3001113289847495	-0.6745058701890447	0.2858964647961387	-0.003196215464181335	0.1147637440167483	0.1613845956341716	-1.693432350580772	0.9573490638764222	-0.1346908010142986	-0.9699851208578487	-0.04744597144027951	-0.3426826348438708	-0.4690202509385248	2.143676220865151	-1.047831049952007	0.4200279535812661	2.988674902371912	-0.4966148012708874	-0.3751389488655256	2.840217438608476	-0.2145599540732109	0.6126403671826648	-0.08186846856386765	1.585321390205723	-0.5641442268759156	0.887881824143586	2.817985597503227	-1.93574312087158	0.875312638476772	0.3366277591979615	-3.83058399769878
0.2335128561131141	-0.1049095175980262	-0.09453885806310924	0.0623821154857753	1.096612872895476	0.9394635990332344	0.4901964664781267	0.3827767763767261	0.02127520957899032	0.0119709620653131	0.4153238012411758	0.1165412675846967	-0.5323626924098624	-0.1561729479415785	0.2359828333182084	-0.2055839749388098	0.002972580300129452	1.004086753914489	0.1763586233969761	-0.3785880534424156	0.06041837654605087	-0.089988911425966	0.09846707734286676	-0.02905182941260172	-0.1182770371215065	-0.1888968403795646	-0.3091468272421551	0.3571968611388281	0.3174092603212116	-0.197437993126886	-0.115580087938617	1.52072325484057	0.3143663738020666	-0.5988735548676969	0.3322468868727007	-0.02655631775813729	0.11758825474334	0.1411767501872055	-1.663306787701476	0.8416705543190177	-0.1595541249657096	-0.9231377087534278	0.001306183385211268	-0.2593457495968293	-0.3585708757869281	2.17009851836769	-0.9020236778160815	0.4185523769540853	2.47169730139181	-0.04801837522764596	-0.5567074703772248	2.66480850402464	-0.291790497554343	0.5608412442087564	-0.07884883731036872	1.646808155812465	-0.6045535063407	0.92988424039724	2.941328213227004	-1.931025337373196	0.8890343491781372	0.4024411763224959	-4.137590287475094
0.2504558844730551	-0.09917638825870699	-0.1027867188224339	0.06922592501959188	1.095782983982228	0.941491778862095	0.4922374358501671	0.3547396127465317	0.03286707283898388	0.008606924288381168	0.4002605004156741	0.1165463379437537	-0.5358604053530869	-0.1595566255855962	0.2733310327069747	-0.2174468630469759	0.01058701996494117	1.039014677451582	0.180729940677519	-0.3916070601477838	0.09639145918995703	-0.09644050813370751	0.1062783560439894	-0.0306167710488068	-0.0904035827610184	-0.2001135830305625	-0.2941286623419818	0.4088990307269812	0.2863907029035944	-0.1819662523624632	-0.1074075312734012	1.443876141969069	0.3619050438885058	-0.3664378780487384	0.4800533412780498	-0.07084353168080598	0.1212627687534789	0.1000362469990958	-1.650743909963875	0.519464300865832	-0.2376057058948043	-0.8620798264525398	-0.01158365443026438	-0.1656737840061748	-0.02744355578464852	2.238366495693075	-0.4897727711656854	0.4761801549335439	1.661408530423674	0.4702997718613235	-0.9232781922145757	1.487031600535803	-0.4687729404147035	0.349246587434825	-0.109954792305372	1.631008491371513	-0.7210167545594177	0.8138721263206081	3.142637142725196	-1.708723486394819	0.9370385579053018	0.5606937008849504	-4.943637835824056
0.2648312594138309	-0.09385120754827826	-0.1067697899691882	0.07687592783625641	1.094544025919874	0.9432333390218084	0.4934739050257781	0.3310848362839666	0.03868167565389571	0.004924048103851053	0.3879680606361593	0.116296267690448	-0.5380317997180775	-0.1579980506685124	0.3057788870152843	-0.2224368994831607	0.01716702175298124	1.057850010411533	0.1869716508074127	-0.4035433756098974	0.1105346248394496	-0.1039526581022054	0.1100629652285579	-0.03239441598163233	-0.06698849949801972	-0.2109971158394931	-0.283623146861298	0.4543095056413603	0.26310255336702	-0.168366011223576	-0.09873171132792741	1.368943118696845	0.3688247763929905	-0.2053937710184478	0.5696152517393268	-0.09898991079182543	0.1201213275568067	0.07481480679298476	-1.635396200820471	0.3174173602961207	-0.2613815221460949	-0.8576205289804681	-0.011458543387936	-0.1460129668476648	0.2251821111819834	2.266926136929244	-0.2435338319865847	0.4044354783508263	0.9410589198164361	0.2670532208035397	-0.5723196224411624	0.5822625081875361	-0.557939935753	0.1940567555719662	-0.1333107435538207	1.644612875309496	-0.7792571291867482	0.6488461748732119	3.132897681449331	-1.56055346504583	0.9450037889276186	0.6257769057057648	-5.403466264434197
0.2688	-0.09240740248485958	-0.1075408052678635	0.07914982792197248	1.094141555287357	0.9437074573558687	0.4937635766572436	0.3246155779219588	0.03989860779231014	0.003905247630165642	0.384546565201191	0.1162817416614794	-0.538619521257911	-0.157014905598487	0.3147700653740551	-0.2233630393671587	0.01865196044291055	1.061144732032844	0.1876391384755565	-0.4052504321771218	0.112616984171024	-0.1061727127801472	0.1107911214624049	-0.03292554056182433	-0.06040804310417391	-0.214088462694915	-0.2811272595373406	0.4666438675118288	0.2569149318379879	-0.1646349259539222	-0.09626049456614363	1.347433130881301	0.3676297029424758	-0.176330552652613	0.5833027483302736	-0.1058202698754524	0.1193092512873421	0.06948532329953649	-1.626944959221152	0.2835702054397675	-0.2579981437855189	-0.8537185164127858	0.01350814384262344	-0.1378412979203227	0.2634344639548236	2.273106345769411	-0.1991767589280708	0.378687932608847	0.7555899928735385	0.2868168531313469	-0.4092710124803942	0.4839106957797306	-0.5782716659631452	0.1678499711932226	-0.1351971250590068	1.653410016734275	-0.7885232589427923	0.631747691286954	3.134763008433065	-1.554833173460366	0.9433057041683177	0.6368189309669868	-5.495220788524819
0.2783128561131141	-0.08892405265812803	-0.1089462063197305	0.08482131736966732	1.093067981678912	0.944830309318978	0.494366458480565	0.3091605082989705	0.04227350574436484	0.001481946162948333	0.3763801976863946	0.1169214380349629	-0.5396706939973217	-0.1541361238224574	0.3362735487469651	-0.2248634609886099	0.02176085343269864	1.065958108963351	0.1908507769371591	-0.4078680107453488	0.1162212691868513	-0.1118540082134621	0.1121624884233202	-0.03425120119704422	-0.04433076341506992	-0.2216849699429385	-0.2751788381729888	0.4965287837137387	0.242362128091204	-0.1556757255247433	-0.09006479181533325	1.294347804207817	0.3645148822971593	-0.1128522179919666	0.612733644460412	-0.1198256018300956	0.1165938207127365	0.05725116565344208	-1.624006226027304	0.2083418110836488	-0.2550290597483081	-0.8655707038134968	0.1101963755309399	-0.08635256140020861	0.3450524714087294	2.243991506131258	-0.1070849780916923	0.276247329762368	0.2529773819459974	0.3967288357215435	-0.1682375332826231	0.2253469297520346	-0.6157342309753662	0.11154836403095	-0.145930180721372	1.719567939993838	-0.8097491959327247	0.5980340056694806	3.147387242083405	-1.483627899752739	0.9390130432675653	0.6627698026718883	-5.68429467811182
0.2952558844730552	-0.08285757124382054	-0.1095459642486082	0.09582141769648726	1.090846267605	0.9467485051935333	0.495167533079341	0.2815826707565383	0.04427531701280296	-0.003004302323351429	0.3613021562386533	0.1194595698045268	-0.540594275162477	-0.1469456386709566	0.3735197834617902	-0.2248091626718156	0.0249605121794621	1.062431544939658	0.1989175991789194	-0.40852284113117	0.1136638135569192	-0.1227267873632492	0.1126387615374574	-0.03701965488772038	-0.01469003404388688	-0.2357485044272433	-0.2670027796799319	0.5500610211159019	0.2196731982053689	-0.1399726420218886	-0.07875803750308621	1.194145957587169	0.347730835502554	0.04172266114278775	0.6831856467090227	-0.1412104994741748	0.1093257236675471	0.03855603442203359	-1.632299044968528	0.03011833968709987	-0.2751196365758842	-0.9217043469164756	0.1763762443275318	-0.02684257007533347	0.498254384381503	2.143898781651073	0.1100823397892374	0.1006756687105579	-0.6718999251257499	0.4959069419628257	0.09923141604698882	-0.5050487859667361	-0.660174676584291	-0.05950780199268191	-0.1805677518663129	1.772881634594256	-0.8470947740160674	0.3474574886617272	3.176788404833966	-1.181975616235266	0.909414471650103	0.6611306883776499	-6.141496517163662
0.3096312594138309	-0.07811463484712214	-0.1082838046885351	0.1058099465172516	1.088734447214547	0.9482614754657863	0.4956607193659049	0.2580973683793172	0.04402499986860486	-0.006955935851744005	0.3474989424383637	0.1223079167598701	-0.5406572722102434	-0.1392161648279276	0.4035234240257474	-0.2224345903198426	0.02524887910807164	1.047165860873286	0.2037966476493753	-0.4039663125507447	0.1049345394225684	-0.1321899754149264	0.1109422427698088	-0.03971176065295631	0.01115351228452915	-0.2479674839795862	-0.2634788293288585	0.5961599499738506	0.2041577758441709	-0.1272443968279372	-0.06958932422954292	1.103962200117723	0.3066177952861194	0.1163476003006647	0.6925862005439309	-0.1508544587563495	0.100820605183161	0.03205766449417425	-1.632161253505279	-0.0415673381329382	-0.2659792167819923	-1.003935329264322	0.228571943360024	0.02015027575546385	0.5597356178626585	2.027012370028289	0.190077980001881	-0.06532916682153295	-1.446905849441518	0.06671028989947325	0.6212257855355192	-0.543400919355677	-0.6457399087709715	-0.1589803164659701	-0.1869717046587633	1.83185155143601	-0.8446186163565432	0.1682521146286344	3.247263088058183	-1.013902056882616	0.8567006945957585	0.6056669803133804	-6.351149073270664
0.3136000000000001	-0.07693213931733589	-0.1078223623652824	0.1085318045089845	1.088134214128192	0.9486562763346039	0.4957887274017675	0.2516271047523432	0.04387518457038564	-0.007985915750950173	0.3434593729510787	0.1232679116021732	-0.5405454448768211	-0.1370003779568898	0.4114986477160429	-0.2217065404223704	0.02488764491703375	1.041011581752903	0.2035701533936033	-0.4010134989484709	0.1031414467358128	-0.1347219352206128	0.1102993508290378	-0.04044089954604108	0.01847953281671685	-0.2512996685657274	-0.2628435606986163	0.6091092301792504	0.2001344269068368	-0.1238828478743903	-0.06723356364316846	1.078768582679333	0.2972100817143705	0.1281636102344121	0.6903354325089109	-0.1530471636712528	0.09855676920906123	0.03089572065990533	-1.631683141612403	-0.05042904406702234	-0.2600486298716728	-1.020410261883624	0.264689085080532	0.04096982535948296	0.5702442423428484	1.9896417600885	0.2026410665498763	-0.09895783289655294	-1.648465178082192	-0.0404555644269502	0.7978571346774992	-0.5176151957768289	-0.6434076597126265	-0.1778409447161113	-0.1869269266546552	1.859290730157284	-0.8442459471495123	0.1478695180931501	3.279894011462384	-0.9876877988331576	0.8457014295736922	0.597673005924398	-6.383832826974016
0.3231128561131141	-0.07421034202386674	-0.1064937508594268	0.1150323553638199	1.086659996488011	0.9495672101718178	0.4960693790452859	0.2360663661203085	0.04331572699016548	-0.01039157465955218	0.3334990966926641	0.1261787458627292	-0.5398307556956931	-0.1314916860668858	0.4298328031483132	-0.2196583099312881	0.02349706744063326	1.022868724706117	0.2030527016963719	-0.3916819564809469	0.09855412379365162	-0.1407911570277151	0.1084344917348802	-0.04221714956887905	0.0366418691876956	-0.2593227839512958	-0.2615246133741791	0.6408218732490656	0.191127577396452	-0.1159717458487649	-0.0616316714568452	1.017774472794211	0.2720310191541133	0.1499521127481895	0.6739237954583361	-0.1563969361621125	0.09268600431727431	0.02841304286764221	-1.638504928993796	-0.06623687287510133	-0.2472482205349453	-1.078035789717633	0.3289708629168211	0.106477817886182	0.579608947916635	1.863656370446662	0.2286096268721107	-0.1926434984149726	-2.167909071567639	-0.04117598652357968	1.115879574568258	-0.4636959722860916	-0.628249047125539	-0.2136092229799821	-0.1841800795469323	1.949580076160918	-0.8384418665204412	0.1149135090049753	3.400138916716299	-0.9076809029567117	0.8115395180119865	0.5684774986626349	-6.445764641751754
0.3400558844730551	-0.07019060949521576	-0.1037912846659314	0.1259977356205677	1.084004777764632	0.9510309787379552	0.4965368551141511	0.2083023473464429	0.04210409746233151	-0.01450434853942353	0.3140760095103305	0.131455429930148	-0.5371830766995334	-0.1221661113035596	0.4593999895199939	-0.2154106509642664	0.01906403020068992	0.9782702536868786	0.2030651358852094	-0.3714061522646013	0.09065896523761006	-0.1508845128014171	0.1044070116058581	-0.04509238752190503	0.07031389371859102	-0.2731126203774851	-0.2610109142072266	0.7011457356764133	0.1765764058038395	-0.1031747965684957	-0.05328349034684939	0.9074796522986603	0.199554379944791	0.1616703362741753	0.6154109962608035	-0.1557661292637594	0.07991784733707642	0.02723672728000132	-1.636997205735651	-0.0696333777475541	-0.2404777790289516	-1.217632368941679	0.2771293589894761	0.2072345602912369	0.5089368122992763	1.624016703582768	0.2687678837577103	-0.3154226304675499	-3.090308606275215	-0.01998408780092686	1.225941442344368	-0.4599686626632622	-0.5575769412681146	-0.2545513992134866	-0.1498778909743672	2.012020256182294	-0.7822360438476623	-0.06243673480939999	3.733941887567016	-0.8311076450331657	0.6918608822827432	0.4032672908893714	-6.558790047116467
0.3544312594138309	-0.06775954763443334	-0.1016543958371283	0.1343785097775426	1.081801500943036	0.9521058486736951	0.4969279844705951	0.1847999095637295	0.0413423043238903	-0.01794957723505998	0.2957837513861667	0.1351942989883972	-0.5334213321826661	-0.115444604791419	0.4812341299851735	-0.2114977571311563	0.01438806007568896	0.9285695536393211	0.1991278050168642	-0.3532397098974156	0.08513189439136311	-0.1584169400546876	0.1007763371745297	-0.04691226077282747	0.09947359004658633	-0.2838900442718781	-0.2627182803882759	0.7568783110545252	0.1642828836574647	-0.09400645880524823	-0.04857788694787259	0.8133901758950098	0.142184671633466	0.1273020502957071	0.5492083401278769	-0.1501249567518677	0.07007687336994753	0.02709307661504004	-1.63352958673158	-0.02768928869545076	-0.2382450606228693	-1.320054861220084	0.2662004869441199	0.3255654667854306	0.4293645427652101	1.413277362206331	0.267594162132569	-0.313245504926593	-3.80910831345909	-0.6996760859740995	1.350543676073818	-0.250356916525406	-0.4933022164922527	-0.2408485200311415	-0.1012283520552495	2.050209322098196	-0.7171145456400456	-0.1486963252297496	4.006491066394145	-0.9077305154684598	0.5886336983200464	0.2612383792392599	-6.491642031403414
0.3584000000000001	-0.06721754873914632	-0.1011854311377547	0.136520165076168	1.081209927659718	0.9523796918277809	0.497035088916376	0.1783165458529476	0.04127368893790945	-0.01889181039939927	0.2905066360586494	0.1363042735781976	-0.5320425291872038	-0.1137731021171428	0.4867273610732193	-0.210454107320402	0.0131931252008918	0.9130925416263178	0.1955922235365997	-0.3476807548901434	0.0843888026028673	-0.1603480429755815	0.09984874611460907	-0.04728401669545285	0.1076476970232598	-0.2867023219541979	-0.2632910658251301	0.7728927204372357	0.1605775038275823	-0.09171313881911392	-0.04759171692213075	0.7877529858288497	0.1321049611156306	0.1274547593551785	0.533658730516251	-0.1491113882093915	0.06789759936834931	0.02673291814055381	-1.633896552481373	-0.02542729516149442	-0.23071104619212	-1.334612726608717	0.2986708635892069	0.3607010797034115	0.4138262129009775	1.349568992770028	0.2822117142645548	-0.2868604589131527	-3.989335266950553	-0.8416235914666746	1.536331340997708	-0.2061963446722488	-0.4856377253698037	-0.2491039088298491	-0.09189341880937862	2.079681696072995	-0.7059412899759092	-0.150627676008941	4.06581531021601	-0.9281811657098102	0.5660653926333993	0.2396235943247657	-6.471503227167388
0.3679128561131141	-0.06606174947555229	-0.1000686472905597	0.1413988811551251	1.079808709700292	0.9529999159377013	0.4972812933974964	0.162738897481925	0.04116067746816507	-0.02098691322900165	0.2775635009467287	0.1392035278407923	-0.5283224960886319	-0.1100630529287678	0.4987217261051775	-0.207694278608486	0.01074674823540859	0.8729602931253069	0.186659479315734	-0.3320078997590353	0.08282418481833859	-0.164861541103381	0.0975239532563888	-0.04804488625448164	0.1279012135196322	-0.2932907564032857	-0.2646180990709938	0.8123425101526391	0.1515740844990717	-0.08656348544299121	-0.04555087129385524	0.7265151353401357	0.1106241866938751	0.1023174607256231	0.4896040499207563	-0.1445257830474193	0.06236041035428853	0.02553691221560726	-1.641527468100434	0.00759704442362627	-0.2089565107201961	-1.389002558222822	0.2971049970400481	0.4176335293471951	0.3453213731927596	1.172254848973967	0.2918347611876539	-0.2224743436049074	-4.445236128757028	-1.022043038852996	1.734895691435557	-0.1564669850026077	-0.4623715850321366	-0.2350565317035355	-0.06308247058360844	2.152884320976634	-0.6716271405859224	-0.1387358838009737	4.232649487452268	-0.9919603716409073	0.5078025590563247	0.1773864154071846	-6.383547674809271
0.3848558844730551	-0.06450444856304655	-0.09906241700092179	0.1488773517412471	1.077499635314417	0.9539601478130746	0.4977267836052843	0.1348063112704533	0.04217854423767123	-0.02420067945403501	0.2531605883368348	0.1433491039535056	-0.520549924444739	-0.1066689013100209	0.515928441374938	-0.203029708621417	0.008547741486849746	0.7912098971797599	0.1662363673253968	-0.3016637515539673	0.07868940030155989	-0.1723030573000535	0.09407560327222608	-0.04832470463725899	0.1636559496716117	-0.303616971461117	-0.2674279386181136	0.8866281761178717	0.1318637677534468	-0.07943038229417455	-0.04425126165414122	0.6213345017056648	0.07489715147662895	0.01180925199868729	0.3922237137280002	-0.1268474987681928	0.05062019446463573	0.02719497584705831	-1.654572663471461	0.1165303839493781	-0.1740258299003976	-1.48476885297807	0.1862655729476443	0.5038502114676934	0.03772196758012281	0.8599631945036466	0.2533145015971512	-0.0133731034317891	-5.183748826777932	-1.479787193791923	1.795231122428628	-0.3550973899046459	-0.4168675370607758	-0.1675075768999039	0.03531064566669521	2.039925402272752	-0.5395886154437937	-0.1965206302006472	4.52107061006827	-1.363936810440113	0.3274624594209098	-0.02992776592720339	-5.992585707257189
0.3992312594138309	-0.06356319708129923	-0.09942730810730564	0.1539855254380209	1.075793652925249	0.9546066808236195	0.4981124460604619	0.1110042358629039	0.04443396375892469	-0.02667569265577169	0.2316212758844558	0.1456823730380578	-0.5124539537744733	-0.107858944761573	0.5264275625311435	-0.1995909467058751	0.01041554653974384	0.7129486320927197	0.1377417982325747	-0.276652577261073	0.07281459920081425	-0.1780915339702291	0.0920729436698431	-0.04720751921632729	0.1922079893472652	-0.3105660115847743	-0.2703167298253881	0.9525535418294373	0.109913879129405	-0.07573329826418995	-0.0456850715718476	0.5384045117386772	0.05944324271591084	-0.0563105103634334	0.3235812716267206	-0.111208408199297	0.03912763655347491	0.02531748842300613	-1.654198213150203	0.1874798581618827	-0.1781984294645489	-1.494654706592879	0.1661677051357972	0.6389833382327158	-0.1745845846529013	0.6021731931724458	0.2332315327322255	0.2970330507845476	-5.67925395849472	-2.666523984892136	1.667604125042294	-0.4080198633230603	-0.392236262530043	-0.1165175638266115	0.1148954047032972	1.95788877589042	-0.435609868297159	-0.1829871466028076	4.615003750364624	-1.66219144170896	0.200097922283004	-0.1463038979019071	-5.536107867745997
0.4032	-0.06332826947525472	-0.09967198082176923	0.155244473281099	1.075358843069637	0.9547553041539774	0.4982091597120784	0.1044454667366837	0.04519268528405429	-0.02740270439606302	0.2257226395718637	0.1463981167010364	-0.5098063505810205	-0.108595331888182	0.5286792431821862	-0.198655569901809	0.01181350959693717	0.6901909287489147	0.126107153825297	-0.2701287296367146	0.07130093061805401	-0.1796433651775727	0.09162440392541232	-0.04672178537831689	0.2000015572072402	-0.3122599331203783	-0.2709817256169267	0.9708406340112319	0.1032275176927003	-0.0749758636264449	-0.04627295071529355	0.5166929351069143	0.0555890477584239	-0.06407978846332503	0.3051643583034571	-0.1083533604896604	0.03504835215934035	0.02392429691862272	-1.646541333843312	0.195703319767029	-0.170905436272962	-1.486308858436301	0.1409336174955416	0.6473942865339776	-0.2059444740743075	0.5369182610255996	0.2385401272170755	0.3996813600956048	-5.767263403893696	-2.872833081405659	1.734378144008346	-0.4006053524110758	-0.3883143127533033	-0.1125479957248637	0.1292899435141872	1.979311966078337	-0.4183312409712658	-0.1646606869877358	4.635753446967959	-1.702845677659309	0.1777448943862158	-0.161190269741349	-5.436078419634079
0.4127128561131141	-0.06281327891093713	-0.1004068969234017	0.1579036653052966	1.074367352944076	0.9550372147875342	0.498415245377565	0.08886004413449136	0.04717658702814362	-0.02893837458869028	0.2117878995209953	0.1479048884774317	-0.5033225427926391	-0.1109920031511624	0.5330031661254117	-0.1964171376840862	0.01665173120788022	0.6346009590265111	0.09747508986121808	-0.253318233348578	0.06727232177218979	-0.1832769304053564	0.09068289395543429	-0.04532606531553922	0.2192575562704811	-0.3160468258303849	-0.2721983217913783	1.015208637561667	0.08670087158475118	-0.07353695037589503	-0.04796238392822852	0.4661520662879662	0.05165254571586578	-0.09527474716347074	0.2511879844000982	-0.09970874151939446	0.02366289900957853	0.01977435340272916	-1.626914367714465	0.2270252750382456	-0.1471309109562139	-1.441870903926182	0.165436909996281	0.7074520641688786	-0.3153363925249475	0.378998944574612	0.2227840032447417	0.6186568063148726	-5.898720774448099	-3.103335625407999	1.788297572150705	-0.4878416484137547	-0.373388928181684	-0.08039545857733299	0.1690673620103141	2.058133215664554	-0.3703583110226366	-0.09771380407464603	4.682391783713439	-1.790010346389081	0.1182286544186374	-0.198184065177382	-5.130878682726729
0.4296558844730551	-0.06209627459391974	-0.1027518413603166	0.161181684149746	1.072839244023517	0.9552180412115315	0.4986972703035072	0.06184409365157228	0.05176533902423969	-0.0307902135322973	0.1881933784522056	0.1504860017839674	-0.4909267588075051	-0.1189801877767537	0.5376886276294897	-0.1934679307647741	0.03029514649756904	0.5348421006403595	0.04474404596795338	-0.2234343646203684	0.0553353158711021	-0.1891583775119152	0.09011598133427209	-0.04156044457316037	0.2546225887968446	-0.3211225346256608	-0.2733120256808703	1.094448413487478	0.05388759621288336	-0.07283233510459475	-0.052044027201643	0.3879885465840203	0.02996553379479436	-0.1802923966920077	0.1351365414635259	-0.08002735276333145	-0.003562377822716331	0.01264327086715994	-1.557035136354219	0.3107496342179328	-0.07093745762763502	-1.337247156022114	0.1394428596751132	0.7541121629150445	-0.6277763000671015	0.1934489181141607	0.1209770547668885	0.9761529678989767	-5.805358235219535	-3.057238525916332	1.696374611035917	-0.9204527017208954	-0.3138564285340734	0.01534874277002088	0.2769731297505796	2.111204235843664	-0.2250812579953176	-0.04070582845708393	4.65350930500557	-2.093027557368988	-0.03710095768206176	-0.278096590984219	-4.034745019614769
0.4440312594138309	-0.06188088665836965	-0.1056051019703397	0.1625056789687613	1.071819434580739	0.9549721635961071	0.4987831657314912	0.03996314463804662	0.05634127880600359	-0.03152743278117767	0.1697988068069884	0.152781269014527	-0.4795193113178403	-0.1291804914556927	0.5398611282387953	-0.1921400684627119	0.04580052980451728	0.4540648837672248	0.001919953614019365	-0.2009194177677996	0.04125330813549997	-0.1931066744378933	0.0907874517212886	-0.03706448865209291	0.2855397793095922	-0.3236327699797288	-0.2735623786844797	1.160839539936139	0.02231865972677638	-0.0741217798615815	-0.05611987575190098	0.3367427236365489	-0.00195839498320434	-0.2016330856949263	0.05544518677496924	-0.06189585005311446	-0.03109370475888381	-0.003068325651129553	-1.4879876716848	0.3045471062054412	-0.0438454212518293	-1.216447428282121	0.2083593266999766	0.8528433089825351	-0.7445822243502134	0.1207329951805122	0.0820004165605312	1.153301332109085	-5.377886603634284	-2.917787183834873	1.3999585421442	-0.9254112306531506	-0.2304398322375934	0.06749549947829389	0.3376540784227048	2.211617805253017	-0.138529895349125	0.01276980970702862	4.58200173197781	-2.264888943447783	-0.127817081694252	-0.2689609944374038	-3.158097237815016
0.448	-0.06190987306411354	-0.1063819614369678	0.162697276091302	1.071583433727047	0.9548329897388771	0.4987570429998274	0.03409216026025536	0.05749743252212286	-0.0317155318697607	0.1650483570887559	0.1537129489047456	-0.4760332042270362	-0.1320893037314307	0.5403228398422473	-0.1917917391571523	0.05041397047615714	0.4330641194362707	-0.009642589702405557	-0.1955981220555192	0.03784457182761036	-0.1939657801775675	0.09105842980597106	-0.03571726623963952	0.2944241097890125	-0.3241700852866126	-0.2734641114767558	1.178987378311901	0.01331908571358213	-0.07464404384961418	-0.05713682132772199	0.3245225297027972	-0.007873650823392038	-0.1930006860134619	0.03882168957840516	-0.05627207440823925	-0.03852892686412198	-0.008115937900401018	-1.474120390261094	0.2925624266888435	-0.008936343200258143	-1.184121729376815	0.2514072354162997	0.8336073442392717	-0.7591726314714295	0.1051154747593393	0.08324781293507261	1.172797862782788	-5.21269826894045	-2.886306130741206	1.361628179447674	-0.8944671425913422	-0.2096334583369545	0.06690082066631312	0.3447388576867456	2.238555016996795	-0.126353978645742	0.02245739539235947	4.581317682920645	-2.290894068513837	-0.1423578292267402	-0.2606752329925878	-2.996042360919605
0.457512856113114	-0.06205520135645796	-0.1081352830598171	0.1628357289177686	1.071115866187598	0.9543764514906137	0.4986156615530813	0.02022296142693497	0.06010449623284048	-0.03153817144354137	0.1541802206268458	0.1565245136546741	-0.4679763214157145	-0.1395509999370493	0.5412482183024436	-0.1910212067831748	0.06156372376286537	0.3858270141204478	-0.03432210113222042	-0.1825193463389129	0.02946091683300844	-0.1956951978792517	0.09174908372692323	-0.03235718096619045	0.3162168689804485	-0.3252455119629682	-0.2729703063008396	1.222637932493756	-0.008794073789040305	-0.07616506058589895	-0.05950644399384324	0.2976953387662842	-0.0277634215363221	-0.1731293122730753	-0.008346336398105877	-0.04127021403151428	-0.05783065827683091	-0.0218589156247849	-1.435217919304469	0.2525580270897212	0.04869573925357618	-1.097972158854912	0.3334299122582135	0.8461792379732904	-0.8001412662925866	0.09795743278329394	0.08298930299517038	1.138313295681497	-4.697240857288388	-2.251640628053871	1.377055900905721	-0.8834252158625995	-0.1459566495135597	0.07438605941668947	0.361105889468945	2.323840323401306	-0.09620715098614835	0.06817692594356217	4.576674366403949	-2.379719011631974	-0.1794252203360335	-0.2315918596875233	-2.588487807775333
0.4744558844730551	-0.06316271516235823	-0.1105362199727298	0.1621397533634402	1.070687687884764	0.9530931804940612	0.4980136167183906	-0.002990039274121281	0.06349708561913364	-0.02981105215842364	0.1372329835407664	0.1629830693025483	-0.4544451282883425	-0.1526083989854111	0.5434452550714322	-0.1891755123006518	0.07771872410080355	0.3156799963277336	-0.0607808214630966	-0.160414790046765	0.01411230839999118	-0.1966816367772051	0.09279367019345686	-0.02606682334451938	0.3554932117145158	-0.3262094629686506	-0.2719965769665785	1.298577926806277	-0.05161051678885847	-0.07986714304340174	-0.06251942122207363	0.2635986349619766	-0.1065257586625144	-0.1034471910252312	-0.06782503054931877	-0.009170593715824918	-0.09295104969514656	-0.0499667041413499	-1.294061315031227	0.1394346894014474	0.1469782304913227	-0.887880823249878	0.4236205743383674	0.7366749043708463	-0.6974449832295011	0.1734290716657614	0.1501271178138982	0.7137347269271304	-3.549281328530683	-0.9304787655372447	1.169406325916486	-0.9037646121072436	0.03473119207718593	0.04096771866521309	0.3782940660832877	2.291333445801731	-0.01687317620839149	0.03776333273850224	4.354334122140471	-2.669144545500469	-0.2567159157735844	-0.113941230788164	-1.403491558909334
0.4888312594138309	-0.06510849954715947	-0.1114167792331495	0.1609953930164582	1.070723747759309	0.9515880688232462	0.4971026658229632	-0.02055360955263069	0.06458239276185126	-0.02754770454241859	0.1262451221592548	0.1696642789681813	-0.4445305742229307	-0.160571309809533	0.5465436119913379	-0.1861472451169091	0.08448154927972421	0.2721778361279684	-0.07071828456751347	-0.1470415495027734	0.002676823191552745	-0.1952003214944288	0.0930107390298513	-0.02063053880494945	0.3881666478602123	-0.3260883137985752	-0.2714590346202701	1.359237163454965	-0.09061261138021257	-0.08390792993867369	-0.06326556612741858	0.2496738900805615	-0.1560333321931329	-0.01505015604528703	-0.08567468184518184	0.01229423727202196	-0.1143345783636149	-0.07728627976926869	-1.150151827241594	0.006325276516487038	0.1483442143879958	-0.6254889320783488	0.5144817216783466	0.6581970907192092	-0.3671784624280443	0.2535356620160146	0.2836939439217575	0.2300988825179247	-2.507384235265999	-0.6817293207777566	0.6222098193933028	-0.6071902642163907	0.1579179498011717	-0.01267858115261586	0.3747005837926967	2.273549923540357	0.02527407873182419	0.05851332414589727	4.084724989197727	-2.690627861729385	-0.2986986355668083	0.01003080330025189	-0.6325988790908248
0.4928	-0.06573462843707834	-0.11142064648732	0.1606572832988342	1.070779809984333	0.9511273673351343	0.4967799796339886	-0.02504415113955349	0.06452474011773068	-0.02700189635435521	0.1239382765751109	0.1717776530466764	-0.4419206175160935	-0.1617586755209744	0.5475805083025372	-0.1849231953480969	0.08515292069585673	0.2627772621797019	-0.07381118415061108	-0.1450158566931437	0.0006107726484161954	-0.194539298307636	0.09292887403254343	-0.0191523585289498	0.3972313245726242	-0.3259850397461374	-0.2711621692935668	1.375309817151023	-0.1011477907697913	-0.08510070130199837	-0.06316106380808365	0.2473432147952987	-0.1658106772197462	0.008699000940213586	-0.09494538947319536	0.0170988754297262	-0.1188625610047546	-0.08363437035547963	-1.104542573660024	-0.0229191517359571	0.1586259593877131	-0.5370215496877383	0.5734351206509724	0.6054860060984024	-0.3148012066796795	0.2705626258233724	0.3148885349833415	0.09803192802939348	-2.22779083915655	-0.6970881972636884	0.6020609092882734	-0.5360559833532867	0.1833001178430111	-0.02806808892760634	0.374069233839734	2.296245648771026	0.03193267315180964	0.07025152648084632	4.053136551973829	-2.664847179552752	-0.3066315480336556	0.03515985048313467	-0.4839659523769967
0.502312856113114	-0.06740704104561929	-0.1111218526737433	0.1596004624419738	1.070998020015448	0.9499467804260153	0.4959086201416262	-0.03504825782657556	0.06395681157422983	-0.02537010570931472	0.1198324265233132	0.1776201199388078	-0.4363623535768558	-0.1641843572962326	0.5503553250641522	-0.1816087278788796	0.08468105207226331	0.2449130815933221	-0.07807394861008943	-0.139368566064746	-0.003841946903390715	-0.1925150066718304	0.09258166216196244	-0.01558256026387146	0.4196122831098882	-0.3256056336494324	-0.2701517802959549	1.413550056177752	-0.1261785090482825	-0.08812461111779825	-0.06253346448607333	0.2442329589239547	-0.1923392119289478	0.05869365845650257	-0.1269677052131998	0.02881529689699009	-0.1293196009626892	-0.09942951107016738	-0.9889023590747716	-0.1010674393144797	0.1852451740386002	-0.3209335241663349	0.6553567752224285	0.5499248547752866	-0.1759620936676678	0.316257756677089	0.3892096995734968	-0.2125848525825588	-1.533863684180897	-0.1916425878955709	0.5362939585692699	-0.4039726322655568	0.2491385057392013	-0.0530665397927651	0.3759773938715343	2.398067424936013	0.05063110664098402	0.1350502020978157	3.959763315364761	-2.600573854791553	-0.3288123011225113	0.1050700023371434	-0.1401174259303322
0.519255884473055	-0.07147130232928751	-0.1090959334053861	0.156976063050819	1.071676531518016	0.9476143072783829	0.4939998492476946	-0.0494922894667808	0.06078931496781637	-0.02186864948229586	0.1179142965569399	0.1898878222225546	-0.4286315728047971	-0.1638313383081887	0.5564673809038079	-0.1734862389714449	0.07578691184822886	0.2284967961266046	-0.07427454208792469	-0.1346508727206682	-0.008685264951325721	-0.1868729327848755	0.09076624107545196	-0.009197907949609146	0.4608507265743319	-0.3242868276229941	-0.2673932734074059	1.477414033120434	-0.1694894743282805	-0.09397906113648417	-0.05917316565364757	0.2485312428135295	-0.2898466759020063	0.1816762873526588	-0.1832540757362809	0.05213858631848056	-0.1448885794648486	-0.1253848782271685	-0.7157328945009589	-0.2739245283663433	0.2216904550341225	0.09138339336340903	0.7853169303014249	0.3628622345299668	0.2284592706309911	0.3952538942441527	0.569031867801288	-0.8168998863771579	-0.4465988112296286	0.5640321247902655	-0.02357772121025381	-0.1503817478873193	0.4196525566964137	-0.1668973333575469	0.3786453571184866	2.447515235390961	0.1065016699670103	0.182942216848582	3.557077351958229	-2.515950455301385	-0.3597146674567668	0.295577545763726	0.6310806978719405
0.5336312594138308	-0.07605781836335603	-0.1058764426193245	0.1539687402626355	1.072602833887719	0.9454825677960262	0.4920545847509909	-0.05851589798640333	0.05594558861420929	-0.01876151305482358	0.1213881408203368	0.2016377530293696	-0.4239891771492258	-0.1584397184944972	0.5620668324617979	-0.1645402828749339	0.06186463212447647	0.2271649003694226	-0.06507001688630398	-0.1381871081075698	-0.008407201256218317	-0.1799733190143341	0.0877793208533432	-0.003678025518086072	0.4958692411378819	-0.3224723006365517	-0.2644900941615046	1.526310246071082	-0.2051848675819574	-0.09924462560320374	-0.05394544260443098	0.2603545830822713	-0.3344038338125381	0.2558029538801914	-0.2365651851862001	0.07798695547735768	-0.1499996797108524	-0.1448220682640906	-0.5656918954044111	-0.3892921082294742	0.1983929866191893	0.3727663214206454	0.8364732210950063	0.3189720440579532	0.4867308283512533	0.3588102427917879	0.6550901126181669	-1.046501544197754	0.2100961559669986	0.5767045440836067	-0.4055456889405189	0.2268557101317692	0.5261360257954886	-0.2355772889791733	0.3921115970495609	2.419428663487396	0.1406783455035501	0.2282335603215861	3.283814415902334	-2.448609733702309	-0.3696948358744436	0.4156203841064476	0.9074346514663942
0.5376	-0.07737603476671125	-0.1048455656709943	0.1529974503213656	1.072929200271114	0.9448881166895549	0.4914700434021775	-0.06074013508107357	0.05436285413212547	-0.01801376692674278	0.1229775096885691	0.204957235840439	-0.4226626846922488	-0.1564519837655209	0.5634150150284389	-0.1619413776668177	0.05775281192366738	0.2282504502529508	-0.06308129038711885	-0.1398447803045852	-0.007216311753362945	-0.1778609960209318	0.08683924450354777	-0.002108162604487318	0.5054505731367269	-0.3219081028498063	-0.2635401185425499	1.539289370741537	-0.2148608684215398	-0.1007105962391499	-0.05226933145150617	0.2638615017918846	-0.339490792595542	0.2717172344032551	-0.2512303609988241	0.08446719369202743	-0.1505995310183459	-0.1495136997549419	-0.5333464881327248	-0.4115596309102098	0.1897387717831483	0.4459029320013914	0.8684882785878958	0.298919005852865	0.5159948695954617	0.335789983751216	0.6654880249196128	-1.063015066807891	0.3586168873722882	0.5733218038771479	-0.3595314301097965	0.2706717333995007	0.5434611940306376	-0.2487984841258615	0.3948471784729157	2.441411035382643	0.1457939417386588	0.2372793236339831	3.264306387644231	-2.417975858203074	-0.371589578568698	0.437435725236976	0.9574460002491403
0.547112856113114	-0.08068795497981389	-0.1021418428030468	0.1503644695246372	1.073808964055413	0.9434456047754761	0.4899945188489789	-0.06550647063557141	0.05018920048326364	-0.01622998468276045	0.1278580334293936	0.2131960237814663	-0.419741280443898	-0.1513203184893759	0.5662889443014983	-0.1555732479047597	0.04767221138269409	0.2330006062405576	-0.05790393566534269	-0.1433401932204103	-0.003835219334868883	-0.1724587744460095	0.08441866782712482	0.001722264255848548	0.5292974423943363	-0.3204479435869694	-0.2609409340238931	1.570221809744164	-0.2375781397256325	-0.1042960431854721	-0.04786221563461447	0.2733623246718601	-0.3570097499439726	0.299544899252164	-0.3054212943805195	0.1012775558185012	-0.1522316310288923	-0.159628212224546	-0.4695034497137895	-0.4671368750680224	0.1919069695461533	0.5789321912430603	0.8618055261085253	0.3067541723091076	0.545851593501304	0.2716471394048224	0.6685804285996907	-1.002713435430404	0.6546375719999994	0.4308488618492416	-0.3407787483452896	0.4174230201419101	0.5927592888267514	-0.2682430239981371	0.413510908287983	2.540912718416089	0.1643659225445442	0.3015809034925254	3.220117028103878	-2.367099734615847	-0.3791870592044981	0.4917999123249253	1.012941442218001
0.5640558844730551	-0.0869481569968332	-0.09646501775012668	0.14418950968628	1.075832701127506	0.9408844244858966	0.4872115744552103	-0.07269457077840724	0.04135676813070391	-0.01264338760421098	0.1394550981223192	0.227457988176095	-0.4148169163868135	-0.1430609147915487	0.5700052314548092	-0.1445724023435607	0.03600870503638512	0.2491477976021992	-0.0580785075521037	-0.1468038984717663	0.003626715219233496	-0.1617321189539636	0.079042386849734	0.009231421013266201	0.5714380563733921	-0.3171794222957669	-0.2554506964007487	1.622899060817755	-0.2774556964954782	-0.1105983714414709	-0.03862020816105032	0.2890354311597779	-0.3771103913974795	0.3721122339092624	-0.4239649955421819	0.1383321815409499	-0.1487879137581758	-0.167901071538684	-0.3905517089323234	-0.5761886403561401	0.2257733245016456	0.778873553171145	0.8116139637860467	0.2817374144578971	0.3937988020256799	0.1593251197526022	0.6223554014599443	-0.271585398382019	1.233109635373507	-0.4903127673528981	-0.06393923126742307	0.4235867095607891	0.6669536306593555	-0.3719770058660288	0.4765083585382432	2.38610398581096	0.2231527637134577	0.3346891473572786	2.987604949726349	-2.342302800429273	-0.3599347219917563	0.5943519129705882	0.7780773776732943
0.5784312594138308	-0.09227985279142413	-0.09072780459122146	0.1374826320162928	1.078044499593691	0.9388026615167425	0.484742991066034	-0.07828003016205365	0.03243013716266613	-0.009710481731626946	0.1514562937804255	0.2384730982886516	-0.4102557982970067	-0.1390883584511301	0.5711507692332582	-0.1360259265820004	0.03859631054838089	0.2690162670124397	-0.06880647177950366	-0.1473241134958374	0.009044818247132606	-0.1519833948332672	0.07317213969192317	0.01648874346891172	0.604130332489041	-0.3136762252473486	-0.2506118856642031	1.664789391742681	-0.3106871269357747	-0.1155811435088287	-0.0297655484671526	0.2974542277088532	-0.3565146976176922	0.4208829897402321	-0.5015418036435206	0.1684110314953768	-0.1399866909496882	-0.1769154996348567	-0.4026236759709535	-0.6635815402172149	0.1554294692460553	0.8766903420972563	0.7099887408148955	0.3872195850151686	0.1494537431407017	-0.02076440200200097	0.5676067306125252	0.6477230260609288	1.462947086318202	-0.8353625690437064	-0.09537500186179237	0.3291282911367023	0.6779424121790439	-0.431527234896559	0.5306441145158984	2.172367275560726	0.2583200366385887	0.3404867045851313	2.875056546171693	-2.260250312954464	-0.3339246582767296	0.6227907768640746	0.3735441309613334
0.5823999999999999	-0.09366570060720465	-0.0890434274626536	0.1354676846307546	1.078726842924632	0.938253539104804	0.4840324048018492	-0.07991904315667203	0.02975398540073057	-0.009193711167817781	0.1549592536634836	0.241212500358326	-0.4085823710510853	-0.1386408969966546	0.5709229438875516	-0.1337988233944593	0.04167837987439577	0.2747930384944663	-0.07190632050205273	-0.1479258601221339	0.01030846791086845	-0.1493117669912373	0.07145964675062114	0.01861735091192193	0.6126725537281306	-0.3126461878867635	-0.2492492895886482	1.676222649281674	-0.3195628240871598	-0.1168950413767481	-0.02731166795085219	0.2986862144497285	-0.3548910282350874	0.4301543353305951	-0.5106393216594332	0.1738090593050892	-0.137719559334115	-0.1818895623028395	-0.3934582237719222	-0.6834607329485031	0.151159099638565	0.9085235623430832	0.6882618903091331	0.3831774908896847	0.1106914927413601	-0.09787042765230258	0.5695635852765538	0.7310222143998084	1.375514954628459	-0.6561753787263644	-0.1893199639878444	0.2920662047995006	0.6806519758692324	-0.4335575678348225	0.5377091995936063	2.161920058201657	0.2624155334839723	0.3353717495459969	2.877199873239661	-2.192215828620478	-0.3297879113078676	0.6289636554406342	0.3345760461049223
0.5919128561131139	-0.0970164235276576	-0.08489817199784792	0.1305212466586595	1.080434359647719	0.9369700849124037	0.4822389205043489	-0.08363766411077639	0.02305951231819037	-0.008112052103424139	0.1638163913447909	0.2472960598407082	-0.4047545350851465	-0.138310060944865	0.5696769767376333	-0.1283788939365202	0.04775560940807433	0.2882620633653311	-0.07573086674286272	-0.1507004889588561	0.01280777540023539	-0.1428057461159114	0.06740788125327567	0.02384320562718025	0.6330601781107241	-0.3100947708298295	-0.2460081722407727	1.703594944178957	-0.3398051335261277	-0.1199941591782405	-0.02123888557066758	0.3012687817868146	-0.347111943943007	0.4423708966346965	-0.5192972421357791	0.1837883847565616	-0.1307581102416558	-0.1956719882061675	-0.3837281519672637	-0.7229282469340201	0.07782314301850871	0.9637848649405043	0.5821982735588728	0.4040264103329639	-0.07331289847102196	-0.1459711006690588	0.5752067006489789	0.533888456944175	1.459980001679211	-0.2807429465041252	-0.5082840199849579	0.1795253857731263	0.6817537701709498	-0.4208068771755248	0.5624743376828836	2.05985205372632	0.2757269769057348	0.3258829899476841	2.852325573788367	-2.023274042435902	-0.3152477859020869	0.6452132962830732	0.1872375138640183
0.6088558844730551	-0.1026208378834303	-0.07712296268870385	0.122373757924651	1.083577899875121	0.9349798893654818	0.4786767421458171	-0.08950387444559682	0.01025025038135809	-0.008066253272963619	0.1819662155914384	0.254963370784312	-0.3987439180272691	-0.1441650990217755	0.5677745321779373	-0.1181437510982779	0.05319915286731917	0.3145830456294083	-0.08256576218719405	-0.1699312924763158	0.01107110256413948	-0.1316314820780275	0.06028646990883072	0.03379661888279789	0.6617872169398138	-0.3051324383459151	-0.2420535060433164	1.749717459233485	-0.368449056390477	-0.1246642025910936	-0.01029540128587832	0.3011539602862405	-0.313007772238088	0.478280203752291	-0.4265437497817666	0.1841508054914787	-0.1009396116145055	-0.2256214525748593	-0.2917448366913916	-0.7910887263431989	-0.09176559936170751	1.209399950779832	0.3146830772728408	0.2943563604203197	-0.6178979421768525	-0.05870355773426966	0.640789022007857	0.1163325710556254	1.654315993234644	-0.5384986807129765	-1.707923643205861	-0.3850707435378731	0.630977399988114	-0.4228951709912541	0.6097844398630236	1.259347475904369	0.3093786618193464	0.1202773250494782	2.562822420439868	-1.298292429640473	-0.2300158225253227	0.6400366343413394	-0.1900179447885376
0.6232312594138308	-0.1069560833888956	-0.0699522150518741	0.1170519220039595	1.086154820943006	0.9337888340512286	0.4752379309967405	-0.09261918769784744	-0.001665915507124777	-0.01129861574962907	0.201709595768062	0.2578741099519338	-0.3949047806140625	-0.1550094202362601	0.5675314506188237	-0.1084274743603483	0.05318715613817217	0.3396975647028173	-0.08677753726588069	-0.1947014463822132	0.004349868158942854	-0.1229055515534997	0.05417189995096536	0.04267587711776787	0.6747264226014839	-0.3005806951341644	-0.2415922225719441	1.784634166330809	-0.3818926769843621	-0.1274753843630012	-0.001292106773491359	0.2974693879540018	-0.2945245227844875	0.521079803044748	-0.3159185101484429	0.1732115604885947	-0.06336120339042289	-0.2527326898747935	-0.1274672791077148	-0.8727685564808161	-0.3926102803783736	1.558258338550418	0.1005419085811205	0.2697686428827738	-0.8039586308538194	0.00719598480929623	0.7090282505937542	-0.07143420038278026	1.84114063254426	0.2920862293883513	-1.344736011014652	-0.4052687795887873	0.5877997395757005	-0.4258384040448675	0.617334251354707	0.6024649643721727	0.3181800320193642	-0.03406930096514471	2.317330120260203	-0.5872360233469287	-0.1693097026137116	0.6092321983316676	-0.2484935488466206
0.6272	-0.1081255986291238	-0.06785753167286906	0.1158492047561266	1.086834459138964	0.9335603187338032	0.4742204655341273	-0.09300660695747859	-0.005188003357741486	-0.01309755604623834	0.2081250328330725	0.2581824075095966	-0.3937736687125915	-0.1580973916190631	0.5675485826180151	-0.1055831011099367	0.05290822014623803	0.3471079626602835	-0.08435979669697713	-0.1989282896945772	0.003071549483697112	-0.1205832948253756	0.05248578414384717	0.04511146732609365	0.6769239017217352	-0.2993263562531809	-0.2417540084222222	1.793757720798938	-0.3838870072520959	-0.1281351920185803	0.001102986287324505	0.2966225397874422	-0.290974068657582	0.5330945551286592	-0.3021818137614529	0.169832447118964	-0.05200027361324374	-0.2585518991683047	-0.06554135987449722	-0.8967091061551367	-0.4321010091386818	1.677383239089376	0.04807937076384317	0.2404276195948265	-0.8154532923159103	0.02623451478322858	0.726163651153536	-0.06206297150022211	1.968825375047576	1.097840558598512	-1.105781225734364	-0.4020259081354078	0.5744227391573435	-0.4256609184981516	0.6155558239636429	0.484584150825028	0.3180175964458559	-0.05401171022548984	2.287607921581048	-0.4931957944013987	-0.161992377345514	0.6073631475203989	-0.2637334425395715
0.636712856113114	-0.110894988013623	-0.06269857210708685	0.1130603434242282	1.088403338312017	0.9332066794211238	0.4716927880355113	-0.09285044911556273	-0.01398186553816545	-0.01788748990176239	0.2254221010130044	0.2577938901705427	-0.3917023585986505	-0.1663269353252942	0.567995036061534	-0.09831766432182881	0.05303777530553722	0.3670072949365233	-0.06572462102192669	-0.2084657508300632	-0.0005358243521818805	-0.1152377001499011	0.04852496768455518	0.05098878015708345	0.6801072526742786	-0.2962834449187837	-0.2422844596111955	1.81510784928443	-0.3878683848605411	-0.1296321488090412	0.006891568830840345	0.2938028483064993	-0.2873098667820214	0.5507895216764425	-0.275151270129135	0.1597674896492645	-0.02164850184182721	-0.2731310315108608	0.09613009408259982	-0.9494290696981456	-0.5692969698918929	1.961617235965169	-0.1405984491795406	0.1799175449003469	-0.9189409608210544	0.05918021387611944	0.8038014735283345	0.08483814969979059	2.174243156032638	2.542844838604975	-0.9381998061841532	-0.3780818291939194	0.5460915682380083	-0.4078293341566784	0.6165667481621746	0.1381325071948915	0.3222363932645546	-0.06891677932553786	2.178331105975299	-0.3104601128816503	-0.1491791986341673	0.6051934248039411	-0.3218551594690567
0.6536558844730551	-0.1153929783942882	-0.05317448088079641	0.1093787780793293	1.090970922492371	0.9333193768396539	0.4668459014923579	-0.08899844682647834	-0.0306693077859338	-0.02914057947954843	0.2631132567059009	0.2518959866965271	-0.390528073138195	-0.1829893220743608	0.5683103590574792	-0.08362354855432774	0.05569843734731141	0.4028241914266914	-0.02286006448904221	-0.2241504426641627	-0.007709777219275623	-0.1065988620410372	0.04182368260068343	0.06112176712734382	0.674448570474561	-0.2907534275248371	-0.2444807811275146	1.849021785784878	-0.3882305932537994	-0.1317645364587043	0.01678437880895831	0.2882858536737396	-0.2369281358785238	0.5710067940961638	-0.1549768216056838	0.1453146419207714	0.03355604187293001	-0.2978322167317377	0.3519051181998406	-1.017359902322201	-0.748429182540442	2.489660436424549	-0.5594373963963454	-0.04869935024333105	-0.9943832491217885	-0.07506448468616378	0.912824847036934	0.1733935605985349	1.917271403030067	2.047770477204117	-0.9210699644650467	-0.4605964142924863	0.4740498731044328	-0.3844971453428844	0.5699460886754796	-0.8148393779373547	0.3288623335967285	-0.2019159026620263	1.821416411103568	0.285507586821958	-0.1025918685166263	0.5569367944872426	-0.2990871315703724
0.6680312594138309	-0.1183771631754566	-0.0449142024552096	0.1076897290342954	1.093065945553449	0.934050146849969	0.4624741789785936	-0.0825648073197176	-0.04569508681555721	-0.04078512371821175	0.3021090159947892	0.241597447930191	-0.3922924482577029	-0.1953178426818889	0.5645404130770642	-0.07069273861521638	0.05657537796781445	0.4248098613493506	-0.004409332581098574	-0.2359717110998351	-0.01357381100453405	-0.1000652355413856	0.03641677503559167	0.06877667067959586	0.658527123524554	-0.286077461628468	-0.2481976044342412	1.873842988640071	-0.3811580210443002	-0.1331080073850576	0.024447494649048	0.285091399589756	-0.1783911363350615	0.5763772316324957	-0.09734926310455527	0.1499594315631132	0.06402476501150285	-0.3078412847606611	0.5387695311870311	-1.075645028635029	-0.8702100848375905	2.932438808327094	-0.8500947645991752	-0.1674988796127471	-0.6253094093700835	-0.5100828496070916	0.851380068204951	-0.1271070795760917	1.036846846547533	0.5309374321052212	-0.6309490090620322	-0.2838027150158975	0.444630487540503	-0.3677176512312684	0.489500016272296	-1.288145248739797	0.3176799641240343	-0.3025549892449842	1.687808882220942	0.636185385657919	-0.09401297936939157	0.5123537930742206	-0.1172567867962091
0.672	-0.1190553899540781	-0.04262738474512788	0.1072928026048918	1.093672002790587	0.9343117165907345	0.461252613912509	-0.08033263807512842	-0.05000279752409197	-0.04430524267876312	0.3139813849830109	0.2381203512515943	-0.3929511565780863	-0.1973880902955273	0.5621505051223443	-0.06742422831921668	0.05574439829089785	0.4282361430256218	-0.002967251587992326	-0.2380963366370596	-0.01443740940382305	-0.09829404863783191	0.0349670445477866	0.07066504313640432	0.6534221767750266	-0.2848317488069521	-0.2494203188187323	1.880601057603476	-0.3785930255017683	-0.1334992330322025	0.02646554278539036	0.284782887950467	-0.1693897075746562	0.5814626285047572	-0.09281575258743591	0.1505271104199487	0.06998391632077862	-0.3083480284194089	0.6202093763764787	-1.093379500772054	-0.849186645258633	3.110374333558978	-0.9374154113598374	-0.2403600326746607	-0.5207709918628693	-0.6523095076445793	0.8345598891739532	-0.1525776433801241	0.8961894370559236	1.299500773244428	-0.3140218959138907	-0.2379627389973402	0.4404295296014686	-0.3713104892309155	0.4684000471675867	-1.349963026360245	0.3132154531282942	-0.3356409990767921	1.703618801775807	0.7365804663047946	-0.09483862977007845	0.5086298913447296	-0.04243196163385354
0.6815128561131141	-0.1205740214490802	-0.03708036957283079	0.1063782351108007	1.09510767818294	0.9350424911899566	0.458317545811199	-0.0735307204540076	-0.06066442404635017	-0.05234960924017742	0.3450946674087902	0.2283929507237553	-0.3956398370218899	-0.2010505310233004	0.5544552337037109	-0.05964897386438807	0.05397596188609832	0.4343311468413803	0.009863137496666396	-0.2397442257118292	-0.01636426429129526	-0.09414978611426381	0.03145062405928921	0.07491741768559701	0.6399714896882456	-0.2818796896491272	-0.2527841268572712	1.896970550184804	-0.3709483273358177	-0.1344542842821369	0.0312993013569503	0.285027950034819	-0.1441337387202648	0.5829354684211684	-0.09413607463543092	0.1510625718118812	0.08399869748500638	-0.3081830077423446	0.8099987273192719	-1.14076999999999	-0.828064107059963	3.45124484024327	-1.10067334309758	-0.3475289935451769	-0.2214113240752811	-0.9684212861099444	0.8010220187606854	-0.2128848315250386	0.3840644546101839	1.362886631304438	-0.04960612953052124	-0.1954005988271732	0.4239899253920916	-0.3691553047727519	0.4198040186735217	-1.507641966807469	0.3079667607843193	-0.3713829044086095	1.705287786535201	0.8658286306009751	-0.1054935646922216	0.5037915323785731	0.1166318348188617
0.6984558844730551	-0.122239332262305	-0.02735497249365548	0.1051061682873096	1.097637983355022	0.9366922450462369	0.4531412507613699	-0.05688551151205296	-0.08020177779296567	-0.06501253433089865	0.4099299875443684	0.2072657143232638	-0.4045535769933273	-0.1987751878489271	0.5333953618867859	-0.0464976633991299	0.05012873397072792	0.4335305893835932	0.03151582386685475	-0.2382591387550256	-0.02079193692163165	-0.08773233391434886	0.0252052726813176	0.08092569586170061	0.6098880365392741	-0.276700578786941	-0.2595024937491374	1.923350277116239	-0.3548182014906675	-0.1363811174608963	0.03949867465332399	0.2910302612254007	-0.04735777453884515	0.5597923502753308	-0.05308777729003876	0.1458819324078732	0.1104039253662096	-0.3019491218176608	1.158520352462479	-1.159020574120636	-0.6478821237702717	4.206557674435254	-1.424656430615503	-0.7136159384581466	0.484177294226033	-1.496294815002455	0.7539901599827263	-0.2179599883821454	-0.4418144785503886	1.163354544103437	0.1731771235670443	-0.3383720583494088	0.3240330642110323	-0.3647869642988079	0.2864770794149082	-2.078676408676254	0.3041329205457233	-0.4139238189788228	1.357556498308097	1.022002443693046	-0.122325514935937	0.4607204850961925	0.6170294863925789
0.712831259413831	-0.1223600531443387	-0.01959385405337466	0.1044909841404599	1.099641014704521	0.938411621612282	0.4488530822518461	-0.03795843356232986	-0.09701557417923812	-0.07303020104241489	0.4743350973453428	0.1831938494583955	-0.4164627752938189	-0.1889339043151624	0.5096796915001915	-0.03587459590352401	0.04767427883061759	0.4237354046781048	0.04726132314626164	-0.2358562356106165	-0.0257987072243028	-0.08379198207578045	0.02017490876993987	0.08435336714768187	0.5763039997544845	-0.2723433965686936	-0.2653949554533671	1.93998183874027	-0.339650530620688	-0.1382772522844881	0.04588021351604528	0.3030472242696033	0.02299686147857814	0.5165909257944825	-0.04229244716093947	0.130732864269656	0.1273470961854394	-0.2947164318801386	1.480085631093402	-1.190012153104557	-0.4758825034503707	4.70605076335436	-1.992741324419087	-0.8961945731592426	0.8006627707659126	-1.762049371253148	0.7256166506969031	-0.1040340764188596	-0.8600205882798835	1.07545420414236	0.126227793080486	-0.2992932336917795	0.2278177255136542	-0.3267667752010555	0.2015039825800437	-2.568770184587646	0.3017881498950755	-0.3942079771236568	0.9642744086265389	1.075787479952065	-0.1433024077624085	0.432206317361443	1.033057850325775
0.7168000000000001	-0.1222495608663091	-0.01757374885184319	0.1043051213904498	1.100147219300765	0.938922971384223	0.4476869724629643	-0.0318966901453856	-0.1017803474122033	-0.07484970623456988	0.4931717633384907	0.1748222018470911	-0.42000603433739	-0.185779859034312	0.5026316282503538	-0.03300722679890337	0.04736284259191489	0.4202258008214753	0.05160362723123324	-0.2354479566697938	-0.02682307363350509	-0.08292916095044635	0.01891748157042596	0.08513354875748308	0.5659099666657802	-0.2711478404890528	-0.2669234640708809	1.943627086949153	-0.3353760663507766	-0.1388616633611731	0.04759287315599638	0.3073163361056769	0.03721758410679815	0.5108072245511558	-0.04534897753152797	0.124531087072341	0.1291738594320468	-0.2911114361535379	1.603442095883198	-1.195875171513058	-0.4779747927531418	5.123744516400327	-1.845382450336704	-0.8834185473755414	0.9101434586590684	-1.806310589918721	0.7240961533547436	-0.07455391803449429	-0.9418652038314153	1.016522182369344	0.07594713889835547	-0.2752463631325084	0.1999125663917745	-0.3248747082903265	0.1835106759026525	-2.720868417176006	0.3006265574409117	-0.4013101974772032	0.9026352187167039	1.080777412173562	-0.1492423555753105	0.4316683442021811	1.092073048542344
0.7263128561131141	-0.1217944231616786	-0.01279751061282904	0.1037644678503376	1.101257827520239	0.9401781564517089	0.4449409607441069	-0.01564739900482359	-0.1134254927651707	-0.07879162862453473	0.5425963297220924	0.1572994870308981	-0.4281299385939749	-0.1755969862952228	0.485102316909999	-0.02613249927884219	0.04711829773310021	0.4106598803276869	0.06163222771428703	-0.2351286333754191	-0.02923401468936931	-0.08126439802027863	0.01596964023513244	0.08675635211457255	0.5393230258718438	-0.268268615970323	-0.2705921677505091	1.951670695987443	-0.3249239136181641	-0.1403834499930536	0.05171950503449053	0.3185391712710907	0.06169285631354164	0.4918618500765457	-0.06555208592271791	0.1064656346850466	0.1337173384577696	-0.2854097835764782	1.823026724813395	-1.244427883847422	-0.3520707972891458	5.354912656953475	-1.82235160002771	-0.8351580105222748	1.293755481889166	-1.869619583701981	0.7180047921238372	0.01809604572723672	-1.056878096535175	1.05482789724442	-0.009825807027143973	-0.2540988069359451	0.1404628487258461	-0.2936874722520011	0.1542948883501372	-2.841876781175611	0.3067532486982071	-0.3711129696136688	0.7573721038103334	1.130730128492009	-0.1744047408430696	0.4313853480277821	1.298038087070736
0.7432558844730551	-0.1201788056555696	-0.004875005965018985	0.1025842765010006	1.102622553606361	0.9424311469477294	0.4402525942924465	0.01886602805722287	-0.1345992020244357	-0.08281917361812288	0.6411867644095832	0.1288348724527507	-0.4418262113582789	-0.1447926350118703	0.4532147829319623	-0.01435775647128169	0.04832041019534636	0.3920233779627568	0.07763293671035701	-0.2363420226267733	-0.0345158493435432	-0.08038734152525978	0.01155562574847409	0.08872042650719753	0.4911759588716662	-0.2628380059662714	-0.2764980253636405	1.959976223373866	-0.3038303065996251	-0.1440059415747184	0.05868103428759558	0.3454732657025943	0.1303250898762103	0.4403128355607039	-0.06790667136675579	0.05281988643878326	0.13041556322208	-0.2668552725012187	2.230724959324869	-1.240818713397094	-0.1149265918550732	6.23605418909534	-1.45183349350629	-0.7566427468140997	2.304680234944548	-1.878987075740412	0.6633839865994694	0.1075779268731609	-1.120541251833503	0.8087058645852516	-0.1103413818954148	-0.3704495599521895	-0.04120955785899605	-0.2256103154595051	0.07628290238371865	-2.819474640368627	0.3361114331402787	-0.3268221862257266	0.1806337559982176	1.388063738129518	-0.2589929862533453	0.3839954315676167	1.887977604873932
0.757631259413831	-0.1179683111915739	0.001076857322119344	0.1017224118385324	1.103084500582526	0.9442519113639061	0.4365443131313619	0.05213599091626805	-0.152158483355105	-0.08261678927922372	0.7305302960665716	0.1131397711034289	-0.4507286898702358	-0.1097520504341237	0.4263959746880636	-0.005375000016769188	0.04994478971678748	0.3759454837218995	0.08826766000311662	-0.2375298554081438	-0.03964458200543339	-0.08185969403204577	0.008750108289544596	0.08943097441369728	0.45056720914571	-0.2578374054232159	-0.2809124543511995	1.958591700894363	-0.2816895728189585	-0.1483312033970816	0.06383641747821693	0.3751948797590753	0.1705587305290115	0.3870489438578882	-0.0502785092611594	0.01536034930001991	0.122753067810997	-0.2494158422101533	2.338555633362321	-1.201504992434224	0.1598116165836229	5.883615025183917	-0.6408000778545491	-0.4140837310411168	2.340595650040195	-1.85347228855892	0.5817406473765002	0.1065439952084645	-1.11453669743622	0.7314433053683971	-0.0159187414435833	-0.2840429425975215	-0.1443319294060061	-0.1652070342691309	0.02970701670012013	-2.868447446742835	0.3569367985287534	-0.2855923234328216	-0.3558537264934845	1.699735236932504	-0.3418550204368248	0.3354965747363552	2.174813527499366
0.7616000000000002	-0.1172854275171189	0.002583010323147478	0.1015348605328971	1.10313468596221	0.944735074120869	0.4355628338991197	0.06134210565327192	-0.1569080648627714	-0.08179510562785486	0.7529704097678773	0.111229907411617	-0.4520319511593329	-0.100973332909565	0.4190465075015989	-0.003119311451402415	0.0503438854555705	0.3715230508606839	0.09127836128459527	-0.2374562398420934	-0.0405851265859337	-0.08244227778248998	0.008125856624081128	0.08954053434283486	0.4390598767488676	-0.2564162312974542	-0.2820189509783362	1.956938993021886	-0.2747640212773405	-0.1497294783085073	0.06514850258128141	0.3838110724002174	0.1797629606797938	0.3794281183691616	-0.05167369662698908	0.007627950270375716	0.1191528281621374	-0.2426670637190391	2.38028984063376	-1.186675991257611	0.1800030460926517	6.034276855709858	-1.140586596074532	-0.04006648222445497	2.360206644502777	-1.844946393082588	0.5593742015385139	0.08168938356630129	-1.113864742669793	0.6463803933036325	0.0003509969688044734	-0.258365866838189	-0.1684785437800373	-0.163499832567414	0.01890615161210862	-2.967038032685307	0.3596076710333802	-0.2758099059207239	-0.4689513211010317	1.731351590788025	-0.3573611116375552	0.3302633456441109	2.184279998880111
0.7711128561131142	-0.1155320367290549	0.006132724678573735	0.1010002564059779	1.103120376001662	0.9458375841247098	0.4333248812219956	0.08400461569622356	-0.1680314099331963	-0.07935236233304047	0.8085412635766334	0.1000445967458112	-0.4489357493052001	-0.07794013124210236	0.4017187408230544	0.001978586892678491	0.05089257621922552	0.3612326442920804	0.09773329906542347	-0.236837812811333	-0.04277767481244412	-0.08425847376775077	0.006592709434247633	0.0896457847589883	0.4102522189366875	-0.2529455267100508	-0.2844220341349825	1.95147598362774	-0.2577350611077961	-0.1533271707930914	0.06824609524420436	0.4047672706237754	0.191205218401374	0.3639174600596133	-0.06002004397565118	-0.01200443522533239	0.1134793359442917	-0.2267623901545472	2.394907293147138	-1.138089418720677	0.3481864267869969	5.650556858593768	-1.203792429760315	0.6285907254767725	2.458410269834125	-1.796513165434741	0.5062598564006563	0.02500454283133241	-1.047749068480855	0.6922235378826986	0.1375451064315251	-0.220992685153411	-0.2193257464741309	-0.1579130398543562	0.001159052816480405	-3.085398523041404	0.372591463308501	-0.2269182212681089	-0.7394939989311047	1.869461245603505	-0.4057343717404147	0.3136803543027484	2.208998190225004
0.7880558844730552	-0.1119794878777583	0.01188203469382246	0.09987043597046394	1.10253551753024	0.9477370628952582	0.4297982961785246	0.125511751148967	-0.1856309799629887	-0.07016568832068229	0.8984750864795212	0.07962514878202816	-0.4342157999503714	-0.03722579017845351	0.3720770094899035	0.009347045402032517	0.04980395760305652	0.3445167590917594	0.1088191190217845	-0.2319140363171247	-0.04688934077339377	-0.08912125649633396	0.00403527785140783	0.08926840525351723	0.3566905158787698	-0.2462944913988593	-0.2874479897291712	1.930674839546358	-0.2226560789455879	-0.1613401854588094	0.07281607886204633	0.4414492404295229	0.2286959228229082	0.3136827570158192	-0.07539098095186234	-0.05757860662708442	0.1118411536954413	-0.1884842360384651	2.512675227060239	-0.9272235086908143	0.7298456446604231	4.957865543852916	-1.167487725431196	0.9231910106538965	2.267833735781132	-1.704229810680534	0.3592659708432823	-0.165809335636541	-0.9305426547376223	0.5952716301035919	0.4492601767829127	-0.2554345417700452	-0.3576607333746026	-0.1453803441429775	-0.04657974383776921	-3.21720006288789	0.4124385634224809	-0.1349315830478342	-1.774363614131005	2.282301274626844	-0.5421057097823582	0.2198721834716475	2.090814273391706
0.802431259413831	-0.1085389418170636	0.01616532629483462	0.09857736556182281	1.101464904603846	0.9493455653210928	0.4273201113206573	0.1622369522997132	-0.1977478104780835	-0.05823355802052746	0.9651384070145586	0.06439809830166784	-0.4243067880516774	-0.008124292926770707	0.34800109279037	0.01369669915881365	0.04610696220962773	0.3315615847542249	0.116681851419702	-0.2236535243662906	-0.04961800128380175	-0.09497865948570189	0.0019238250180846	0.08835830560864033	0.3103015140455029	-0.2402320462346771	-0.2891281348850537	1.898938361373414	-0.187742452392971	-0.1697631632584332	0.07546600250863131	0.4700486508404653	0.2445346168022252	0.2885480948941164	-0.1096218794174986	-0.08853087258286882	0.1114088042691493	-0.1575857549336256	2.580685794850173	-0.7767714105390191	0.880662766916077	4.300732700505203	-0.9091324032004922	0.3320878078837317	1.720214376425117	-1.65235429039625	0.2558251219693979	-0.3444594354390075	-0.8849212183567869	0.51546211560797	0.6874921396401101	-0.06044262494604613	-0.4458087652988485	-0.1530754885238177	-0.07583674823389862	-3.216548838268176	0.4241003225862803	-0.1129035967279415	-2.570988137932674	2.536603857783653	-0.6147020828688873	0.1592608039648938	1.874651936744881
0.8064000000000002	-0.1075727498410037	0.0173119061293292	0.09811211253601226	1.101103445252585	0.9497858943766577	0.426708281054079	0.1724760134354629	-0.200794697847416	-0.0547706931620589	0.9818113138869364	0.06101863121758547	-0.423548385882447	-0.001716796913918239	0.3414558256744804	0.01467999920019682	0.04465526202352109	0.3280453163236245	0.1187296970263271	-0.2208256390351655	-0.04960351852621977	-0.09676839856968833	0.00130144545226539	0.08805145818335269	0.2975779295817453	-0.2385587668415419	-0.2895959491353814	1.888480563040887	-0.1776299635876741	-0.1722064890340404	0.07609123394467909	0.4773473959203231	0.2472364452568185	0.2823936315861633	-0.1176523197059276	-0.09589371965744703	0.1120617312010195	-0.1498177861431079	2.611882644597673	-0.7430145678976126	0.9319129611394807	4.13085251534106	-1.063371957533023	0.4751161859606695	1.615466514669903	-1.639904250748569	0.2317310661459481	-0.3953771682809145	-0.8848316357501642	0.4314916324809863	0.7212501282997148	-0.0150975035369576	-0.4697284262573695	-0.1566211867017676	-0.08314866024250697	-3.280958138476925	0.4245707226034685	-0.1115942597061779	-2.717719712732069	2.576065379297777	-0.6270444075823264	0.1529153316142267	1.831211964926559
0.8159128561131141	-0.1051983934678483	0.01998094231002339	0.09686022177448826	1.100116216903898	0.950853990232447	0.4253667416526141	0.1974146463571853	-0.207573354647891	-0.04574094373355972	1.018775675786947	0.05199612648366393	-0.4196177829048871	0.01247397879525872	0.3260432701111859	0.01669014586206176	0.04049077121630189	0.3199165530913308	0.1232805294295979	-0.2132679803414993	-0.04944684173191761	-0.1014769521422551	-0.0002561482749053046	0.08722898448786641	0.266189037636089	-0.2345039477015839	-0.2905247271471217	1.861238074276125	-0.1527083692155398	-0.1782915528217764	0.07750166561972112	0.4943211039140802	0.255334855540964	0.2756143621890459	-0.1475911971949631	-0.1120651303134939	0.1130533265172624	-0.1314728543858752	2.633443252645408	-0.6742759631313475	0.9714180399610384	3.647672244154707	-0.8395560159261122	0.3403734193666144	1.315278405544957	-1.605874942570332	0.1851658726580308	-0.4868864314980917	-0.8303155189358296	0.509265495267347	0.8708568031878585	0.03140778910617004	-0.5241633803331242	-0.1685601546828284	-0.08925618673396118	-3.29960829226638	0.4294465635765897	-0.07869837596536705	-3.076091070647211	2.676989844318776	-0.6564604538301669	0.1362158617588891	1.716334912064683
0.8328558844730553	-0.1005354381125538	0.0243322014264679	0.09376293076029479	1.097963039347872	0.9528190499371424	0.4234559625663935	0.2424073094385983	-0.2175007288388691	-0.0285365855685952	1.073626428998637	0.04022067441483215	-0.4162869436855673	0.02701732015319497	0.2989046520235359	0.01877890302050896	0.03048468852775939	0.3061045242629246	0.1318594605003473	-0.1962388561776749	-0.04902133093629869	-0.1113888871470999	-0.003106921630380184	0.08567777446512494	0.2115166134304174	-0.2270748105207562	-0.2910486010506223	1.799318207365284	-0.1051108274971203	-0.1901028065283126	0.07906010069834217	0.5203756077269575	0.2967298783310846	0.2351966505002736	-0.2201626028190429	-0.1411574989973809	0.1191248709024884	-0.09432347690538319	2.671888567686917	-0.4967483619064565	1.049600200789099	2.822152563766954	-0.5946272391263443	0.06929204496653285	0.3861269902277231	-1.607823254136189	0.05991473765265859	-0.6937305964715056	-0.8164344303746808	0.4800383297228878	1.126903897632454	0.02943498325056182	-0.6446535673157366	-0.1638218497833607	-0.09204468642593998	-3.120199964666522	0.446937979702648	0.01907609361152973	-4.279350833905387	2.937663989211404	-0.7383067102689025	0.04205280343831064	1.352252997237493
0.8472312594138312	-0.09609183043314287	0.02748092636932817	0.09015204307577811	1.095813098542276	0.9545541028065043	0.4222843350170568	0.2807185302436334	-0.2238572159221104	-0.01359157204285394	1.108656357295968	0.0315662704581722	-0.4157909813525484	0.02849099603151757	0.2755813676516913	0.01905627910935001	0.0195569722964509	0.2940264494660609	0.1382785055965338	-0.1791326969962779	-0.04746058423270515	-0.1211723370749248	-0.005356516918099484	0.08439177251707983	0.1683875983869415	-0.220631741646532	-0.2902956225937803	1.731327332403079	-0.06202551680845128	-0.2010613317111179	0.07916460871091763	0.5381928940996421	0.3149252350792898	0.2069120147119439	-0.2800501407312382	-0.1553854012184641	0.1211043401087841	-0.07110962346204845	2.643334001375422	-0.407571191368944	1.000951990347868	2.024626450840884	-0.6626074539673401	0.05505599410711931	-0.06260044393983755	-1.638439845815861	-0.008191169533476983	-0.8076296546079091	-0.8730373740522648	0.4195761727574034	1.224951709440872	0.2493481903068911	-0.7038808498876853	-0.1488536992583388	-0.08541841698248549	-2.877483649260101	0.4444467260070296	0.0757191476397413	-5.073489487394955	3.014069084509744	-0.7758866596223624	-0.01645713357736205	1.172542492326721
0.8512000000000002	-0.09484796350768677	0.0282969514009928	0.0890135033689442	1.095194398394131	0.9550330150781818	0.4220091886455311	0.2911601945445246	-0.2254731697076496	-0.009710409787423616	1.1161929189326	0.02878707904542467	-0.4154547680311739	0.02828036170605826	0.2690618289568475	0.01901783104186237	0.0163338481578347	0.2905139916469542	0.1399328976275811	-0.1742799290031529	-0.04620844009391824	-0.1239689699010399	-0.005939581299857534	0.08405929163334946	0.1570970022790636	-0.2188808665410035	-0.2899882058165956	1.711021432184752	-0.05012077252827937	-0.2041364838486259	0.07909496052181732	0.5428582041758416	0.3158863974638896	0.2027253088820886	-0.2920047897277271	-0.1588895590065979	0.1209730380850224	-0.06601629601054414	2.64057757077869	-0.392757763749874	0.9863582485145956	1.819921847003688	-0.6875192741296419	0.07575044841795758	-0.1120929012575705	-1.642012973613072	-0.01666691052576286	-0.8340710619874996	-0.8970962693367619	0.3276674365986969	1.20932711493159	0.2709551272550806	-0.7174709868649155	-0.1466681958995082	-0.08411893784050002	-2.844234070952922	0.4426944367292237	0.08931514716835087	-5.215428191527584	3.019296525123693	-0.7818858207855545	-0.02276936069265841	1.156499107183063
0.8607128561131143	-0.09181929300005698	0.03019711712369355	0.0860411988403552	1.093649266738773	0.9561768074822578	0.4214346305734537	0.3160885264456925	-0.2291247701965555	-0.0006471030104490266	1.130995785030385	0.02289654158683299	-0.4147511901090559	0.02664976002870115	0.2534185111852499	0.01879786539332497	0.008275065344202727	0.2819913522022462	0.1435865893113927	-0.1625997345715979	-0.04310549322729779	-0.1309363774605902	-0.007290623845845973	0.08332107430168194	0.1308697981707848	-0.2146693648634146	-0.2887655411366959	1.660040796947888	-0.02137138789455573	-0.211658263798309	0.07880570757671615	0.5537670467835533	0.3230380875794108	0.1924922959875932	-0.33448129226349	-0.1657003936612485	0.1197198987154549	-0.05458696782712803	2.595428573509948	-0.3676623513215018	0.9201126986616177	1.288893485911036	-0.5492056345020534	0.05759241125830245	-0.2368036144756762	-1.65233920972534	-0.03469392968700855	-0.8640265551363117	-0.9030037296533484	0.4178335561780668	1.243742047465254	0.359347207767557	-0.7479042190989322	-0.1327590091755955	-0.06979658976103346	-2.649029941427602	0.4428462161668325	0.1676668281247953	-5.560088591375891	3.022002058220857	-0.8005417710912175	-0.04606972111568715	1.149705634700851
0.8776558844730553	-0.08612990891005184	0.0329989375608039	0.07967120728525644	1.090768501025676	0.9581919454054411	0.4206790368044802	0.3589769140003498	-0.2345204127055671	0.01396617913510738	1.144599624360658	0.01535727516440125	-0.4147829003213893	0.02087498656145129	0.2249224761611994	0.01764482097592847	-0.006888883405147816	0.2660063518709216	0.1503521897293864	-0.141465585523518	-0.03721790611964434	-0.1440315087431357	-0.008964546165603153	0.08243804563047316	0.09032820910630347	-0.2071800166586359	-0.284854374109423	1.556952972840533	0.02948171482636918	-0.2255383817872592	0.0771304871444644	0.5742935923443535	0.3473694367989051	0.1336154740152912	-0.4153048301782849	-0.1732523423433515	0.1176291329978354	-0.03567709692480767	2.458068009286535	-0.2663341341138988	0.8023927250606944	0.3147047648331749	-0.372399631899313	-0.05391303664716496	-0.4096600199908131	-1.713855530637966	-0.1015221117269609	-0.9150567854395786	-0.9932514681829006	0.3519479290799092	1.227570891832076	0.3148029055904382	-0.7928651620150911	-0.05711893214753827	-0.03368843398832422	-2.120762071656141	0.4395380617895056	0.2858808401024169	-6.640140518325144	2.964422534985835	-0.8360883507902538	-0.158119559196175	1.305389300637236
0.8920312594138311	-0.08112952589708922	0.03454743131313962	0.07336522438019699	1.088267024668944	0.9598388786640105	0.4202283196073833	0.3933006070116378	-0.237917515749487	0.0246369253978273	1.143231250026912	0.009680705182037841	-0.4153091334424607	0.01566725586507756	0.2000389298163786	0.01598985729089042	-0.01973525109486236	0.2511360229781721	0.154757636152191	-0.1247908050730999	-0.03290490467478384	-0.1554702345340968	-0.009195878132307558	0.0821509076591527	0.06284825128490525	-0.2009566609299935	-0.2803623628710949	1.456014267134914	0.07118421007144428	-0.2376541860451875	0.07424340499523087	0.5948177224049979	0.3405891946107711	0.08610939848585886	-0.4543745655186263	-0.173746437543066	0.1100863185929394	-0.02923599337231105	2.316312662392335	-0.2214356187373677	0.6756245392855046	-0.4994968891645095	-0.4717483143559684	0.03177892762644946	-0.2431042155591729	-1.737165092230471	-0.115069880946752	-0.8447821514753808	-1.067901567978384	0.276867711028828	1.062541119686062	0.3121484915373172	-0.7892389338576714	0.02457996519181627	-0.008564581897624851	-1.733731138653499	0.4233701091709159	0.3264847322178837	-7.297829643278348	2.819888417629879	-0.8438922362610978	-0.2319811468873369	1.566151101429734
0.8960000000000002	-0.07979938663940195	0.03487461520298194	0.07155791734842738	1.087579286228158	0.9602684666345314	0.4201109373558226	0.4024162189089416	-0.2388082657440709	0.02723411272652258	1.140816636954991	0.007635256798297185	-0.4150179364792603	0.01495236318379324	0.1931583109461481	0.01555795550186127	-0.02298806496879463	0.2468778132994471	0.1558612760696031	-0.1207275492282293	-0.03159802386684899	-0.1585800355243381	-0.009056677996638236	0.08212503181272288	0.05610116961911728	-0.1992916731783965	-0.2790716508581376	1.426948097232028	0.08225975759656326	-0.2409948713416195	0.07331141904674728	0.6012046533430657	0.33622163107679	0.08319289711365618	-0.4639732456176886	-0.1744800947397774	0.1072983607673842	-0.02766651415863745	2.281370369565006	-0.2177277706126937	0.6554097845541711	-0.7078315862464177	-0.4876576024898848	0.07196976848974135	-0.2078464126267894	-1.737674679461033	-0.1056077902037009	-0.8276139673969571	-1.094496144814933	0.1737758120378065	0.979379768421571	0.3100069024978684	-0.7897273441171287	0.03662245404022085	-0.003418937338500558	-1.636466308945807	0.4194749389756854	0.3383632802272141	-7.397997859599296	2.790732926772182	-0.8450844335774972	-0.2420496177525051	1.620600055324259
0.9055128561131143	-0.07663933827641414	0.03563746047640148	0.06701306847648941	1.085909394637289	0.9612509773676216	0.4198683023439092	0.4236373475786657	-0.2408200821156493	0.03322627614580295	1.131713145176648	0.003909865261843004	-0.4143158205414876	0.01325737038394503	0.1766677865825032	0.01464940990618453	-0.03057595708808181	0.2365035714665382	0.1581137388612717	-0.11180762758869	-0.02838851161160341	-0.1661103777252932	-0.008574770232876484	0.082165641382038	0.04186660719870725	-0.1953312856258428	-0.2756121228777798	1.355587044399781	0.1085260430346738	-0.2490609257536937	0.07088090274301168	0.6173947446761964	0.3259676706749073	0.07269589563407264	-0.488546011436422	-0.1765818731786797	0.09897437465439163	-0.0237892195553243	2.178154611264798	-0.1998496723915903	0.6027605346308371	-1.208747364336947	-0.2876000657122245	0.05128359955809453	-0.1408885860294418	-1.725818155138309	-0.089855525372876	-0.7690751010364467	-1.089137235864521	0.2662192962548384	0.8917330106698163	0.3396280153657508	-0.7905430176393832	0.07009195180936253	0.01146793966544314	-1.349217937828777	0.4112814298493098	0.3699334541368459	-7.638604582612367	2.719993886901787	-0.8480269001108769	-0.2777147616969503	1.825028212516941
0.9224558844730553	-0.07147525696237222	0.03642000544077182	0.05862850836253822	1.082891437868534	0.9627730237206471	0.4194860016049295	0.4588452364288433	-0.2435798540530797	0.04263364388018023	1.103557639669463	0.002013861444735282	-0.4151266398902426	0.01245917752292736	0.1479511843249068	0.01309081312921691	-0.04273344039686059	0.2180480225774972	0.1617640238756068	-0.09838227920306908	-0.02393278555349407	-0.1792623442876411	-0.006520147939803433	0.08252540716390228	0.02353146565505493	-0.1886393712678304	-0.2704093341818861	1.220711759204616	0.1526963423411358	-0.2632486326121247	0.06507271128887812	0.6542445232319563	0.2776093696315092	0.01707525579983299	-0.4941880376668707	-0.1793255134676271	0.07973793517165027	-0.02227805932333345	1.976160271104737	-0.1222160264042201	0.5139337085336092	-2.112294612641054	0.02624026175140892	-0.1453180268028673	0.05753065002461211	-1.652993103332487	-0.09563951745621607	-0.6607784075669172	-1.08475943313275	0.1389583205263631	0.6839831144534132	0.162798828758156	-0.7553114899158173	0.1765340091652565	0.02863610426141711	-0.8309600019446073	0.3752171902117484	0.2098148594677464	-8.275716400276636	2.479720412356127	-0.8214205780606399	-0.4127760726532098	2.559549160341888
0.9368312594138312	-0.06793906650627728	0.03640719749293305	0.051657042242488	1.080310314027213	0.9637742791060648	0.4191542974617951	0.4860358092670836	-0.2449359279514446	0.04981037213995412	1.067899675395423	0.002390717629448119	-0.4173129661336265	0.01462965140920794	0.1249452684846979	0.01180544468318152	-0.05129244653043465	0.2027832152376099	0.1633268507411541	-0.0900176435311916	-0.02259506687832676	-0.1897503414972352	-0.003389897032614962	0.08296320727631198	0.01378418945823232	-0.1835298562614449	-0.2690081253968587	1.099561037191968	0.186767692362689	-0.2747865088202281	0.05848165692169917	0.6952075309901331	0.2108361865843067	-0.01080213700648053	-0.4728271180653104	-0.1792946254430359	0.05885326957070769	-0.02414831975898127	1.809600692436547	-0.07519757194571483	0.4987396828061424	-2.837591737966962	-0.05440077256356257	-0.09036811591815674	0.2409093508429944	-1.53997113414307	-0.07354289959355012	-0.5179821069293277	-1.024831413821339	0.1287933343437929	0.4769670591626431	0.05426664904812428	-0.701313911454379	0.2508117014556436	0.02987925515508737	-0.5690290455025746	0.3353462541753793	-0.01747957832570024	-8.478408389431538	2.269300107457974	-0.7827914821070052	-0.4881792287032918	3.08112120742589
0.9408000000000003	-0.06714544631886649	0.03636879502657359	0.04979698982704472	1.07959979539674	0.96399501916264	0.4190570578567909	0.4931335533395138	-0.2452303054914276	0.05181302577613315	1.056266049387392	0.001951872145676825	-0.4174806745802703	0.01567470130257828	0.1189105212969926	0.01154884685365717	-0.05324317127746411	0.1987807246166652	0.1639585386108653	-0.0882420136786177	-0.02235930681937744	-0.1925000752122487	-0.002374216127874203	0.08307752813151199	0.01157066640250007	-0.1822205084037463	-0.269198026905444	1.066037760002047	0.195683570416488	-0.2778712141065326	0.05654210387592072	0.7075736842888282	0.1963975439073405	-0.009729900513097772	-0.4711820720680232	-0.1790141587142593	0.05339425624055145	-0.02350771146428798	1.759245738202678	-0.06304323750707341	0.5173112773817007	-3.028757768382878	-0.07541851507096325	-0.02818009430222407	0.2703608241677968	-1.51566532472401	-0.06093825807390058	-0.4880118800946575	-1.010164059493489	0.1371840792952636	0.4230998752892912	0.05468139923205684	-0.6920742177793144	0.2598366961601331	0.03024811415918832	-0.5145679787772105	0.3272388762533806	-0.05940447118147435	-8.491109057740712	2.228970783324509	-0.7757366005843763	-0.497119787116203	3.1662595710901
0.9503128561131143	-0.06543776277983904	0.03630116717040307	0.04532699854997049	1.077896801458173	0.9644368466727608	0.4188460313226898	0.5092302119191057	-0.2456617013397203	0.05697375152981472	1.025265447824294	0.002007139171644703	-0.4176897827103646	0.0183521384415994	0.1047986528271122	0.01109953437985668	-0.05756337396790767	0.1894052480561668	0.1653212124989789	-0.08473088430447734	-0.02172466671285144	-0.1989900114045453	0.0001728366437431378	0.08336893059796967	0.007438438547734877	-0.1791905373842452	-0.2702662644323208	0.9852423434250092	0.216516025608259	-0.2851804339818699	0.05169496755296323	0.7387267477410726	0.1576148784571655	-0.005167449266707536	-0.463789055917923	-0.1785587586543788	0.03903704883068281	-0.02155359864112225	1.625740293363849	-0.02896381098807294	0.5646569096258378	-3.492217546676415	0.06968644490339232	-0.02919349390795234	0.2861569861766226	-1.444164796113212	-0.03334930020601204	-0.4155184267895388	-0.9587396602974838	0.1409640965339056	0.3115170863146034	0.05009735098144752	-0.6662526986656695	0.2769262225838808	0.02904868630308272	-0.3755393050341505	0.3064409639746962	-0.2033668544480894	-8.485280306672408	2.133059743622918	-0.7550401886626167	-0.5286747140243042	3.410135626110349
0.9672558844730554	-0.06369662510920071	0.03626634012705483	0.03794334055026472	1.074919024970681	0.9648497119245837	0.418466301261227	0.5347580089032271	-0.2457640997596029	0.06714899531851476	0.958913925749321	0.003468156031201222	-0.4186381029390654	0.02296687940403881	0.08192473853571469	0.01097170085225578	-0.06317670572565029	0.1741814864307449	0.1673584135142658	-0.08132670188519708	-0.02270854489036352	-0.2094538636807402	0.005163887867124531	0.08369478050363581	0.001326214052821739	-0.174550384453955	-0.2785059877918994	0.8427449693926718	0.2500777239091779	-0.2972300031443681	0.04188090113310407	0.8016654106093868	0.04351996057324378	0.002767204043878424	-0.4011075108987044	-0.1718873494493272	0.009266931233455372	-0.02360321146639483	1.383986375938776	0.01300944714532565	0.6415102933246185	-4.339990623018481	0.03328880092407016	-0.05805443907084706	0.250465108896048	-1.247451708996713	0.01907989865093046	-0.2424355637466956	-0.8293921565341699	0.1046355167478079	0.09133163769636288	-0.1759951718513235	-0.5624853166995343	0.309887716283614	0.00669845719432445	-0.3935677057310364	0.2377306608333117	-0.8028050285740215	-8.290129207215427	1.819966691491071	-0.6603148367500044	-0.6295776899687304	4.01603281396393
0.9816312594138312	-0.06373903878723108	0.03645509269034273	0.03263690461230893	1.072513416563175	0.9648026924227916	0.4181299453261509	0.5529924094901452	-0.245428043668774	0.07718021045394756	0.8915010552545565	0.001541602517778101	-0.4180441144914686	0.02627960283910677	0.06524841888893868	0.01159268407370935	-0.06561203647546041	0.1633283769811598	0.1692093118534375	-0.08116306086068414	-0.02581431960990703	-0.216895907453048	0.009667685398634801	0.08362400429603598	-0.005536850130761356	-0.1715599296658865	-0.2934938831507926	0.7262347617052205	0.2747208155294715	-0.3061012333455373	0.03250925711555094	0.8618236998587886	-0.04277350157598954	0.02801880124717626	-0.3396400463478131	-0.1623972495894109	-0.01524566613626438	-0.02183756032214972	1.145031214337493	0.03120610292105558	0.7702431426863868	-5.029723030510886	-0.3636554431078987	0.215767111694984	0.2149454231206612	-1.078463284572274	0.06812755400409004	-0.101919951150325	-0.6725247292329462	0.1834808836512045	-0.05732838893104331	-0.1939947361235232	-0.4793423075225294	0.3096056833406325	-0.01549610240990653	-0.5784154029754872	0.1817656126200997	-1.231908545352483	-7.875789553112032	1.643073083909657	-0.5789157815837516	-0.6557373703401398	4.276214740468806
0.9856000000000004	-0.06393911803607764	0.03659028140125778	0.03131482205053013	1.071874733306717	0.9647302105350496	0.4180475355606269	0.5573883522996285	-0.2452990662430268	0.08034416493288704	0.8711832206933213	-0.0002454537754034425	-0.4168682240881699	0.02712624943845862	0.06104471420948857	0.01189160601614171	-0.06595396245062798	0.1607615517046268	0.1700512791590786	-0.08144585509060642	-0.02644492650464475	-0.2187698116519365	0.01088022898936893	0.08355361750575832	-0.007960055670207411	-0.1708600464996147	-0.2984892419832323	0.6952945293139342	0.2812287207669061	-0.3083680603570433	0.02993605939225487	0.8787561159224089	-0.05925990852170544	0.03468969034599914	-0.327730431781674	-0.1604431792482579	-0.02131508931908986	-0.01958553824316953	1.071316217049861	0.04335311529094832	0.8238949215800713	-5.208324836729881	-0.3906469774165342	0.3205732711310409	0.2015655852655085	-1.040599273733911	0.07732242713893572	-0.08034795611634449	-0.6483811403834563	0.08723788670041965	-0.1230270886393866	-0.1797958604515981	-0.4653651804685757	0.3068382706074184	-0.01951351896356779	-0.6000213279796511	0.1710192909351886	-1.301202990212746	-7.781776589249522	1.626695735461684	-0.5642386748806096	-0.652737861402539	4.320543796404364
0.9951128561131144	-0.06466276681535627	0.03703123275317097	0.02830917834502261	1.070375588768523	0.96445519109855	0.417895746964773	0.5667185606516982	-0.24476242240125	0.08878356558039452	0.8199247615167398	-0.003594701948281515	-0.4134757953667855	0.02864791023281174	0.05155386493747613	0.01276024450120503	-0.06640047587060148	0.1551284785304287	0.1713952415707387	-0.08295673725951425	-0.02792093440555822	-0.2230260832026734	0.01370096716526535	0.08332095191441871	-0.01364460318885005	-0.1693492331706664	-0.31175389694577	0.6225061274254502	0.2966459610320955	-0.3135787945137477	0.02371899391940584	0.9204083028117125	-0.09540480311265662	0.06204776390187541	-0.2992311965431402	-0.1538872800429747	-0.03679735384362136	-0.01292026449670897	0.8916990917062548	0.0604228315428381	0.9487788592482913	-5.558941824733635	-0.3169166935702633	0.370839022482635	0.09640212939146409	-0.9500161877953943	0.1102706370177197	-0.005540841018057518	-0.5330045589962609	0.1815494048636868	-0.2037799158667846	-0.1435041594069393	-0.4245171224493411	0.2821046627129183	-0.03053160485271349	-0.6343971786211731	0.1440576208957869	-1.509495547580249	-7.470608501286058	1.60984948793232	-0.5244177166246559	-0.6570843049089271	4.430194604514385
1.012055884473055	-0.06692709914196729	0.03882293127807009	0.02394856088101228	1.067942382049986	0.9635810954420978	0.4177541765706911	0.5793289836133897	-0.244148793584865	0.1065694395579877	0.7219212509101516	-0.008668007858041643	-0.4077455140163893	0.02739098813796194	0.03705740068593139	0.01547642327070511	-0.06502582802033541	0.1480853085003722	0.1751088263965171	-0.08800644506824681	-0.03050398102642002	-0.2292584114447508	0.0177146309010655	0.0825691280806117	-0.02760268728431423	-0.1674847191829161	-0.3415187568504136	0.5044455158556628	0.3233661790159352	-0.3213950851620975	0.01240861312396179	0.9963183587324949	-0.1687498478510801	0.1568321419230811	-0.215746247484881	-0.1313267547557605	-0.06641230898359737	-0.002987550592934349	0.6068254698251442	0.0005642565822390755	1.144666309530834	-5.93892951640871	-0.3289417225419403	0.3005465941759062	-0.2486534137056846	-0.7640947765874595	0.2154381393523497	0.1590502914407413	-0.2923409123168841	0.2568233979272461	-0.3814346197617082	-0.1582788525218473	-0.3065702370340254	0.1796373582292635	-0.05850800032924981	-1.047222910635261	0.0742618421752268	-1.988641650107418	-6.395867758426252	1.542211548279668	-0.3924269343931368	-0.6746788579214368	4.496688678111922
1.026431259413831	-0.06956185221509228	0.04179484856741199	0.02113668156454435	1.066240329648031	0.9624569225152151	0.4178306655915625	0.5866731961709726	-0.2446033178316187	0.124034632659016	0.6368010307601849	-0.01529868828995712	-0.4031414117314487	0.02247839095978159	0.02688349399194456	0.01921790124454643	-0.06244149301214987	0.1454807710745954	0.1798431856119192	-0.09372925947768493	-0.03218859370262082	-0.2329634526787655	0.01933980662377846	0.08159296366317768	-0.04493770774494121	-0.1668089195619184	-0.3714546028622392	0.4198342236570715	0.3452402087708433	-0.3262777378353123	0.002858750800360004	1.060215092420602	-0.1860677089516429	0.2573506966648966	-0.189218803731465	-0.104621706710763	-0.08924702764471279	0.0164968126357393	0.4267774969889945	-0.05733436533592423	1.280140808805663	-5.817816327608297	-0.6582148663826216	0.3910774937631811	-0.3815868380188614	-0.6688045623481682	0.2996612831065758	0.1651412793222747	-0.0684090414383913	0.4390946294553979	-0.3729271941411496	-0.03608788533697749	-0.2150984257843314	0.03860590527003632	-0.07470992210613479	-1.311737379062867	0.02389148043770298	-2.092810660161033	-5.403513026695375	1.510791355831205	-0.2962841804520274	-0.6413118795196895	4.357027101152529
1.0304	-0.07028304708972377	0.0428707699801329	0.02036791913988528	1.065841159894941	0.9620919736789495	0.4179133292951109	0.5882932488020014	-0.2448439764451335	0.1291792395600825	0.6139591353226018	-0.01822979660473029	-0.4014179508912226	0.02101768129408908	0.0242411729964358	0.02043900662016582	-0.06186345926868943	0.1453339645634879	0.181773414071444	-0.09510931045294066	-0.03217155822029424	-0.233782963945753	0.01940079028509917	0.08129377657144035	-0.05015416776248782	-0.1667314412675511	-0.379625518010747	0.3988469829801625	0.3512424831990336	-0.3274248040469219	0.0003606441419715528	1.07735556086079	-0.184770475400893	0.2845543382998165	-0.1965194423482398	-0.09745514725462712	-0.09502701091738158	0.02432868259987447	0.397515133854812	-0.06480675079602616	1.303957845044006	-5.701120483017624	-0.715107908079885	0.464653869983802	-0.3960548990600243	-0.6540136592226575	0.3149521786402607	0.1542266627163745	-0.03113773156814775	0.3698300641873411	-0.372956192260777	0.002061695086124526	-0.1932243020027344	-0.006002341366798059	-0.07887694069419622	-1.304239449735728	0.01195013315183782	-2.102051147860446	-5.183156193487601	1.494396308903279	-0.277574049910047	-0.6286029535285605	4.329571211720676
1.039912856113114	-0.07201164472069964	0.04578550334098231	0.01854430811733176	1.064997785900886	0.9611177842974538	0.4182321430752953	0.5917499753830319	-0.2455090341811298	0.1414172375826126	0.5615523609816058	-0.02468173112768089	-0.3966562862373118	0.01687606647602781	0.0182404236009481	0.02355885514849539	-0.06060737137724991	0.1458239579005913	0.1862256502035824	-0.09844061521100098	-0.03179190072575983	-0.2353464434049213	0.01892665744008913	0.08049712915640173	-0.06246540893512995	-0.1667247825148317	-0.3997034019947646	0.351888427578282	0.3657204791220905	-0.3298843265114119	-0.00551594678309358	1.118537868809657	-0.1797506831882069	0.3369350365600752	-0.1876927903928988	-0.07907333882128575	-0.1099545161068358	0.04305446443105058	0.3413125744683879	-0.0832597247905954	1.245737038050011	-5.281943230435963	-0.6347281049703744	0.5172014548836676	-0.4880865271603376	-0.6082623069139372	0.3482005965034501	0.109372025015396	0.1308797738076682	0.5478443139843547	-0.3192545862432858	0.05707934219536581	-0.1314890143478872	-0.1058891504570484	-0.08971539320275557	-1.318182578610129	-0.01106207890653416	-2.097133749612646	-4.623628105893266	1.546729150806338	-0.233337101993297	-0.6073083501232429	4.30019867584212
1.056855884473055	-0.0750444857933811	0.05281153691812419	0.01540801072551541	1.06399740692081	0.9590202046685652	0.4192809707327089	0.5976370656992918	-0.2476191419803696	0.1595444772288762	0.48134705630645	-0.03439280641302403	-0.3884475161632305	0.006604822239691138	0.00847420809413188	0.03035229659507992	-0.05967853195029295	0.150125963362534	0.1969654760946002	-0.1022275562109684	-0.03131072305653381	-0.2363269056409242	0.01482134707798467	0.07871923797106048	-0.08714917321012725	-0.1672720749825251	-0.4332046426030248	0.286463118917051	0.3925229431226106	-0.3327662904208007	-0.01547436011115135	1.188903996600698	-0.1782870183898966	0.4947951575723142	-0.1857757320109322	-0.03770727293454196	-0.1376421255960688	0.08200320923139939	0.3735049986621397	-0.1620973711325078	0.8354772692673009	-4.112856853731459	-0.5530140441008961	0.4329535769771217	-0.7129021509318239	-0.5530825625783425	0.4521823511484042	-0.01635243388488067	0.3638448376449043	0.7062947102950199	-0.1016164027738101	-0.01058504197682342	0.02240061480982335	-0.3868455230634533	-0.1225206633470534	-1.610285376245605	-0.05229048356179505	-1.804538262568856	-3.045455224993231	1.614361776788597	-0.1029827617811358	-0.5657064701000174	3.973898531814428
1.071231259413831	-0.07755342581929459	0.06061824654918417	0.01264698853735181	1.063729300520869	0.9568800353780166	0.4207348276663998	0.6035264674951424	-0.2499247438874908	0.1675774039211169	0.430928575199482	-0.04386413309937484	-0.3827133660397486	-0.003966127980844877	0.0005306836128416703	0.03711628304202418	-0.06135783174113128	0.1563658674296072	0.2082909112723253	-0.1016089011537241	-0.03143286374664677	-0.2349564006085599	0.007722242226996134	0.0767051474947372	-0.1112546739536448	-0.1682009896445346	-0.456072246824638	0.2517825715929187	0.4161438782737041	-0.3335508021243211	-0.02323061613089481	1.243897532284872	-0.1678584713418269	0.5715419744733486	-0.2012705735068403	0.0003414794023610668	-0.1596521608215715	0.1212742268415227	0.4444827094398593	-0.1305320202111057	0.2528728588824789	-2.881884946202415	-0.8477414404474828	0.38724528107274	-0.7035639949116299	-0.5636557903102526	0.4669142886541316	-0.2421086031928637	0.4925595682253138	0.8976321718260043	0.2067140335699137	0.03329269337778307	0.1679235466652788	-0.5806113124590702	-0.1584338654201962	-1.674453292900354	-0.07359554137695071	-1.35333316621124	-1.872872627405671	1.675077491134942	-0.01678768192644726	-0.5083640677050379	3.703672336959541
1.075200000000001	-0.07820702252887579	0.06288129366803351	0.01183380340999743	1.063750962188091	0.9562354422105509	0.4212396510383129	0.6053202611240527	-0.2503603092240416	0.1682101931834657	0.4201907148724386	-0.04757345473019362	-0.3811431585329478	-0.00662889805769809	-0.00173688198919375	0.03892615183880567	-0.06249595330385516	0.1583674459222745	0.2120287731662671	-0.1005824821140234	-0.03118014273017345	-0.23421301552506	0.005361816467120147	0.07605564373893742	-0.1177684674453576	-0.1684972188634395	-0.461156030397303	0.2447562821947301	0.422833279714163	-0.3335963733671629	-0.02520565004068239	1.258520280937049	-0.1634421597981321	0.5782489701708232	-0.2027273749058027	0.01052102688113969	-0.1651902930089615	0.1328055695785122	0.4556396311840433	-0.1017813133384028	0.1017606857742288	-2.55565732789735	-0.9423343335708254	0.4020154197721448	-0.6957993733747019	-0.5681634888921292	0.438089883828721	-0.2029833097781691	0.5062236869822545	0.7891206872635657	0.28865674257991	0.04534877225206879	0.2053803172679294	-0.6189472586818867	-0.1686654496044659	-1.656485227749592	-0.07921673965542328	-1.274837279890705	-1.636228357770848	1.692065978707731	-0.000350689074416273	-0.4920295860226708	3.670482658371449
1.084712856113115	-0.07975239105076737	0.06840714990629151	0.009929528662718012	1.063964519027718	0.9545980980999644	0.4226131541369829	0.6096947599871814	-0.2509528578055756	0.1679110866038331	0.3993106189810845	-0.05559806189961444	-0.3772270683913759	-0.01341259162709012	-0.007170493326546123	0.04302648642726398	-0.06529767178645506	0.1634910259774565	0.2201161536609985	-0.09740776058800235	-0.03127654597713832	-0.2317840151563066	-0.0008449214599980034	0.07432820020073563	-0.1330599686346847	-0.1692979829012854	-0.4723484290249704	0.2317914414849056	0.4392839119147675	-0.3334372348282117	-0.0297454331831867	1.293301500999761	-0.1681865134101377	0.5734307874283012	-0.1908198725947688	0.03537929296198522	-0.1796126122023529	0.1559787039149268	0.4652060938978942	-0.01700471165212153	-0.2068884171758445	-1.826918726028829	-0.7247129588247252	0.3923515989161928	-0.7323108952317183	-0.5677221466591175	0.4068972124602749	-0.3595094130197775	0.5726827640141807	0.9110260085040538	0.4005890359371489	-0.06014348980117501	0.3166078972725084	-0.6746856429067244	-0.1984848426605879	-1.583906004916387	-0.08569223008781057	-1.038755503143638	-1.043826651621584	1.758283682861042	0.03803719798756502	-0.4621540413053916	3.61621963590245
1.101655884473056	-0.08313036919918673	0.07705027607453273	0.007587360153598482	1.06502640022092	0.9513095048810143	0.425572115704125	0.6174040395054822	-0.2494442080733281	0.1572785652274082	0.3790602576474649	-0.06358904393490625	-0.3730162710772006	-0.02606257163652491	-0.01640897811837577	0.04802025119599329	-0.07160844689924757	0.1741214990122333	0.2370191725150937	-0.08799946696487573	-0.03309196959302658	-0.2239574265812898	-0.01187714750744012	0.07023106000208731	-0.1609240993539139	-0.1705530344189427	-0.4836698431781084	0.2254120009559131	0.4696531907056329	-0.331965778393873	-0.03707813739959021	1.352239794963581	-0.2360772137054059	0.4147422677395916	-0.06126271609716279	0.09225326144181688	-0.2082478935631489	0.190706245377258	0.4159180958000025	0.2092388896210982	-1.052756768941544	-0.6170359178562623	-0.2291585796002358	0.05640161328883037	-0.7294359200700418	-0.522531245343679	0.1481412849466485	-0.3379791119184804	0.6690769447644274	1.056823467940205	0.686503151976865	-0.1176372102613037	0.6177542444777306	-0.58250843365005	-0.2895237987520055	-1.755863845207714	-0.05504915036356989	-0.2627499860700405	0.2726984577922136	1.830426635152393	0.1361504194838062	-0.4010371185745613	3.337774183374736
1.116031259413831	-0.08688500458193948	0.08112439571508311	0.008232691233406808	1.066752966412909	0.9481791532079644	0.42841555804905	0.6218206017465138	-0.2447076968479924	0.1385833198745689	0.375011390378425	-0.06515523748349147	-0.3750564227477127	-0.03512853907779565	-0.02390772032578142	0.04784860769446564	-0.07546700726771882	0.1837053468309565	0.2519556193710338	-0.07829557074480323	-0.03383208847003959	-0.213278770612962	-0.01827361538096925	0.06549834065999086	-0.1882606210265338	-0.1709922900443244	-0.4829218207068917	0.2346672320008963	0.4969171525557695	-0.3295685464446442	-0.04238188697822753	1.399478115759275	-0.2767814531269436	0.1289043415375624	0.1709811852233258	0.148842959200262	-0.2252166121097597	0.2007628375521662	0.150021809007164	0.4563213637137042	-1.441216954356317	-0.05016597308230322	-0.0596262969990331	-0.3378882280589868	-0.4772575761702147	-0.537836918113474	-0.1800033894900364	-0.196013296348262	0.6390775124199445	0.9785478741579197	0.5677491577651537	0.05727734883688773	0.8538488461775827	-0.2670455967303356	-0.3650657287698061	-2.058071271714212	-0.003730054800367699	0.3148645842326818	0.8629950465568723	1.991089779480335	0.1867117542039838	-0.3338400200353377	3.298898957982895
1.12	-0.08798174629234733	0.08143426362751899	0.009078272414951391	1.067376097780608	0.9472807642214613	0.4292088809808154	0.6221645542859345	-0.2427499740806843	0.1329041546832155	0.3748939077893753	-0.06546284939445754	-0.3765936419026863	-0.03676510809882139	-0.02609098425915451	0.0469457993410166	-0.07617446375045002	0.1861697075095921	0.2557038705794418	-0.07632616050605781	-0.03341933868131473	-0.2097969910551399	-0.01907883147765849	0.06401848185249273	-0.1966044001192576	-0.1709756671378333	-0.481488432585071	0.2380630196719219	0.504972979699005	-0.3288250842936797	-0.0436635940937583	1.412702310074976	-0.2726887759223591	0.05160008451888509	0.2288306151011629	0.1642375872994556	-0.2272816500494945	0.2040912328636779	0.05711182938882597	0.5251193937454617	-1.452817861351088	0.06332579832771949	-0.05845662491951448	-0.3719570897779601	-0.4113900424577712	-0.5439545405304016	-0.2987817663801061	0.1428984089267111	0.7037686043128273	1.133354294332111	0.6133316143025025	-0.1865326489040866	0.8958353102026457	-0.1792241153530358	-0.379999762216836	-2.126607638151299	0.008676287439316671	0.4315801222359409	0.936191928487661	2.038309302116941	0.1942937318321516	-0.3161150470422498	3.306688393798437
