DataType=double
version=3
OpenSimVersion=4.5
endheader
time	addbrev_r	addlong_r	addmagDist_r	addmagIsch_r	addmagMid_r	addmagProx_r	bflh_r	bfsh_r	edl_r	ehl_r	fdl_r	fhl_r	gaslat_r	gasmed_r	gem_r	glmax1_r	glmax2_r	glmax3_r	glmed1_r	glmed2_r	glmed3_r	glmin1_r	glmin2_r	glmin3_r	grac_r	iliacus_r	pect_r	perbrev_r	perlong_r	piri_r	psoas_r	quadfem_r	recfem_r	sart_r	semimem_r	semiten_r	soleus_r	tfl_r	tibant_r	tibpost_r	vasint_r	vaslat_r	vasmed_r	addbrev_l	addlong_l	addmagDist_l	addmagIsch_l	addmagMid_l	addmagProx_l	bflh_l	bfsh_l	edl_l	ehl_l	fdl_l	fhl_l	gaslat_l	gasmed_l	gem_l	glmax1_l	glmax2_l	glmax3_l	glmed1_l	glmed2_l	glmed3_l	glmin1_l	glmin2_l	glmin3_l	grac_l	iliacus_l	pect_l	perbrev_l	perlong_l	piri_l	psoas_l	quadfem_l	recfem_l	sart_l	semimem_l	semiten_l	soleus_l	tfl_l	tibant_l	tibpost_l	vasint_l	vaslat_l	vasmed_l
0	0.001765335447326746	0.02503311817114626	0.0007744473161895178	0.0005817412331210838	0.001249518199797454	0.01151554373005819	0.2405118223362236	0.2108121416420834	0.1236946496972607	0.0995112719741143	0.001719243803057011	0.001106839497410381	0.03615474753483428	0.02891024872487812	0.0851238192690115	0.004798291803963641	0.01660451855802404	0.01022439415212816	0.004839136201067775	0.002032283490042796	0.1127378436982168	0.01487810252300062	0.02612418148192234	0.03351468509838738	0.007178480670628533	0.1630504079804908	0.01025752927945167	0.05607970315176593	0.06768555909657514	0.1150536773719085	0.1693481842184664	0.112138332216562	0.1477037782955229	0.08179721358750329	0.245181565716672	0.1709806394793807	0.009345160267691294	0.02788311908260392	0.1070036868022921	0.0009497538627946228	0.0007811100098086835	0.0007898805133406618	0.0006439552261637865	0.02127802065180497	0.03743108510261382	0.01280785197894115	0.01306097941614093	0.01878292574751139	0.01114661889170391	0.003878798202399717	0.01502043452310299	0.03079338993285457	0.02320718957219093	0.0740163059033578	0.07265801151804298	0.2127705956542021	0.2612267499896759	0.01022733002915184	0.003102885755214291	0.001997670467969646	0.001562037136314965	0.3216594868410282	0.2164462302097623	0.1934765734017867	0.3285995143568237	0.3254771174969177	0.3203123559435873	0.009996666400122523	0.2049292225022742	0.01448679506793745	0.1284433457760414	0.1510951095615183	0.01584131388625804	0.186618744383127	0.01240230366749809	0.160069380240721	0.01803303289335533	0.0360663441146118	0.03282434999182474	0.1155250282130087	0.05212293785528362	0.02149629425521004	0.1172049828102669	0.009219965584691434	0.01217142425391546	0.007604156468556729
0.009512856113114032	0.001116181343491953	0.02280181998362517	0.0005853843209194831	0.0004294441135219458	0.0008215837474895259	0.01075641464279828	0.2290031311765924	0.2007946256662823	0.1356045938048626	0.1095512912218197	0.001518109589873578	0.0008436332915916168	0.0313561563235305	0.02312570301861408	0.08628661057395841	0.004526856136177259	0.0157507582687082	0.009687023498129636	0.002176836474712627	0.001120929722545228	0.1081414640161962	0.01369772387408919	0.02604847484533964	0.03398445612786696	0.006623945181723623	0.1765973367577704	0.009540369386808903	0.05664016177058161	0.06896581119944353	0.1166431728588586	0.1842054157490161	0.1138055073943584	0.143590985785743	0.08288096913310587	0.233466554233475	0.1628195528225739	0.004320783479973133	0.02843345822445941	0.114699855587794	0.0005822568880334714	0.0004946022994720777	0.0003819554700608613	0.0003871407978273698	0.02429018209216838	0.04283403859322545	0.01456107763598999	0.01486328793634132	0.02142790897141223	0.01255812812978786	0.002717262871029116	0.01426304734696654	0.02857646025190746	0.02147031752142047	0.0758098249613523	0.07434079757889923	0.233046850677045	0.2859510842922763	0.009463334919425593	0.002861866727661101	0.001569267227439785	0.001353222628310509	0.3365766131182639	0.2222495322458019	0.1964249692911543	0.3425039346032608	0.3387582979704224	0.3330382523959493	0.01129847855299555	0.215433126978525	0.01632927129646743	0.1416002557606033	0.1654601504677673	0.01452986133543764	0.1939597091789067	0.0113695025814467	0.1646940558430184	0.01818254301075134	0.03666143831928079	0.03325246088631439	0.1323869323866283	0.05816107139401219	0.01972033760556038	0.119791885995755	0.009881293976095806	0.01338785058340414	0.008090672616677785
0.02645588447305514	0.0007160750383545002	0.02124194906658491	0.0004803195155005291	0.0003497591840944919	0.00056462503199071	0.01025174925081326	0.2218919575541961	0.1945095130082656	0.1272408240805676	0.1026600810020014	0.001377459499753399	0.0006796003729963145	0.02737533996377226	0.01910899982908101	0.08237787333081564	0.004425015733474608	0.01531354514914762	0.009419756237366508	0.0007900493355094167	0.0008407715309706964	0.1046887712816087	0.01178354722560423	0.02334350898239288	0.03081960610728784	0.006255964938999584	0.1636566790086025	0.00893167096047255	0.05189948996285376	0.06361437991062388	0.1113599999757212	0.1711996500830164	0.1086281420469207	0.1375490021809555	0.07879157231162802	0.2261965796845825	0.1577371887990703	0.001313680848383943	0.02562259713257346	0.1078204468249599	0.000369527688151702	0.0004030443459917061	0.0002188468636489925	0.0003261205718530635	0.02516419493460031	0.04441806719468425	0.01506872937399651	0.01538671809766312	0.02219797104418423	0.0129294340450618	0.002643930038733809	0.01393534659382991	0.02545434733371388	0.0190784056127734	0.0745698294280174	0.07308738529420744	0.2369297737593347	0.2906085831520565	0.008525562627864412	0.00272827742274494	0.001394762976406769	0.001275552692970081	0.3346987416909595	0.2190137455611063	0.1927600520585607	0.3397681241941576	0.3356496709486015	0.3297142114602003	0.01165959722592195	0.2124311962696769	0.01681461019534682	0.1439440955529861	0.1676005090096416	0.01297598219252771	0.1897948469139431	0.01015792654834727	0.1620107537414827	0.01744593514827711	0.03643456643796711	0.03289341473651011	0.1373599693539709	0.05945930913751873	0.01748602103931572	0.1177124116133814	0.009957865802450118	0.01368454606347739	0.008150782893543656
0.04083125941383081	0.001431323259152346	0.02004012932945894	0.002360250917527921	0.002297356778872934	0.001834705332134994	0.009643482080302013	0.2058003623028365	0.1749551210532054	0.1253998948464908	0.1024727861653201	0.001610219071746292	0.001240051205940849	0.02821365958493008	0.02286385978712042	0.07270003893091674	0.01400743351150044	0.02637542457912423	0.01650288910155518	0.008290624335477847	0.01964305137803752	0.1200722356820466	0.01898696044185077	0.03101255622423114	0.03908556885972565	0.006550622578724456	0.1439318157696914	0.008872923265585973	0.05445031958705662	0.06364827728856962	0.09670156886952858	0.1498501618995468	0.09529267743179248	0.1202601249539167	0.06870349177234308	0.2045868318742541	0.1413733587360567	0.009954876180131024	0.02375217472159484	0.1052129656162995	0.001357454388583544	0.01124359833555776	0.01006852728327742	0.01206227393988744	0.0278123701506675	0.04918532320194909	0.01668173664040873	0.01703420569774152	0.02457266120354332	0.01424556516238824	0.005927206670940026	0.01597695924504263	0.02625334921376511	0.01961626935056318	0.06841213941054529	0.0669108177297378	0.2457001963811708	0.3007948292836973	0.009250430819666809	0.00282525680957108	0.0018080868142431	0.001519736537306004	0.3203339954223385	0.2031384382047122	0.1782817827298119	0.3241024616447586	0.3205252175941496	0.3152204866499353	0.01280458117374993	0.2184746476845783	0.01844072843820558	0.1538970773902371	0.1777728017358289	0.01420663760454781	0.1937738799187742	0.01113086240134952	0.1563670770017641	0.01904392552201878	0.03776648979960311	0.03300104528914678	0.1522315625371315	0.06457298793753476	0.01834982797913007	0.1075545092518931	0.01110715021058902	0.01531940598152668	0.00916319210376886
0.04479999999999995	0.00129387427452207	0.01702569467149433	0.00389191201064112	0.003934543718417615	0.002493324671302575	0.00859720422114452	0.1871617548438703	0.1536037309936526	0.1380289062469502	0.1142269678648811	0.001644217792208973	0.001467858140570304	0.02370261299641122	0.01964953302936145	0.06716738490741725	0.02281000049645986	0.03635948435904442	0.022891814107509	0.0120806762930167	0.03617880007763423	0.1334636236190589	0.02427451276544745	0.03803660911712149	0.04736201626007511	0.006411032704076659	0.1412759362334401	0.008263713602878406	0.05775721234213835	0.06564438960957403	0.08777684739476395	0.1473358833573671	0.08758680978073519	0.1041738721869379	0.06244450905273013	0.1807672404206157	0.1235629715934736	0.01159713866026252	0.02252324374029354	0.1126426414117584	0.001835477993628935	0.02100193655506172	0.01874185568438682	0.02269257718173356	0.02734561244791758	0.0482583717933355	0.0165498089872383	0.01687268853701181	0.02422941877260114	0.01423705145158937	0.01398021026267089	0.02327828611256692	0.03226407113736802	0.02416318215941398	0.06934639674457407	0.06785908350923275	0.2437791138044008	0.298113418996354	0.01220059403733208	0.00392841286793681	0.003464793100542922	0.002461231214083962	0.3221061015725463	0.2069351749410683	0.1868590344839558	0.3271083715777874	0.3243725857250388	0.3197787527542527	0.01272603127599681	0.225487122404246	0.01834685232911891	0.1539803853485585	0.1784481752332814	0.01905467867704658	0.2021436889695337	0.01495797849485448	0.1634113433372004	0.02206664025377964	0.04475286189374571	0.03819830573962441	0.1491478568249915	0.06429056482415885	0.02348035471596774	0.1091592935315734	0.01209847940209282	0.01617032444641802	0.01020060288440318
0.05431285611311398	0.001209294701282818	0.01590145779731332	0.005017594975738754	0.005129298510643039	0.002982336753780794	0.008281815374925876	0.1821962667754883	0.1457077541878732	0.1765400349500795	0.1470787531304706	0.001749496378522953	0.001663406865362921	0.02295178174989665	0.01863357207877807	0.0734655336193909	0.02936235592595468	0.04417345098421033	0.027866333419596	0.0144854628815703	0.04795271489309664	0.1484059190397965	0.03043976235656166	0.04820155309517582	0.05996893794653912	0.006589737838793832	0.1785284188133982	0.008415073846908174	0.07002380245685483	0.07903566215808973	0.09524256767011541	0.1863460504243813	0.09575294186687505	0.1031325705723745	0.06826245992478013	0.172207921515226	0.1167382462219349	0.01262599996993622	0.02744827776546172	0.1402619878978039	0.002176241931412575	0.02806559084902843	0.02499216419952392	0.03037685462388202	0.02960101123925666	0.05244858350473316	0.01772958361846649	0.01811193790031581	0.02616165773294777	0.0150845664403664	0.003759984439299535	0.01303888830044555	0.02765521547467042	0.0206902640431178	0.06135486855254325	0.05986634632773819	0.2481328587222392	0.3035316980310144	0.009252588184454293	0.002472869032132518	0.001546655369912823	0.00140353283150378	0.3004274004612056	0.1839038312972395	0.1582063389813816	0.3030954502571745	0.3002327359041454	0.295599276533614	0.01351557080365236	0.2225372152097241	0.01946362219032902	0.1601203987234338	0.1837929818312195	0.01426052597545801	0.1965351681263101	0.01116983919828564	0.1463347695714767	0.01956314299161417	0.03376829928111861	0.02918697455354172	0.1624920056536291	0.0680011601496527	0.01908464473812651	0.09600792976431419	0.01168065248416609	0.01618621503965906	0.009604346783063855
0.07125588447305514	0.001575278570272816	0.01718330018951156	0.006050084387570401	0.006190037238963046	0.003666797754786973	0.009082501944241079	0.2009501757099144	0.159081674558778	0.1486795434637193	0.1241716282626068	0.001886271254143616	0.001924153165776589	0.0232408422173081	0.02081940582057601	0.06604979446888601	0.03500597515578061	0.05197079363174102	0.03283020327626936	0.018258556821738	0.05800327896850344	0.1670950891946061	0.03161268512491416	0.04707737223376879	0.05793911311074276	0.007395799361542632	0.1302654871215268	0.008957316517391792	0.06346788049978837	0.06974011777781081	0.08438254818378724	0.1359450519112058	0.08539621561854588	0.1013110161499782	0.05978309395116356	0.1885203856558089	0.1273995841166835	0.01680255438474612	0.02083679683013275	0.1206315138611767	0.002666914410190611	0.03388897882088373	0.03027659857188008	0.03668984530971963	0.03128278713895124	0.05550079117058536	0.01875641537038286	0.01915922621326693	0.02767959518228513	0.01598973405565511	0.002902082064999368	0.01123462763980868	0.03588044002967854	0.02696037036164122	0.05298865084800242	0.05152792790705903	0.248225901089564	0.303302697343021	0.01144994338882391	0.002399698812005373	0.001806187394498165	0.001559518776743102	0.275480154987196	0.161328032246015	0.1360550934751013	0.2779712985111604	0.2769094728213404	0.273751760444231	0.01420731807319716	0.236668584879613	0.02051441181118161	0.167874840292294	0.1918886374196295	0.0179662486306492	0.2103981908923167	0.014063930641036	0.1378574780138246	0.02239910392542139	0.03028552628619801	0.02560237107431207	0.1720378505976259	0.07201334248750578	0.02479146049131769	0.08236769396879172	0.01278591039168271	0.01744039658996565	0.01052023112409583
0.08563125941383082	0.002232602227185126	0.02024629296946481	0.008304488261318257	0.008512389540390261	0.005080684806947172	0.0108987630358837	0.2424720241393337	0.1888617060905884	0.1383533339732548	0.1162203658875562	0.002316639200310841	0.002549143679582637	0.02605953596166554	0.0258632878032456	0.06458905869159584	0.04754034072106534	0.06925249383611186	0.04380836098657648	0.02598848756837484	0.08015166036215232	0.2114773355516914	0.03832458677266246	0.0534785781596939	0.06492048584340059	0.009209440800528067	0.0918939545610479	0.0105893052622866	0.0649818158080655	0.06865611172649026	0.08055360853403434	0.09579877829997613	0.08252235586234896	0.1082955408055236	0.05626130100788278	0.2246610108753612	0.1510428396673129	0.02456149946664627	0.01594718019393926	0.1150251108217601	0.003704978664700141	0.04672545813658023	0.04184620823997853	0.05060348246895895	0.03215238876422634	0.05708289744252539	0.01932194647485125	0.01972897312274743	0.02848909882598304	0.01657403417049436	0.003393409408749167	0.01077184271794183	0.04816087511106086	0.03630869115326297	0.04463554122084929	0.04322509097132335	0.2434244065693539	0.2970639085501565	0.01508358279444739	0.002511019542715981	0.002391309219230149	0.001851009284433978	0.2482174462949963	0.1386609078337153	0.1151272321019245	0.2513754219059522	0.2527278613801985	0.2514966741149609	0.01456805498024993	0.2544395505269461	0.02113250831846203	0.1734960295832746	0.1980271431705362	0.02407220948264892	0.2291993282518017	0.01882944286371431	0.1311612558173013	0.0265336784034127	0.02772158633125047	0.02274487572880504	0.1769624841295377	0.07491029392594581	0.03352663622263703	0.06882461728174066	0.01393534418782147	0.01851754041666044	0.0114880356289344
0.08960000000000001	0.002243043522425823	0.01986786302475866	0.008899878286379618	0.00914402372287617	0.005367963130929861	0.01088303582965983	0.2438684652269705	0.1881880142561212	0.1360222537267051	0.1145969822896159	0.002447752682830462	0.002730312206245926	0.0249645875167284	0.02542813272077654	0.06217897364831081	0.05096912370437929	0.07353331722749309	0.04653920835842194	0.02816999408459644	0.08680181473671118	0.2200629650142952	0.04032570535646852	0.05542209513235069	0.06698434424058632	0.009385237548336289	0.08145003212803385	0.0106001938601826	0.06453741682287294	0.067412077932714	0.07675877824548032	0.08496898105526121	0.07911476643405284	0.1050404941731982	0.05337643044952226	0.2243378943318979	0.1503657235027708	0.02551465440682649	0.01420890647415177	0.113108022476482	0.003965605573853641	0.05037999286936666	0.04510506431420482	0.05458071455913969	0.03243737594562254	0.05739466318358922	0.01984871032459858	0.02020841219065687	0.028919146587695	0.01706388816709993	0.008252493393952131	0.01406749032297061	0.05547980299921039	0.04219421681948678	0.04459081114134032	0.04322025694077099	0.2434285514777985	0.2969528799294502	0.01705607902722599	0.004821813366209416	0.005511142683689348	0.004148131907093596	0.2485428373080752	0.1420737117004405	0.1222418988175151	0.2530367801580674	0.2555065074090949	0.2551155549605009	0.01489337833087844	0.2629429992998024	0.02149231223121606	0.1764336122510451	0.2012800608890906	0.02705714818599876	0.2384361845133414	0.02133226754687886	0.1346130435324993	0.02848236669590493	0.03085257023720222	0.02484791021921574	0.1775546161359093	0.07565066785318729	0.03931905090070287	0.06892658988549209	0.01653885549179934	0.02119112764275769	0.01421634585282
0.0991128561131141	0.002246310296139657	0.01952378815410146	0.01134751574359503	0.01171928511862327	0.006535590986070406	0.01139069004264853	0.2616727504116386	0.1960451585181822	0.152979689408062	0.129943714171811	0.002577135527399306	0.003071227283177237	0.0223179099860545	0.02407018383389942	0.06252030225848992	0.06529900405447304	0.09194736918701159	0.05825622726361759	0.03355379546887525	0.1116229457597636	0.2601142026127026	0.04772214355246063	0.06525012045775704	0.07887336182186849	0.01045042444183741	0.07276476451965261	0.01127125424557946	0.07121403793766505	0.07252568421282439	0.07501885818553053	0.07649338695479597	0.07875431802966222	0.1028080810659692	0.05168565907931075	0.2350519863050389	0.1559951067322601	0.02901494738838533	0.01213859667544632	0.1256858865774114	0.004706701086321452	0.0653770469822917	0.05844841326954568	0.07089738573460694	0.03287497513007152	0.05838720600605048	0.01983557307818856	0.02023964539745892	0.02918755273012994	0.01712382759708819	0.003909903365761775	0.01011954675897796	0.06173593833965398	0.04668563997812276	0.03551388476355031	0.03417034452971331	0.2366440760258776	0.2884030396142255	0.01899002679417813	0.002825492490977608	0.003273092055755178	0.002365966321265165	0.2177852845118473	0.1141256555107093	0.09272698074574062	0.2217922277020299	0.2258227494740763	0.2267249892581955	0.01487731584580789	0.2727335696786369	0.02167124878501526	0.1786008173377684	0.2035568760079984	0.03061027813271164	0.2488440477715849	0.02394942445022871	0.1234281638563549	0.03088031672201315	0.02472196288341882	0.01947903958203613	0.1809914171590781	0.0775472756689448	0.04319718395312339	0.05407724756799825	0.01531340660105089	0.01978861399969907	0.01269974104015018
0.1160558844730551	0.003211424983733868	0.01701260167910904	0.01601900689830041	0.01659865483469086	0.00926107715073411	0.01057272114600035	0.243625246944264	0.1662363880237838	0.2023152695278159	0.1740954726442583	0.003142617236421981	0.004246553227028522	0.02279564668449013	0.02859850633705357	0.0580814056495771	0.09057895346319314	0.1221971507955766	0.07756250551607652	0.04884377515064333	0.1590616435480947	0.3131264271055678	0.06768964441233891	0.091410508593211	0.1094293584163357	0.01154051925349861	0.0890524779472165	0.01179071592761641	0.09217266919936129	0.09105052931043182	0.06495570970599554	0.09268003177130431	0.07169606895266945	0.07987540340193529	0.04546783584276964	0.2031690417771713	0.1304215064265396	0.04369191531369136	0.01523083971064754	0.1597713479652054	0.006756650193444192	0.09312861135501092	0.08339312891133641	0.1010018014209497	0.03308471706172347	0.05858722805335174	0.02038928536585486	0.02073197330025011	0.02960651145494279	0.01782010990537707	0.007638998489319982	0.01127057745256501	0.08775937661892121	0.06687257672367961	0.02487132032893967	0.02366797785213565	0.223271406122595	0.2716379876831225	0.0261434899534096	0.005332445580107974	0.007200447354711891	0.005089320088376492	0.1801670317728744	0.08841819216096879	0.07284407935720304	0.1871678044922523	0.1958683575201156	0.2003589694072835	0.01514656668365926	0.3046135820891492	0.02210585110781027	0.1845840919725338	0.2103667325632176	0.0422881334242013	0.2842023644461841	0.03324012569154022	0.1177956518239313	0.03828932315280204	0.02263030654654863	0.01659255811737032	0.1812126343371903	0.07993553106201783	0.06213079324096821	0.03711192845941381	0.01919275696023386	0.02337391735731782	0.01650659443006185
0.1304312594138309	0.005309274964824728	0.01813287255515761	0.01929860134260941	0.01993400401910176	0.01191244565174137	0.01040324005124097	0.2250666890704369	0.1413495362490476	0.2337568139828343	0.2024072063773829	0.003963416890199685	0.005647718107141701	0.03395222509359842	0.04427627248229039	0.05401585186061283	0.1061496336475449	0.1404865441832076	0.08925125514526981	0.06492413668164021	0.1906103600886682	0.343316042165335	0.08580717229591901	0.1134875011867158	0.1342197149388624	0.01267115918381584	0.1080778704499954	0.01299076060333704	0.1120103030079517	0.1091513631406309	0.05690489605133234	0.1099292124400572	0.06558830281014251	0.06493971733753146	0.04148623827638161	0.1759397856769698	0.1093782091275117	0.06477083689023702	0.02181851515199417	0.1820515823923958	0.008929700413944107	0.110869796495448	0.0996943111318371	0.1201149233581805	0.03007002061169436	0.05328345961698037	0.01850760076023944	0.0188135119795389	0.02691025348097228	0.01655714757936288	0.006765961887886006	0.01044798082058755	0.1108140740824068	0.08429330033790933	0.01562528229575995	0.01456574930124837	0.1947275584715581	0.23654850368511	0.03327399700073788	0.004634840588470595	0.006925214008672775	0.004470625558161948	0.1387427219824492	0.06036638933952498	0.04803720019942141	0.1488589390445145	0.1617023775393576	0.1693389975344293	0.01375188887900058	0.3275888253122246	0.02041884471332043	0.1771638358460835	0.2034378690198259	0.054421329217828	0.3131885471532133	0.04260698855229796	0.1116453353306996	0.04510214173353599	0.01791213485659973	0.01241351971530609	0.1647829949614525	0.07671829912694619	0.07837607943301396	0.02238245062612825	0.01870582489984445	0.02182503150384685	0.01582841750492208
0.1344	0.005817904464129411	0.01928917218207116	0.01956159157897445	0.02020500931673814	0.01228209139357839	0.01067481485729039	0.2266251437241373	0.1423926403268556	0.2369327682377892	0.2049737962829163	0.005002589965829434	0.006629045227440999	0.03835869089496666	0.04959927216185651	0.05476636697815899	0.1068828037206617	0.1414498470753343	0.08986727459960797	0.07274783881304263	0.1965498786098907	0.3491896024086724	0.09307896485566049	0.120753282844026	0.1414196240332239	0.01296219976676343	0.1145182119799396	0.01345974777939174	0.1160003603149361	0.1135690697992358	0.0577931166108253	0.1155552963482556	0.0665326044376976	0.0674431332148777	0.04246089540432459	0.1776265194640037	0.1104621062030932	0.06854460223851074	0.02366688117943095	0.1845323938230364	0.009789755235550552	0.1117865380712382	0.1006062271283285	0.1210655236616533	0.02871438556339466	0.0497923735584798	0.01971246241580243	0.0197170221476541	0.02671998429947071	0.01760591532331959	0.02616319272619492	0.0201431747726331	0.1359958515838121	0.1055170482124135	0.01030492384806037	0.009632826632643534	0.1705916674369173	0.2068749292194501	0.03784286074241594	0.01729991477464636	0.0237835043901359	0.01732874236410808	0.1145032707515303	0.06441500991265293	0.07124524286622916	0.1300937997855825	0.1475502234627867	0.158856949931837	0.01418510772277523	0.3303637082759658	0.02024829054955152	0.1730219156756275	0.1969829417220202	0.06034423848535301	0.3207733070018746	0.04826145873146429	0.1073987001008467	0.04792601180902718	0.02561577743507251	0.01662645282664162	0.1519162937260564	0.07207869536742691	0.09894781105135535	0.01514298262714395	0.0316870369714447	0.03504298646364683	0.02990515014410365
0.1439128561131141	0.006195339601026568	0.01811551339533512	0.02066184416811601	0.02134399612345656	0.01300770282919486	0.01008421650035721	0.2119419380806656	0.1262963450627378	0.2417913140719097	0.2099312594521676	0.004951593880385439	0.006800875564937286	0.03845346522409011	0.05120821862590623	0.04970876649949789	0.1124967271534725	0.1476922496831468	0.09386858064532233	0.07595108597387246	0.2068745943657087	0.355780621156533	0.09678847817918848	0.1253734859319378	0.1467293962504688	0.01299685568223917	0.1105601199957901	0.01328673107655021	0.1189540397424783	0.115271605490498	0.05001790404884944	0.1110523675439656	0.05958056498455137	0.05570044355380271	0.03729266729480374	0.1594679014783719	0.09703332056868708	0.07344208785387683	0.02363528735338975	0.1870915345716609	0.0102501561886439	0.1182247806229941	0.1064487656256079	0.1280384677969927	0.02582703820211029	0.04587577356457039	0.01573865931940492	0.0160141911535114	0.02304933655247256	0.01448936479130969	0.004142970374594123	0.008284722466835356	0.1265522526316034	0.09602268148115796	0.005819807882389473	0.004928653232862885	0.1589539066920089	0.1927032809278464	0.03835240011139709	0.002905197853174413	0.005233830025976615	0.002826735630330619	0.09204669428513237	0.02880884015153709	0.01894925771591699	0.1043353325200723	0.1203629389951273	0.1305123293592179	0.01172358412430576	0.3343355141884928	0.01783352123194576	0.1618741441596189	0.1874966592485502	0.06328825085164488	0.3261614723116231	0.04935491115750448	0.09998415108548223	0.04942852097747987	0.01164813488425155	0.007200677134159736	0.141986604181036	0.07030497373019144	0.08924956783590154	0.006791134730847025	0.01652761361592482	0.01845238147759738	0.01352593583856461
0.1608558844730551	0.006827094936163888	0.01730293761489651	0.02224309631229265	0.02306242381281196	0.01403157656768056	0.009604763961297995	0.198977791323245	0.1106175607682035	0.2507245059098693	0.2179689283901473	0.007788334310848452	0.009519069293726498	0.04175773695118407	0.05753604923968925	0.04464874924253746	0.1203708230702558	0.1567756480081972	0.0996884236412206	0.09852704128584504	0.23449128353162	0.3791373593852351	0.1183911242635359	0.1472606812787797	0.1687776552657563	0.01327927194926223	0.1124183955091642	0.01343626034303973	0.1263840804567957	0.1225404681739403	0.04186420990575202	0.1109558421567571	0.05248048469427287	0.04659413005574639	0.03193596389292801	0.1433434067761241	0.08471075973519049	0.07962365162643609	0.02425918878195688	0.1920018956920273	0.01266662074158804	0.1271193183964285	0.1144682965776436	0.1376587430773334	0.01584870225361101	0.02806345592791024	0.009705649126720828	0.009842055775690361	0.01417240281401418	0.009902683054864268	0.002926577377728926	0.008134919363335168	0.1533837322414283	0.1163886006686834	0.001941239970648997	0.001346838782547283	0.09489713531518587	0.1147969859606854	0.04664104742745473	0.002375313766687567	0.005057231038008914	0.002103723428167606	0.0499025059853667	0.01302411128082559	0.00934886952656821	0.06843056760872657	0.0889901782847082	0.1024371230894856	0.007329057253637718	0.3406496274149141	0.01193151463462879	0.1268201704894694	0.1515165328616657	0.07740277337298465	0.3452381267099845	0.06024659574106081	0.09737566975437086	0.0553346819122171	0.006658414809116803	0.003910300067072162	0.08652160718161855	0.05372968465308906	0.1082794013302006	0.001354228857426836	0.01383875088109507	0.01337245715928571	0.01099580663140803
0.1752312594138309	0.007974506682988412	0.01856493480840533	0.02323434490709788	0.02417659953744995	0.01500265676315978	0.009634263289290918	0.1910623199022078	0.1018270696452063	0.2552791837739805	0.2215284221571414	0.01249537462816055	0.01382451425483999	0.05151001763792159	0.07092679352565716	0.04172980751592086	0.1240433763449979	0.1609099086957335	0.1023535556895996	0.1322346171763511	0.2631203247691871	0.4015344266477298	0.1491730404332502	0.1769501603442729	0.1975188994865997	0.01372516330418153	0.1225731390872585	0.01413373799312368	0.1358533710122078	0.1332724047213183	0.03726151211321672	0.1178688969368254	0.04839580636401832	0.04613214480405181	0.02941908895694034	0.135560845434175	0.07876133276079875	0.08784404038579122	0.02710560243117423	0.1941584198582166	0.01618820905361495	0.1315726773616323	0.118606194559299	0.1423988969276005	0.005647626059601331	0.009584975307806132	0.003941638033816794	0.003871928884190454	0.0052910043737214	0.005788403997468038	0.005589001283675996	0.01136893299831022	0.2021859263264161	0.1538381639158759	0.002070470726498751	0.001784147264399677	0.03208211292810389	0.03850966406980133	0.06107241725224415	0.004596314540808478	0.008596170366144212	0.0039872696697908	0.0208223969478423	0.01212956929940968	0.0178799897212774	0.04972715905602253	0.07766026031738883	0.09622243068513178	0.003108277558066873	0.3829592299595245	0.006304884443456381	0.09905241487149212	0.1252100410557244	0.1013789765033132	0.4031898325917738	0.07900422587213525	0.1110172085560434	0.06751417326274398	0.005071707905749743	0.003381879021063205	0.02845967546285406	0.03905606519740752	0.143363156416726	0.002585624596549737	0.01450946626837239	0.01131960462113212	0.01180683990278058
0.1792	0.008122258053314246	0.01925301656501418	0.02309987784687562	0.02409559542352425	0.01496427995166389	0.009837324860232703	0.1944430094114973	0.1055201860961169	0.2527687968762302	0.2188348004837889	0.01479507730088364	0.0157829831120718	0.05444340858038092	0.07469254694958269	0.04217991502605975	0.1229629804669806	0.1597233945709211	0.1016010404331915	0.1464542215302364	0.2717823492951313	0.409016680175989	0.1616048211166816	0.188147011343077	0.2077708729005282	0.01382044691813087	0.125511874254755	0.01437002393061013	0.1372667533487564	0.1358368138513973	0.03803252219016923	0.1196051630033461	0.04900903034264315	0.05093959401891356	0.02995981020987455	0.1407943747727264	0.0825429176636152	0.08761047645179433	0.02741178011692806	0.1920678878063455	0.01757369967782758	0.1303859767696288	0.1175267700401059	0.1410930129212027	0.007339877673462806	0.01211430866435481	0.005845338170886651	0.005673441985823578	0.007233555380799701	0.007383045417799983	0.01477306665856372	0.0166879077495691	0.2129305299199493	0.1628949984796164	0.003262211877730515	0.003045226765776121	0.03927157756097883	0.04718442670925939	0.06309338502995995	0.0103374204892978	0.01611953627780053	0.009763079847578366	0.02912021069177938	0.02478434776834705	0.03733622032366003	0.06014178123643352	0.08964537797169908	0.109360185343601	0.004333721963505944	0.3957613500419263	0.007693086712140409	0.1083017169510603	0.1347934236973729	0.1039243215440446	0.4158366278041831	0.0814536155473794	0.1173606646762259	0.06950176252065489	0.01094615748613692	0.007266869398697186	0.03541330688017414	0.04184453277049342	0.1521848394324021	0.004880301371946642	0.02103131633333712	0.01835344463844141	0.01868663505115359
0.1887128561131141	0.008278410440876967	0.01844355517063685	0.02298684919995122	0.02403557895020712	0.01494892713796155	0.009262364517370447	0.1799883902589768	0.09345462295416239	0.2488228727902012	0.2153029288964103	0.01673929826977531	0.01748821588486592	0.05597071558470426	0.077427637668793	0.03843923057581002	0.1217913697778598	0.1576269659163117	0.1002915542714365	0.1591484975471548	0.2795566171496834	0.4080550333558637	0.1725782192114897	0.1979141360079276	0.2165519225813478	0.01346829772864262	0.1264853058576581	0.01402332534933202	0.1374834700471498	0.1366537259856519	0.0330972134517387	0.1192865137667994	0.04413780941720018	0.04617898624785772	0.02668591846254116	0.1275626656878785	0.07342115181237366	0.08795374041023583	0.0275087719370668	0.1879131078963444	0.01880995864213157	0.1294657399295409	0.1167115111015331	0.1400778539413031	0.008802895442336849	0.01490302638460376	0.006407524945090394	0.006297744762332071	0.008378017916710223	0.007925390998205405	0.0109164762588117	0.01443122230104719	0.2171040935128905	0.1657398351789348	0.002218079286709542	0.001915525320892572	0.04820916751573146	0.0580311903732132	0.06466469294058862	0.008352641242791323	0.01362306942202276	0.00780547492470202	0.02972704208761572	0.01938044942142613	0.02835010450574592	0.06052903628003033	0.09054616259935949	0.1105442636603992	0.004809944612579902	0.4134892430913852	0.008572765112972922	0.1168724745861332	0.1448904471553479	0.1068055414331417	0.4327132829752817	0.0835312350454708	0.1199105397040572	0.07190621338176133	0.008624968489948003	0.005498182417695476	0.04439717667373678	0.04613839941519331	0.1545855104518156	0.002854644527765266	0.01982465646969402	0.01715835429060561	0.01712912498174189
0.2056558844730552	0.00916764275494914	0.01957811914343517	0.02265073954204464	0.02382874564077538	0.01511187930501165	0.009081042382649363	0.1676338722910994	0.08487303141509318	0.2345134624104115	0.2020445682904002	0.0231707099161181	0.02309652493313094	0.0660008190727856	0.09102832942064094	0.03329542981395266	0.1180306039542483	0.1524234626543341	0.09701846531747053	0.2007070495653213	0.3036232307440714	0.4182203524725222	0.208212266524466	0.229459881401605	0.2449701844448423	0.01335062391504709	0.1289682267867468	0.01426426000982828	0.1404601412837898	0.142023999850732	0.02663611891427027	0.1173703384012937	0.0374520879909036	0.04851019729409721	0.022599549639126	0.1201267800454942	0.06865530345724619	0.09140483316502231	0.0286255281474869	0.1757149921465453	0.0229251018432748	0.1259578696514852	0.1136633573959438	0.1361805741583914	0.009153052422989989	0.01583886085605802	0.006043300470191145	0.006016313304600468	0.008404220517405222	0.007715727531236123	0.00559047486250121	0.01193041969456701	0.2185962854832013	0.1662593650298461	0.001794421643274467	0.001392921957363422	0.05257112454731151	0.06331580020918913	0.06604315068443445	0.004734275119671829	0.008994394883930825	0.004144382655723118	0.02957562678998314	0.01272596945858367	0.01691627923476703	0.05988297924058433	0.08996697114584717	0.1099197471301501	0.004671350054837185	0.4265897136449739	0.008693941307897992	0.1204996018761374	0.1499474472538642	0.1096174595827186	0.4456408715300565	0.08541242675849635	0.1224445823825401	0.07398929820903809	0.00588220202712228	0.003695534327576695	0.04786507114631176	0.04850724776509862	0.1548679093066682	0.001771296812317256	0.01650980313486797	0.01358332808087149	0.01338748067061684
0.2200312594138309	0.01017094428907383	0.0216920533563766	0.02202920482125347	0.02330184319368476	0.01520324511006455	0.009238253874247485	0.1609263857531622	0.08224398265381042	0.2196874259801692	0.1881341550036353	0.02938554534539203	0.02848867254184506	0.07768285005914781	0.1059264245023639	0.03025909869140669	0.1125392122103457	0.1453454291580915	0.09254170147172971	0.2402898738998839	0.3233134758062673	0.4256998634999515	0.2418566799587188	0.2589576968231045	0.2712812029197713	0.01335103682221302	0.1346813204413352	0.01476862922751083	0.1437175810612998	0.1479759280005402	0.02331458795472834	0.1187896534494454	0.03363437931115577	0.05535425298603204	0.0208040111160471	0.1192892950310092	0.0687354996567241	0.0952831288496441	0.03063724009599173	0.1637561270983574	0.02684399409772898	0.1205199457770783	0.1089228463984721	0.1301724992957656	0.007197320652443024	0.01248726581413315	0.00459991485498	0.004583190964502297	0.006532886751819129	0.006558256393052424	0.003065398402529223	0.01076185007233411	0.2176022994729911	0.1652300133635828	0.001905458216206956	0.001517900576048494	0.04234210989629059	0.05092167982764344	0.06620704741019252	0.002984926344674621	0.006729692067601262	0.002330791272401013	0.02463240627223741	0.009568157395679984	0.01260131163126734	0.05508301488165296	0.08503340104430408	0.1048750704865992	0.003674717382734258	0.4214638701422683	0.007415537756596484	0.112338520238271	0.1415032417779265	0.1101683001879506	0.4421795211647391	0.08568966549509759	0.1211855775569879	0.07378810568861349	0.004133335065873004	0.002702140784029103	0.03769647560802112	0.04508998269659339	0.1538485836905709	0.001961071051018369	0.01410548150199215	0.0107143913047787	0.01092328833340294
0.224	0.01019739374647883	0.02261906406956282	0.02180616916166596	0.02316211153173828	0.01503862858045942	0.009639732636190348	0.1702603212254177	0.09140829826657799	0.2147539084632238	0.183097351120779	0.03257722795144125	0.03116692158228717	0.0806273715003725	0.1097747214865486	0.03139857235431288	0.1111490050960541	0.1440428477031646	0.09171071716125843	0.2595109767960733	0.3353422380148093	0.4382109136237074	0.2585464441422075	0.2737703908057488	0.2847205332695912	0.0135245292416818	0.1357009757553906	0.01509815627035713	0.1445810122495967	0.150445892657209	0.02508139611420974	0.118273411200735	0.0351401020597262	0.06367456909127342	0.02182730099581186	0.131288458225231	0.0772789703373559	0.09346161325397091	0.03019757886315928	0.1599330005982058	0.02868631367068329	0.1188385456924533	0.1073479528468213	0.1283388264455496	0.007170672062114612	0.01206075742975073	0.005260118741200412	0.005150382962779239	0.006841204047614244	0.007012728641544218	0.009955379417707563	0.01456534960575154	0.2165188324107696	0.1651115161576932	0.004185545646027681	0.003884702250287491	0.04162065827786617	0.05009958712130974	0.06492009876497831	0.007320416967393241	0.01224245256264737	0.006667292361958182	0.03219138951070857	0.02254700778329799	0.03098411216434828	0.06341321591007691	0.09320753550110397	0.1129908121624714	0.004025085354821809	0.410322652606286	0.00754814171228036	0.1105832120708014	0.138571538332241	0.1073966344656386	0.4309248971238441	0.08389372775363096	0.1221734762812737	0.0718357361819937	0.00867999106066061	0.005954492582409108	0.03569136315890539	0.04330170048201842	0.1540418640755208	0.006066832953120525	0.01817421461677883	0.01513914702625323	0.01546314618004956
0.2335128561131141	0.01035031158826265	0.0216522648416076	0.02100378313799574	0.02236456245955514	0.01470360213714984	0.008803541064112698	0.1481549361536332	0.07476617027209055	0.2028697256977378	0.1727385548994351	0.03403460304807476	0.03240073835653744	0.08223386607655415	0.1122409788610034	0.02610767045420565	0.1059372515131181	0.136640615817094	0.08702843639805682	0.2680334628431343	0.3342000511470948	0.4230808390989485	0.2647721784992281	0.2779947985263288	0.2873522082445015	0.01280034522406889	0.1342510153680703	0.01443543214132812	0.1415071279700285	0.1479514198991373	0.0186658169123296	0.1154721150511829	0.02844290277066779	0.05707618023347213	0.0176142630391587	0.112099980856569	0.0645184268615769	0.09307455505636862	0.03025287250391715	0.1498533151028367	0.02945381051051329	0.1137473214716121	0.1028367976320698	0.1227872871497826	0.0051563468973341	0.00889360252845714	0.003278145126681377	0.003247367394052277	0.0046722606761833	0.005464759839392585	0.00193957664474693	0.01007582081738982	0.2156741611973431	0.1636814153521629	0.001740288120773253	0.001400443766215707	0.03043909556651758	0.03649305068943039	0.06576380132680433	0.002306795593170329	0.005836234319549106	0.001616946631441389	0.01836968750650044	0.007295221525975536	0.01056001126707319	0.04899107737590703	0.07875364276082315	0.09848566575474146	0.002723682819789882	0.4112555895597709	0.006099910324305688	0.1028655224455858	0.131199492973978	0.1095542331423982	0.4336160068381534	0.08515380527282966	0.1181666991922512	0.0727532639153947	0.002882472410710122	0.001965707471530469	0.02661449760176236	0.0409029811949192	0.1523815410505269	0.001826666073976703	0.01268489293140202	0.008922729525541606	0.009576867368727227
0.2504558844730551	0.01092552423430637	0.02238830929574617	0.02014648987955741	0.02159750433685941	0.01447680635431521	0.008515635491818042	0.1351457746915512	0.06692370200512382	0.1853881698243807	0.1567482140690558	0.03938479148544753	0.03698637391628948	0.089932007747965	0.1224913787860214	0.02145169681757398	0.09968280585792424	0.1283483510634573	0.08178253043553319	0.3012275936624599	0.3489341625724223	0.4234280054470757	0.2924772662281644	0.301552846547083	0.3077429441062432	0.01242525975972368	0.1349693785463557	0.01438729637871243	0.1412648871487792	0.1499941744439741	0.01326789580943572	0.1125416944889879	0.0225485071621798	0.05945926115282197	0.01412977383175797	0.104797879538392	0.06017600407481113	0.09383335413748559	0.03077051988127294	0.1355162022870174	0.03266556228629486	0.1074814497159469	0.0972823623162984	0.1159179844281015	0.003767770380559205	0.006386151644150444	0.002481723282820939	0.002429461894710658	0.003453739990570977	0.004699456680329424	0.00218675323609902	0.01008050474647896	0.2066205545280431	0.1568663931082364	0.003614294734251312	0.003311364254043961	0.02420837762107223	0.02904414770332006	0.0629493209192082	0.002517667420152349	0.005925291001363998	0.001791342082368432	0.02115116109500608	0.01236911265513788	0.01611785358312938	0.05107625343116536	0.07948655639021457	0.09827081441113952	0.002131699076379729	0.3902933798999944	0.005145531911314375	0.09387448671110915	0.1207745205945588	0.104826344107765	0.4127398668396629	0.08149795438359038	0.1150531619969286	0.06924840458084806	0.003299807564425844	0.002553538107862791	0.0187899132731788	0.03680881098629402	0.1460571402132819	0.005022332825200666	0.01199542828486315	0.008199056056286572	0.009111795480637985
0.2648312594138309	0.01150515889450743	0.02351873256954694	0.01956445795841435	0.02105677735313272	0.01442540148472851	0.008501753831093261	0.128363925343143	0.0635487812395225	0.1737581514496272	0.1460836264128441	0.04287916258472665	0.04000298491810455	0.09669528711474869	0.131050936875029	0.01895881690768691	0.09519315034678739	0.1225109231474093	0.0780857869638211	0.3231554293015531	0.3577234183446679	0.4231920629008801	0.3107018721591009	0.3170525114736588	0.3211569203389353	0.01229340772445963	0.1369395951267285	0.01455938538383246	0.141953883745138	0.1522233690535484	0.01054917096588888	0.1119530848967479	0.01943729921561823	0.06256604068951632	0.01255665609493585	0.1019810672093521	0.05876165554754392	0.09582567489716895	0.03182649903442374	0.1262807978988628	0.03481725143185964	0.1029887897251637	0.09334598469448642	0.1109776057865234	0.003604586330343845	0.006034216914023166	0.002478149739809292	0.002413476655893545	0.003350821677368361	0.004566121262658688	0.003172196811170736	0.01056135516063071	0.196670351186066	0.14942127538279	0.006188052982840064	0.005889335222444936	0.02584478808233747	0.03116051834751737	0.05979077001991717	0.00314049631914104	0.006511127462011927	0.002390460543497467	0.02983935696584349	0.02049621518801302	0.02446043959458703	0.05873027797841453	0.08556202550662785	0.1032167050181244	0.002111928923741407	0.3722582730943565	0.004961333947217502	0.09000024895383651	0.1158044707048221	0.09944259171638847	0.3935257700854505	0.07736809615335871	0.1137227730606935	0.06570761757428234	0.004749603096037825	0.003853639601816295	0.01761453239768482	0.03497530475678454	0.139168244201764	0.009271379108078277	0.0120608847038599	0.008496648732451519	0.009384352273510376
0.2688	0.01153367100253967	0.02426468691208162	0.0195637901408876	0.02112258037293612	0.01438796371155926	0.008855286261559823	0.1366581446791052	0.07104272182007627	0.1753181320458283	0.1467924979115993	0.04517789131048349	0.04194444130463994	0.09898767679042771	0.1339296070247791	0.02106429279413757	0.09512082217095927	0.1227828390884422	0.07825489853369939	0.3372158058840887	0.3678718894440343	0.4350943696561347	0.3234429882278363	0.3289826714756693	0.3324432095991632	0.01250908318788652	0.1425338356350971	0.01490241154536222	0.1443529919186516	0.1559429953008305	0.01341700938509157	0.1166769069463058	0.02218835219266861	0.0695025261016381	0.0144766512074967	0.1117380501801831	0.06557646381079689	0.09479434782584874	0.03220196676290486	0.1273481592043192	0.03618403487985638	0.1027410523040381	0.09306774521711189	0.1107029116273471	0.003481490696375691	0.005653823108000771	0.002687823812845734	0.002583795546459155	0.00337926716488268	0.004653354103331085	0.006338408971529575	0.01235658468858646	0.1921573251880686	0.1462880812815446	0.007869035170807918	0.007606417206639736	0.02576637970457177	0.03111438386375327	0.05806987375401565	0.004963749168999967	0.008758440422877245	0.004203537545851765	0.03529793817617942	0.027948150673397	0.0341538013359967	0.0640273507339571	0.09017004997999958	0.107364741986207	0.002210036913241079	0.3603755897096215	0.004905278340609777	0.08749429684815831	0.1123791168966789	0.09630390401996557	0.3811708939824973	0.07507995622849258	0.1132764936452742	0.06358064233759153	0.007148230519831505	0.005662338227484554	0.01615393269153998	0.03346853623888755	0.1364135924283768	0.01218181187545382	0.01354213004488129	0.01019523882015739	0.01112448342029406
0.2783128561131141	0.01160444483175908	0.02357125197347159	0.01898918320877873	0.02051328362725552	0.01415628485395098	0.008291957670518877	0.1217360890697417	0.05979142968225793	0.1666319756980613	0.1394701445228802	0.04495417495352453	0.0417400166150359	0.09908013543354306	0.1341391577896427	0.01743969279991441	0.09152848340570155	0.1177006334401575	0.07503598475785497	0.3353287843488415	0.3613487127851589	0.4200629233237815	0.3207209635707656	0.3253351759860847	0.3280751495465717	0.01200388374296729	0.1389341957036584	0.01440314563070383	0.1411173423797843	0.1525189091185666	0.009035303404720876	0.1126946341400529	0.01760861901217169	0.06373124205467239	0.01159219952292871	0.0981989566831562	0.05657283795626358	0.0948134990313011	0.03206108228492397	0.1203655541940549	0.03595513351184367	0.09922054957109888	0.08997002851222231	0.1068682584932112	0.002655011196720618	0.004232315653260642	0.002085819945579978	0.001986470242810954	0.002591104933433338	0.004110294845175754	0.004711874551305895	0.01121981041761205	0.1872153387526739	0.1424494472070864	0.008624476748169303	0.008367254834024881	0.02220813027338549	0.02688213325735509	0.05661919117787738	0.004262910738752154	0.007748697022731172	0.003486690039406946	0.03576343136524353	0.02870948206703593	0.03394030367726535	0.06397953126294739	0.08937318767424229	0.1060189387845212	0.001787695153882591	0.3505213477101617	0.004307527722752853	0.08256261932027628	0.1068413799646808	0.09397807919157189	0.3714090785715113	0.07321651648129703	0.1112325334863682	0.06183590353690716	0.006133327743116451	0.005109056606277817	0.01184539922724021	0.03138965921614281	0.1327352564996258	0.01342324439378868	0.01237153355299446	0.008930221448187375	0.00999501671709907
0.2952558844730552	0.01210879312376651	0.02464287670820029	0.01874150970005329	0.02026935044873085	0.01426583565805347	0.008384294552140653	0.1182325113849312	0.05805079647347241	0.1639295762293388	0.1367731664183946	0.04661952983875681	0.04321159365936269	0.1041916123031023	0.1402426694248255	0.01712079414302553	0.08922312418133224	0.1147001253723464	0.07313457408282042	0.3461874225731437	0.3651775761744495	0.4193758639740345	0.3299752734220767	0.3335839193455913	0.3354825073346567	0.01203028943150612	0.1450912359307852	0.0146738875090115	0.1433346749932303	0.1556271946818634	0.008935939990998967	0.1175706195619598	0.01729737189874856	0.06620723960972891	0.01191719053698435	0.09663488849991397	0.05577059300604233	0.09754866669937859	0.03387207387267185	0.1182279854835225	0.03706003011722869	0.09698074839577528	0.08805947853936839	0.1043851556671931	0.002004412132851423	0.002946842946284055	0.00190102478317037	0.001768198015962265	0.002109294542604979	0.003779915205203234	0.006595062891802733	0.01205277280562723	0.1743681738292599	0.1329321996014044	0.01190233486910371	0.0116773566829389	0.02122602260467233	0.02586490039033176	0.0523797014114693	0.005580454210782656	0.009164996460106723	0.004776834290585992	0.04552563182353535	0.03970563999368395	0.04607279224946587	0.07260748151611846	0.09601053457391398	0.1112489405325681	0.001610339957124816	0.3240840390696983	0.003810398604126299	0.07536574520826994	0.09788210876267378	0.08669045986436638	0.3438626096133529	0.06766580673824042	0.1086148466138449	0.05688033884936279	0.00811297772241759	0.006853827587167835	0.007660724441114192	0.02790824075231237	0.1239451259321778	0.01893049390127007	0.01280866271327585	0.009630887203071245	0.01078040365349825
0.3096312594138309	0.01257347030516131	0.02583007735406609	0.01855570178371329	0.02003098831221731	0.01442673728289048	0.00858232418335044	0.1170795291129523	0.05800876503529398	0.1647156718394144	0.1373695417566353	0.04638576992873786	0.04305753535682175	0.1080348512676499	0.1442459341534092	0.01815533917609663	0.08747006828367847	0.1124909201482032	0.07172699947682179	0.3451320128386104	0.3609529789340565	0.4136912074021354	0.3288816218205602	0.3326229588723831	0.3345359274901832	0.01213023592391421	0.1517738408095889	0.01499022307292747	0.1453371602247099	0.1578026145766332	0.01060081081320668	0.1240288539883047	0.018770900276412	0.06809886632479029	0.01352722385947835	0.09620314314283215	0.05570772195245503	0.1009353281665594	0.03608329408741143	0.119269986487929	0.03701504913195441	0.09527923292380772	0.08666111763892874	0.102491716580026	0.00207663115962581	0.003055082430397665	0.001976663977002273	0.001843629821838616	0.002185833824867923	0.003705412698736156	0.007023096865195403	0.01214006937960002	0.1635894562263353	0.1247911874085473	0.01378460141767683	0.01355449685758368	0.02377054124117527	0.02905415443361107	0.04906210654553794	0.005794298831081499	0.009235111755200651	0.004985279980951153	0.05248019570987369	0.04539895037490339	0.0514604444823351	0.07820152459582633	0.09994226283136015	0.1140077148283567	0.001655904532343876	0.3058874308315758	0.003741924511367102	0.07218096439362227	0.09361342425801453	0.08109957854047524	0.3241823882205298	0.0633433679378841	0.1061902444831084	0.05328913112941726	0.009098469179350406	0.007751071337724278	0.007988763620161984	0.02655142000985757	0.1163870798027824	0.02200703289640702	0.01254444915392091	0.009629626811957597	0.01068011399012423
0.3136000000000001	0.01259205704050496	0.02621769549817926	0.01851100548967682	0.01999725974329402	0.01440267182613116	0.008742061150751856	0.1203609182229214	0.06110457873798614	0.1683028669672856	0.1401722496514287	0.04692678132849407	0.04350526647474168	0.1090428324567489	0.1452135351724733	0.02002987847467639	0.08719563068477966	0.1122959937768441	0.07159837875357737	0.3482485735536993	0.3627657291340861	0.4165546049336165	0.3319730267714642	0.335811427899986	0.3377244630519128	0.01221452338959183	0.1580222206315996	0.01515732121374337	0.1470233498164449	0.1600858528746718	0.0131845855684553	0.1302673464989977	0.02127004921784616	0.07139077014249991	0.01539728809790806	0.09999867491154511	0.05839618430925732	0.100676903040598	0.03694488951895076	0.1220145071160284	0.03731893238614598	0.09491913481238179	0.08632582750585843	0.1020965115379034	0.002213963040946273	0.003186189249285531	0.002274814431222625	0.002115510716572036	0.002414270394833114	0.0038735886924926	0.009577630263008171	0.01347535775673835	0.1594983113827818	0.1219037432472302	0.01414607043135897	0.01394594698722792	0.02403936198726284	0.02936924807022385	0.04756949771020699	0.007160317467124181	0.01094213844202388	0.006370271555362431	0.05404404388462197	0.04860487175971298	0.05646998518341848	0.07937800020508762	0.1005724035095077	0.1143081732234828	0.001824655282591075	0.2957606432982527	0.003825486304771751	0.07075717329693298	0.09136452418062532	0.07841224509420731	0.3134339909747816	0.06137080148215292	0.1043044355511844	0.05154133089193054	0.01078033813379164	0.008905931551784815	0.008198798513456665	0.02572686584983904	0.1138390323405165	0.02272377620321091	0.01372725195659028	0.01103612075080202	0.01205664622491619
0.3231128561131141	0.01276332434526089	0.02629857236580023	0.01847900642633041	0.01992097569052192	0.01449972912657121	0.008632001195844664	0.1154650521979332	0.0569865192395406	0.1716458590988292	0.1432104796823161	0.0459357903330694	0.04269056884072936	0.1097273909138216	0.1456662169926315	0.02028759297836782	0.086755745612052	0.1115370704277626	0.0711165895950851	0.3423890510313023	0.357532235521318	0.4098630157114329	0.3269584480959182	0.3315256573088767	0.3338959270383825	0.0121551159254706	0.162892579415186	0.01514631448847316	0.1480224049306674	0.160808337716711	0.01359048590840553	0.1355696275425944	0.02167573531294678	0.06937535248238928	0.01597893841362985	0.09466046515813964	0.05473323494618257	0.1024804742226653	0.03830856782453607	0.1246122904072036	0.03677778448292121	0.09460481875589608	0.08611284653140769	0.1017390533708035	0.00149328866527535	0.002016239355282189	0.001638843998067883	0.001499920327850775	0.001673614327918459	0.003288017180976584	0.007045868059742615	0.01167747253041035	0.152837498008187	0.1166576631193152	0.01378527855906603	0.01358429177688537	0.02029847614139183	0.02487138137703079	0.04573967241671759	0.005807483853669871	0.009105408491434793	0.005027589121280405	0.05093921503844989	0.045348792969809	0.05155062313166726	0.07525609979234948	0.09552644546364367	0.1086207162195434	0.001387971470021526	0.2838147821300451	0.003239474037341061	0.06558172594810432	0.08544657203328258	0.0755503123369702	0.3012949693563377	0.05904023364802219	0.1000040308604675	0.04949491599081231	0.008929391657283585	0.007657820822562373	0.004786940876782379	0.02379857345815866	0.1088179325643808	0.02210052799730556	0.01192427236021841	0.009149234282480047	0.0102473309757715
0.3400558844730551	0.01369838735237812	0.02854861628508618	0.01857413357221421	0.01990904976176986	0.01506477913100314	0.009071196530144937	0.114748802651509	0.05677927801745281	0.1826077057161001	0.1526514483159688	0.04468442836049093	0.04175916386156354	0.1167131536252248	0.1527566712116849	0.02388406840011616	0.0859986478447876	0.1105692275352041	0.07049398277205049	0.3362062223146741	0.3500679835698254	0.4026301141704651	0.3221620307068485	0.3283769172838449	0.3317454046270296	0.01252828103553139	0.1817249440674912	0.01590343773789091	0.1547221859519988	0.1675494222817362	0.01856231612836043	0.1546689906122083	0.02653232821364104	0.0723439797296962	0.02044626657020547	0.09354849106192646	0.05408707492471611	0.1103534928441144	0.0435863323769797	0.1337620288542128	0.03634116785949221	0.09411563277861215	0.0859265360909674	0.1011208089719814	0.001132682483289344	0.001487507654358697	0.001244352350792345	0.001130261500196074	0.001265856133326719	0.002790980148282243	0.005377323040148433	0.01017022411060786	0.1379325613944399	0.1051701332237337	0.01303063980875261	0.01283303550746559	0.01823186575346349	0.02236993052478162	0.04145810092373652	0.004586838017309041	0.007355753988713682	0.003854202572545946	0.04752048046206225	0.04145242056510595	0.04619667266698805	0.06948730636179173	0.08770963724754131	0.09944153643978268	0.001109069975471195	0.257516177505378	0.002776201692456261	0.05873282754322003	0.07688373859959838	0.06857335407228338	0.2734621869533811	0.05352932107414324	0.0914004495487486	0.04488704169805433	0.007724582132576142	0.006797083141619701	0.00338217852608807	0.02134771842368737	0.09806855685468711	0.02084784343273407	0.01003650024347023	0.00743859773873008	0.008463445459752354
0.3544312594138309	0.01444418593689944	0.03058399591352697	0.01839955245539272	0.0196016948701054	0.01541894877135672	0.009467817188187127	0.1141450875565082	0.05731637961356579	0.1932907956467131	0.1618525879497516	0.04265307696247502	0.04010476742886224	0.1222573148500545	0.1577166512368065	0.02821210307973116	0.08400852760852136	0.1080941486845902	0.06890659953000319	0.3242313068555611	0.3368071087923493	0.3898537138154355	0.312078632717094	0.3201293198901015	0.3246221436259745	0.01277320254977492	0.200905623789439	0.01651589805846384	0.1599502383126417	0.1727525566083719	0.02472640859936353	0.1747051360977649	0.03243677640584944	0.07554375820909512	0.02568583674296806	0.09282614844439446	0.05387915363472551	0.1167210665965201	0.0487275968390769	0.1428781894573753	0.03529249907186065	0.09224266792579033	0.08447947426189355	0.0990139971562045	0.001368981543037693	0.002064692605167446	0.001124726771808169	0.001054037295062457	0.001345968598430826	0.002562214137956465	0.003117890941780205	0.00862518949092436	0.1254220996051275	0.09540194127470995	0.01274861403172701	0.01251672054154883	0.02067573079275521	0.02534858321439738	0.03807428913751719	0.002882959878245519	0.005003393807762766	0.002178408138394023	0.04748794000206468	0.03830369742146231	0.04063012735371684	0.06726012410164511	0.08367671557392428	0.0941699452133138	0.001058424111832359	0.239715334654721	0.002706267981726655	0.055793539963555	0.07299356185860024	0.0631546621872152	0.2538559638396063	0.04918616467252764	0.08579011675097241	0.04151187462043191	0.006624249459370532	0.00606140293951218	0.005485136449521488	0.02069699136612978	0.08890256819858622	0.02024146163336048	0.007962859216656779	0.005552490553420264	0.006371500519502119
0.3584000000000001	0.01442331497756192	0.03083510503510541	0.01822132597410472	0.01940917322562377	0.01532608989758661	0.009558614667766505	0.1158515165804868	0.05936092163838948	0.1941266154624139	0.1624437285617303	0.04250270697643462	0.03994786534928308	0.1225173065363586	0.1576686372152402	0.02940712352823766	0.08304095147962327	0.1069808292314046	0.06819305790516246	0.3227814268971146	0.3342939913016295	0.3878201257829205	0.3107778102749315	0.318902943621657	0.3234158048907816	0.01276884355153403	0.2038191350145898	0.01656649419990569	0.160042665666972	0.1730708275800064	0.02650126384682563	0.1778242175568685	0.03407476760781894	0.07742248263755581	0.02696428069796427	0.09501883826881362	0.05554131384053284	0.1163166870347292	0.04920105864133621	0.1436998783473249	0.03513522894414281	0.09116360218477614	0.08351378735830919	0.09784118444787562	0.001813173261923014	0.002646919816803034	0.001795703344108429	0.00167677151950281	0.001942115618678321	0.003033902055921527	0.007627375915021491	0.01093268486647133	0.1231741820878674	0.09410534136020417	0.01237361756121532	0.01219788341114327	0.02101188007137995	0.02569111101757011	0.03687094653968018	0.005436777391484836	0.008294604403447243	0.004783097620116309	0.04716803663984637	0.04140887817855695	0.04718934134845962	0.066841493801196	0.08307279356698619	0.09353838988084068	0.001456138775959855	0.2304323745739468	0.0030353024170514	0.05562644371967479	0.0718530099325537	0.06078613620375137	0.2439456960759556	0.04756141006331045	0.08334876936194925	0.04001363518653098	0.009181293372143396	0.007665373287472072	0.006916725514126137	0.02023457037823348	0.08792238192047075	0.01985760343969932	0.010493988299418	0.008418971800199284	0.009181888895666783
0.3679128561131141	0.01485121102339682	0.03173717150885798	0.01813228871988296	0.01924449718326858	0.01553515089062719	0.009627162384158828	0.1115627284680007	0.0561915547783387	0.2067693150575365	0.1732270416852698	0.04129841548272457	0.03897228073300907	0.1258150342109703	0.1604860635626202	0.03293235327619957	0.08191689091659504	0.1054021037914074	0.06718328234532708	0.315688482789678	0.326637003912203	0.3791653691289447	0.3053940869967152	0.3152094470703436	0.3206989775656811	0.01282354574664847	0.2235426649963298	0.01686013058433085	0.1650058981405613	0.178357949368105	0.03143115944351114	0.1983819743393209	0.0388873770651323	0.07862472210293141	0.03114273114066413	0.09051811090004187	0.05256522871135216	0.1200470402718955	0.05344336043278346	0.1535137164668934	0.03451702096534126	0.09018149887952789	0.08276522520167175	0.09673133592343459	0.000986108037881213	0.001511882470490147	0.0006895830242188326	0.000646119558069135	0.0009060161542032099	0.002077613871449173	0.001193117662782164	0.007052363481161224	0.1139451240987609	0.08648446830250409	0.01140010772054372	0.01117040409224795	0.01789483198349531	0.02194659260174477	0.03488293024102623	0.001487881912002893	0.003095204020316611	0.0008298895005214506	0.04188700611959614	0.03244399494148842	0.03328856790576579	0.05972513027955398	0.07461724168456552	0.08411539606616505	0.0007569308053762065	0.2194854961915275	0.002262405618907704	0.05001164289001856	0.06587940122115313	0.05802982751857393	0.2325625311123255	0.04509836085077741	0.07804830808662773	0.03809921088090146	0.005062929935565825	0.004892491629946476	0.00402456232732247	0.01872366322273597	0.08053807116619741	0.01800702083696747	0.006055295991127795	0.00372995036041618	0.004504192932942541
0.3848558844730551	0.01576165529869366	0.03416092053972586	0.01748539285432303	0.01844407225650831	0.01573897935132057	0.009940225561125298	0.1058778423882225	0.05396836328006902	0.2204315481494657	0.1845957481563383	0.0397570934359092	0.03771389675232906	0.1337801076305008	0.1677621128517008	0.03879471463514637	0.07687042407100021	0.09893519965663183	0.06305666629262964	0.3060906719462241	0.310435621670394	0.359480437845394	0.297469716452561	0.3090385808752091	0.3153910179201562	0.01289121784910025	0.2549594214178191	0.01748804085168074	0.171962662542008	0.1862310293819066	0.04012825603326184	0.2305738452116293	0.04702658018917402	0.08384818163519114	0.03852871028328597	0.08643547339912086	0.05040602148598343	0.1267595456531129	0.06082251143773089	0.1647272158423985	0.03368563650862463	0.08518224244687377	0.07856024845702353	0.09120611263569417	0.001246220212860425	0.002010349314060602	0.0008093779506717586	0.0007788710319347183	0.001118915732860593	0.00202042034839573	0.002110747152111377	0.007510495903334225	0.1012372382343293	0.07677779158945233	0.01121298088086111	0.01098200177644216	0.01959173212555761	0.02395655986367905	0.03129154171284558	0.001226410934610632	0.002625091356752373	0.000596941303510852	0.04210339194426621	0.03176775569903092	0.0325444965814713	0.0579399113700613	0.07105620252968506	0.07939602555840614	0.0008370150404117721	0.1977610604302423	0.002261933030716045	0.04648729152351631	0.0609725098911638	0.05207113685052322	0.2090321680716099	0.04045288721725273	0.07224286384456949	0.03433230274324747	0.006045061912230213	0.005583749785161208	0.005660912165705652	0.01754365996557184	0.07164277670463313	0.01769156675695737	0.005354969910670609	0.00334011463547799	0.003939140682502564
0.3992312594138309	0.01625436620651065	0.03576171711387223	0.01648869964933315	0.0173138941607401	0.01555138569034702	0.01006082817186035	0.09963901469733648	0.0520280403609344	0.2288379915952297	0.1913417726819862	0.03842583493668952	0.03654053102037988	0.1389461732581089	0.1718170499411727	0.04382440519646104	0.07039849919376033	0.0906938750087114	0.05780045259048303	0.2964236388836958	0.2928652403832792	0.3373915818984904	0.2889814715350343	0.3015674091486244	0.3082874248069838	0.01269776744910721	0.2808596063885368	0.01774962158991276	0.1754827235092065	0.1908231193514624	0.04792810651078981	0.2573582446184656	0.05412745794298498	0.08873036630386531	0.04493885266706037	0.0827095034421655	0.04867132359055262	0.1296477756780554	0.06644927112749506	0.1717579326532174	0.03274953054941146	0.07852948411225506	0.07277866337842599	0.08391994257012628	0.001851590293595999	0.003093546832801556	0.001184092948608596	0.001162249506965144	0.001659503757051812	0.002289154288636424	0.01886405548724833	0.02280005413224584	0.09162864439990444	0.06907760254291798	0.01153290231967823	0.01127065327695097	0.02491878480209151	0.02952021502942357	0.03164216977194351	0.001593348577569661	0.003410255306043581	0.000698895272509172	0.0448934364299388	0.03305722253060068	0.04164439926800938	0.05912140801789188	0.07089482200223748	0.07870034549938662	0.001180837446363064	0.1816683746054205	0.002710392131298466	0.04574441193437955	0.05977953758039033	0.05276598194103099	0.191615841586045	0.04097048226721738	0.07691586776753112	0.03511303324621378	0.02153556657888869	0.01693723708743661	0.009006369383269335	0.01771506593085892	0.0665627090737109	0.01813727682178668	0.00518047609257522	0.003500095744165412	0.003877020657145691
0.4032	0.01637872108263795	0.03636664656469409	0.01619506318145892	0.01700614159451566	0.01546782065380359	0.01018750170509546	0.1004257719798504	0.05379583131458643	0.229082662786584	0.1912732470650332	0.03880636627723333	0.03684562642865637	0.1408166465759855	0.1736335513501493	0.04514827578203494	0.06851098243415281	0.08840520252381916	0.05634071140718069	0.2983140676893956	0.2912331418892289	0.3348281619538185	0.2905347499858527	0.3028857653839622	0.3093559911409656	0.01269297630477657	0.286432722082902	0.01788532752588179	0.1763007589987015	0.192215642667613	0.05001294758896276	0.2627717404714402	0.05598305339719684	0.09172779383580434	0.04656217922128592	0.08470660465583377	0.05031385176851527	0.1299337186573767	0.06757768694178953	0.1721127058577642	0.03292755570143244	0.07652854461137694	0.07101441745060239	0.08173061797890316	0.002011695906506578	0.003336395717025265	0.001387194991686736	0.001353420425681604	0.001855669815092167	0.002467305685637524	0.03435908538063663	0.03650529854069683	0.08809161475715926	0.0661387465697366	0.01013374369504538	0.009882001593180388	0.02491808956229368	0.0286461215152589	0.03326617894466466	0.002489331199631449	0.004959112958836904	0.001389562906743364	0.04023562706585804	0.03023895401300979	0.04705165987925778	0.05378212195335817	0.06525102971170824	0.07325509977198849	0.00136343036243087	0.1719195506291474	0.00293686641290626	0.04446427473096318	0.05811844805707177	0.05551272975029598	0.1817301247124737	0.04313312985538699	0.07999225838268655	0.03701977271875991	0.03476766037178004	0.02643820498170942	0.009644385335802546	0.01745701669124554	0.06569022094650576	0.01590414155558389	0.005708239541575355	0.004200140725879636	0.004523460271857786
0.4127128561131141	0.01648300717344783	0.03654875812052599	0.01532484068002377	0.0160575124293725	0.01512555540398781	0.009920930433092324	0.09024327227204974	0.04768399649928354	0.2335654835709752	0.194796194499768	0.0379647758459864	0.03606322247115031	0.1425020300524832	0.1743854316521607	0.04741965594591049	0.06325981469805392	0.08149012652586	0.05193810907530958	0.2915307954706266	0.2784356522483846	0.3160639923301132	0.2844593996082785	0.2972774659308686	0.3037973638878487	0.01227706745455587	0.3033816628506165	0.01769837113422448	0.1771313861193329	0.1938625797642834	0.05388199068859884	0.2804506831808652	0.05935830182484575	0.09238945131563094	0.04982978069975806	0.07658493102295062	0.04533135780543735	0.1299002445112014	0.0707962484773323	0.1754862737162086	0.0322167005562074	0.07113582603352524	0.06625639462780586	0.07585154475775105	0.00172193683890048	0.002878383696704169	0.001093266592500856	0.001071998403038233	0.001535767721073272	0.002249547425269982	0.04164376048476733	0.04387908844274096	0.08495627423790336	0.06342183439770872	0.01112308789011336	0.01084332966644132	0.02561303101901281	0.02907262802401983	0.03418825304522224	0.001898599028574964	0.004353732738618278	0.0006148037362670313	0.04295709019597622	0.03170924893567334	0.05165409021905693	0.05607743667195174	0.06702785011751704	0.07482361625726339	0.001220779632458225	0.1673114125540398	0.002801066222651663	0.04273280390682076	0.05652835057493713	0.05722240943531251	0.1771841058650127	0.04438043879317136	0.08447293026498935	0.03814672520326925	0.04214210157705901	0.03203903477380964	0.008311250457531833	0.01695193441259508	0.06417981864307787	0.01743245007889032	0.004710448530777737	0.003160903898889548	0.003506700014402102
0.4296558844730551	0.01681921309126165	0.03726449015200554	0.01388943168049205	0.01456169174816516	0.01459017495629577	0.009572498809499532	0.07459713255194651	0.03893361152634844	0.2374298213282359	0.1971319072055344	0.03911838935653243	0.03696193728488875	0.1480224930156137	0.1795133814139264	0.05039878700770996	0.0542276453674424	0.06966992247343511	0.04442081504329445	0.2964979852172239	0.2685035932200289	0.2942029590199506	0.2885744153599142	0.3007820135209604	0.3063558168023055	0.01166462640115339	0.3318017453778298	0.01755686770935105	0.1797791305758677	0.1988593183995455	0.0592678943651491	0.3086310546110684	0.06388631939041425	0.09645982878863721	0.05449558711925424	0.06587603423578822	0.03901783027871208	0.1298777497489699	0.07598458885448889	0.1779604196183755	0.03262939071124453	0.06186542286575836	0.05805303014234762	0.06573022232466443	0.001680205205373744	0.002822206003733895	0.00105472470870151	0.001034517517659686	0.001489342917888794	0.002303037589663746	0.07306842891592914	0.07304180711160899	0.07871397649412164	0.05787065110821486	0.01045032588065999	0.01014144190324497	0.02721887744982669	0.02923200684868439	0.03858963991966612	0.002360551262640572	0.00575011685763396	0.0005357308277861935	0.04025978265214334	0.02962999593026655	0.06526813534116339	0.05224167785863372	0.06247431834150138	0.07053683397994201	0.0013421580979597	0.1532758163541306	0.003049487839344429	0.04023553858830846	0.05408987927650525	0.06484913141226918	0.1632942530309387	0.05023552706518278	0.09633979404963584	0.0433332732567326	0.07054605605729104	0.05283315090557547	0.008086407706350452	0.01658177677258933	0.06298239885198252	0.01626897287370944	0.004272544968178074	0.002864973437703132	0.003161339612179547
0.4440312594138309	0.0167937117053455	0.03726995766259384	0.0125757869175915	0.01319420982610291	0.01394172678376256	0.0091996450161343	0.06277523271427728	0.03276077185747175	0.2349074756805739	0.1943344311717202	0.03944415364897728	0.03711368679379503	0.1497790864879473	0.1805132217859222	0.05162338357494066	0.04652145247979454	0.0596610378244713	0.03805310478610874	0.295967073910025	0.2570176722086699	0.2736476344962392	0.2873287058420565	0.2986876227222079	0.3033497403982282	0.01103690033937273	0.3458394620099835	0.01718364877479655	0.1784150034582209	0.1989202458707305	0.06209740346883322	0.3227536796962037	0.06598217162762765	0.09831664606618673	0.05688442074293499	0.05800899701121417	0.03451746314117116	0.1276400629799765	0.07833410110011896	0.1758122948382278	0.03246044730994191	0.05382964009046249	0.05088475066937086	0.0569873179484847	0.001700641588873703	0.002849369030016236	0.001091457420299727	0.001068012519063989	0.001515592922734392	0.002396956445279953	0.1013669822804668	0.09924800839956324	0.07233309813494389	0.05234330064659759	0.0107822816082197	0.01044344435797287	0.02990114914577771	0.03093771118017957	0.04219902821005731	0.003026172022579241	0.007278440146952492	0.0007048901714125797	0.04130042080617029	0.03077132574711009	0.08044682109225354	0.05227255383998602	0.06167765761588456	0.06982136459481653	0.001499707633590514	0.1397346464477682	0.003312782830296084	0.03814853648218242	0.05203723628232586	0.07107877132991321	0.1496965572849845	0.05503286315573893	0.1079259458795537	0.04760694819076987	0.09634570390172457	0.07179888508808266	0.008084245660129132	0.01621499669157789	0.06137847381621118	0.01675298839535147	0.004087990211279303	0.002851373503218691	0.003091279810520794
0.448	0.01660202403746197	0.03712338644017858	0.01235466032722266	0.01304376405428588	0.01368588013124265	0.009191324708274322	0.06452012169609682	0.03501603032600566	0.2364596070420803	0.1950297988083022	0.04162133684151636	0.03891160399484622	0.1503051633564742	0.1813357258170613	0.05292363752660483	0.04542498530790893	0.05838083460879451	0.0372396826044887	0.3086131837909231	0.2651544844763705	0.2805151919758228	0.2987815608774612	0.3092884383620836	0.3132146850210949	0.01095287969762034	0.3525891844021128	0.01716070472081477	0.1795448683622558	0.2014762192501423	0.0640213951922209	0.3289054831996363	0.06775438797783759	0.1025674490066928	0.05811263207055081	0.06154558371398051	0.03711236407117897	0.1247415115008767	0.07844714237448937	0.176412629956691	0.03363655733286851	0.05254213792771985	0.04963420289505993	0.05560096590093478	0.001835243412226316	0.003025167661057042	0.001266062607752855	0.001228989808178365	0.001679038107696227	0.002629230532254364	0.107509520142424	0.1049927554848624	0.0776072553511906	0.05630688967452175	0.01201332073003612	0.01166196398431156	0.03206687406188673	0.03331013189029104	0.04472206692890493	0.003779855890247933	0.008424475515011512	0.001325065223658557	0.04587613923819913	0.03513639988034484	0.08803323050979187	0.05779259288798792	0.0678628647403238	0.0765376102567725	0.001651490980665109	0.1490515640590315	0.003558954863793506	0.04084871574916341	0.05557777530776939	0.07523547365640788	0.1596653325597229	0.05829978589316505	0.1151485769404443	0.05038106875285885	0.1020650002133415	0.07607841762743271	0.008489727921091534	0.01717891676783099	0.0657589162413581	0.01875251686637635	0.004934953135756809	0.003652727818909549	0.003923599736909484
0.457512856113114	0.01641590857727558	0.03650758076736532	0.01122086340877924	0.01184252651753902	0.01306540384632343	0.008700744320202507	0.05227251366376893	0.02764603237149958	0.22786351944913	0.1875235183157472	0.04079009448309565	0.0380811069623145	0.1493020103083876	0.1794184730961352	0.05159037271299004	0.03905107916413315	0.05000087834155592	0.03191034878649122	0.301145484197076	0.2507699539998236	0.258204936002668	0.2908850947168368	0.300506916304503	0.303681024986409	0.01029121105000871	0.3531420439036671	0.01656457120713422	0.1747940532394543	0.1969663040385501	0.06319272204674337	0.3297903760318868	0.06636999538614725	0.1000981998832471	0.05765543194744996	0.05195227310815612	0.03123494330197146	0.1221482431148905	0.07862519286264154	0.1698456642950123	0.03278227816337909	0.04590165669152649	0.04370445847518852	0.04839374363179893	0.001105701908391746	0.001795786025809383	0.0007299197469674459	0.0006973423711578511	0.00098355461486605	0.002225064852481114	0.1270158901494332	0.1231620070535927	0.0715639939137651	0.05110341365288307	0.009866283829542943	0.009520605505241858	0.02737423911286983	0.02638855496198021	0.0471020763531363	0.003438452555253037	0.008534822437047399	0.000659499738531128	0.03616822073387257	0.02783782996213706	0.0908273303242618	0.04696803258568812	0.05645077318294789	0.06527698795947817	0.001359726329792214	0.1334803471830124	0.0032208283320716	0.03511359447728159	0.04930384026008496	0.07950138718869691	0.1446392337523283	0.06151881245630653	0.1186266772987105	0.05307956193206738	0.1192198476482826	0.08854644747890188	0.00474436526099407	0.01535086962837211	0.06347044185332765	0.01525561050095475	0.003761529489342184	0.002448991632411679	0.002816969744450584
0.4744558844730551	0.01652656002744763	0.03693908713563079	0.009565988457759671	0.01018300347052496	0.01227213540576287	0.008368450451137698	0.04008622877516135	0.02250792916740518	0.2145982707397648	0.1750821607924696	0.04350600680766861	0.04025781548317626	0.1536229634645087	0.1840303069741732	0.05076918276673634	0.02903622893071582	0.03713117393188831	0.02373096859997734	0.3152101129055487	0.2465124780125111	0.2409559042404967	0.3015851391469805	0.308234053159387	0.3089824928122153	0.009594791367094083	0.3618705108011795	0.01622157101609117	0.1720322668349235	0.1964805998842596	0.06360025769176435	0.3369516501797571	0.06581801613838369	0.1044437490860569	0.05824411995807222	0.0461798537323876	0.02847502843363659	0.1193113951184473	0.08007484699133917	0.1593377882462639	0.03400922839904984	0.03544023210419796	0.03435633069101619	0.03700007891095576	0.0007602993357951405	0.001183572497396034	0.0005259455656483657	0.0004858737381285101	0.0006768788695481993	0.002215442525709324	0.1559315174264097	0.1501400289355881	0.07219271736762636	0.05084889291396911	0.008840433788789777	0.008477534824249563	0.02641696138916653	0.02355576845260899	0.05305302685168639	0.003969401806168261	0.01005330066791167	0.0006778474037510375	0.03130483245386461	0.02476095721983664	0.1026389481559469	0.04204904950342384	0.05181448259023485	0.06153466147955862	0.001351118731960202	0.1303232884300659	0.00333960812342199	0.03365732929140985	0.04847441870485023	0.08968940885345739	0.1427161677458577	0.0693744053144458	0.1317177011839716	0.05980093955205233	0.1450619229773102	0.1074402493120281	0.002756668206799842	0.01522839616350944	0.06688055197466033	0.01354994316228114	0.003630384976276176	0.002261514495915247	0.002711765587714754
0.4888312594138309	0.01696277742956657	0.03862796276260723	0.008446097467107998	0.009042349468078401	0.0119165441920107	0.008609266659533196	0.03894071948789089	0.02558221358750117	0.2002523935739182	0.161990533406291	0.04574702889013028	0.04211056270015936	0.1597367806812532	0.1908332006976323	0.05042327105560264	0.0217952924977909	0.02817019082479744	0.01803051314003747	0.3277365498804788	0.2443533193687477	0.2319110807204283	0.3109207908140558	0.3149022312600468	0.3136279172217925	0.009426120978786551	0.3636925144404782	0.01643269072469799	0.1704487293838404	0.1963973002462	0.06424692340293651	0.3369685868716282	0.06568827287651222	0.1112342118344926	0.0589622216620687	0.0499873563669807	0.0320629831429769	0.1198639923792678	0.08122805231230318	0.1488841777255166	0.03518404167649052	0.02784427095160142	0.02764586647561064	0.02869634114646486	0.0009679832136089298	0.00153027274907878	0.0006754047765150901	0.0006326386813416882	0.0008692977847733085	0.002440696818041096	0.1725894788639658	0.1658851941052984	0.07328443667339996	0.05128351956643506	0.01018859432253775	0.009788532870361695	0.03041056301270983	0.02753567523632542	0.05663198891039806	0.004484967222617317	0.0111369749407073	0.0008626215925272449	0.0364935221090974	0.02880951666645446	0.1147725452152615	0.04744121198776613	0.05728917993403589	0.06738923754980733	0.00155127509230848	0.1327943969646046	0.003693643679357391	0.03542572868559525	0.05107785599848308	0.09575875103729675	0.1455423463265697	0.07406953399956417	0.1430284526106896	0.06394923762756274	0.1606794989765825	0.1190275882659902	0.003742723068131886	0.01614408585316811	0.0693551136557865	0.01566680135182049	0.003872556017761788	0.002534239751662099	0.002950605599102713
0.4928	0.01690370934440151	0.03888007808552356	0.008397185107566056	0.00907735323897561	0.01180232871670926	0.008765607315510168	0.04375536464645372	0.03011928501952076	0.1993235186671097	0.1605802520194786	0.04839257714106553	0.0443403848536636	0.161285621608169	0.1931399687902322	0.05114773945746972	0.02150956508779488	0.02802378791126653	0.01793940100387541	0.3438674272959202	0.2559728905452588	0.2433242794723465	0.3253077740777405	0.3280776464383572	0.3258768219539505	0.009503636794473587	0.3665598977066897	0.01658211030922173	0.1717838978755755	0.1990585657871094	0.0652692664661577	0.3387425291797167	0.06662200185455423	0.1163102292019821	0.05950985029254442	0.05647627671780926	0.03661332788956044	0.1179884089728816	0.08092395563578751	0.1477491877980059	0.03673080953419559	0.02740885574718997	0.02717529507763152	0.02822583567901587	0.0008670993934094272	0.001269771922141653	0.000717393631252113	0.0006557374031588057	0.0008258795058359185	0.002583483703457587	0.1778221130965945	0.170985839770429	0.08012747620808548	0.05647259131152233	0.01262401825183568	0.01220791409587562	0.03243816654899755	0.02984702843701181	0.05943702497851615	0.005311057781252612	0.01233163716216439	0.001534470994768875	0.04465332847695427	0.03652014644016587	0.1252241403621494	0.05698965563844477	0.06762714501982615	0.07827738661887634	0.001610736074906763	0.1450034333009553	0.003817876015723805	0.03802273151848154	0.05475115462579632	0.1003619333634374	0.1587523078075866	0.07768848388030238	0.1522678394064579	0.06694129196238391	0.1659165271096806	0.1230965135606466	0.002765075802588337	0.01688603065294601	0.07475572799574973	0.01963190989263037	0.004757345693833445	0.003297340812001523	0.003817134095370476
0.502312856113114	0.01729326500745687	0.0395010016795688	0.007451357125787121	0.008034462997510273	0.01157291379609182	0.008553095398084513	0.03253413907463992	0.02351201484670719	0.183782585154207	0.1473560411862737	0.04765322558389203	0.043692644221714	0.1640967129063404	0.1959862663735666	0.04785783562396818	0.01538415486308756	0.0199969861170851	0.01283930911119047	0.3384983274964656	0.2424203933377591	0.2214354553857339	0.3185759469966429	0.3198701359311927	0.3166082344355201	0.009111592466285779	0.3599460743867806	0.01636605905883229	0.1673759747409742	0.1942903620073629	0.06174951702559153	0.3314543759930045	0.06258439826629021	0.113542358645902	0.05738192018994571	0.04778638203624239	0.03133925201061891	0.120065644595637	0.0813377351919201	0.1364845350498515	0.03617951961515749	0.02121238191631693	0.02178357671651545	0.02145245236331906	0.0005646079737660063	0.0008149363830220889	0.0004266398270730602	0.0003764123355284151	0.0005076173847180423	0.00238695102155741	0.1888703775602389	0.18125603731239	0.07832346268763246	0.05468214149560177	0.009230110003175111	0.008824250100990666	0.02819887719172694	0.02387902820720634	0.0614491582001912	0.004736476586205196	0.01201001807672297	0.000811648525748114	0.03177385744028616	0.02580289650514503	0.1204130654480202	0.04338487522747549	0.05408664828594852	0.0651712726309432	0.001455490367628449	0.1385012593174856	0.003687591836239941	0.03533199408092372	0.05179902285145831	0.1039609379567817	0.1527431907096919	0.08040104588223726	0.1520477022153901	0.0692654450800384	0.1750640960407494	0.1295261207337308	0.001463193693946599	0.01631974105201222	0.07458436901932776	0.0140928891350532	0.003881485703674446	0.002367121907315649	0.002916240364562173
0.519255884473055	0.0181465651518566	0.04099883459100433	0.006762015703327426	0.007342446921327164	0.01162943077649803	0.008520202893364909	0.02234551902335661	0.01763443892197916	0.1627182289435728	0.1289389404713748	0.05049993499141637	0.04619785838046475	0.1720038019964806	0.2060269360165383	0.04253300453695631	0.009868293025549086	0.01275183782835651	0.008252114171201072	0.3569318559383685	0.246644606347985	0.2144218501768191	0.3326883725341241	0.3306153880966869	0.3249243638584028	0.008953591718598461	0.3518263706949818	0.01652412215525948	0.1656248658494963	0.1932454647606949	0.05535321659717032	0.3202902064093814	0.05574954849868245	0.1137200477165175	0.05330477584496779	0.04165049929416202	0.0277419675379277	0.1243862460801061	0.08173486867260074	0.1205079097716706	0.03801915362837868	0.01579076651649831	0.0171111913994471	0.01548000941774395	0.0004048072347619054	0.0005053749804259497	0.0003617344347477418	0.0003013348339726	0.000380492757186987	0.002490523991658285	0.1983882853100298	0.1903798550756392	0.08694106964106396	0.06101419769299776	0.00905952228209355	0.008644976524518733	0.02757868019996634	0.02257942895041965	0.06588375766956414	0.005136082386529079	0.01290096648509391	0.00101559963621962	0.03053014182884723	0.02546872288419368	0.125270247033692	0.04342071291300806	0.05538457645510567	0.06753597596229058	0.001461154739532896	0.1522482131737786	0.003813292607615822	0.03773985249630289	0.05538559234124329	0.1114195376880116	0.1679887454189256	0.08618926050943557	0.1606552500637183	0.07411976374025089	0.1834997177680006	0.1357055338706148	0.0004086694277138887	0.01731475343143346	0.08165554513327623	0.01380042798236666	0.004382441948849542	0.002669729033831485	0.003333391791216144
0.5336312594138308	0.01929216762548651	0.04351796959679717	0.006687711020392872	0.007256519387587216	0.01214415427444456	0.008970959745136979	0.02151173424847633	0.01822044733130469	0.1451724236561702	0.1137811693390652	0.05287113499108708	0.04838438173580382	0.1814657195913642	0.2179388959936232	0.03837287098762954	0.00761619268253938	0.009939727949874405	0.006478421700925603	0.3739061635488527	0.2538527030014609	0.2162985782835518	0.3459710789970945	0.3412987559440335	0.3338469921874768	0.009295475049846798	0.3417825343254943	0.01720404188444209	0.1663641349226333	0.1940926956650097	0.0500458813103096	0.3072099690308921	0.05025046323481246	0.1159256278065182	0.05003254238173289	0.04310117282232638	0.02903615924444637	0.1319799988689245	0.08246676002056533	0.1078239104925525	0.03981886174916744	0.013778577785877	0.01555133337199057	0.01319121082194913	0.0004971927315228057	0.0006047743325496187	0.0005050464551799692	0.0004316620776090622	0.0005028253256469795	0.002668272967452033	0.2000950451899299	0.1920578007419561	0.0915259787086202	0.06456091819368535	0.01092833179172818	0.01050168822575418	0.0299157111204496	0.02543656161203747	0.06733635531777754	0.005783850007989639	0.01376035940142231	0.001595513986918239	0.03729250535013424	0.03156026121129746	0.1322309436804867	0.05112364200749517	0.06358773871515816	0.07603520904641266	0.001572645126102053	0.1610973063340989	0.00397921363617387	0.04019223300737168	0.05855714892777544	0.1137520487662805	0.177298734453026	0.08804493794440818	0.1663081414588464	0.07566999147202302	0.1854271169407118	0.1372742443860802	0.0005911477589493809	0.018063869243185	0.08509335369606263	0.01684228132568436	0.005154009936940881	0.00339643591277718	0.004095782587813161
0.5376	0.01948476696931489	0.04408662229804765	0.007046814766978827	0.007682906991814051	0.01237165293426266	0.009226574896577971	0.02692260418827939	0.02213091065373905	0.1433255755607801	0.1119704958740241	0.05488760637975633	0.05015993230124684	0.1837452274629145	0.2213770789181192	0.03781468637685449	0.009358587282520914	0.01231703777666598	0.007995848818005202	0.3874703740883132	0.2660730122937421	0.2297549035468267	0.3580717380259941	0.3525266599996816	0.344497826148413	0.00957825498288585	0.3391837106861287	0.01752401096576972	0.1681691972696053	0.1963844189285975	0.04901689578921387	0.3033786522487228	0.04936250378405292	0.1187242102687159	0.04921159632945668	0.0487628158070165	0.03275169258382764	0.1329760661858489	0.08197059763154012	0.1062550139516234	0.04118992815496514	0.0155945372669693	0.01716512934660369	0.01514936201213891	0.0006707804404529908	0.0007947648993734433	0.0008210402360843912	0.0007193265156146324	0.000762980202893952	0.002954642601476706	0.1966945155709167	0.1882147078767515	0.09786572231363763	0.06972833495006538	0.01098958984538893	0.0105919684927377	0.02952560389863892	0.02524730084054143	0.06786264677243571	0.00705252141458847	0.01533155882944925	0.002962140366955286	0.03784206087301747	0.03384391903563096	0.1335939497521552	0.05279733618943292	0.06617617433365508	0.07914296231843149	0.001739677037201263	0.170285277424121	0.004149814113436258	0.04268690467140171	0.06131547707137913	0.114394782009204	0.18699263798899	0.08866600905176164	0.1663040051295637	0.07604549665140967	0.1815938796466295	0.1343524805460674	0.0009673888021019223	0.0186787554018177	0.08929773846112961	0.01705707108708965	0.006806708430606786	0.005044205116253525	0.005792730360416194
0.547112856113114	0.02047026309437569	0.0456579231442133	0.006753079956375919	0.007273220290650197	0.0127742279464932	0.009240436083935474	0.01614035215021749	0.01429800624675534	0.129164757400048	0.1003419201104822	0.05384686588965349	0.04941258396556487	0.1898328064170781	0.228472647953357	0.03333348973865053	0.006144842349583037	0.007889540274834727	0.005191848701431318	0.3826758405569609	0.2561338488060123	0.2128464141965242	0.3520856872912778	0.345594554061906	0.3369667546860753	0.009574955973455448	0.3302860992489741	0.01775002704135788	0.1667094202104124	0.1937465479707556	0.04342149318987022	0.2932559698159631	0.04357633869461832	0.114012584666437	0.04594468177196109	0.03873913650620166	0.02617639149415278	0.1407847200939493	0.08333351530751541	0.096344562404579	0.04084212429880469	0.01271145665316805	0.01487880401206358	0.01192888735402073	0.0005128185273809152	0.0006194330697366898	0.0005054207300438029	0.0004318727411253074	0.0005081086746338699	0.002718696707833565	0.2025335586099639	0.1947803786694851	0.09364509787656934	0.06609418420412913	0.0130505088193764	0.01259636558743624	0.03270466792423014	0.02877013486016031	0.06851879404972773	0.005846022784840321	0.01386831448071868	0.001551765418345487	0.04480940635335387	0.03739524667091178	0.1388999128557761	0.05916532052450472	0.07174464985167459	0.08424324666156258	0.001607530248967789	0.1668457783205495	0.004068018891982566	0.0417607866334096	0.06079620857921249	0.1157315698517305	0.1832966092470699	0.08957227076141917	0.1722290623311117	0.07700771094373324	0.1884615644436582	0.1397349768003521	0.0006058895641313988	0.01860028540858247	0.08682953475645876	0.02024010680965015	0.005191274356510092	0.00338080596331699	0.004097046933569186
0.5640558844730551	0.02204046935819351	0.04883941823514538	0.007065155898159914	0.007538273459964788	0.01371457805609645	0.009820395523012199	0.01447614445466922	0.01321667097366259	0.1133117191914305	0.08699548037687964	0.05543817106063734	0.05103956364866825	0.2014032504440503	0.2429149313761523	0.0285855495741858	0.005533889622979262	0.007059634281713132	0.004681998825309475	0.3963847153791888	0.2625581116983427	0.2147201062325131	0.3626324730455049	0.3541933846327657	0.3443167711565669	0.01014960285857947	0.3197196890703783	0.0187082567011407	0.1693517531611036	0.195770883339257	0.03705662855058817	0.2795633066981551	0.03721422066400196	0.1143022663599348	0.04221966889661403	0.03800012570367799	0.0257389150805068	0.152624542912064	0.08505858905032548	0.08526583277243335	0.04242528085085438	0.01262035950733757	0.015153656488538	0.0116932138955578	0.001136880965153147	0.001630798164774146	0.001023861775225409	0.0009379916391405092	0.00113018385358199	0.003115767422125154	0.1896428460494836	0.182673497051392	0.09789454446073706	0.06982897701306653	0.01609163711767971	0.01562728453709606	0.0380946315060058	0.03623320348757375	0.06675951847507564	0.006607096149717846	0.01441469991214662	0.002510455910331876	0.05731916285772393	0.04759092053905255	0.1423290192690299	0.07267481734193024	0.08555012493898792	0.09781972345686799	0.001911795577341301	0.1783519013013388	0.004407780187313039	0.04655113573992613	0.06608287172290664	0.1125040523860919	0.1942742724996432	0.08717161972011953	0.1722026511244906	0.07499772510100827	0.1774583554024641	0.1318650547484641	0.00360707031636818	0.02001631054049045	0.08854561989832063	0.02520276774818002	0.006510856006931583	0.004775506449023266	0.005413096949605051
0.5784312594138308	0.02340296973373505	0.05187504223289111	0.007408134268689819	0.007804284688641093	0.01459140144406782	0.01048264390903588	0.01639880591570065	0.01492465992731042	0.1028655233996218	0.07840358496766152	0.05564118780826747	0.05144489806688346	0.2109725062903451	0.2544270672189691	0.02594446125787165	0.005529246717694363	0.007140176898646619	0.004740572120112964	0.4009219189871798	0.2633429025518281	0.2144092238672423	0.3655013523212428	0.3561991125550908	0.3458538689912505	0.01076162723325638	0.3121025233274632	0.01965784137275201	0.1720520253732528	0.1975526203896247	0.03346916777805446	0.2699348860278426	0.0336349972157354	0.1152494389502738	0.04038805008239679	0.03992132699945154	0.02709633985115269	0.1635074913598846	0.08703451805763869	0.07859644718834964	0.04309673881622073	0.01304019793150746	0.01586050448858075	0.01203143427153476	0.002343132666048187	0.003159013392354163	0.00292643233726957	0.002693516328568514	0.002794612672765251	0.004602098368040791	0.1812763592069188	0.1699140217638425	0.1123980725823165	0.08256182940187029	0.01366757753603916	0.01339017602323324	0.03513397802260045	0.03355086172464521	0.06540397932780379	0.01369828728214609	0.02329520345907576	0.01009949544583159	0.0513941680568475	0.05278587572792634	0.1475946210539225	0.06952817613630465	0.0848563396159914	0.09860140521653687	0.002945961890544115	0.1895263945716805	0.005324499361962561	0.05295556611420512	0.07138767220018069	0.1090367862197864	0.2058075785368912	0.08514187086247724	0.1626038092506643	0.07264440004135125	0.1648026830073346	0.1216495250230652	0.007249192048761298	0.02099566471762447	0.09835754022360248	0.02195071251768045	0.01484579100281301	0.0135984098763435	0.01427077151588149
0.5823999999999999	0.02367998832826628	0.05289155287920277	0.007767449242145772	0.008170798077505374	0.01490018662541291	0.01091351969560494	0.02447932650427435	0.02112352905763941	0.1008974971461931	0.07677782033800241	0.05602820224674857	0.05183645361178917	0.2130428038146574	0.2570961496721839	0.02605736031280911	0.007275026385169829	0.009648375648669808	0.006332973302762699	0.404391931505057	0.2678154154762429	0.2225195845733822	0.3684973314148334	0.3589926135926679	0.3486205453823882	0.01114955120506834	0.3073249221234278	0.02009400664138454	0.1731783791138136	0.1984247864755623	0.03336557068236889	0.2645731875978151	0.03363707136495409	0.1178709312786659	0.04028220817310108	0.04746367089704092	0.03214382314459208	0.1658858178256999	0.0867930599899203	0.07761273490813536	0.04350540282701285	0.01484265201343139	0.01752049831148697	0.01396846803686769	0.001574815118391053	0.001761469676300079	0.002526331356781179	0.002275797194281396	0.002141250732014298	0.004255933927926205	0.1960728383516097	0.1832207015834783	0.1057403924486414	0.07722005253760743	0.01337600437908334	0.01312145712973122	0.03110343069155157	0.02786166149521849	0.06611689818130176	0.01429453070154491	0.02437477368282449	0.01045622507421516	0.04809911138286783	0.05224174267448728	0.1550107810282925	0.06543145070768572	0.07995237433066232	0.09351830804705255	0.002699458061990178	0.1721332961481498	0.004933779010574271	0.04691153874284754	0.06448218709903437	0.110306570016243	0.1886978953909837	0.08613050453946364	0.1650205267973376	0.07331607852893689	0.177738978571522	0.1311424469819135	0.002826887074754363	0.01858693100643641	0.09521152997488788	0.02156733186499005	0.01461291878393826	0.01341451154542745	0.01421888648076191
0.5919128561131139	0.02457289997863788	0.05442099981931063	0.007523637731840076	0.00774915504562554	0.01532685401516775	0.01098303572538625	0.01527686242673014	0.01429100459837525	0.09205577710530513	0.07003092622744096	0.05280544419193774	0.04921420011994065	0.2173602848606485	0.2613831225878569	0.02331099925171302	0.004628748851639618	0.005996636044184339	0.004012009933295776	0.3857898303109481	0.2485487922106834	0.1993965351473787	0.3506406943260711	0.3416114298226147	0.3316763059868502	0.01118225633242244	0.3007444852963191	0.02031656713676802	0.1716566262605786	0.1949934332470074	0.03004794941501352	0.2580954362033747	0.03015467894097303	0.112206568971752	0.03868080363998626	0.03762966848337807	0.02564941173751111	0.1740633839410527	0.08876286816752606	0.07222624816467713	0.04181663145700236	0.01251169341308912	0.01575199304924896	0.01135713245367894	0.0008587434952223991	0.0009933797084839473	0.00120958389108115	0.001073335709994039	0.001071484175221303	0.003208354843957773	0.1886041925347552	0.1792787346496992	0.1004146715031088	0.07222367783620265	0.0092665097255315	0.008935139542560287	0.02644264837770529	0.02201393322560607	0.06605617547903857	0.008556156702494593	0.01706805631066161	0.004723734819736118	0.03216029851771268	0.03180771265271665	0.1287523903026397	0.04756600697755429	0.06148722814614126	0.07468390124763855	0.001898567258023133	0.1703941149394314	0.004210515298522196	0.04305580329605196	0.06094032490159139	0.1110611587467056	0.1870363500333854	0.08624393349211643	0.1584872897345716	0.07376418037767504	0.1726024317709227	0.1274161081472351	0.001359574759753905	0.01840603166374939	0.09037548407393153	0.01446329088350777	0.008698303894304359	0.007051622229366936	0.007821371362882077
0.6088558844730551	0.02587224503261258	0.05779503022676809	0.007353141976742084	0.007339204026213896	0.01602263121770902	0.01173022270549186	0.01719324590236603	0.01725533229268425	0.08197417121695297	0.06229862723873622	0.04868372161517318	0.04586347792466836	0.2247614455395515	0.2686494314765626	0.02266934755699937	0.002000063353163385	0.002868482586585387	0.002009079367306193	0.3621046833469046	0.2245028647311205	0.1766263208859373	0.3279973575657046	0.3197469572752558	0.3105690204692372	0.01166637727927659	0.2928453281034101	0.02116078090119606	0.1712223491869455	0.1922321737998226	0.0296083662349688	0.2503197522240604	0.02941286371656907	0.111584831532128	0.03924890126345035	0.0386932342646424	0.02679046582770718	0.1857146319339925	0.0917000156614465	0.06715810259096466	0.03970702912457286	0.01011754376322627	0.01403963182446794	0.008641291846232848	0.00165326868202483	0.00184131764500169	0.002807779051407255	0.002533413976495937	0.002340353405290923	0.004238643886995309	0.1939977383070998	0.1786980763129085	0.09271463400553195	0.06769929386679888	0.006424910384669668	0.006289813741388955	0.02211464721283547	0.01690328590794236	0.0608456380034238	0.01543412477674209	0.02577836382539347	0.01191312593274299	0.02373857784579705	0.0352190075638085	0.1387291518055046	0.03860682648342216	0.05196514138789876	0.06496585868934895	0.0027567862711784	0.139146990343909	0.004729489566504689	0.03951209783484398	0.05388254450433708	0.1013348453570184	0.1541358584947336	0.079297963148263	0.1439273594798077	0.06733998102127066	0.1724461114706088	0.1263803249143688	0.002990600933616596	0.01577790940548302	0.08590955917283079	0.01056173851388245	0.01550889533106366	0.01474741259717024	0.01544854728016882
0.6232312594138308	0.02635057575615702	0.05967669609429595	0.007287076591921795	0.007093523484175688	0.01633847844781841	0.01234732365391402	0.02495582137369977	0.02434782089163832	0.0790327703128573	0.06053172827716501	0.04444634023077003	0.0422923787016797	0.2262642383682158	0.2689416549769506	0.02427016401170644	0.001255777097549782	0.002319893348704625	0.001637802402167182	0.3361772836617344	0.2029777472102604	0.1609807313861236	0.3042651548381216	0.29750103376897	0.2895861002730713	0.0120353970950356	0.2864582707223599	0.0216545241034125	0.1697208217063811	0.1887372254642983	0.03193673818956783	0.245266077613046	0.03155983253689146	0.1121459586213534	0.04119936418327989	0.0447976765055314	0.03120421342361887	0.1911793562213663	0.09289603109085323	0.06703187091117216	0.03726835690243759	0.00934700835826183	0.01356818201155465	0.007763593779235724	0.003659888858068214	0.004405989812805318	0.005896482411047122	0.005389990691897012	0.005057764027672079	0.006624741357856923	0.2150810155643374	0.1905597629681644	0.09829744990150571	0.07383110597472281	0.00725917626296562	0.007347694329129213	0.02619803753532663	0.02162934986193219	0.06019304575416005	0.02748127351146888	0.04143938794604454	0.02407488512671871	0.03103958323640351	0.05676822283017129	0.1763276178612166	0.04811357865855648	0.06262774676367031	0.07674921326120059	0.004628551183009468	0.1270893800778521	0.006464569875122231	0.04524004192337391	0.0574077790964412	0.09854641012366498	0.1411523728535617	0.07812909319323606	0.1450219932423293	0.06572360677190847	0.1853423208903413	0.1348668874300184	0.00910605217653598	0.01594666108137683	0.09267881544092929	0.01289113974186122	0.02799743199013731	0.0284252731376611	0.02902118056575965
0.6272	0.02642802134727355	0.06073639272522192	0.007545621223474048	0.007336157654184507	0.01651431633722093	0.0129113100410532	0.03744870578985753	0.03452666065573796	0.08233562040703457	0.06335711846525462	0.04392109837586939	0.04185179550595097	0.2270060195961428	0.2693921832889866	0.0270548427938577	0.002819743646181672	0.004804115704428037	0.003202968250834815	0.3331337380606693	0.2025948562194582	0.167281206348896	0.3018963834357672	0.2957559078438819	0.2883714450501201	0.01245144651119106	0.2868902063205763	0.02212573916885444	0.1712061541255901	0.1900593819843982	0.03549759985814826	0.2460579471097166	0.03513092057011798	0.1171260490196109	0.04362677297415037	0.05651605619381167	0.03920568008522752	0.192211279143768	0.0931926083515186	0.07034140650936448	0.03701271780803355	0.01079892826585089	0.01488172572177759	0.009335821516917541	0.004504875509661981	0.005600899373742104	0.006986781753351369	0.006412252342089756	0.006099303176553993	0.007423343687002132	0.2108045754318993	0.1840990979105788	0.1006703013423296	0.07649196813008183	0.007333562604284856	0.00749978623357232	0.02771441338836287	0.02399567187150814	0.05802769679909418	0.03100866274985983	0.04574556795651348	0.02784216961795759	0.03336746811506431	0.06304624205837228	0.1820870716736054	0.05118530899105907	0.06611972667323765	0.08038646299119677	0.005250409984350855	0.1260006020246585	0.007021505593343301	0.04811856493614387	0.05942773109615756	0.09431450181002281	0.1393578543692259	0.07517296851934779	0.140072678744633	0.06301963643938729	0.1794917643669652	0.1302292206517369	0.01227966254980146	0.01632497075398394	0.09412071321730475	0.01332541728667111	0.0319939795670081	0.03281053982194977	0.03332741337532456
0.636712856113114	0.02644439554839873	0.05954454972333124	0.007210652921980469	0.006800870415451902	0.01649828114927676	0.01220704368677836	0.01881097026196629	0.01877178642511114	0.07891130632056666	0.06178639528322549	0.03794229588252338	0.03676746040043395	0.2226544119816637	0.2631918467450791	0.02359927642816481	0.0009698662858451209	0.00172107200818044	0.001243377287611641	0.2958478282290216	0.1724141647840622	0.1328271441635769	0.267993092502873	0.2639031180345884	0.2580829213234377	0.01191992774706543	0.2780343898403999	0.02141110630286164	0.1655684860128503	0.1814887136740438	0.03109921366261691	0.2395571366151888	0.03076040623890989	0.102980419733769	0.04091806656362176	0.03522905424862347	0.02461069278440193	0.1949965107254731	0.09338399378615804	0.06843207148441643	0.03337574168651886	0.009228036636041055	0.01364907879650223	0.007630802228734955	0.004619860758109051	0.005398384651789113	0.007788155533061846	0.007108810346592851	0.006564955383285671	0.008248877555524123	0.2272682786102187	0.1969950600001359	0.1168019353703851	0.08925308491848953	0.007234608283879916	0.007487487953458313	0.02541150504576203	0.02059700583196105	0.06371240385900728	0.03588113699057967	0.05251008014469367	0.03255506920003313	0.03261435888989524	0.06982312373103529	0.2000107642988161	0.05343973278777654	0.07086517593881111	0.08714412432142511	0.005747839849835629	0.1431107353404557	0.007558425284827853	0.05251986785760628	0.06461906915432547	0.1032333896508315	0.1587292642073904	0.08246482612506863	0.1505638119827285	0.06873181744078061	0.1916915678150705	0.1388200759163022	0.01084662179202811	0.01716793892006209	0.1074674508175892	0.013545408757571	0.03721769229942103	0.03807399344080312	0.03882250039852081
0.6536558844730551	0.02633013564078123	0.05906344495348374	0.00709084953842349	0.006453760890785214	0.01654446635254094	0.01203402069702643	0.01381577832301604	0.01411619108152857	0.07961029644724084	0.06383316076588115	0.03070050151838617	0.03057609453645067	0.21716010825917	0.2550127735046791	0.02340950769354905	0.0007946133835393713	0.001313519216879847	0.0009660136783434907	0.2504101787171139	0.1385648876452552	0.1027579082113118	0.2272495287941884	0.2261889165704135	0.2227431533390873	0.0117511872741017	0.2684498636666244	0.02104721424769506	0.1603304561943285	0.1729175373440298	0.03090704718153989	0.2332683697450496	0.03060098079308003	0.09341193307493331	0.04096304208833395	0.02642338148708899	0.01854073751631963	0.1974833326315469	0.09338649287264539	0.07055317846382472	0.02895414383757299	0.009138145672118883	0.01372182053594416	0.007548484700700154	0.004883233502722482	0.005323468768849675	0.008925423639870431	0.008124850839915329	0.007270059849509765	0.008712464237916729	0.2512715588911137	0.214848123435228	0.08202774846008806	0.06354814708448946	0.01450253779906049	0.01484715589839848	0.03212450682450785	0.02828667253069819	0.05449518280979802	0.04239705576303623	0.06059991253782757	0.03884311501174704	0.05867176865185364	0.1000511762443843	0.2434292283091986	0.07603395543352501	0.08828216365789443	0.1013395082877744	0.006435916936088182	0.07032564767377945	0.007707603658822858	0.04030293576022181	0.04771793629969094	0.08700185236792839	0.08156607835357607	0.07035656031809583	0.1489425261231692	0.05823022498022808	0.2126035150510656	0.1544334812560683	0.009680192104036856	0.01096683387212718	0.08572684999209769	0.025906290634904	0.04169349829612889	0.04385110491683597	0.04442102220441763
0.6680312594138309	0.02543576899904627	0.05705186024975956	0.006790122853146827	0.005981480325281632	0.01608711515050544	0.0115895726372595	0.01027007971491501	0.01070731505636063	0.08746450842232381	0.07166999183045153	0.02373159462947801	0.02447891497167128	0.2066346356452632	0.2407395345307707	0.02553612856728963	0.0007210028380432206	0.001093599786453826	0.0008015308676692791	0.2047241371105941	0.1061093552930554	0.0756119743883325	0.187080888663742	0.1894973561841198	0.1886456262192068	0.01130130536416648	0.2651162742281254	0.02023966192021328	0.1542642616254371	0.1643249565925717	0.03384598657961599	0.2342942649790332	0.03354349367845109	0.08512822161349093	0.04279621600529773	0.01928795862442242	0.01361564345508511	0.1935293247341292	0.09244507913494739	0.07740688849878784	0.02437796404176167	0.008859758953243438	0.01342359946570885	0.007328242678201262	0.0076618254082289	0.008737545794736677	0.01339447616235241	0.01224526770361367	0.01112320154177643	0.01211553414349642	0.2641562475111466	0.2158885328847237	0.09328009864962607	0.07537514072464009	0.01973634591911226	0.02040191730872775	0.04011355150756347	0.03885204731482178	0.05077861533791886	0.06008233537540486	0.08299683813934258	0.05692468807151558	0.08321015575449418	0.1432080129722649	0.300643973160968	0.1048749232856806	0.1188584025070723	0.1330210367962451	0.009069339797839504	0.06170645258941653	0.01002890313878706	0.05017413035240628	0.0546550870877032	0.07807990912309701	0.07148668169671772	0.06494427818411613	0.1489943177628343	0.0525594811470332	0.2163816852552514	0.1561898142473414	0.01753073382306033	0.0111104030968607	0.09598334413495928	0.03586690845767451	0.06034639303396605	0.06415017311207773	0.06464628864707077
0.672	0.0266215825710723	0.06061758302635943	0.007240343056666316	0.006429517959264297	0.01687650240358439	0.01265322980427831	0.02355101744182519	0.02209311996008826	0.08821393211979381	0.07190451632379402	0.0259235890291566	0.02653123897420465	0.2172741055093335	0.2532946356524985	0.02792208526135979	0.001623524981387219	0.002784805876806044	0.001873157693650052	0.2209766892557356	0.1170595724371009	0.08999596886755595	0.2015586599529487	0.203365001946099	0.2020709878005308	0.01217579323009013	0.2724875532505325	0.02157060137726412	0.1615159460100641	0.1723675101811108	0.03693693714885568	0.239632328735611	0.03656913491330493	0.09500989340738963	0.04556406539741678	0.03344946281182664	0.02340250520197618	0.202041204428625	0.09573499306010896	0.07898974313654347	0.02617441976259354	0.009945098753001248	0.01461437116220068	0.008401272093209563	0.007637908421514386	0.008555316510941519	0.01360611280285608	0.01242354916156471	0.01121242561890725	0.01231419797770678	0.259314550353736	0.210863746336887	0.09975066064002674	0.08069825789871254	0.02130850705538858	0.02199848863444806	0.04010461979637908	0.03928152612031573	0.05102272628029756	0.06145021458759318	0.08460546207560773	0.05837937150135437	0.08855214074262675	0.1497770950278839	0.3054544873177338	0.1116060703120383	0.1263992066572965	0.1409226536242554	0.009160512289036088	0.07154251199638459	0.01007990252021166	0.05227625571894724	0.05711121133570381	0.07821314157232084	0.08193511142335676	0.06517946132240952	0.1504909644563925	0.05254210307287548	0.2116854242587898	0.1528041898262392	0.01672220955172682	0.01136866970729065	0.1001390808692452	0.03854687152439511	0.06202010583395081	0.06578315802344747	0.06638141841048895
0.6815128561131141	0.02444820775974233	0.05504645093208839	0.006469770571104256	0.005529691921179433	0.01554586338134874	0.01120315143059086	0.009187629108531846	0.009541389227553689	0.09753458724628977	0.0810797572292585	0.01788386217502149	0.01931447111340242	0.1964202090462679	0.2269343263003924	0.02875677194679345	0.0006379554599100954	0.00096666876012671	0.0006953668810808483	0.1656904111721523	0.07872494865902466	0.05389674338573844	0.1531001955558395	0.1587227066231909	0.1602109120672205	0.0108749576488292	0.2659489803830087	0.01948601111136644	0.1493300489818798	0.157599521640962	0.03826696458515982	0.2392338437076806	0.03792970329157352	0.07955716193216882	0.04559971141143415	0.01528403061710067	0.01087176012938278	0.1882431166707293	0.09164848064295707	0.08567904266870593	0.02043106329035519	0.00848295832239788	0.01298383027374861	0.007007613591877108	0.008415313044702616	0.009289038742170219	0.01522164334443722	0.01389133724492791	0.01246620170240513	0.01349649751937274	0.261539484042822	0.2087468811963	0.1020056723444239	0.08384016744156754	0.02628397604130335	0.02709509397915668	0.04427709907607397	0.04500746452201601	0.04819174392060432	0.06870819875554118	0.09358935110111574	0.0657879785979669	0.107655852575496	0.1752644276091631	0.334800853295883	0.1325601257988109	0.1474964423550364	0.1619212022313735	0.010083558741615	0.06495552517921509	0.01077194303660906	0.05473156296713808	0.05826593906031853	0.07232259871523401	0.07460758564953213	0.0612319183990491	0.1520303575379473	0.04865996583648021	0.2113947766841143	0.1525020539014171	0.01785496036926487	0.0104691716392376	0.1023686431334178	0.04723795408038399	0.06943332322394417	0.0738499995647275	0.07448885876461296
0.6984558844730551	0.02360789458640913	0.05334863946654793	0.0062096633570887	0.00514535527952967	0.01509997893223187	0.01087066517145368	0.007923524101435932	0.00819119531735389	0.1098855977431581	0.09233181280655524	0.01251300455012522	0.01458297003531547	0.1876708149387525	0.2148729073168463	0.03250569893177182	0.0006577380453284215	0.0009540558714947866	0.0006633489070936701	0.1299750495470606	0.05369915158834921	0.03413509364798716	0.1222879281755038	0.1311645737674973	0.1349740295490337	0.01051477778341343	0.2709804040865099	0.01886607619244992	0.1460850750486809	0.1528706153100103	0.04337944700878271	0.2481357406863215	0.0430149313894721	0.07497714552195822	0.04902928797043363	0.01126719423748593	0.008104473502230074	0.1839449441060401	0.09169660722925348	0.09559718584267116	0.01683456436831456	0.008264772343513929	0.01270801066671995	0.006845450850842996	0.01032344065462844	0.01170604386958466	0.01812244895837094	0.01657529780955333	0.01502642650464163	0.01568681398168217	0.2560898821473956	0.1971851927658821	0.112019574257839	0.09384229408628311	0.03193551174991494	0.03293470745270913	0.05192909156896072	0.0556989257633248	0.0440854368910896	0.07962198318342646	0.1069982667635954	0.07713273945941544	0.1319838821760961	0.2090371209272918	0.3701445451424242	0.1603013831114549	0.1764826651343428	0.1913023043149572	0.01176069047868505	0.06860449773687846	0.01223847373858386	0.06342639739793289	0.0655063465024556	0.06362417894728443	0.07710533185245094	0.05545377626634197	0.1507169718835985	0.04306226540332157	0.2023624944251446	0.1454739404205677	0.02364132115460973	0.01120377613184552	0.109495738349701	0.05731643326604381	0.08133853964545895	0.08673791494287753	0.08732251612738436
0.712831259413831	0.02094887468110438	0.0479229354385033	0.005492980931193242	0.004463052073569059	0.0134446369663692	0.009859628457090626	0.009856247650604747	0.009713794964865314	0.1243995012442208	0.1047858467204024	0.008654273521711867	0.0108243461045536	0.1668899989496669	0.1891078514113273	0.03745651092936002	0.0006606243734232432	0.001063083893902005	0.0007027320944197247	0.0993725828893899	0.03579488177369023	0.0232863472812909	0.09659943230599499	0.1080263184682937	0.1136134007788317	0.009456550158066977	0.2728823459147327	0.01707013894512999	0.1367826917343604	0.1434678762906033	0.05014947203259059	0.2552069663597378	0.04971000103030116	0.0712838144894147	0.05232762379957706	0.01156074407886247	0.008313906618800063	0.1642170396879109	0.08673492980153442	0.1055717105247263	0.01341424866275536	0.007347396042911735	0.01132561437462821	0.006082749909194705	0.01184500822511177	0.01374657785836265	0.02022372339859986	0.01853278921433589	0.01696202792661051	0.01728004438015493	0.2513593781166676	0.1885101777557489	0.1188193972853449	0.1006541976969078	0.03665988966551401	0.03777232809650753	0.05944227088098052	0.06586622602818769	0.04110786145618333	0.08701978754381617	0.1160293840559707	0.08482396112756065	0.1522908858852495	0.2345125851545417	0.3958647725600181	0.1829634111264162	0.1998980842062494	0.2148636059324438	0.01299834412731957	0.07289445221526972	0.01337207631944437	0.07061152932850459	0.07189830602323892	0.05738290715110196	0.0803456789228118	0.0512710587721668	0.1510110853579379	0.03912027714760766	0.1956911184024234	0.1403864525541966	0.02881052725005231	0.01220682866101334	0.1142213668799189	0.0655682238730364	0.08948047327635766	0.09558265438224627	0.0960787054160354
0.7168000000000001	0.02344922969556266	0.05403886774451286	0.006765363971647646	0.005791421259678294	0.01523943485045383	0.01147219062855408	0.02480467687138614	0.02129262159291406	0.1232935393616787	0.1032229808767043	0.01435883892083388	0.01614751848723656	0.1883720597019138	0.2157183462349491	0.03782904906902055	0.004202537200232403	0.006056058163106664	0.003895051509790235	0.1416104222778646	0.06755038187068456	0.05635677709105794	0.1342040768792044	0.1437642369450715	0.1479991276401667	0.01103542573345934	0.2829548480942082	0.0194426387122599	0.1516023949470429	0.1597066809633704	0.05006140041958874	0.2601524963280752	0.04985120486812786	0.08429761567607447	0.05351454787295001	0.02769879394908076	0.01912391262557524	0.1823937348682249	0.09250230732953142	0.1056905057790032	0.01799475067519088	0.01165307519902294	0.01562158075057124	0.01054137350445189	0.0120282131401054	0.01389964081974046	0.02063921571810808	0.018908048692055	0.01727497096111926	0.01760878928107931	0.2524362970357013	0.1884440798050064	0.1212821828942465	0.1028899710890009	0.03773764572121682	0.03888297379036487	0.06015273891608833	0.06686200251819556	0.04102149569881635	0.0889597389325042	0.1184779404292418	0.08679397238511927	0.1564128865946886	0.2405783984676267	0.4033007071767767	0.1878278986660212	0.2050846509342537	0.2202341319822288	0.01323712874871344	0.07418849211737361	0.01356895620749014	0.07177837286961603	0.07291755024129616	0.05693666444208409	0.08172129411228912	0.05108981216443877	0.1521998300514604	0.03880851633150581	0.1959579087518834	0.1405354847952908	0.02897456300707608	0.01218018887404343	0.116180030546617	0.06747955483754108	0.09152648974185362	0.09775794146539693	0.09828555016064271
0.7263128561131141	0.01629189680230979	0.03806730457106434	0.004275131688945941	0.003456003422376615	0.01046060544478055	0.007917345133932257	0.01090584723996992	0.0105421159326726	0.1442492538974258	0.1210941146863114	0.006461373800413513	0.008147554920196672	0.1328058911291015	0.1482017170862052	0.04367248268651838	0.0005924445434547517	0.001042239972786056	0.0006570186173007053	0.07450145696001036	0.02582190078411404	0.02058547588503278	0.07691872576259011	0.09040222312911265	0.09729680067826699	0.007524964938989135	0.2755086618962836	0.01387384798304337	0.1216534481873928	0.1298900597947823	0.05865976284779669	0.2645554684822967	0.05813366066189053	0.06704712522012247	0.05554557623228554	0.01210104212828346	0.00866197156736999	0.1275996531922581	0.07688112559614368	0.117526952717416	0.01019987360188182	0.005691183528627133	0.008754912380317911	0.004691472980173194	0.01238951886845853	0.01432610152131916	0.0212169010092396	0.01944082247286338	0.0177709465035387	0.01800866752949197	0.2437690960558627	0.179280976732153	0.123108782361919	0.1049631896270942	0.04093436887401281	0.04210960345128929	0.06330156774183035	0.0714886570994534	0.03861559480199206	0.09111755570936941	0.1208472173854223	0.08912911455943087	0.1685958310374084	0.2532260394140521	0.4121267094342278	0.2009499897966016	0.2182312032124635	0.2330573744913997	0.01354471391119226	0.07669023121731092	0.01378309849533002	0.07394461671925287	0.07482610234416308	0.05245718589661686	0.0837080719474981	0.04782666098128306	0.1512598067342647	0.03586414416689941	0.187969896929873	0.1348081687726932	0.02994636412916515	0.01221369831281085	0.1167060771543392	0.07285505499661789	0.09396278879890554	0.1003865915529765	0.1009131015558389
0.7432558844730551	0.01028084637845581	0.02561933273985053	0.002726965195211834	0.002188974755091564	0.006614818767558185	0.005601818791901221	0.01737090341658218	0.01600144188941781	0.1581442367016593	0.1322517177141089	0.003901727559445695	0.004921459801100071	0.08851559652112637	0.09552598403294649	0.04924647285442594	0.000689027212819218	0.001477307081011869	0.0008921122813567182	0.04421686997049282	0.01446019981163983	0.01998484431068889	0.05208847069906789	0.06701311253876933	0.07494094118424205	0.005145239856373796	0.2630435890753409	0.009791271025563181	0.09867314881448638	0.1083162663722591	0.06631913132282836	0.2600298978405962	0.06567495497324952	0.06168792594175301	0.05702323098947926	0.01810229090302621	0.01278805635722167	0.08020399469712765	0.06175035593831767	0.1245115037090842	0.006220961883998209	0.003658075484334761	0.005528256471375607	0.003012683587540147	0.01275714169287803	0.01470285113351526	0.02187027353579512	0.02003871846399006	0.01830332619650106	0.01846455865132145	0.232998477935478	0.1682784884890801	0.125437590213542	0.107564813400116	0.04704043450960619	0.04823196655101172	0.06929402019678177	0.07984992507379367	0.03571522659661854	0.09376299199088504	0.1236797689268338	0.09193691310155042	0.1910647538051385	0.2747250776063428	0.4284721519716385	0.2248406463212116	0.2419743027271152	0.256199944173534	0.01390038405431891	0.08169491046971879	0.01402187763134223	0.0770219727379995	0.07791073754506068	0.04703306885770432	0.0880859719565748	0.04387340709552232	0.1536842298486513	0.03230193221204739	0.1788637114949866	0.1285360575714563	0.03066809548057188	0.01227230275661153	0.117392180671495	0.08296882331590857	0.09686354046654998	0.1034970846516305	0.1040434912304027
0.757631259413831	0.004408873756967767	0.01309381528022927	0.001234745306587495	0.0009873849404250313	0.002857881820740221	0.003124377876855359	0.01852494005556183	0.01679761632297714	0.1796664763708799	0.1497848793189041	0.001815105065969856	0.00213260586075978	0.04564875370319096	0.04446825713555763	0.05584613237934657	0.0008122754406858327	0.001699815410582726	0.000997226473655676	0.01726157668301942	0.005485290932229889	0.01944242781320226	0.03093021106460109	0.04785071859534863	0.05703971788305853	0.002706708673105762	0.2621620999923012	0.00572972940148893	0.07891752679552448	0.09055370303582079	0.07533785501804448	0.2671172929397914	0.07462287427753922	0.05595409597501622	0.05977470445249967	0.01885482368000578	0.01324090416420281	0.03379429532980376	0.04853595818240215	0.1367792112216942	0.002594797743812965	0.001797356995954398	0.002476066398123557	0.001506702796379477	0.01264970588399225	0.01451012164017081	0.02172750512715921	0.01990439325306198	0.01815904019616102	0.01832801406186311	0.2260492981614279	0.1629011415174018	0.1239779757393667	0.106535660018832	0.05288830870289884	0.05402367425706926	0.07533418539846379	0.0877986144458488	0.03419708424261211	0.09331199428894726	0.1227160834049895	0.09145286796898378	0.2115771371712657	0.2903093460837871	0.4392419626099109	0.2457760997291116	0.2621601070284306	0.2755070620098476	0.01382379311217914	0.0854321078872308	0.01391356802173526	0.07804928271845661	0.07956022119660201	0.04445432962670245	0.09136130341762758	0.04184168324181027	0.159547775915873	0.03063280750577846	0.1749516250502442	0.1263355528989876	0.03010429528686902	0.012284028911386	0.115610476258166	0.09237152371439504	0.09628213635504101	0.102870617969889	0.1034291181677246
0.7616000000000002	0.005512413119699787	0.01488146652779804	0.002572583679028937	0.002339334948529975	0.004059344618265097	0.003566776041908159	0.02023391364545113	0.0150282325278702	0.1894704638785381	0.1585742512335165	0.002615641266588514	0.003114311856483803	0.05282350206558046	0.05376370938792673	0.05543574102355824	0.006890426756084471	0.009239129130692539	0.005806690509960494	0.02690228627926022	0.01957637554000704	0.03609865605856563	0.04072251470861617	0.0587901922808431	0.06881901765201576	0.003488254571127454	0.2681258677355808	0.006673765396852464	0.08767721730622879	0.09877554835798205	0.07380666916350892	0.2718372888681965	0.07374398425465799	0.0550144679821692	0.05937942300573386	0.01764340115399443	0.011613301252215	0.04392016690824443	0.05144970336494829	0.1442838482602682	0.003817337754083096	0.008637742385861116	0.008815454670740597	0.008849712844297985	0.01260380549394521	0.0144911418813802	0.02156999026408328	0.01976396888030888	0.01805281942839829	0.01819799776341843	0.2195715498907577	0.157537242270614	0.1245589483643197	0.1069729495402011	0.05369371933624307	0.05480822113880181	0.07619730281924415	0.08918075876535012	0.03354009178559191	0.09241784263773918	0.1214012621318731	0.09062018463252659	0.2144221095304995	0.2912856852970908	0.4364055825330724	0.2487049913988068	0.2650491855307535	0.2781960510621401	0.01371770556516086	0.08948750535526431	0.01381526725282226	0.07866485795733019	0.08046268165895425	0.04342216765649978	0.09534814866260355	0.04098143702545968	0.1589036268841351	0.02994904647412925	0.1698290730361176	0.1227275375277062	0.03017584740552825	0.01255356058933769	0.1153079925634937	0.09360449758402328	0.09550605546681126	0.1020028128957484	0.1025572696879591
0.7711128561131142	0.006586825130565891	0.01684677669820976	0.001789654737381905	0.001430478152081261	0.004256034888552756	0.003478690031320207	0.003747285323926087	0.00397577699662573	0.1990564085954962	0.1663671387162272	0.002348075131310225	0.002978835386132791	0.06221998542356423	0.06334546400915793	0.05839840650381679	0.0006118325956551455	0.0007682463328461225	0.0004225705334842837	0.02566320988932021	0.00772650124082141	0.01411084239666599	0.03984755881548174	0.05871944735971017	0.06885104834038527	0.003296587004069514	0.299491063473617	0.007063998261930928	0.09450242079829425	0.10687162010549	0.0787313079560612	0.3030015337059581	0.07812065703934759	0.05670218431325721	0.06428754325107565	0.003764366019539556	0.002749932782883131	0.0512589217902598	0.05895648994662143	0.1516679128033412	0.003802983569760399	0.00258604599005159	0.00369270761900131	0.002165117051806211	0.01208954740589364	0.01369724217798535	0.02096589853482217	0.01919330099889959	0.01743998003861302	0.01769678989422007	0.2165820545170554	0.156567369891846	0.1197889520029901	0.1030529485562786	0.05869653503990333	0.05973570425131839	0.08038007254226789	0.09451536736122372	0.03255279311711547	0.09066117413959143	0.1189032442068765	0.08872446153240654	0.2309193713498631	0.3022158296442828	0.4440484935640547	0.2649148902982454	0.2800970282349416	0.2922274326959466	0.01337102014152357	0.08797266601773704	0.01342879409612231	0.07706752094159232	0.07942255918146937	0.0419892083843549	0.09350720833597595	0.03971193555083651	0.1651420320098516	0.02898729893294483	0.1699286147944969	0.1235179266213814	0.02795565880372092	0.01188661597329601	0.1115223148518658	0.1015372861548277	0.09329068553068158	0.09963821203110922	0.1002333539085516
0.7880558844730552	0.006750134042511665	0.01738691354842924	0.001836084560288227	0.001466800852643039	0.004361825900777018	0.003599484909646563	0.004212592812007537	0.00442612087845127	0.2124081050827325	0.1775009832963956	0.002415345615750683	0.003053799784846669	0.06431718544811378	0.06516319354023209	0.06237303458298066	0.0006437559267249745	0.0008196306969522396	0.0004493546535532423	0.0261703866597174	0.007840990350684279	0.0150473841307947	0.04148070681694644	0.0616119681893094	0.07242713408475474	0.003403544957272536	0.3182079495091566	0.007339737928095362	0.09958411029355191	0.1128203836386148	0.08409744450230019	0.3222733891667345	0.08344197251605537	0.06011655522824316	0.06846501427392859	0.0042295209614031	0.003080936665321439	0.05248862936655406	0.06208651841370823	0.161676104024485	0.003891332760336842	0.002652897260542505	0.003779704371220951	0.002219229299717686	0.01172264171807463	0.01318107246991765	0.02039666106397913	0.01866720091555465	0.01692851784611499	0.01718396768478473	0.2054382279751401	0.1484388122341993	0.1139523596504615	0.09846232785346909	0.06575569744847373	0.06669778342843445	0.08748247033121763	0.1039196954092385	0.02980937835167446	0.08848044634317344	0.1155664171351569	0.08649639525262244	0.2552221966026721	0.3184715768965654	0.4522560257345785	0.2889455784815767	0.3025921053822595	0.3131913455680556	0.01303651674394742	0.08830250542902528	0.01304326958942327	0.07648501621024177	0.07951215221974084	0.03758338114717889	0.09295324913085562	0.03612130734666386	0.1706320273928052	0.02611993353135815	0.1636013495034867	0.1198233631996605	0.02665671653043439	0.01148133741678973	0.1061218559808361	0.1127606594606453	0.09076474889411067	0.09697652118602404	0.09756463152187479
0.802431259413831	0.006760648050337019	0.01767625953520771	0.001912206257531994	0.001546774948418333	0.004400425118826588	0.003724219567281986	0.006614337425671584	0.006351018705307671	0.2239799262865824	0.1871332035406038	0.002530303007708337	0.003147992400081768	0.06519702337569726	0.06568948629084975	0.06599666342084806	0.00109192628153833	0.001471291081551823	0.000856993532001803	0.02675193756446948	0.008868421865709953	0.01790896473570036	0.04307445460639787	0.06427779829680358	0.07569715603386047	0.003507216768701467	0.3329696188207344	0.007545405097408304	0.1035359417806513	0.1175298610771962	0.08893202549332709	0.3376153058006377	0.0882609656525649	0.06350422392573139	0.07207957106533019	0.006508351094555807	0.004622445677703264	0.05254830926452249	0.06424714891193753	0.170332639956301	0.003964687289426484	0.003077668717030329	0.004147358561798426	0.002676960320798477	0.01167347585188614	0.01325769479394173	0.01999040402562904	0.01831242057207538	0.0166875966103923	0.01681546637641678	0.1964168958474415	0.1422219718269066	0.1081483086732768	0.0938043601541465	0.07149995700662413	0.07234084325864872	0.09527746266224052	0.1139715377227519	0.02758039029851135	0.08613972912644237	0.1121312837924607	0.08410051977183355	0.2757659549852772	0.330906496286783	0.4576735020619308	0.308947656066152	0.3211624325603361	0.3303948850456175	0.01282970446782545	0.08909873493754593	0.0128630772717145	0.07699090120219292	0.08074473265224301	0.03408901780576912	0.09268254948775639	0.03322047719451769	0.175608836063452	0.02395746342664223	0.1589116219174177	0.1171802143397788	0.02723696209294704	0.01176253893523455	0.1009466486149774	0.1218121349207167	0.08818426409396413	0.09430701961663954	0.09480640790952766
0.8064000000000002	0.007242091221858329	0.01897074310185271	0.002914076853777392	0.002582326366077764	0.005117019406053381	0.004306372094740396	0.01743801075884834	0.01312087542912599	0.2303863164420006	0.1927816381438302	0.003199712203132347	0.003871281322306902	0.06844984191714784	0.07005395357631597	0.06710592314660521	0.006263753719058298	0.008309670053397599	0.005206125228843251	0.03351487214125436	0.02042717960938158	0.03597630196682874	0.04999748965591598	0.07191708954007228	0.08395383449208303	0.004206687378566246	0.3332299089525746	0.0082924885087173	0.1086572326133399	0.1223439258812797	0.08963889273908439	0.3372556139831117	0.08940916705015815	0.06632121937151353	0.07268261254829138	0.01515906035420804	0.01000248251929851	0.0573007715551621	0.06497325391709949	0.1755386829429044	0.004783784087857622	0.008558864784445933	0.009121881626686281	0.008596879569536246	0.01179413060221782	0.01358182997551615	0.01985605363440944	0.01820759118219009	0.01669197886925684	0.01673777449099388	0.1922487173405564	0.1392910099061073	0.1095466173721583	0.09470175622270247	0.0716463189515975	0.07245095582114469	0.09697633462004179	0.1161680608459943	0.02789354171222095	0.08480709224334672	0.1103665278784367	0.08278325250122182	0.2767644319819761	0.329345392763743	0.4532319363449172	0.3099399138872055	0.3222662511501545	0.3314778657931181	0.01276958130800515	0.09577391693064048	0.01289186098441041	0.07867462969411325	0.08302592764020444	0.03477407873121213	0.09933668374057246	0.03364780756874361	0.1762960551198283	0.02447865001972076	0.1559827896401425	0.1151384298310831	0.02844571016028737	0.0127018883463464	0.1014255383339006	0.1219082359311471	0.08703153916349754	0.09303866753742421	0.09348743766199008
0.8159128561131141	0.006668072057430464	0.01761089460567847	0.002060487697529137	0.0017075912216128	0.004421518827809473	0.003759866862986414	0.008183487413601809	0.007225577565249488	0.2374464027889927	0.1984248528288365	0.002541673115947538	0.003148775386490114	0.06512596846674426	0.06515417751188642	0.06966959816561118	0.002102886462645901	0.002777579770424179	0.001681883025084227	0.02666160786560532	0.0104393153824147	0.02149765243208848	0.04429991617934886	0.0668176743837237	0.07900477155517777	0.003572672756636036	0.3484401510002496	0.00766427238937278	0.1075836510353649	0.1223049639849861	0.09374431742493192	0.3538794114200626	0.0931274177198904	0.06603467519436854	0.07563626585485518	0.00758906685349059	0.005252667265225173	0.05199065773930265	0.06626647426581275	0.1802511868760588	0.003964308462516539	0.004087173829356151	0.005013162466878646	0.003779866630930752	0.01134621114307297	0.01297408652869678	0.01918848499443347	0.01759042130274762	0.01608900909928788	0.01612571675344331	0.1850839296550972	0.1345336136151552	0.1009052410268092	0.08781829257956721	0.07554640317473464	0.07627568365336662	0.1005418401831829	0.12089622183488	0.02523583265135644	0.08229075154448359	0.1067851631528936	0.08021883055964238	0.289681452262416	0.3362473346219724	0.4544714670285441	0.3217710634742636	0.3324490584811345	0.3402697100985466	0.0123683592561312	0.08842188628437482	0.01242591544608079	0.07586268422596674	0.08027612928071162	0.030628165918393	0.09104840453322895	0.03022413360319455	0.1775286438422137	0.02176524534372754	0.1522879795099171	0.1130672192708268	0.02694256107984651	0.01175139135101838	0.09444217885527681	0.1280136782738059	0.08404330473347095	0.08994763988062934	0.09036944129202613
0.8328558844730553	0.006285844013948542	0.01687128928503331	0.002580442906897354	0.00228274736526061	0.004465934953135437	0.003773460607240481	0.01334056238615788	0.009832093299705967	0.253750750317306	0.2122464238217157	0.002630230369728452	0.003207589218256868	0.06248897489188299	0.06197855891102086	0.07340127638469796	0.005722378851449472	0.007452446137554318	0.004649150705106201	0.02721354115990367	0.01681130057919166	0.03299341418631532	0.04659970157843121	0.07078383446938347	0.08405788173348958	0.0037158674683875	0.3607562806238431	0.00770278235769995	0.1115584222202065	0.1268138688415895	0.09824091101380628	0.3672821399893054	0.0979257445441651	0.06789898144805381	0.07867207600544571	0.01104132588860603	0.007197194353199539	0.04970122630531765	0.06699372179133464	0.192069755023203	0.004014833609896585	0.007722738680538442	0.008143331019822144	0.007765792535890892	0.01113867992422915	0.01282626599535194	0.01860501139767494	0.01706854581524398	0.01567003988341254	0.0155919348490532	0.1734215257143449	0.1258963470491802	0.09403539119408207	0.08231325838854772	0.07949565883618398	0.08013592999717889	0.1055613310477471	0.127609536324264	0.02242822315388899	0.07933587752324554	0.1025525767445526	0.07727963244461183	0.3035061778396286	0.3428014020847838	0.4527942633080898	0.3346672246612949	0.3438996130220672	0.3503582569658484	0.01202520800156804	0.08654312533001718	0.01207565513771983	0.07493475762739352	0.07973450073699678	0.02624837894868428	0.08811748460101648	0.02659537865122615	0.1781905022260079	0.01896211353649814	0.1448058285547905	0.1082324327917468	0.02693355273815074	0.01162263660626416	0.08822111128198243	0.1341446350897131	0.08086192970592872	0.08663461077232364	0.08697847708568791
0.8472312594138312	0.006581296125322235	0.01762113768932506	0.003071201880756888	0.002810972060431537	0.004829791053957654	0.004050288675571881	0.01774924132740701	0.01249534217494412	0.26217390881504	0.2192684202152782	0.003765163868963039	0.004256715344280885	0.06533571746533587	0.06553945250935993	0.07531443165424019	0.008112021725918529	0.01057840323944679	0.006638352765138758	0.03557560749870591	0.02594001818305059	0.04446777775757679	0.05498640334387221	0.07968880860672706	0.09326105363908624	0.004064199473573666	0.3697549095189894	0.008154738404034785	0.1165376450949228	0.1323638223156701	0.1004518949417609	0.3758585907519775	0.1003317670284073	0.07101970056289342	0.0804357491342694	0.01484700869502002	0.00954567168814696	0.05209246670974546	0.06861894813644236	0.19830801380828	0.004917301084554207	0.01028243971237434	0.010459824695569	0.01052186794819973	0.01129081943437439	0.01334769526374745	0.01820885139148393	0.01674214018775113	0.01555940800780584	0.01525903048476368	0.1641133487177748	0.119434203674129	0.09006675743712751	0.07890850121122299	0.08161504875652072	0.08216279632485682	0.1109291162401142	0.1345092322326221	0.02105881134488313	0.07621929716985613	0.09828187335512391	0.0741696626932309	0.3118365993425032	0.3440815593842156	0.4471238789268436	0.3421494935951456	0.3504839550077202	0.3560652924959812	0.01182971379818137	0.09006046317463889	0.01199143926462225	0.07618661178768263	0.08172847151889981	0.02433045569416383	0.09074626660575792	0.02485911442176401	0.1791328656389831	0.0178798897768963	0.1389950710623937	0.1044178347328696	0.02903589376425244	0.01265024314581135	0.08427377043240258	0.1372608458929864	0.07776551827881162	0.08339834606203352	0.08359586725219045
0.8512000000000002	0.006632134451038628	0.01789060085436379	0.003543726418832418	0.003361274463734844	0.005040083748477037	0.004271798475127814	0.02386397817588709	0.01655346166763056	0.2670619463197293	0.223165277904894	0.005623514692507221	0.005884542102957301	0.06664450385249338	0.06766955779654832	0.07636769457416491	0.01073451496991455	0.01406711137046556	0.008859869762632059	0.04800124366360673	0.03886430998799852	0.0599881894483727	0.06676386271957434	0.09132750723746272	0.1047815219861523	0.004352449368286164	0.3734044056215425	0.008456874771184078	0.1198581717755648	0.1364030495229439	0.1014683310924748	0.3788168106327174	0.1015605871228888	0.07434380127715914	0.08106119342272158	0.02069295508001941	0.01327830542064871	0.0522218827837056	0.06870922945862658	0.2016422759465338	0.006170878529106168	0.01297552846431983	0.01281946283129541	0.01344541607841697	0.01145968241392967	0.01376988974083461	0.01809021798976274	0.01665512963975836	0.01560113023832756	0.01522125124264054	0.1626266814255848	0.1190039460577661	0.09251024870332403	0.08051238496463148	0.08098945190489229	0.08150028221398514	0.1123004660635138	0.1361137142750093	0.02226683356628725	0.07483979963337994	0.09657301161272237	0.07276902852761326	0.3102128578307664	0.340235820982977	0.4418334450762748	0.340547052862007	0.3492088662735354	0.3550039007632427	0.01179425038369196	0.09817692371119985	0.01208535799205699	0.07828090462093217	0.08456133977020104	0.02655216663050736	0.09903125690357703	0.02646728014500258	0.1806205762714605	0.01943099266085005	0.1382857616515331	0.1039269070309546	0.03055845762655905	0.01387763574570862	0.08576010422668412	0.1360893704303384	0.07659247933679392	0.08209195023502608	0.08223239124967062
0.8607128561131143	0.005967577425072304	0.01619682773334721	0.003390702449467027	0.003227550491067188	0.004634094072982001	0.003855709265725904	0.02083382100255711	0.01377504537552318	0.2689099496210627	0.2248209243938703	0.004876331076303764	0.005143534129502485	0.06120402239665994	0.06123186756414571	0.07625342042536938	0.01082941533483867	0.01405267883497492	0.008849368161451343	0.04192031313910095	0.03577748020827462	0.05690687387913786	0.0616082229062985	0.0865619875596669	0.1002895541814947	0.004000594068647188	0.3716409070711812	0.007880735076052595	0.1170019878429749	0.1334247695373454	0.1013054461320965	0.378113138379058	0.1014407969060724	0.07137653813623671	0.08057358280464344	0.0172205878472186	0.01083468242127427	0.04729561601207636	0.06707726924701765	0.2025328318517637	0.005467705144976943	0.01291839673331468	0.01262642850284179	0.01344268445187182	0.01113195482050935	0.01341361443869411	0.01746280747290104	0.016084996271087	0.01509413175358693	0.01462785809009331	0.1525481020704102	0.1112850281635581	0.08432736827178386	0.07400802830071156	0.08225280019366847	0.08270794942300136	0.1134623710329649	0.1379529695601406	0.01925778856140187	0.0720011148443504	0.09259743424300559	0.06999216131999805	0.314176356834869	0.3395023792929583	0.4342982771746749	0.3431428160942749	0.3504274967051009	0.3550463610764368	0.01139677085834349	0.09052930057649348	0.01163411421319021	0.07541152168976534	0.08145676675096195	0.02185358760577302	0.09040800206491963	0.02260290423675186	0.1766456590044314	0.01635372995406713	0.1311233992502952	0.09903332765070846	0.02990418366877369	0.01310605869709592	0.07879388479805778	0.1379225340028207	0.07348288021317846	0.07888024051987774	0.07895893005701196
0.8776558844730553	0.005192465846241416	0.01438298280766725	0.00368975429624205	0.003639071632066474	0.004341251663726353	0.003591598091956059	0.0242576378901412	0.01527749583329668	0.271595452863894	0.2269584106971985	0.006106834742436246	0.006109218453930676	0.05569127313552051	0.0555599760936773	0.07600492253071307	0.01366222375661485	0.01768660043042376	0.011163507104044	0.04875922904402044	0.04644742273891562	0.07017434515987285	0.06834614054949634	0.09310170211665983	0.1067329539069438	0.003873567328225152	0.3672641633224134	0.007458533214881264	0.1155536424508363	0.1323861246126721	0.1005385400631477	0.3739837266966748	0.1009515053565539	0.07078065076933748	0.07935652603475205	0.01996706755289209	0.0123634628463234	0.04118477316614661	0.06420251683148967	0.2036221222525675	0.006036167328806034	0.01562055003665611	0.01481277048830909	0.01645106904472448	0.01119644863746996	0.01388927771513532	0.01684180682968774	0.01555752013309933	0.01482443006344664	0.01408864295898411	0.1387418074086944	0.1009656823188239	0.07883678268794823	0.06934029179214014	0.08211597474981604	0.08248056549756504	0.1162973068505375	0.1418484653847723	0.01710731501052506	0.06766955076084982	0.08673597868897702	0.06576243315465422	0.3144274382640021	0.332768264640619	0.4181875434378073	0.3419358717883076	0.3482534780846154	0.351940423984279	0.01104076711454859	0.09195821018232279	0.01138328574365125	0.07548066251366622	0.08198513483875891	0.01878783960236768	0.0908194901691103	0.01988968247857608	0.1721581349599254	0.01449314276051988	0.1210198253206424	0.0919143999372798	0.03207069537914491	0.01398470917046094	0.07325398030999487	0.1373159691312535	0.069243195193399	0.07443586858362779	0.07434260235718362
0.8920312594138311	0.005126190573775924	0.01417554443044837	0.003843077916217927	0.003831884806416532	0.004361490858964452	0.003594272810712635	0.02591147099204111	0.01622985886555349	0.2672978754189725	0.2232824630660434	0.006922596373256202	0.006812244865760072	0.05521117614836904	0.05556764241558767	0.0744787243772911	0.01461761751696193	0.01893509717474942	0.01196222166142593	0.05410983157811115	0.05194022577582528	0.07596004611914157	0.0728451339906402	0.09690674367567437	0.1101265630578515	0.003916719903962793	0.3602433205717335	0.007426866594520138	0.1145072330101673	0.1312788075875601	0.09832561381994678	0.366390325599022	0.09884287934850913	0.07039211611070209	0.07757613696689958	0.02159500893695472	0.01336603860308849	0.04052081950340243	0.06277089376691793	0.2002028842108753	0.006553109992462326	0.0165897472780786	0.0156429316559811	0.01751248501171407	0.01146768768584264	0.01480006253447907	0.01623048912555044	0.01505784513060997	0.01468242414286724	0.01359403815869461	0.1263518710152081	0.09240778641126855	0.07429125433986798	0.06520323889722195	0.08130546006711385	0.0815576712811336	0.1203279160593958	0.1470256436295257	0.0159175323755903	0.06265327631546391	0.08009453459210505	0.06080899055038502	0.3129215925158462	0.3231065325437223	0.3994844432072127	0.3388530506583894	0.3443599125527316	0.3472783949293829	0.01072659233869563	0.09703668319458367	0.01127240645712732	0.07694361186504292	0.08430779851622465	0.01745200181558867	0.09488896702570893	0.01845521716418353	0.1689426231680166	0.01386395470448275	0.1124440126184157	0.0858865913460151	0.03569850700826207	0.01571784506194862	0.06847907158039143	0.1355226392813852	0.06441851815005407	0.06936767569945422	0.06904125322249191
0.8960000000000002	0.005016459827968558	0.01408695947915801	0.003944171944984974	0.003966865438382144	0.004336676666275254	0.003661545063254151	0.02909766352621681	0.01866522385401716	0.2675412422433078	0.2233639871828025	0.007602379951854765	0.00738011462941059	0.05479168808310661	0.0553002149609061	0.07474397851666217	0.01536260100259775	0.01999163558897212	0.01263374500391019	0.05827344258860567	0.05628395859222608	0.08157952988558299	0.07667618419806153	0.10050675098678	0.1135789061389077	0.003979302420154413	0.3593785447531489	0.007458857221146985	0.1146878518198239	0.131716681646843	0.09857418258217952	0.3653355368331132	0.09913708787405857	0.07178505328718895	0.07759227597075728	0.02484069506171281	0.01553119944543164	0.03946200774935392	0.06219513791687861	0.2002604986272283	0.006947907329781282	0.01728449000633368	0.01621636622273797	0.01827773567101636	0.01160989385576945	0.01517548804179249	0.01609311815724312	0.01495205773077895	0.01469881474475531	0.01354436247199112	0.1257621837968312	0.092838490130632	0.07656516905327394	0.06665229553292457	0.08077907382687362	0.0809927296233779	0.1217437892940935	0.1486372729361541	0.01726331770442354	0.06127538113243065	0.07840750839226998	0.05939045842204922	0.3115692832072015	0.319498750222561	0.3948641496026504	0.3375087557727678	0.343313947035135	0.3464439804580627	0.01068324527037914	0.1048069988174894	0.01135883694789224	0.07890216201165678	0.08702106216660706	0.01991313149239962	0.1028530975381719	0.02024598896718618	0.1709632215071094	0.01557118463911175	0.112591126331584	0.08603852029809524	0.03707493865331107	0.01689789271637211	0.06993668894777809	0.1345094490539861	0.06320946222008329	0.06802308070364094	0.06764405023295257
0.9055128561131143	0.004121873710884996	0.01180620636177318	0.003662830474509309	0.003736429036723679	0.003734884870982767	0.003104891446729582	0.02553863070452255	0.01566032468101643	0.2615500907559751	0.2182946269075207	0.007471250688147612	0.007124073021182526	0.04767106313780008	0.04737055387057871	0.0724390594528793	0.0150118421073514	0.0194080649999924	0.01226568470391707	0.05552928888586433	0.05546781858875369	0.07955750352083608	0.07382165684652066	0.09698536050459708	0.109665822435827	0.003482301277909887	0.347907253275683	0.006628848225404353	0.1086800458698504	0.12550362668294	0.09551802428765648	0.3544668078923861	0.09610492241658183	0.0675841100763068	0.07474504403655974	0.02141897585265698	0.01316730328566473	0.03231637693636383	0.0584760423547278	0.1950123548880163	0.006514989344511894	0.01668725281727744	0.01547721650244527	0.0177096040951536	0.01114717640918519	0.01471888657637075	0.01514856008723336	0.01409628235785346	0.01395773605840196	0.01268907516744569	0.11226906724709	0.0826405078926985	0.06693802148404775	0.05883366697670614	0.08033173575725912	0.08047541909492485	0.1211665208733235	0.1483673237251478	0.01393986075295067	0.05686550464987249	0.07241138879304534	0.05508631767898482	0.3092768438905228	0.3116279574736903	0.3780095956374741	0.3332535941192744	0.337565104992464	0.339439629897741	0.01008492153416882	0.09642772057424361	0.01072580092996997	0.07503805010997629	0.08289069589687295	0.01491150408954389	0.09344534510975611	0.01602345699207878	0.1635444543578692	0.01228527295899183	0.1025514140824531	0.07897369007603008	0.03636547062929277	0.01612187873019259	0.06151880285805942	0.1334572215229238	0.05854819295293279	0.06315176918167706	0.06268737514472957
0.9224558844730553	0.003160587211071984	0.009516910583593066	0.003278217615445794	0.003403994425276425	0.003047682689499211	0.002587279552713625	0.02363864442781797	0.01436908660675134	0.2491271372930321	0.207764535582395	0.007398214032473554	0.006896479616710938	0.03997171897827165	0.0389198682344741	0.06889374812064043	0.01417988472997334	0.01831081327797564	0.0115705745769658	0.05287964968613841	0.05409533786347772	0.07709822929633114	0.07044228775059641	0.09226522053744013	0.1041667180488284	0.0029666350574859	0.3286014911664294	0.005738938829089811	0.1003735915289056	0.1167446415325552	0.09086704911386465	0.3354890427002502	0.09142152760642029	0.06328690330533455	0.07058614868611163	0.02000239408071133	0.01226374145308296	0.02446550918781545	0.05345894317466354	0.1850784934341452	0.00606780003831652	0.01552388221732082	0.01421917448590609	0.0165330570911989	0.01118151218426095	0.0154480345703425	0.01396169249169601	0.0130789833894813	0.01339083462680721	0.01170522428008545	0.09527642374405956	0.0713637418820026	0.05724048720557921	0.05034625673879638	0.07894838390758072	0.07892868547054745	0.1252012395326909	0.1535797124923486	0.01175696227580061	0.04906036951525128	0.0621105901067029	0.04734073065168451	0.3054156162498589	0.2960687788281981	0.3496980259039444	0.3266336230422099	0.3293522230246658	0.3298731246828625	0.009430953439061033	0.09779272385748794	0.01030296414531264	0.07461555151515809	0.08339356790489025	0.01230943340643401	0.09333767114106177	0.01337767571829189	0.1578089664415094	0.01085940351032335	0.09115572472381636	0.07104109956694153	0.03987649544562152	0.01770152171972084	0.05247786023355099	0.1305043235637335	0.05075957456902062	0.05497300317460249	0.05421346278235186
0.9368312594138312	0.0030355738020528	0.009144637376582176	0.003067037893260408	0.003173088217823475	0.002896101474644927	0.002475354521656487	0.02232764184894809	0.01369353885525692	0.2359510871652252	0.1968019787210071	0.006763323030592173	0.006325643047044046	0.03810626252350231	0.03702789414176641	0.06541387511450419	0.01316326353634513	0.0170125676190339	0.01074762918407297	0.0485541400491334	0.04962112957603532	0.07142055827619138	0.06531512262079725	0.08607401059211862	0.09740846225313628	0.00281567069822783	0.3116468164288385	0.005461362427852005	0.09507267913895688	0.1105093235867936	0.08632550822480597	0.3182500711440205	0.08682022536432144	0.06000955099306468	0.06708673537256789	0.01889168606025627	0.01161603277886664	0.02355141617196195	0.0508629153494576	0.1754032517912699	0.005602454736119642	0.01443334565996354	0.01324306388256383	0.01536173995443291	0.0113362891575102	0.0162656467586026	0.01308347585793077	0.01233853846823024	0.01304891259395566	0.01099760729272049	0.08315302744489579	0.06368985006509738	0.05065448357164987	0.04439996708669203	0.07716466207195934	0.07701319351780063	0.1285405628865509	0.1577663318659988	0.01067390731888577	0.04280136364364969	0.05393013692025604	0.04111600806703117	0.300268190117021	0.2817183557863426	0.3259444554711881	0.3193279096399707	0.3209920641050207	0.3206344967276783	0.008965615597854871	0.1009114940548124	0.01006828297895387	0.07508268686461206	0.08474738038229526	0.01135739241443767	0.09537227923711236	0.01213288825840991	0.1536308492290087	0.01049856627292374	0.08318132875001463	0.06545497034478445	0.04341769936328418	0.01939219227705534	0.0462194503816938	0.1270286406077535	0.04459459367032652	0.04849269425188681	0.0474747775028688
0.9408000000000003	0.002926465740732972	0.009009350110510444	0.003125991546059877	0.00325170397674389	0.002860561962838303	0.002515602802306655	0.02479542601406617	0.01559370410073982	0.2335982873934459	0.1947841670808962	0.007047828012270828	0.006555325024514043	0.0373187037825461	0.03632453630732266	0.06493385058825314	0.01367749084474051	0.01775631653124283	0.01122047130352761	0.05023957870136372	0.05178774038258739	0.07461126047517946	0.06666917851290113	0.08710129360643867	0.09826322528000397	0.00284698999808755	0.3072382135512623	0.005437772536833462	0.09412341444336973	0.1094996703995632	0.08560342280693997	0.3136864450684079	0.08613403706229565	0.0603250569817875	0.06639112568433068	0.02131774557147807	0.01324021421171291	0.02264212259807382	0.04986770163765816	0.17362059093659	0.005752136900200226	0.0148995975246301	0.0136251487023744	0.01587934277955687	0.0113503389171489	0.01639350725649854	0.01290784692980888	0.01218737595538433	0.01297094402141067	0.01092268053501837	0.08533762209249952	0.06651020595677334	0.05285009553092899	0.04576970740344684	0.07634507179152679	0.07616472276588376	0.1288588199385146	0.1578963887896633	0.012415429838614	0.04170083637578337	0.05267565366203049	0.03993913685368523	0.2974711155556856	0.2776057241383601	0.3224697222452482	0.3165572951246885	0.3185586784442769	0.31851382921683	0.008895640159692766	0.1069762988245029	0.01010641725695856	0.07625691860053606	0.08656635446863697	0.01447032690792308	0.1018202592230417	0.01444502301288926	0.1560990075039524	0.01259347866310503	0.08556681814957171	0.06720995716436852	0.04398231503206686	0.02023071381045533	0.04792365020991837	0.1255725218185671	0.0435674633875952	0.04733043458674516	0.04629495467674702
0.9503128561131143	0.002480839573056719	0.007735948196472216	0.002758816118738667	0.002848863254843059	0.002489052261047144	0.002132045268548561	0.01992678088053614	0.01195290440800611	0.2225193617386415	0.1857428494202259	0.005376547802232997	0.005045599022121957	0.03251229443488322	0.03070097234503798	0.061624387618754	0.01224497916860571	0.01579151324517234	0.009971720741093815	0.03862791912277819	0.04193998308744967	0.06306424588439694	0.05522394687252691	0.07514615368948627	0.08611121042155248	0.00245818375183628	0.2911195973237378	0.004818636179996027	0.08730445483205486	0.1015148774418716	0.08135889107137238	0.2981666462161579	0.08181917875973781	0.05463116863959913	0.06300937460124754	0.01627040598475872	0.009899087145800381	0.01957478120868454	0.04691334884140747	0.1653555832449416	0.004520337702647449	0.0133307312212902	0.01217127350659107	0.0142163145565257	0.01127076561054603	0.01666970833190915	0.0121109549191579	0.01149598678974906	0.01252986065853113	0.01019500149247369	0.07223470934006589	0.05694246560801591	0.04265679685223524	0.03740302301446485	0.07548202224163339	0.07521048856685948	0.1305780471724861	0.1603324024464836	0.00927191358383242	0.03678871060588713	0.0460686865686343	0.03512370717444635	0.294838928522124	0.2679339632897376	0.3035675776272913	0.3116392545935654	0.3120666803698841	0.3107347980624308	0.008425626528864701	0.0999961782670649	0.009696625841544303	0.07398246102778154	0.08423987859868044	0.009848991246653019	0.09342304453587623	0.01047377296980178	0.1489755442860206	0.009703734368150155	0.07614131242541762	0.06056291857349983	0.04563691839535752	0.02035960584501357	0.03910695304765107	0.1237615663599067	0.03851586436625089	0.0421098573366314	0.04087970553277442
0.9672558844730554	0.002404201410531877	0.007357934167292146	0.002663271120442474	0.002678541480616325	0.002459739432700468	0.002036646720575411	0.01853103826254882	0.0107161426201472	0.2052213050253128	0.1717846944689589	0.002913361148272186	0.002939560011352121	0.02937334082366886	0.02718963824787017	0.05665864920819896	0.01192682960336679	0.01535892041397941	0.009697320242233767	0.02334447605202623	0.0302298926813223	0.05163616371258427	0.03992105066791421	0.05919553822673336	0.07004434584124676	0.002349779144697425	0.264666357452764	0.004493638239165831	0.07968928965280501	0.09168332719607715	0.07471050771879485	0.2719117285330909	0.07520406017961985	0.04793404646932022	0.05798495326306632	0.01374338709299426	0.008184825335634225	0.02010948062510234	0.04340971004025761	0.1531103941546411	0.003009505157302183	0.01302020203183578	0.01195041866854116	0.0138922253200424	0.01152215467517456	0.0177935605215135	0.01106195100588856	0.01061828149902813	0.01216162036815183	0.009354209803154177	0.06082176293425359	0.05066366088412527	0.0335820976035495	0.02925399781303153	0.07259196197831415	0.07215875600003027	0.1345581737236919	0.1650989093359584	0.008352215091446553	0.02909995003364995	0.03612603176888676	0.02743329700190481	0.2861994174628827	0.2483050371607975	0.2741783492945013	0.3000852792333225	0.2991469975244617	0.2967947416582413	0.007888613471133418	0.1015420788763241	0.009465464469318082	0.07427928142626593	0.08554163469702422	0.00940691731597227	0.09357725273161172	0.009499388512626451	0.1440899397541848	0.009774468279429523	0.06929965403501404	0.05579371117831746	0.05036657958655565	0.02246408306472989	0.03107742578469162	0.1183485138676261	0.03087266065566437	0.03411218151721144	0.03253905324416441
0.9816312594138312	0.002608296197117974	0.007813818326505328	0.002686676677358482	0.002648079980990799	0.002608237466487805	0.002179548913449033	0.02004675985628648	0.01199104869684187	0.190704061906618	0.1599309494050524	0.001625724411145013	0.001879359994342497	0.02929224936391375	0.02734521815018311	0.05289609385581313	0.011853741665359	0.01535045196009405	0.009693010809102667	0.01598073306713762	0.02420430461810779	0.04624137910681213	0.03194311383006754	0.05040277954724626	0.06094962766777234	0.002447622381660023	0.2443425082930268	0.004515330090848561	0.07506350662897911	0.08549350429727282	0.06964643131311422	0.2511579527277801	0.07015688051527932	0.0446452650615432	0.05425879861388637	0.01465376695007866	0.008838032759209056	0.02235787634897121	0.04117910203326947	0.1429696116689922	0.002320619660189821	0.01299927707330253	0.01202272891116019	0.01385646093421942	0.0118805889667183	0.01891453820339078	0.01042717831545325	0.01010668219906521	0.01206143340005076	0.008883385706409038	0.05684924002264452	0.05004633688635411	0.0284256512899893	0.02433995403185436	0.07004922756699575	0.0694945483118784	0.1381984127382236	0.1692147285808581	0.008904037906751422	0.02372726428510224	0.0293235979091881	0.02199542469317148	0.2787865177705344	0.233070713113179	0.2541083186176981	0.2906701484729678	0.2889893694745282	0.2861744979668932	0.00760683262648518	0.1049548094199916	0.009472714415386165	0.07562245902492176	0.08786628304108006	0.01113866218340379	0.09612737023892209	0.0103896906578692	0.1427512247324914	0.01123730945833979	0.068060496547557	0.05499871006445708	0.05471596690550203	0.02455194536891719	0.02670461589330049	0.1136836447540033	0.0255745623605691	0.0285705575152859	0.026721654780674
0.9856000000000004	0.002499706758917452	0.008644423890903509	0.002678524514995994	0.002648186495572849	0.002541781978485964	0.002705831489147734	0.03342597932048836	0.02368582266115824	0.1881161283251215	0.1575174548585813	0.001864865931414484	0.002035133497496269	0.02928198565268655	0.02709151455456998	0.05485581876583492	0.0121188807575676	0.01627765116907489	0.01026815905490626	0.01687294336201596	0.02516326030826204	0.05284850827662099	0.0325134338963822	0.05061365401778047	0.06101852415545693	0.002740945596024681	0.239953883735294	0.004837787763558222	0.07432402096430343	0.0848987652079547	0.07229741674031932	0.2467345780961796	0.07267591407452438	0.05063936335640069	0.05581295235241854	0.02840210613649427	0.01841595999321394	0.02118321854192089	0.04022779921969582	0.1417244365963795	0.002390229727341383	0.0129797220579948	0.01196401561533273	0.01384489884598252	0.01245015830644758	0.01992415103632977	0.01079946924684022	0.0104815727036989	0.01258484963357592	0.009241127840892477	0.06039040229429597	0.05314893511059897	0.03197376666005698	0.02697606253736686	0.06856310153377046	0.06800345645136542	0.1399596630078077	0.1710919211268908	0.0105712211233906	0.02396761897048176	0.02981771464418162	0.02221423842076916	0.2750507586089034	0.2294188109048373	0.2523722139209293	0.2871455796805487	0.2860816496302907	0.2838061323849133	0.00788357983392452	0.111661328915001	0.009900260905902349	0.07890792233764179	0.0916135489036473	0.01392765889407454	0.1028950905036048	0.01256694607833814	0.1442449785650934	0.0132320195954181	0.07076972850293652	0.0567735741441466	0.05782128575417399	0.0261093820335053	0.02957332029930805	0.1112370901022534	0.02612372250967117	0.0291640564001493	0.02721359738992441
0.9951128561131144	0.002150565598569706	0.008065575763272678	0.002370000033624135	0.002333380298431222	0.002222812623282863	0.002621361912390149	0.0347853302864912	0.02549949708209817	0.1777208263945728	0.1487515814795147	0.001350869316191361	0.001516049796854921	0.02627571187046776	0.02364673816691754	0.05287576616757477	0.01089557854398131	0.01484367330120629	0.00935342168375307	0.01254773744114208	0.02074338680091167	0.04853859974768118	0.02765730193315669	0.04485534189014699	0.05477036056994318	0.002557029267008189	0.226319014878733	0.004514249803280536	0.06910533487596557	0.07913397459663825	0.06982747175415815	0.2331771591444185	0.07007936668910454	0.04931735504907847	0.05365033055125955	0.03023478935025036	0.01985149624491971	0.01828476714795214	0.03759237720973038	0.134091579845213	0.001884646192343503	0.01153585814161861	0.010611087592928	0.01230798990184819	0.01244001615201376	0.02034198415413285	0.01000302691053987	0.009796397599755756	0.01218340232399987	0.008556234642288777	0.05195221710896561	0.04823590481735903	0.02244945858969082	0.0189439564211629	0.06822190357046409	0.06755037186313896	0.1432981568873203	0.1752320697534172	0.008709280394617826	0.01891068435266775	0.02315401447281846	0.017144015843605	0.2744379877659653	0.2208151833273581	0.2366072392276076	0.2843206138739661	0.2817312144074912	0.2782879976202987	0.007454100527026845	0.1069596154515057	0.009598871065701701	0.07750119610094529	0.09057051462117598	0.01151721840195762	0.09691428311579951	0.01028118315918802	0.141130824566577	0.01185732885754879	0.06595522488841886	0.05358439998498906	0.05993290866974849	0.02671030683160229	0.02168697069182196	0.1102174402672738	0.02086487782303394	0.02371422713671684	0.02155221912758505
1.012055884473055	0.001931608237312944	0.009985664158053464	0.001938727250651883	0.001880717393293442	0.0019030965000198	0.003732244875397155	0.06222153071033167	0.05072691539003508	0.1595281184255844	0.1329127896073509	0.0013095597353783	0.001343149622547179	0.02597254285283962	0.02273936813985817	0.05457123581812721	0.009071652496413663	0.01384272838134366	0.008685342816250226	0.0104069373199654	0.01623140579438012	0.05417351948196231	0.02391543711010058	0.03922999579811002	0.04817663727696208	0.003040283340107499	0.2044337240068291	0.005046067514474084	0.06299203410882337	0.07272580298267031	0.0724999844443012	0.2108699780182484	0.07224729551823654	0.06077116508365733	0.05472627144027909	0.05942183090098023	0.04049511180344904	0.01554923278026774	0.03399718394295179	0.1223241726000592	0.001599954190191536	0.008972006089627314	0.008263969915434122	0.009541330242549519	0.01289930610874945	0.02173099203931362	0.009261531261604911	0.009202734101604226	0.01208856027658394	0.007999894494949568	0.04720779172957554	0.04761676352416912	0.0153832076974549	0.0123841067114752	0.06619385184942789	0.06536713038454484	0.1490213695846081	0.1818634253149355	0.009104169020213345	0.01250697434222197	0.01500129546956235	0.01064117479227065	0.2692534701090672	0.2054433060603855	0.2152270791729707	0.276713884997122	0.273021082376671	0.2688417953555537	0.007136521395767598	0.1104257577223078	0.009625989766708752	0.07923091062133056	0.09352588176020896	0.01313454143942434	0.09917279523186746	0.01099351165978162	0.140773242975104	0.01333438071981857	0.06486210706200321	0.05302526639635418	0.06527825420796642	0.02920529209446067	0.0158197979738146	0.106269453491263	0.0144931610531495	0.01707364407251153	0.01456896807869384
1.026431259413831	0.00203309727161657	0.01269894604552086	0.001606097645782007	0.001512465596158469	0.001794999436137594	0.005024840201624818	0.09049813055397059	0.07666989862942847	0.1446146047436574	0.1198141581142687	0.001442030983939818	0.001370122206037746	0.02834859438974288	0.02481333286695128	0.0573336580310417	0.00734853884132924	0.01299956226899248	0.008116877469629708	0.01002503781600182	0.01256439231932788	0.06085067097141379	0.02199513444558971	0.0357187521538701	0.04384987026720832	0.003691564973440432	0.1884251417684188	0.005875706178283704	0.05946755048176168	0.06911105954786133	0.07659504729021245	0.1942287141238169	0.07582839695956704	0.07390884419597098	0.05708110484126569	0.08946659149959489	0.06173078600373585	0.01531194282005055	0.03196703994543627	0.1132151640571535	0.001545938398860327	0.006602508021137353	0.006160546958567398	0.006956453678295584	0.01323527317714406	0.02262319260110354	0.0089341881477476	0.008952794945814784	0.01212429650276158	0.007795086709990855	0.04914934614017078	0.05151941442102059	0.01264589804666443	0.009570649832874159	0.0655157452838482	0.06459533154693048	0.1533613219371429	0.1867335545294415	0.01047774439889133	0.00927736083657154	0.01101183464674013	0.00726878546320875	0.2681165736395292	0.1985249629719874	0.2072880174040155	0.274450137431959	0.270290520103436	0.2658845889680083	0.007041029353688222	0.1143502584296906	0.009768158946947969	0.08105069927526735	0.09631773611536325	0.01595637190856812	0.1026062769538224	0.01289379923350874	0.1440434756679608	0.01545949554761249	0.06846975846237321	0.05583522011872511	0.06856548945438171	0.03094259119724295	0.01387778866896958	0.1047983279677416	0.01124776023821397	0.01368633898520149	0.01098904394732386
1.0304	0.001955738717468417	0.01377673516421018	0.001634264540127944	0.001549939878403054	0.001760465257068947	0.005670293713711805	0.1064369357275466	0.09052538063716815	0.1410858223945056	0.1165821053693851	0.001765043847027881	0.001600186169010574	0.02866329281671676	0.02494938435453138	0.05945274877453166	0.007804559040040903	0.01427643213176945	0.008912471540799332	0.01150976921475429	0.01413165610095362	0.06911055552394568	0.0230139951676327	0.03626845185902382	0.04421110744757858	0.004068168150524393	0.1825797565425663	0.006293030900658756	0.05869802186244264	0.06845881836249505	0.07943858851457397	0.1882403306373838	0.07853245254105681	0.08092142462733376	0.05873059593217295	0.1057841557774219	0.07308024740433708	0.01435439676538621	0.0308459841942177	0.1114192365881183	0.001680547666799375	0.006747120885148056	0.006252375699236791	0.007120895907084353	0.01391381580677857	0.02376924771531428	0.009484846540846163	0.009492118007429535	0.01280186043295997	0.008281776749160931	0.05071924271576415	0.052261784859995	0.01733338121416953	0.01326683472387099	0.0635862903274121	0.06268278565047394	0.1544621600622714	0.187953419117023	0.01170337800799059	0.0101679034400641	0.01229069179649899	0.00821280082711961	0.2630601228508468	0.1947828994676377	0.204920315297979	0.2698178411509355	0.2664902916490367	0.2627333602434272	0.007405961653166728	0.1215403364969818	0.0102602048834803	0.08475413099924051	0.100279329513017	0.01788557652334004	0.1098413564218567	0.01446918141661782	0.1435354304299172	0.01687221417797256	0.06882261837289656	0.05576895900411959	0.07199555326860727	0.03250897462262355	0.01739108955577122	0.1017049754700438	0.01258473535742542	0.0151187276169635	0.01232230921557955
1.039912856113114	0.001741106205934146	0.01435685738101086	0.00117354304183702	0.001063061727272652	0.001436640836371298	0.006035094157025807	0.1161275868968536	0.1002716002591149	0.1320979724092459	0.1087411956667555	0.001369234538559603	0.001160654016488834	0.02770062292107832	0.02332132149175316	0.06025109513825831	0.005603869973957162	0.0120121429892489	0.007456930179009156	0.007500212826436057	0.008062296743008327	0.06617639387762585	0.01844630114677107	0.03083132735904544	0.03828772012260913	0.004112034552048915	0.1736492499360117	0.006355445771135324	0.05480239712746388	0.06448078134054232	0.0809024842257027	0.1794130300270048	0.07964541892362545	0.08545948543079257	0.05940125909367563	0.1167429562642528	0.08102989610981423	0.01203854740720354	0.02925550618760893	0.1054849221864085	0.001216527534993211	0.004130547621801132	0.003875529490863104	0.004294728981026729	0.01366530935743383	0.02361779017340138	0.008781770653381427	0.008863523456836761	0.01230239051531064	0.007680540041762715	0.04671003456355523	0.05082198182836151	0.00909328837614751	0.006404140555554409	0.06524067141955922	0.06424660596781774	0.1577244407668139	0.1919567489304256	0.01031714555056204	0.006701529269111255	0.007689939936847965	0.00465676820193778	0.2686500291818004	0.1939540538254909	0.1997749494863069	0.2738984847024392	0.2691353856825952	0.2642903221603204	0.007020620260085948	0.1159638359805403	0.009921712512139762	0.08273437804653316	0.09856602835259479	0.01605965881936959	0.103383741453879	0.0127568151296072	0.1444036300421714	0.01577999449000356	0.06781490001684866	0.05549202215055261	0.07207219314902544	0.03236957576292898	0.01095489256594773	0.1040614907474485	0.008733817411855128	0.01112145721162657	0.008223756238240733
1.056855884473055	0.001695679248035618	0.0169088195579781	0.0008440482235043437	0.0007052648603762034	0.00125449390448207	0.007356785157822496	0.1466083504247594	0.128014056399819	0.1180383771864061	0.09634158692921423	0.001420718460244122	0.001092337794234327	0.02906011351556131	0.02413832833252336	0.06358854431688696	0.004146087361207659	0.01159463781756796	0.007155950739664087	0.006276514382199509	0.004384921662318535	0.07415805177834216	0.01588827898409733	0.02678782422396044	0.0335165654763953	0.004767995165134732	0.1573962915507175	0.007154111833062132	0.05094133986370351	0.06056863382074494	0.08574324699508594	0.1627614736595382	0.0839719674024513	0.09931721903765603	0.06216098209613491	0.1488869574815248	0.1036984670386435	0.01068035837642167	0.02685720198860292	0.09704064233567215	0.001059662637868839	0.001951920570109085	0.00190612956076834	0.001930422637001769	0.01428073911500347	0.02474710779569711	0.009098859924719782	0.009196521939299415	0.01282300584521867	0.007933844547960447	0.04634024016214094	0.05064619161479551	0.008148722121155945	0.005626439489980438	0.06522677786023209	0.06420733803422332	0.1616474791905566	0.1967127286672407	0.01012392158794234	0.006384503306193003	0.007270080155038736	0.004348850120183254	0.2703815391443385	0.1936766797209798	0.1987623097719774	0.2752662979623702	0.270329563068588	0.2653532638105977	0.007263297976265853	0.1175361894776285	0.01028238349584431	0.08524009585238804	0.1012936563235647	0.01577256475535916	0.1042641179006926	0.0125087838718637	0.144749731378294	0.01580635310068137	0.0678322027009761	0.05548202992524169	0.07564168584209577	0.03361986741061924	0.0102166581567015	0.1039519531228298	0.008595741904515701	0.01108797349597872	0.0080292799871529
1.071231259413831	0.002076227842654441	0.01884162275386411	0.001045621939684204	0.0009334286891869946	0.001514791445111927	0.00815107259141633	0.1619936149845868	0.1412981788277239	0.1110579009075158	0.09007873844262114	0.003036552549839601	0.002512391915268283	0.03317575217466415	0.02924212366570016	0.0643315550536951	0.004851463390762498	0.01314792825009255	0.008135862780244259	0.01708657609860275	0.01243686318681221	0.0871404572254221	0.02490824130029098	0.03456655094904049	0.04056401016478502	0.005328927464649143	0.1503046851281736	0.007873517433279445	0.05188703038911425	0.06182090435465656	0.08666873631587048	0.1542911730370988	0.08480646276320605	0.1070105816810791	0.06266841565995669	0.1651226972016807	0.1149507673538128	0.0129064006148227	0.02629465749664307	0.09261795692464125	0.002178787187894071	0.002524640944851008	0.00246245242484171	0.002520050612365272	0.01476630976720414	0.02556074359565726	0.009476001644544275	0.009568141105108643	0.01329514501883163	0.008239579964844928	0.04627093214442116	0.05037516357385147	0.00884755948767257	0.006267126256934302	0.06625754649869957	0.06522815894245845	0.1652526851335369	0.201178096179834	0.01002530706294226	0.006953452015938604	0.007953226623987949	0.004924084939572491	0.2753449517883167	0.1976051787917102	0.2025094291821332	0.2804019633311051	0.2754718658376818	0.2704482132683207	0.007524624566831986	0.1203107693637873	0.01061103940809538	0.08770993071748194	0.1039815505222507	0.01550357704214516	0.1066240082537168	0.01234885618943186	0.1465199985383049	0.01577107636423968	0.06794945635229854	0.05560041969587057	0.07807972497633951	0.03453277749534269	0.01072236089721832	0.1056228335875669	0.009327563072547373	0.01193143934678903	0.008781464903124106
1.075200000000001	0.001806092459735462	0.01737650623267498	0.001469783237323979	0.001543719250177767	0.001477521547404414	0.007713947507166221	0.1573669973040417	0.1359775550772699	0.1096279241834102	0.08834990376156596	0.007378721613104299	0.006238928016021542	0.03256847744138097	0.0304851892544952	0.06106778395883937	0.007389327334053716	0.01604461535143407	0.01000402546470204	0.0448205330755175	0.03750288445923101	0.107992640791116	0.04995498092936343	0.05781255580005663	0.06246550172843103	0.005192961458469949	0.147924833828112	0.007577548114853831	0.05310823951440338	0.06441485824150323	0.08181571956833045	0.1500043428719764	0.08031669733055746	0.105616487358437	0.05887125395084009	0.1613171254790868	0.111910214056001	0.00952023170094792	0.02416380851830628	0.08969717188275589	0.004851652542787277	0.005228899239105393	0.004707061441450267	0.005484939204715569	0.01592472758428268	0.02752893979432243	0.01036648892552081	0.01044660104246585	0.01442315024590748	0.008991604022671153	0.04579506687742075	0.04912270990599229	0.01383252831748603	0.01030610236346196	0.06534487468684107	0.06431986309610696	0.1699418396892686	0.2069374405152668	0.01075251922071617	0.00816551803417122	0.009545975481375786	0.006224742457301212	0.2752269059951314	0.1974268773346312	0.202411617865234	0.2807954144715154	0.2766348335135361	0.2721233903206097	0.008121887765824516	0.1301762819888095	0.01139688696981898	0.09379334571831252	0.1105090434603657	0.01651306685819453	0.1160261053532459	0.01324434665711101	0.1468206323109514	0.01671958684846936	0.06674222178905206	0.05443600300805727	0.08401394422051126	0.03699686952656791	0.01424328866384351	0.1041628946927551	0.01117235494619455	0.01397316144950547	0.01062514088836912
1.084712856113115	0.001808941251996764	0.01971021230923199	0.001020886891889089	0.0009371160118497636	0.001348714396496054	0.008822124493082282	0.1805476352168345	0.157479354361485	0.1065865948455004	0.08593527657517774	0.003640657312468151	0.00294350022380742	0.03239124941416316	0.02813128084467951	0.06672331929123163	0.005296983879213957	0.01452924023670086	0.008995302802612293	0.01980935580246826	0.01520865775773976	0.09760430463656961	0.02698211754704688	0.03593328207523848	0.04159418361406398	0.005686921221695156	0.1427272758500612	0.008230648876579046	0.05025640928057706	0.06047373943186782	0.08989223035347943	0.1466084624855633	0.08785915256346888	0.1151462277971843	0.06439385486277226	0.1843047078563845	0.1282993782053557	0.01023619415557974	0.02441761221998491	0.09007240647014741	0.002399048552732979	0.002541474528000582	0.002385890962982869	0.002562336532582628	0.01573242145941332	0.02724758274332017	0.01011907364568486	0.01021628474950649	0.01418364475697066	0.008720145997872153	0.04099771819795144	0.04524073812375003	0.008157799814250402	0.005956021344155554	0.06719880123077923	0.06615046504329017	0.1713380341434122	0.208932893773024	0.008531112416421498	0.007289290263301766	0.008181637986466742	0.005372371007381791	0.2814205366560718	0.2012957633862309	0.2030482706094526	0.2863027710036414	0.2811493122784664	0.2758029001737265	0.007956997095838355	0.1231080881878487	0.01115631209227078	0.09178724474647136	0.1081736931995817	0.012874920320816	0.1082479368291448	0.01035661341395437	0.1454222718501421	0.01432354243553053	0.06350837111461347	0.05233545554333448	0.08327931339843311	0.03617850386190385	0.00969700283405949	0.1071099638774453	0.01004436074792582	0.0128628113445228	0.009493679033175351
1.101655884473056	0.001367180682217179	0.02014798991147734	0.001033659416822572	0.00102151546272594	0.001088807257714831	0.009408299002417513	0.199334048519321	0.1736703838861364	0.1033013709562015	0.0826259034215959	0.005125522995040547	0.004104153583325189	0.0308101924398673	0.02636591184966712	0.06918945274298147	0.006167304051352423	0.01643955796572508	0.01019368607596987	0.02777209064515504	0.02284181538553284	0.1127272235002213	0.03393602613173173	0.04192861545410538	0.0470428002881899	0.005994291193154613	0.1362935597303407	0.008493717511257774	0.04886489824120763	0.05981220277189345	0.09314677758943321	0.1399001290128691	0.09098646415807482	0.1238267803726184	0.06600259008292039	0.2039798483705507	0.1419270615218104	0.005860332869845285	0.02207917593224719	0.08801884886809849	0.003102914916923561	0.002945490934650563	0.002589571749010638	0.003040598824277301	0.01745259138943828	0.03009421740429603	0.01153355308466936	0.01160127441394463	0.01589723308674259	0.009824142666054326	0.03664435605899641	0.03995703818178173	0.01025359333201139	0.008144002168141946	0.07006063796613153	0.06900369441526871	0.1824287296242587	0.2229470168886234	0.006967576613247966	0.009683461744342385	0.01097802716201013	0.007905383595922808	0.2962032912638036	0.2137854143973683	0.2132536883069763	0.3016510468880274	0.2965442327879771	0.2909790706443309	0.008891122801045979	0.1306064935375585	0.01226578884509582	0.09989066295843212	0.1165857067493232	0.009793830936650405	0.1141293918325522	0.008188284324166037	0.1474312843744122	0.01274841642265848	0.0595987315740218	0.04945497119061167	0.0917539805215313	0.03901522604629468	0.01083242705192732	0.1118221535152391	0.01310983349392483	0.01637147130027099	0.01268771014471523
1.116031259413831	0.00127554029822756	0.02076950995018428	0.001128324781799667	0.001216408821433576	0.001018598873809168	0.009810358956600837	0.2103871616110736	0.1832393780340357	0.1069011074678041	0.08492024828366794	0.008087093611587062	0.006596731206171769	0.03268877502807888	0.02890744164709087	0.07200662537196467	0.006817773212990724	0.0177206156269648	0.01100374710154899	0.04583596124854764	0.03721141115815818	0.1300611072784031	0.05052825564120517	0.05765295693411489	0.06206884638543583	0.006259789377505296	0.1434221104990672	0.008866259025227514	0.05195554584434295	0.06459093632169217	0.09686908254310336	0.1460836776002086	0.09463476744915558	0.132321534264894	0.06840412906747283	0.2165462727556131	0.150605808776769	0.003689413829132291	0.0222143532997151	0.09044518920785226	0.004848169183750151	0.003372247059031266	0.002863564510922406	0.003509538762494178	0.02000761676414408	0.0344539622592436	0.01342075735338955	0.01347400714069768	0.01833936396645424	0.01134217797388749	0.03532566301287878	0.03753410280049396	0.0131666818057036	0.01083307472640047	0.07209941264164305	0.07100794837900322	0.1979388813944111	0.2420991040436779	0.006337222381492952	0.01196149547466597	0.01375036434880169	0.01029332888288956	0.3104122286522756	0.2240392029680607	0.2223435295829517	0.3161778923732179	0.3112668295614796	0.3056714759327414	0.01018946537621837	0.1424415467322022	0.01392797545186391	0.1118129718609291	0.1292608909086166	0.008316007733353156	0.1237912680363527	0.007246929999169212	0.151118175040313	0.01250725539260758	0.05847407396995576	0.04848324853928163	0.1049617442401017	0.04375025046414199	0.01282728029108592	0.1151020186772223	0.01633785705708935	0.02016341707915922	0.01596966143207541
1.12	0.001295321033820637	0.02097912219640826	0.001167446107902306	0.001288479792976555	0.001023665781890849	0.009904890028297062	0.2126166543926453	0.1851779500254215	0.1090161225739508	0.08645962426115174	0.009144723702576371	0.007498567228584845	0.03370505487940237	0.03022318332912129	0.07292369646157715	0.006982491418538053	0.01801723694519774	0.0111925013639767	0.05242907217013551	0.04228998836828875	0.1354301713443342	0.05664624743460375	0.06354525402255012	0.06774631845207579	0.00633293544726942	0.1474922639338622	0.008992029186968542	0.05350064054939076	0.06676415663921889	0.0980822712708676	0.1497986228265858	0.09583302615629051	0.1348171138435501	0.06925871238388939	0.219297455708647	0.1525004503259933	0.003350088461092241	0.02261075191188304	0.09186173543902694	0.00549403373248076	0.003503457790004483	0.002956049949756219	0.003649078078597021	0.02087098647591541	0.03593782866391162	0.01404127297387771	0.01409198367999622	0.01915631136007547	0.01184586843311974	0.03535520352298638	0.03720778992645125	0.01415429583170054	0.01170972959073649	0.07259664755829391	0.07149180651004913	0.2030912012561983	0.248419242038779	0.00627831992733949	0.01262932933038944	0.01457957230899571	0.01098970556079065	0.314540890292581	0.226797849064516	0.2249217478828073	0.3203730029300741	0.3155423447387566	0.309965144152616	0.01062126028008313	0.1465156914378502	0.01449160321734265	0.1158356387266025	0.1335637597053978	0.00809658492588358	0.1271540487110464	0.007135903529116507	0.1524391178848513	0.01261481484689588	0.05852121435297825	0.04845652489070985	0.1094748008793692	0.04539530483449077	0.01354608561042965	0.115888749811107	0.01732284530131667	0.02133101282375507	0.01696162419514106
