DataType=double
version=3
OpenSimVersion=4.5
endheader
time	addbrev_r	addlong_r	addmagDist_r	addmagIsch_r	addmagMid_r	addmagProx_r	bflh_r	bfsh_r	edl_r	ehl_r	fdl_r	fhl_r	gaslat_r	gasmed_r	gem_r	glmax1_r	glmax2_r	glmax3_r	glmed1_r	glmed2_r	glmed3_r	glmin1_r	glmin2_r	glmin3_r	grac_r	iliacus_r	pect_r	perbrev_r	perlong_r	piri_r	psoas_r	quadfem_r	recfem_r	sart_r	semimem_r	semiten_r	soleus_r	tfl_r	tibant_r	tibpost_r	vasint_r	vaslat_r	vasmed_r	addbrev_l	addlong_l	addmagDist_l	addmagIsch_l	addmagMid_l	addmagProx_l	bflh_l	bfsh_l	edl_l	ehl_l	fdl_l	fhl_l	gaslat_l	gasmed_l	gem_l	glmax1_l	glmax2_l	glmax3_l	glmed1_l	glmed2_l	glmed3_l	glmin1_l	glmin2_l	glmin3_l	grac_l	iliacus_l	pect_l	perbrev_l	perlong_l	piri_l	psoas_l	quadfem_l	recfem_l	sart_l	semimem_l	semiten_l	soleus_l	tfl_l	tibant_l	tibpost_l	vasint_l	vaslat_l	vasmed_l
0	0.00162635912841564	0.02292168526415186	0.001322674919805997	0.001352374764119021	0.001315400387780881	0.01062196503375268	0.2239840997775699	0.1948841532479878	0.1358238261559154	0.1091223029974599	0.007146800414453596	0.005812046218775279	0.0371201155259735	0.03213541045317159	0.08297412455397318	0.007650868665665892	0.01934115138460286	0.01200419143487395	0.03995331539830649	0.03310047553215514	0.1344112102227535	0.0478150618275097	0.05814783700871459	0.06451845758550842	0.006837485714042595	0.1805381211360816	0.009838753548970954	0.06263225079083898	0.07669833585616508	0.1116085179679098	0.1849514373140288	0.1092032400972815	0.144190119245718	0.07948546406088323	0.229517399640391	0.1596025906588246	0.006787502121556902	0.02870867247000292	0.1131500119759028	0.0043745314158366	0.004087972574785937	0.003576575408680234	0.004248662946657233	0.01876726610303665	0.03242428198090989	0.01229508207592138	0.0123816978291499	0.01704690741646262	0.01049526770993113	0.02092972341157516	0.02618691542711201	0.019099811077943	0.01521002047293666	0.07354585366810201	0.07242432218540448	0.1931517446188908	0.2369637512376825	0.006638888523367348	0.009390975256793131	0.01017869881075263	0.007803646085574652	0.3123097539279256	0.2238177437516203	0.2141327036757946	0.3191261917323314	0.3148339597932546	0.3092995343896815	0.009416219032984582	0.1564947769416914	0.01305225873190404	0.1100596049022949	0.1284551187061388	0.009079932483408264	0.1393627013705524	0.007653492509634776	0.1511732944762111	0.01263274834412515	0.04701214156393273	0.04050511933845242	0.09900617210654916	0.04293219920270552	0.01542247938734151	0.1173185646503519	0.01384150222609852	0.01711144396247991	0.01319844892159005
0.009512856113114032	0.001830709813812299	0.0229515703702172	0.0009332544056645998	0.0008917370771473372	0.001263532038972206	0.01032825868085755	0.2131343217594734	0.1867174180119513	0.1452978044924727	0.1171838596439469	0.005942384869419419	0.004788841029868308	0.03866341639123657	0.03298864851252768	0.08503226268072116	0.005039238731430712	0.01564108963044166	0.009650559975484594	0.03208362342100645	0.02322739202268606	0.1200133086558616	0.04139599398988759	0.05299964182577051	0.06001486509774553	0.006565815798381032	0.198343384362323	0.009735049051016685	0.06535198987935498	0.07979525309217311	0.1147720516677251	0.2036641579030406	0.112171154947346	0.1426163647657354	0.08233842045178789	0.219097543452377	0.1526749179436579	0.008452162137000145	0.03222326267893586	0.1201551390900307	0.003617757751685392	0.001570439141524492	0.00141235836603165	0.001488827994012758	0.02098981257092633	0.03646819220157802	0.01347776754378862	0.01361431725705679	0.01894266102345268	0.0115276686041025	0.02584885337935761	0.03162376197680097	0.01992823607631573	0.01550548139880572	0.07483855769048682	0.07360691541301601	0.2091417582031664	0.2560686715248965	0.008368001798174695	0.008652293709383098	0.009360878517205923	0.006945583657315066	0.3231962467107655	0.2268924335677546	0.2176625638137268	0.3294829581048771	0.3250670172207226	0.3194842093698253	0.01035914927494096	0.1700430009135198	0.01450148418705721	0.1210340925333214	0.1410441557750095	0.01209595869355945	0.1510672995960103	0.009912676212946328	0.1596991913115632	0.01541235208382775	0.0531152535698124	0.04503367574580196	0.1117034078605272	0.04815354813353602	0.01639932118064669	0.1190803929048248	0.01374909153246428	0.01732150998395243	0.01287157642703176
0.02645588447305514	0.001684545887308628	0.02275463555786036	0.0009863722664438211	0.001094392753505429	0.001115840834842178	0.0103576561501503	0.2169237401834869	0.1900640149563591	0.1401941931923069	0.1120468320272946	0.01021263353546829	0.008409079759476912	0.0400237448555839	0.03587375560589313	0.08382541203120737	0.005364199760963564	0.01619543427016215	0.0100147923301738	0.05854097599902178	0.04364325649714976	0.1385655842886519	0.06474992796755857	0.0741044605793876	0.07948020747823653	0.006595543407136903	0.1962223894881546	0.009769953328893889	0.06603535446846681	0.08215960886915533	0.113074085500513	0.1995454946062858	0.1104837823081817	0.1471132006272364	0.08076428973803279	0.2250696805682887	0.1567646035519142	0.005328718250087004	0.03056743727764132	0.1153128794062554	0.006154610091488854	0.001777191069556817	0.001457601135863906	0.001725139254382293	0.02373444162681678	0.04166853681495816	0.01459802861074591	0.01484635230525845	0.021119543739624	0.012430479795829	0.02102370411540764	0.0289895112508964	0.01434102687666472	0.0106941721454702	0.07412233791432335	0.07273891301431318	0.2272707177178677	0.2780539826951947	0.007466343401431713	0.005352081518320028	0.005048656240713264	0.003686991372544276	0.32881252355563	0.2209663148047389	0.2059202311916171	0.3329128704983249	0.327503440540975	0.3211525432028257	0.01128269821502613	0.1788021339263701	0.01602247141459618	0.1323403362167206	0.1536643157976312	0.01101435430451998	0.1565513342893093	0.008806639768015587	0.1603143387164902	0.01572425673828082	0.0511730238908242	0.04357951328407941	0.1284312586577191	0.05423674135017707	0.01170122510101477	0.1173567558951346	0.01127775512115552	0.01519969938209181	0.009969539793691909
0.04083125941383081	0.001612418612658255	0.02063316208072056	0.001659527968242358	0.001674075651288401	0.001504376285947251	0.009563472724119832	0.2007896206439323	0.1732817278189813	0.1302528294493862	0.1053518287403823	0.005613361769792227	0.004604962618025865	0.03356453357274462	0.02908711345304452	0.07542142641161809	0.009411274178074518	0.02047605703220842	0.01275707184414061	0.03202842155499315	0.03033683553453523	0.1233600680782971	0.04039072478076265	0.05096760294191899	0.05759619026494284	0.006317054702549438	0.1672160864043117	0.008993817317565512	0.05913311723257159	0.07134961951206374	0.1010570675159687	0.1716911563428888	0.09916872561461172	0.1278655534753669	0.07216615489361897	0.2039494325762469	0.141496436620544	0.008368812339352308	0.02693160452694784	0.1078625173833266	0.00362507036622522	0.006450394948739108	0.005740760989336303	0.006824971897271464	0.02719739911389337	0.04796317182174563	0.01656630157557748	0.01687775571939214	0.02415032167075658	0.01409854514245095	0.03090629753913991	0.03780545760740736	0.0154491285507371	0.01112044952341895	0.06805453790068951	0.06659600173518902	0.2422779504022246	0.2953731968370062	0.01005293191824627	0.004777714140858039	0.004810048695321075	0.003116852924652621	0.317083141122407	0.2043625684625038	0.1930766101134404	0.3195432398271296	0.3146587266603454	0.3090674189839204	0.01275901844309012	0.1903856570730894	0.01822469512135662	0.1464555536533353	0.1688553325215678	0.01552008430353494	0.1655541562267154	0.01224031518251269	0.1602870729924798	0.01980978853477492	0.0592631339009034	0.0486648286062533	0.148160662538864	0.06154946577903211	0.01338800222646088	0.107160165390524	0.01190488063515407	0.01638738129036762	0.01032358892570574
0.04479999999999995	0.001539847609198827	0.01760506890415079	0.003303920217327132	0.003355293053419466	0.00230098270329644	0.008503156556625317	0.1808813816111486	0.1503363070013213	0.1426819610347891	0.1174727998678589	0.003436342491902646	0.002973499291058493	0.02784625853698245	0.02408280003595288	0.06934248396997238	0.01887867587568292	0.0312305719945864	0.01963242272096603	0.02245444848604386	0.0377881159849269	0.1291559693526023	0.03369281539264884	0.04695249300939517	0.0556054597662583	0.006203811622721082	0.1599485262087667	0.008346142870588737	0.06117406905047183	0.07086036005568995	0.09129948567750454	0.1654093024088208	0.09072130977501741	0.1082922136886938	0.06540214873283315	0.1773088742804181	0.1216474328912823	0.01176920978914685	0.02564535268837629	0.1156702999376135	0.002829967034581898	0.0169803192939584	0.01517316628469623	0.0182910204052549	0.02780925694109749	0.04900277531780974	0.01701701789317769	0.01732343711412837	0.0247339111956998	0.0145321319757092	0.03416000197486498	0.04076319558092328	0.02009523557072243	0.01466553511900623	0.06869906844158093	0.06722227829073982	0.246439617575705	0.3002991977551731	0.01182978387384724	0.005405435491551742	0.005726431994396086	0.003687420978969669	0.3209681038405944	0.2072040035417726	0.1974823862234184	0.3240842750621504	0.319794734855981	0.3146372013249342	0.01309531953411596	0.2003117646457629	0.01871787951515441	0.1508513935331568	0.1740462425719548	0.01841427012070909	0.1755511973350991	0.01452889043600283	0.1652957521292703	0.02189146667802764	0.0623018071334772	0.05088152527391404	0.1512823984518827	0.06332926011992718	0.01701668324673593	0.1081746994311131	0.01284068246091545	0.0173716811140295	0.01121903359979657
0.05431285611311398	0.00099172001541482	0.01635379313713169	0.003309006970400086	0.00334851314161001	0.002050126018408166	0.00821203504610026	0.1787252187632216	0.1479175362864924	0.1633052466186381	0.1350335102527294	0.001828843161693898	0.001518433672572627	0.02369191030311493	0.01817968705239032	0.07449438311070029	0.01977651646629408	0.03223532130522633	0.020259991553624	0.01114433424249629	0.03175513222538293	0.1256003368180315	0.02557176596497747	0.04141644241574266	0.05167018406605892	0.005991936846328857	0.1809471289173998	0.008060788109592648	0.06437625389004732	0.07458931791947648	0.09813578624254478	0.1887376439294842	0.09762162480411839	0.1083212047333066	0.07031258409383952	0.1738282667811153	0.1191140545945277	0.0083080862424797	0.02780734531398035	0.1307718080370037	0.001666645390913147	0.01779285837764717	0.01578982103913594	0.01921941882572835	0.02983938411564257	0.05279371190310841	0.01804546731446592	0.01841001019677434	0.02645699792593173	0.01527074778573552	0.02381294246990519	0.03059893074607162	0.01627387772823423	0.011773262734292	0.06129293257314353	0.05981253718688682	0.2502038654983886	0.3050262020842028	0.009162137246982649	0.00386364403844108	0.003690008311879977	0.002519882957113009	0.3007272183147478	0.1855505159473239	0.1701231146547268	0.3017371296062845	0.2973855381442534	0.292210298456285	0.01378361378243451	0.1986677619476691	0.01970883820392771	0.1565246744431662	0.1790570846195725	0.01410084755526882	0.1715365519698296	0.01110443316168475	0.149437445272748	0.01963874391482732	0.05141794862477208	0.04203230937034068	0.1633896274327487	0.06677238421063104	0.01316135519302651	0.09597437596473404	0.01227663059713484	0.01717394867818387	0.01046708801885527
0.07125588447305514	0.001181958503024713	0.01663468608787907	0.004638415811853691	0.004731278120595108	0.002788498886965618	0.008700494305390051	0.1927989646662269	0.1560830271587044	0.1404294280181786	0.1165814346066547	0.001758834152385004	0.001621615701298562	0.02189715221976365	0.01825763505971037	0.06640438694302007	0.02734382964997243	0.04218753450152	0.02660148507832959	0.01404849953407429	0.0444394741559397	0.1464020942888596	0.02660560080202971	0.04080937999346176	0.05059979817966473	0.006694298889994012	0.1341365952309931	0.00836378635968632	0.05847240201863612	0.06573427671976946	0.08605034237263144	0.1401777178315108	0.08630627198527238	0.1027297256020677	0.06093553852429538	0.1842163052938751	0.1253813053352568	0.011772500459196	0.02094041758274153	0.1143257026465004	0.002073440882926052	0.025711401837767	0.02290497834483986	0.0278273392045279	0.0320538035460789	0.0568430682358446	0.01930895411670502	0.01971382341733702	0.02840820106723304	0.0163051026343627	0.009467691785699582	0.01648036932434607	0.02398390535225829	0.01788605812796951	0.05294730338251026	0.05148258924267819	0.2528834984875528	0.3086543407966977	0.008788372506800644	0.003038243671543565	0.002622643639608405	0.002160624055450316	0.2775259188011562	0.1624924182921331	0.1401280637275863	0.2781133989561999	0.2754018316062365	0.271280865319462	0.01460119990637849	0.2162272255478972	0.02091986214882029	0.1666068531275112	0.189420926729333	0.01347276284371311	0.1879081616091367	0.01061624373015575	0.1350384955310188	0.01975277302327257	0.03611859046007669	0.0297719569132195	0.1761601409137453	0.07175976272783638	0.01708251238688108	0.08230479290981815	0.0130697952024717	0.01817399963151721	0.01098687976567756
0.08563125941383082	0.001964948819423453	0.02011525748341983	0.006685783571869345	0.006826720960061024	0.004169399003947511	0.01058630384297014	0.2341390501129446	0.1864610251646888	0.1264418280892226	0.1054476895540345	0.002204799573877178	0.002256131795805047	0.02588526662169493	0.02453321328604317	0.06464922441843214	0.03849654642935321	0.05776323764091845	0.03649357192518676	0.02170760041802051	0.06425836627835678	0.1874010996997194	0.03279574762943453	0.04626896062499528	0.05634592181301104	0.00849378598260306	0.09446592988125432	0.01005109658217622	0.05929586633581331	0.06398356202280146	0.08203832824495777	0.09847522803795512	0.08310316976404332	0.1104810408813337	0.05735391001969707	0.2209016350592171	0.1495860063569203	0.02017264237539798	0.0162209363286143	0.1061871519264636	0.00310417874195381	0.0371148396350606	0.03322980061594818	0.04017111865816256	0.03319236377457284	0.05893204303363674	0.01998569431243795	0.02040556554261306	0.02943166617425744	0.01697031565845467	0.006862194960093135	0.01333940120102937	0.03606968131706199	0.02709921438651966	0.04473953287145568	0.04331142934519103	0.2498881884952945	0.3047631018454835	0.0119147008128483	0.002793214395850942	0.00266823250648335	0.002141744201674365	0.2515944730773643	0.1398668466254334	0.1173310198555148	0.2527240383722172	0.2523521617356408	0.2500293330266653	0.01504185519188656	0.2358432347669585	0.02166368171248026	0.1735161521582748	0.1969721508450639	0.01874800482014576	0.2081977726551497	0.01471640375212106	0.1275812982928496	0.02342843510163661	0.0310490918472805	0.02509423584982192	0.1827183051649396	0.07526157069920347	0.02533825474682124	0.06894764995436931	0.0140063576592291	0.01906350758589111	0.01169448268365051
0.08960000000000001	0.002014028272049475	0.01967935994869609	0.007363787657697592	0.007550820348023214	0.004511024016665101	0.01053135786032761	0.2344760520945349	0.1846459861436483	0.1249997095876473	0.1045832998080023	0.002576636109517238	0.002659636692210651	0.02506818698635472	0.02456550638513779	0.06201877824279867	0.04231849525131291	0.06247839553297691	0.03950344965831303	0.02565860651648157	0.07276303773374158	0.1973904107081615	0.03649250178991183	0.0499248874546539	0.06011921227489153	0.008677089190712216	0.08489125244195583	0.01006794300988833	0.05944995407367509	0.06339604897691016	0.07787786779434963	0.08838747185545751	0.07938653749391333	0.1067686034115373	0.05424807127346531	0.2194003528522866	0.1480320609146355	0.0214522860854789	0.01462149192805828	0.1047953250457038	0.003549212664561495	0.04122323723792691	0.03689707429801349	0.0446384912365462	0.03423616721499418	0.06069928457645411	0.0207871389171062	0.02119509617609285	0.03044548239215263	0.01770140767265748	0.01320712962331414	0.01872146092377294	0.04174605167892806	0.03146303171707845	0.04465171157951711	0.04321052900277895	0.2555064339107568	0.3112921496223073	0.01429345896093861	0.004034069267754302	0.004472577628119265	0.003316103324131737	0.2540176723720931	0.1417241211384378	0.1225392657189991	0.2558326736681996	0.2562760017115151	0.2546225595751044	0.01562188496722472	0.2470828191886345	0.02247420083287861	0.1797118351957306	0.2040201438251901	0.02258374750275358	0.2193315758083556	0.01778174748558019	0.133149118193998	0.02624601982547902	0.03639932167645824	0.02885324779718921	0.1880134826590793	0.07783008446032866	0.03003710464737975	0.06879141665455514	0.01570172354139529	0.02091123073042051	0.01337455803248662
0.0991128561131141	0.002049831946047594	0.01960531528958328	0.009523019216973091	0.009810694051745207	0.005564582870385771	0.01108221449532106	0.2522162823397454	0.1933626396276819	0.1378457229641488	0.1163827453320087	0.002420989049492569	0.002731311811135928	0.02281481606647703	0.02341111877905411	0.06216888771923318	0.05495219014169068	0.07880680063972183	0.04989095746035839	0.02876020336019965	0.09330996442099573	0.23231410881995	0.04133306106143458	0.05682428559672218	0.06882837933010878	0.009677888598602316	0.07413537892008869	0.01072170118312566	0.0646794804556932	0.06701074988750347	0.07614801831681978	0.07780326660428813	0.07885310981460361	0.1051562443770413	0.05257802861954728	0.2308028876343687	0.1543657581115297	0.02489530436926312	0.01247933783326001	0.1145526952961892	0.00404761897280723	0.05441835261059835	0.04865165232744531	0.0589924587605046	0.03397377471533877	0.06040106712412402	0.02042744361654187	0.02086015746357641	0.03012958299605394	0.0174596279976911	0.005063850821518843	0.01093035563612314	0.04909989180496235	0.03698257576694913	0.03541712834219916	0.03404129627288474	0.2436413837401799	0.2968187462777537	0.01556166306076412	0.002400162113090684	0.002601312153258223	0.00197113403802329	0.2207048665019222	0.1137563995998519	0.09181001055810681	0.222464353477353	0.2246749914059289	0.2243796872439663	0.01531334328201334	0.2550423582174467	0.02219343621374033	0.1789170833923537	0.2029049984041114	0.02493858515804887	0.2285852198339123	0.01951279154788443	0.1190144013691814	0.02758344289864675	0.02628951650165061	0.02056226203212473	0.1873721730299537	0.07817671920341988	0.03434581431696342	0.05380895294910922	0.01472925363520556	0.01964755145461712	0.01218247982395987
0.1160558844730551	0.002923255688998441	0.01699825223277317	0.01366932311360136	0.01414245938801184	0.007992986881581541	0.01014419554821442	0.2311533938333529	0.1624881617202455	0.1818421568171753	0.1558244945750459	0.002903985129619877	0.003773334632108955	0.02305657482024116	0.0273683370643154	0.05725206069370683	0.07730358889856682	0.105323017098857	0.06682113357387705	0.04240660956501357	0.1354260487220705	0.2771702048858313	0.05914682769428967	0.08016545368717572	0.09606041366822522	0.01052356116262886	0.08917742898709823	0.01103667632794218	0.08325593676195897	0.08335852149936493	0.06589263133584444	0.09271782800375274	0.07131865455386446	0.08239549059377896	0.04620900377680703	0.1973544675610487	0.1280763554127061	0.03814454455571042	0.01535137301129847	0.1446688161904519	0.005876095857532632	0.07906410227107198	0.070813129388427	0.08572645845447689	0.0346001096751685	0.06133917798118114	0.021241507779522	0.02161716354071207	0.0309234962892821	0.01836368063718317	0.008162184920857907	0.01145643586536002	0.07511451721736853	0.05719024198631215	0.02492688667770526	0.02368023989810552	0.2328224616738702	0.2831994372186612	0.02254416740762681	0.00497304002949185	0.0065870938450463	0.004779486958004039	0.1848016660020994	0.08875786364231479	0.07209343662874776	0.1894685241703141	0.196315999337506	0.1995598820897181	0.01576820537199228	0.2885847995128411	0.02288178630664493	0.1867449165091531	0.2116939524644823	0.03630599075955517	0.2651932930756012	0.02857104560319871	0.113625091317805	0.03491843577388964	0.02374932600533885	0.01732626908827408	0.1898814128774024	0.08137860344584398	0.05320302244998759	0.03705957170927753	0.01882407777701507	0.02352748254126913	0.01618839340487266
0.1304312594138309	0.005064836073986206	0.01820906505691236	0.01665606423301799	0.01718874798559894	0.01051248006123683	0.00990770251482549	0.2100956801710219	0.1364218729062249	0.2097999548749288	0.1809541009267445	0.004394636187021804	0.005726041902561191	0.03519349912610734	0.04421567436349592	0.05265007789874542	0.09105153754985951	0.1212572310989182	0.07701452045359046	0.06223195480714621	0.1670464083862493	0.3047192653503895	0.08017640974637692	0.1044440518172023	0.1224991072876135	0.01152833296213791	0.1087169782076089	0.01217443678818992	0.1024554800811712	0.1012355586709303	0.05739034062376917	0.1100331703538631	0.06459199691459278	0.06808631084630419	0.04195653028760087	0.1688751243358998	0.1063892485438623	0.05882587852350812	0.0220572216311537	0.1641967568206195	0.008390548368894428	0.09491490017797177	0.08542756517636524	0.1027788246167293	0.03088992685169619	0.05489223555519052	0.01876044223953449	0.01911475706171384	0.02751953527351463	0.01663151823075659	0.006036505869868591	0.01021389276039505	0.09790622464169633	0.07421070265440989	0.01537451788617602	0.01426560422856452	0.200690363973896	0.2437237313173911	0.02998621151938034	0.003109315786436589	0.004830384904175882	0.002963587468550823	0.140446997654654	0.05777262518516953	0.04352637070134984	0.1481674026414767	0.1591300962386552	0.1655020219091646	0.01397519213976667	0.3109716359104386	0.02072600162790205	0.1765987803956126	0.2020881512123126	0.04914218166707218	0.2942109292364478	0.03838389486370427	0.1070500833799408	0.04201084453174263	0.01828480465152192	0.01270790862764208	0.1700727472184239	0.07716689592543796	0.06908131915443112	0.02178431493399405	0.0169598317182417	0.02039159036430248	0.01405272392971271
0.1344	0.00552482359716565	0.0191563984204167	0.01687407728525023	0.01743388607037791	0.01082294300921767	0.01009061990591689	0.2101454598936479	0.1362863331634433	0.2133817426020401	0.1837474243815014	0.005968963922448715	0.007155071561574037	0.03957896432239658	0.04964284955497045	0.05328964749640729	0.09154732687360691	0.1218584522787281	0.0774029484114762	0.07324692323527418	0.1751418750462665	0.3116167806979318	0.09034814954380208	0.1144068402982623	0.1322103709866243	0.0117510661953091	0.1167978601244306	0.01257502882136918	0.1066683482245385	0.1061882552923084	0.05815813024080434	0.1171361659192975	0.06540700991923409	0.07062496869916227	0.0428368767204609	0.1694230673411985	0.1067019412143442	0.06192321169017236	0.023922582793818	0.1667188321818519	0.00954785439802054	0.09558803914827242	0.0860982825702082	0.1034681785733636	0.03380219978317565	0.05853176226806431	0.02342153780684105	0.02340932399960967	0.03156078250370439	0.02043766583816721	0.03445655609639459	0.02479670838504729	0.1256950158707043	0.09832161603728508	0.0122816640311481	0.01155352636713403	0.2003153619127618	0.2429078204004521	0.0339870387165035	0.02160982589770917	0.02917350992333562	0.02175259458830905	0.1355256257094105	0.07861125935563197	0.0884410745068718	0.1490497876829336	0.1648513451963671	0.1750662922092241	0.01676186369388576	0.3228525048351845	0.02344559723494054	0.1903263919109389	0.2139292064881023	0.05321673903748583	0.3072857502743223	0.04309218033465118	0.1090509786397887	0.04480884191557245	0.03274984425457263	0.02136589061244266	0.1784978039472288	0.07942714844204075	0.09265691828520403	0.01830042305459384	0.03707434253650781	0.04189612884724643	0.03559287282921559
0.1439128561131141	0.006075735333745693	0.01848353769875796	0.01793105712440512	0.01851520147121069	0.0116182655481889	0.009618202397658678	0.1962453225408821	0.1211597447554041	0.2167003802532501	0.1873707535359335	0.005960247907692545	0.007381105208482938	0.04109812878657037	0.05284346701458034	0.04824167939509177	0.09666493763080598	0.1275255656634663	0.08103755352677852	0.07692039989148491	0.1847405751742865	0.317319769156247	0.09426863844750354	0.1190695398272513	0.1374491997281079	0.01185630896629414	0.1126922392018121	0.01254089285562132	0.1099052771810632	0.1081655752690026	0.05047349553891754	0.1122446217219435	0.05848292500101513	0.05976605906703819	0.03783079605709654	0.1523351151597657	0.09408845581066778	0.06805140365859348	0.02428845272971798	0.1683388210260167	0.01007608171854266	0.101537329915742	0.09154644962174047	0.1098938543290868	0.02672896977454448	0.04765113337118698	0.01600105615510116	0.01633136392307775	0.0237115624936391	0.01458106018153063	0.002793211810251906	0.00767532720620813	0.1140740618850303	0.08622975878424345	0.005690446993728817	0.00473996340603775	0.1657155243602706	0.200867404125343	0.03520956805073464	0.00113221896744976	0.002814835163854562	0.001070258619935001	0.0944358547422165	0.02620036574859249	0.01391401577785	0.1043444783335832	0.1185249433675233	0.1274133837782968	0.01196310209808227	0.3195971468978987	0.01818799945940446	0.161981831538004	0.1869950724639035	0.05828156084060262	0.3090260481562258	0.04532318885183428	0.09590678781176223	0.04655028115708981	0.01167167423795087	0.007265293934821035	0.1478309989834032	0.07108562526453747	0.08017739216262902	0.006355377925145589	0.01458860380681471	0.0168105451820445	0.01151988406083155
0.1608558844730551	0.006850009700172179	0.01803882501889312	0.01937079784802659	0.02007517635731476	0.01264890858577015	0.00918249431819794	0.1824265968979078	0.1052996972089836	0.223808822694069	0.1938043182081839	0.008827340230607736	0.01013184581746989	0.04565462718284963	0.06051663273358253	0.04307399994389421	0.1035015972760606	0.1352949609779799	0.08602158873636644	0.09967806795066229	0.2107098940521195	0.3379273577523396	0.1157670965076097	0.1406251693781509	0.1589881181587594	0.01213244269797013	0.1150726724298084	0.01275432031791012	0.117314873368375	0.1154760999883924	0.04233237523089655	0.1124660907286808	0.05129192126770291	0.05116423876933677	0.03259705328388815	0.1358846102353177	0.08167437464787364	0.07510463697067506	0.0253675994424186	0.1720173286812041	0.01251893752447788	0.1093854111100021	0.09866880231432226	0.1183629968471945	0.0170890536827926	0.03040448716918312	0.01024566991974738	0.01043103844626406	0.01517274795982983	0.01022343917273836	0.001878884222116523	0.007488366788095682	0.1420243038418191	0.1075311620344737	0.001581640931583994	0.0009315790652122165	0.103011110721175	0.1246086580442964	0.04363485177220717	0.001071422224549468	0.003253542853736741	0.0008390892106878479	0.05237565028642703	0.01063772135973233	0.004827381151001783	0.06864366728749191	0.08753644554221621	0.09985046030315868	0.007753090384905454	0.3279076840235521	0.01251815280560094	0.1285420616005575	0.1526949609169947	0.07255066082733178	0.3299291872976516	0.05637626374405565	0.09335102852386758	0.05264055263515444	0.006678359837063642	0.003886207935366339	0.09405381248064253	0.05514490721534737	0.1000492501207566	0.0005618246428048257	0.01252971441879987	0.01243449587972689	0.009635894853839476
0.1752312594138309	0.007689127535844404	0.01856281443659387	0.02016783628964114	0.0210000869936612	0.01337126522673922	0.009014233165132	0.1727788467356502	0.09532591629664737	0.2268842216089992	0.1960987341361004	0.01325950039521272	0.01414270519095343	0.05300921459193902	0.07105007077782217	0.03976745294156047	0.106499068946165	0.1385244220420757	0.08811059106804738	0.1307937704627246	0.2370204459251054	0.3573368995741686	0.1440987899016331	0.1677501879807736	0.1850887850005325	0.01237306365614649	0.1229530741189817	0.01315477412147141	0.1247133643593894	0.1241074326167702	0.03731357106731082	0.1174737381633811	0.04673948326154832	0.04947944006053617	0.02959621600778881	0.1265780900497796	0.07474414585142204	0.08082352974309064	0.02726386677120949	0.1728704293791381	0.0157244058528786	0.1130493084274496	0.1020371024772844	0.1222721363043047	0.002534446572448769	0.003923737891784939	0.002273720741991874	0.002135254210482624	0.00262771296565889	0.004363871707545112	0.007911977099220644	0.0124573281928504	0.1993167321129257	0.1518793892817468	0.0008641551579558465	0.0007140989248174275	0.01119938232606254	0.01309481464816777	0.06000909681705598	0.00574548837010273	0.01010116070659773	0.005123382585665191	0.007657186720086696	0.009389183393215251	0.01892412891341069	0.03706703414471563	0.06490760158053853	0.08354812343111072	0.001831389815114119	0.3609532727848956	0.004365237640929918	0.08332238906475863	0.1073903088723227	0.09950240449480832	0.3837869327727961	0.07763939347357972	0.104008995540848	0.06522991554121005	0.005175458916494011	0.003462487229742006	0.01066712513955345	0.03174531803888424	0.1417244996347215	0.001061679036193705	0.01447401612677653	0.01089581815145771	0.01211922151045043
0.1792	0.007841678237841345	0.01928024428402681	0.02010001543929545	0.0209922028519968	0.01336461535383143	0.009246229827144077	0.1769534388138361	0.09951808593467736	0.2251227966489956	0.1940350558418476	0.01567444442789157	0.0162053674112324	0.0560153574801246	0.07494976542727672	0.04037403998416852	0.1057995091276268	0.1378409863877555	0.08767801972841832	0.1458477716622617	0.2468422109955281	0.3664453462822504	0.1573735143509419	0.1798369985381913	0.1962658338501387	0.01250705390979727	0.1262406547568427	0.0134276963559895	0.1265048324255288	0.127084178834215	0.03823778087242843	0.1195302230190234	0.04753764378538877	0.05457277825887184	0.03023566859082447	0.1324834798923743	0.0789453480512366	0.08066138168646472	0.02758616850415024	0.1713277006342392	0.01719759068694313	0.1122554669536175	0.1013051227783931	0.1213930715352435	0.005914091826271393	0.009422028596007813	0.005283005519453206	0.005052837448570991	0.006115457373117615	0.006854883560854203	0.01949660606361575	0.0195359831453712	0.2099493714570387	0.1609020988083743	0.001788647197790441	0.001674261410304645	0.02781887238270058	0.03310939603248483	0.06211966495310706	0.01213409352512508	0.01850219127440699	0.01156860589503924	0.01970130417868596	0.02292661992774697	0.03988903230804419	0.05079732735665464	0.0801685090603859	0.09997085514288617	0.003850676065014396	0.3784389548749868	0.006832355366937112	0.09961234170125288	0.124444746937215	0.1020970384767994	0.3995945804879641	0.0801802733617234	0.1119527934787599	0.06777825045023612	0.01322691239504102	0.008744960524560077	0.02677108298021086	0.03772056348375297	0.1507108973076103	0.002826057706189294	0.02217001641446953	0.01945658930437852	0.02014459326335366
0.1887128561131141	0.008136883136253107	0.01875544591234622	0.02002772612598443	0.0209609642028006	0.01344462854746782	0.008725240710073037	0.1623245019260551	0.0872749142109263	0.2208801836170669	0.1903052457233763	0.01749861174932816	0.01783302979336477	0.05844410408532415	0.07872107027403828	0.03649815423539163	0.1046639397698044	0.1357812411216246	0.08639236378277194	0.1581370504639547	0.2541112725201353	0.3648836795083761	0.1679330498631696	0.1892356199471676	0.2047177661100437	0.01221122159788926	0.127193089398534	0.01317148855538331	0.1271427236711748	0.1281996165113611	0.03311198009658944	0.1190845031015644	0.04248312319662773	0.04971034811313305	0.02692177765728836	0.1189735208872113	0.06962730413103872	0.08219512954404151	0.02802690291152452	0.1670744775962776	0.01841941931759637	0.111424693486276	0.100606728310173	0.120463056058631	0.008592588629767042	0.01434358497397952	0.006636473276994157	0.006476486300964592	0.008368702997248454	0.008032254279956404	0.01483382636923733	0.01636049786608328	0.2141812000955221	0.1638859507439529	0.001664721546531011	0.001432074877913268	0.0446657711833127	0.05366937888798911	0.06331785787958771	0.01056940938584612	0.01647534476450829	0.01006433023381308	0.02696800446773197	0.02122904608507142	0.03356919112856135	0.05768593027276774	0.08745524071091913	0.107389214668818	0.004892090501896519	0.4010201371436112	0.008473519624488515	0.1136591407688137	0.1404472569947752	0.1042549035373992	0.4201381204381652	0.08173666441686864	0.1163006830456283	0.07008848874988796	0.01059321074428602	0.006723612776378252	0.04232784270282981	0.04436280371014302	0.153064607812885	0.002214513797420658	0.02178702726361077	0.01932943191911751	0.0193831117040123
0.2056558844730552	0.008971368979126766	0.01975462149386108	0.01977371154218634	0.0208399591106241	0.01362117696791575	0.008539953597889685	0.1506476398945599	0.07897006073021244	0.2070752271173716	0.1775372099328654	0.0237886005821659	0.02332072170832575	0.06786479217076355	0.09165521598101529	0.03132310556286488	0.101473376310971	0.1313100319761271	0.08358471040114702	0.1988723287888847	0.2784943814381756	0.3761128799491091	0.2029242058749655	0.2202711843028752	0.2327421374094346	0.01211157477900614	0.1286421248896049	0.01339366140408682	0.1299945842997124	0.1333176585721655	0.02652290410524854	0.1162519947245728	0.03572508176732447	0.05167211884423979	0.02268861732513603	0.1118628507948577	0.06501516950137358	0.08541271061710655	0.02886667735844697	0.1552489665046333	0.02245380559252498	0.1084967644942179	0.0980649421382956	0.1172017995271147	0.008818779897234745	0.01507666621061518	0.006159446037763416	0.00608568241025635	0.008265319204076513	0.007737621257909839	0.00915208020673155	0.01373282224511861	0.2157947751847139	0.1644574026109739	0.001454938123708264	0.001118674801825755	0.04872144727628808	0.05859283404815897	0.06479962835231945	0.006712639192045657	0.01153457247149106	0.006152997159826957	0.02724724340122397	0.0147437827313259	0.02202375807171713	0.0575087997588729	0.08733820484935745	0.1072093027324211	0.004681394228793935	0.4146592317966193	0.008514292977980748	0.116964774418973	0.1452617304542645	0.1072736548421186	0.4337242499597609	0.08375764022457612	0.1192696049970271	0.07227844117188997	0.007717703524178964	0.004874701462886607	0.04519896495727892	0.04660866034430833	0.1533839068765387	0.001462313263856756	0.01819744661918607	0.01543481549553856	0.01534593994085109
0.2200312594138309	0.009906145389221421	0.02163358857084021	0.01928465174724667	0.0204556501728769	0.01374125434270571	0.008665425195413804	0.1442747755509859	0.07615069308496909	0.1932012709448711	0.1645117241985957	0.02993716319446188	0.02866086287814704	0.07878217421586356	0.1057845464688894	0.02812780352874318	0.09685444933393919	0.1253201466613541	0.07980087640683588	0.2381922067329504	0.29940028639349	0.3855241294650209	0.2364959841106046	0.2498577578551673	0.2592780152712706	0.01212867030876547	0.133310856051171	0.01386266825793587	0.1332641512621164	0.1391520636235752	0.02285168891745978	0.1167294024972666	0.03165144723431088	0.05780753627325096	0.02057961312218466	0.1108775939454967	0.0648779799625081	0.08900050797711191	0.03053346567838959	0.1439197702268646	0.02634843152974881	0.1039644857686609	0.09411599537931142	0.1121853017511628	0.006769501213836081	0.01156378095235348	0.004650974610737858	0.004587409832270756	0.006306704597219176	0.006530138171314808	0.006891813487851361	0.01283281710620956	0.2148603781043305	0.1634553049512343	0.001405346228867084	0.001085367516819315	0.03781856379192288	0.0453544306605816	0.065066223963169	0.004906812843927823	0.009213064632548286	0.004277509391742721	0.02147361525598462	0.01100732312455521	0.01731505732116717	0.05188470346329295	0.08160571488196929	0.1013965020051999	0.003639795947863158	0.4092494881642191	0.007179125302416467	0.1083911401711464	0.1363821544170424	0.1080104099292102	0.4300877546384663	0.08417343684931804	0.1178967080527138	0.0721710199270056	0.006160293787906214	0.004016171925164038	0.0345374538520376	0.04302970517004953	0.1524327512131056	0.001395035538935128	0.015706719287239	0.01245749571680251	0.01279392855567039
0.224	0.009983889483561107	0.02266197785788601	0.01912199579727728	0.02037938661505312	0.01362977484124935	0.009097017523514868	0.153934790744626	0.08546067135400964	0.1884866546821262	0.1596646141784717	0.03324828262794211	0.03145417122872651	0.08211625336678277	0.1101511203642385	0.02923284041987371	0.09573474451459264	0.1243640593622412	0.0791909682409494	0.2583664499987103	0.3124375683793268	0.3991830538911888	0.2540717029156493	0.2655524042475154	0.2735991975399402	0.0123436013319226	0.1344310414757441	0.01424297700478211	0.1345197073307244	0.1420185602227479	0.02452867633417574	0.1162095316965476	0.0330939727327738	0.06625180800616057	0.02156171583231294	0.1231234189191519	0.0735584016937238	0.08760414831992108	0.03018501068541458	0.1402639412064763	0.02829613229015593	0.1025829918920789	0.0928176425821423	0.1106733025428769	0.007103929922539273	0.01168395406671692	0.005712277495174544	0.00553491372507663	0.00702748876432138	0.007317351492121393	0.01777509476009897	0.01959448728754991	0.2150437016648965	0.1644329847128853	0.003508609306367847	0.003291759699661196	0.03832884496052294	0.04588251895576677	0.06431656664405254	0.01045735850134611	0.01637553396976832	0.009812041064663114	0.02927338595981599	0.02543151660599497	0.03965155904321544	0.06069371354933832	0.09049310638960549	0.110467572042992	0.004254764851861758	0.3985385004690513	0.007612817332599288	0.1081183393976138	0.1348852899776819	0.1059851660480077	0.4191726438109294	0.08305144737162215	0.1200873847285849	0.07078768979702857	0.01367360785286477	0.009311314654499208	0.03404533913988997	0.04171696234719684	0.1539911587033381	0.005289552124879187	0.02108653755265895	0.01832490645246028	0.01873297067043437
0.2335128561131141	0.01018050094229357	0.02178307237886043	0.01846759269584156	0.01973016557195307	0.01339103137381835	0.008313125965606445	0.1328713123378391	0.06929172227278212	0.1780932006519546	0.1506466361454178	0.0345880908038381	0.03260751846826557	0.08385131048668687	0.1128024615895649	0.02413485848873832	0.09133241840979257	0.1180036492549334	0.0751710531435127	0.266499227618801	0.3120975151499313	0.3858280291241613	0.2601316256397999	0.2698567906759421	0.2764999798309591	0.01170027296382254	0.133222929840571	0.01365445452372012	0.1321012143516621	0.1400574072601161	0.01824981187800005	0.1137034469852406	0.02660908729999468	0.05960220850080483	0.01746336792629537	0.1045062910345344	0.06109433009087931	0.08782027216610522	0.03036129844108653	0.1313573906835682	0.02904637883322203	0.09835282088887293	0.08908580482358246	0.1060546341105928	0.005072191713319016	0.008577992681312355	0.00354610422631356	0.003471714701580436	0.004756447899938448	0.00561252299641404	0.005697990640478446	0.01204480130388411	0.2129878577803951	0.1619627099126348	0.001339492901925521	0.001058119903123228	0.0280156218516518	0.03348711266989676	0.06458393122034066	0.004304149245855878	0.008408536397824075	0.003647570310969732	0.01652672893578792	0.009264506215994976	0.01559655412501662	0.04704368107038274	0.07656248725981174	0.0962229915686529	0.002845079188423415	0.4004397889993911	0.006078798983518225	0.1004511328213271	0.1277344048349672	0.1073124707272401	0.4226033608832575	0.08357983781208536	0.1152813538267777	0.07118953569317735	0.004933436223909926	0.003276961155209836	0.02533649887854332	0.03952421909970621	0.1509941712596102	0.001396228860229437	0.01447890396492925	0.01092388204552887	0.01162751744248221
0.2504558844730551	0.01095788606635321	0.0229065010237453	0.01782778656339456	0.01917871545811655	0.01337309134557906	0.008131245075367336	0.1206689274476639	0.06163894184545289	0.1619201122862372	0.1358525686860378	0.03999994117230561	0.03729639999664083	0.09286600181957234	0.1247081078270848	0.01946228620401828	0.08604319643459034	0.1109329941194073	0.07070370298110022	0.3008614034809223	0.3287359096907311	0.3887341746201893	0.2890365654849356	0.2948038776649083	0.2984267671094626	0.01147384200430779	0.1345740803874041	0.01378915814769151	0.1332583842974654	0.1433696009673228	0.01267614629188849	0.1112012273137008	0.02063639088929096	0.06202769111716136	0.01397202842553837	0.09752464659898738	0.05685309639224433	0.09042442090704222	0.03137332031583605	0.1180992244364965	0.03242171063104506	0.09317200710858321	0.08454489049014488	0.1003477959392279	0.003712954376872224	0.006080751313991998	0.002845816902706838	0.002739368760977929	0.003603235245065986	0.004926285188624898	0.006576107283799542	0.01231949305732777	0.204783598632353	0.1558773320489278	0.003117811622762231	0.002885246031777043	0.02145573983584837	0.02563593557122844	0.06188187679932272	0.005010043761771589	0.00914729346304561	0.004326182382423227	0.01899325482951266	0.01484408360623404	0.02227365799580823	0.04899798353260494	0.07731190370315122	0.09613766911701654	0.002305996912294855	0.3797822772051546	0.005166822734442762	0.09164633803130935	0.1174330917292366	0.1027020716773584	0.4021191218501817	0.08005688350643353	0.1121356493922175	0.06774799542689317	0.005600239683640992	0.003997471013272285	0.01746556360531879	0.03540207041799279	0.1453633671608986	0.004482753196304363	0.01431851947667205	0.01075570708157891	0.011731257449504
0.2648312594138309	0.01166916915466151	0.02421341292549158	0.01739898054830386	0.01879197190397472	0.01346260606588555	0.008149722774341152	0.1136084943666877	0.05764684137849831	0.1512653298477973	0.1260835090762137	0.0435624513498452	0.04040740845409846	0.1004384088587487	0.1343326080218096	0.01678597300063352	0.08223739281583804	0.1059228335146668	0.06753533217623169	0.3237747020180585	0.3390330575237288	0.3900951205989084	0.3082621115077179	0.3114322600851843	0.3130632450976852	0.01142117604756645	0.1370518922801771	0.01405619013255269	0.1348954205446815	0.1464576156245887	0.009598099261859751	0.1109710201331915	0.01724565813745773	0.06475247205528521	0.01223140375000738	0.0940753739477215	0.05490876716296714	0.09363661718785662	0.03275467150578829	0.1095957122929079	0.03470254827275075	0.08946114754243989	0.08133546872183742	0.09624625154297206	0.003517167260539396	0.005660169198444973	0.002847813883019185	0.00272516621021077	0.003484553792654284	0.004795290618446454	0.008273906721352945	0.01329882452786322	0.19482483888115	0.1484402674676606	0.005278442070459811	0.00505840218832551	0.02233488449727366	0.02678724069208595	0.05877322765705019	0.005787618142829946	0.009959235593503271	0.005083108102526246	0.02610686681123128	0.02204506398725429	0.03023045380016075	0.05506154633488478	0.08184180675607994	0.09959965806406891	0.002283960839810161	0.3607973737433346	0.004968108360363342	0.08742448419793591	0.1120036747794654	0.09738835008846998	0.3820139363262929	0.07599360806477067	0.1102421975122106	0.06423457459579976	0.00744346784402238	0.00553230854798822	0.01605529377813623	0.03342072974880782	0.1385525459262561	0.008083867385979784	0.0145251475258019	0.01120288805992056	0.01216430425758016
0.2688	0.01178612407734465	0.02516292571774467	0.01738926458542881	0.01884496374830226	0.01346505707404271	0.008538284145810324	0.1217593058611744	0.06512495761427908	0.1525359299543007	0.126525237184337	0.04596467017098776	0.04244889873744838	0.103479812713938	0.1380816276088497	0.01887967013451668	0.08197571763283028	0.1059547898801569	0.0675522888829551	0.3386224027613187	0.3493267665785197	0.4018179727877683	0.321653981513904	0.3239449939618956	0.3248755118294511	0.01166268590923991	0.1432235363221094	0.01445907247878873	0.1376401000510866	0.1505661777311927	0.01247717742601491	0.1161323560828699	0.0199888687543114	0.07198781292044001	0.01422218848145716	0.1038290045508742	0.0617462058517891	0.09322144893100236	0.0334060382368829	0.1104901322810985	0.03615819621608733	0.08904247512931317	0.08092409520820541	0.0957776318921264	0.003392400614002014	0.005245633852485843	0.00311503487341039	0.002944729136276647	0.003540511144945394	0.004938800252635528	0.01427170615745397	0.01749659714107032	0.1906674021659012	0.1455804992717507	0.006878610597072747	0.006701544176243746	0.02205070964378614	0.02635680058508183	0.05752265228298013	0.008022441124318845	0.01280696050661915	0.007272133427390125	0.03121315000244734	0.02983250756383676	0.04190773234386942	0.06009746765186436	0.08626896360845016	0.103686061635346	0.002422761128086707	0.3483737406037931	0.004952727862977319	0.08486102998889931	0.1084981901443151	0.09500245308167178	0.3692356036550713	0.07431647797242093	0.110800916284648	0.0625978923494748	0.01216803576983271	0.009012128103902017	0.01442423180604464	0.03185088856358043	0.1363608764366998	0.01089366844659854	0.01637528775653659	0.01329325505795294	0.01430908276419447
0.2783128561131141	0.01200910274863629	0.02476504746160057	0.01696899997195764	0.01838759766463201	0.01338640068094988	0.008051723270483055	0.1073120929511225	0.05393144302134244	0.1454684802239639	0.120630661665465	0.04577355132733614	0.04230920595553934	0.1046052352475798	0.1395457852162012	0.01543242088565411	0.07905505547093859	0.1017183761521291	0.06487220787943619	0.3374984522183133	0.344072258775105	0.3885144019153368	0.3197843038396224	0.3213544858728585	0.3217072124908302	0.01126500163775105	0.141055055436532	0.01409996732075264	0.1356475419511423	0.1483319677233231	0.008228128356937304	0.1134706429032046	0.01560843467367235	0.06636316026095722	0.01153741160177504	0.09041655058398609	0.05274627776362366	0.09462119837677095	0.03378466443681585	0.1047882569716048	0.03604086628713568	0.08628202759912547	0.07853869000048973	0.09275611127385909	0.002726824044910322	0.004103698011481177	0.002626272954829923	0.002460771089897905	0.002904120854311712	0.004474177862199152	0.01016564990769246	0.01394647088045915	0.1859217481523532	0.1419747144657794	0.007494876310903635	0.007325708293389008	0.01899758916520661	0.02287820288383323	0.05557545213296052	0.007377778521765747	0.01180415975462924	0.00666723031311789	0.03165023234534209	0.03044280704699557	0.04030025403653942	0.06001827131895145	0.08546940801916975	0.1023022739480004	0.002065287360218352	0.3393050462178965	0.004428513531036786	0.08060312400748024	0.1035874274706031	0.0918095723600139	0.3600679002374785	0.07179428621645702	0.1073745817359189	0.06031499350170908	0.008823861166599289	0.006713073619044531	0.01097850903538472	0.03002446928486243	0.1325708439714085	0.01191395492731442	0.0153793039789403	0.01223472199640685	0.01335280595129912
0.2952558844730552	0.01286628211989753	0.02654921841139387	0.01684026535279924	0.01824842571819328	0.01373433930340125	0.00827297501758772	0.1032729424073364	0.05165158869606543	0.1436266116205951	0.118689633769226	0.04761869198319918	0.04399783995653355	0.1123742600683481	0.1487787870022687	0.01514615346396804	0.07690243993059349	0.09887906361997136	0.06307567372938945	0.3503519711321855	0.3489686934860308	0.3883451239217035	0.3308551994585978	0.3314914935243513	0.3310306412401812	0.01143669660090178	0.1498952354659577	0.01462268137426307	0.1397768996858756	0.1533572552061711	0.008139887464387091	0.1206335855470987	0.01533028910881009	0.06930218899930887	0.01213122022686154	0.08826949345433975	0.05152041256986752	0.1001649097019636	0.03675675167019977	0.1034516588540493	0.0374038754993956	0.08433292688532837	0.07696846451075202	0.09055754388259789	0.002131617786560899	0.002900957906468466	0.002511488448787905	0.002308368074972233	0.002490664983401919	0.004195392930633823	0.01224294570367504	0.01473615762524146	0.1731908206748571	0.1325879807677704	0.01030331721762792	0.01017522151975385	0.01761051347796202	0.02135535091483358	0.05127829803045185	0.00891263925394031	0.01351327908597869	0.00819304049495004	0.03988363692636378	0.04050771049394333	0.05178708904527968	0.06710347237833895	0.09062849558956833	0.1061172809171247	0.001926774211241628	0.3123001868277788	0.003967485767681146	0.07343723197433075	0.09454529161481447	0.08439580151963628	0.3319321522731295	0.06616552032930417	0.1038876173251242	0.05527906996756411	0.01068348103392053	0.008297187829614285	0.00702090289758649	0.02654637092324335	0.1238965263635681	0.01668340639178188	0.01606760833758774	0.01321366606085081	0.01440970471816627
0.3096312594138309	0.01349161050212854	0.02801097637612054	0.01671628587493482	0.01806879365821221	0.01400555115640007	0.008504234508772385	0.1013187309548799	0.05085772651076551	0.145184392874543	0.1199433035682292	0.04755028215285302	0.04401582985673754	0.1174538928414395	0.1542695010025061	0.01616006455563499	0.07525153145212156	0.09675775581701632	0.06172595049154916	0.3507530344698974	0.3457002855360941	0.3830953041545085	0.3311196184465959	0.3319254316584712	0.3314838275970277	0.01159078627013835	0.1583670251381182	0.01504130667473434	0.1428130526859629	0.1566157463719657	0.009754306967898455	0.1286781775045037	0.01677317483955068	0.0712544958290967	0.01383622828095872	0.08702542142154376	0.05087723860750193	0.1048105167524572	0.03955863606993395	0.1050794280253326	0.03753022490676528	0.08280917081894892	0.07576366944882276	0.08884291932848772	0.002062707761188872	0.002779657820857414	0.002467217761523819	0.00226696736023636	0.002425131688819119	0.004024432287956179	0.01292804344033492	0.01513905202579717	0.1620899381877514	0.1241510471918696	0.01171359877118647	0.01158297052146868	0.01898417840324664	0.02307156217606797	0.04803464922530452	0.008896961231846088	0.01331534508213367	0.008167692011296039	0.04479056422346663	0.04447611340148097	0.05561415726958768	0.07055125197043453	0.09240855747254002	0.1067482488235554	0.001891354491570551	0.2930748652797167	0.003801872891897363	0.06946753875724786	0.08941902375872979	0.07897250430965934	0.3113428926321155	0.06195291681859409	0.1008121458579618	0.05175947363128245	0.01182633466374034	0.009287123692768687	0.006673283470978696	0.02492946080401129	0.1161281459676859	0.01898943597854174	0.01552209120365578	0.01289669655313147	0.01401712103104929
0.3136000000000001	0.0135836499548498	0.02859316549393004	0.01668482720571866	0.01804616772445746	0.01402442475974131	0.008712309798441068	0.1049751963502606	0.05430863735884579	0.1486644582665831	0.1226395628215124	0.04818144486923024	0.04455131269774042	0.1190840118024075	0.155964270295727	0.01809610545844242	0.07494548200254504	0.096540154629114	0.0615829318809103	0.3545771642668908	0.3478485543927841	0.3863008495147285	0.3348198075070192	0.3356842313509652	0.335213430306516	0.01171426310893036	0.1649977125715461	0.0152746398725858	0.1448517202445692	0.1592800373143619	0.012425554486619	0.135185535660374	0.01935176945374325	0.07494547280625637	0.01581148284041869	0.09126114426467942	0.05387799347155034	0.1050860221004899	0.04062779938186296	0.1077993674163742	0.03791503217309154	0.08243179778033767	0.07542838664693717	0.08842230471084048	0.002162153525294037	0.002840748032455436	0.002750015415480818	0.002521809467014321	0.002623724378168443	0.004192255814377404	0.01800388611124527	0.01877591711521798	0.1580734872562813	0.1212656915724902	0.01184248444503208	0.01174313249637009	0.01891726772290715	0.02283056732495167	0.04704150419629843	0.01034852554400297	0.01520855785199127	0.009598673205706187	0.04539758456330756	0.04707914935267288	0.06137548633912424	0.07076238606389618	0.09211541829507519	0.1062203430709193	0.00205814704194363	0.2824414361935452	0.003890246103648139	0.06782370089147539	0.08696673969092457	0.07713594535214105	0.300208843507905	0.06063997824376915	0.0997750440408037	0.05056678115378393	0.0156801613146459	0.01201145088669113	0.006653047990832188	0.02405306424668339	0.1138946958186422	0.01933223782832436	0.01673526363525535	0.01433075195829732	0.01543128162587293
0.3231128561131141	0.01394101142308269	0.02902787020244045	0.01669046599872017	0.01799886574362312	0.01423521072216499	0.008649156117756369	0.09921603681779524	0.04947842197166254	0.1529798230019585	0.1265022360838762	0.04728461712402281	0.04384869559805007	0.1212167661509546	0.1580855613254682	0.01848646419748846	0.07443424603067039	0.09565304001332391	0.0610209704265126	0.3497175110719588	0.3429275802363573	0.3793419327421096	0.3307534781530055	0.3324248612432082	0.332438039399623	0.01171168589881144	0.1723209772989923	0.01538432235121952	0.1470031958823674	0.1612135778063029	0.01301541923921439	0.142764573657479	0.01994117875699942	0.07315236128115099	0.01668537397336305	0.08509876978031049	0.0496503437772841	0.108338926129982	0.04276510947708539	0.111178382329703	0.03750314257393555	0.08211906775581107	0.07525968942260955	0.08804963613914367	0.001591337287801953	0.001957664583599074	0.002171166627325625	0.001970269786151588	0.002000428278134902	0.00363740179953411	0.01232376241492862	0.01413222362694726	0.1510827440764848	0.115806315261158	0.0113464115277182	0.01124186742962693	0.01584607622745076	0.01930051017003548	0.0445924080680786	0.008733346659495775	0.01295541160188852	0.008050076450247792	0.04228646277196522	0.04319938718805926	0.05407349430257286	0.06650937613626845	0.08687915203077297	0.1002352400227275	0.001654452639833906	0.2711043546157997	0.003352008121036643	0.06322137852000524	0.08160228700900535	0.07324451604172906	0.2884208461437465	0.0574988120105802	0.09389267311841906	0.0478844735809434	0.01107710458001964	0.008732272801509695	0.004177357815145464	0.02240255388002613	0.1083033930611911	0.01846584977790901	0.01477718062808888	0.01230512151102985	0.01343977739797246
0.3400558844730551	0.01494814473327246	0.03138074741791302	0.01676990992616366	0.01796924986951965	0.01482794588246146	0.00907772781135565	0.09742432602540521	0.04844927929332111	0.1646665130944389	0.1365286609795099	0.04615310820366801	0.04302986337332586	0.1288526641961442	0.1659179057948304	0.02218020005629211	0.0734610248542347	0.09436988529261527	0.06019892548454187	0.3443906038757069	0.3356721244863001	0.3716387279335089	0.3267648844455967	0.3301017186845275	0.3310954765542962	0.01208112153731102	0.1931159204789869	0.01617078499539921	0.1542878946131777	0.1686511017885579	0.0181472353768839	0.1637454039922409	0.02494428582363266	0.07618926928264783	0.02135115950754617	0.08304968540223025	0.04837727163992853	0.1166961382851599	0.04848226369010816	0.1208330988847589	0.03715948985724486	0.08144247839329788	0.07492117161497754	0.08722072748420272	0.001332883084875021	0.001659040084441971	0.001755234951407358	0.001592293713751978	0.00164276287244193	0.003119091883790066	0.009818195956640951	0.01211692663260643	0.1352273213250502	0.103511470561343	0.01030601956085862	0.01019243667556996	0.01445768037222079	0.01761721866651913	0.04013576784701941	0.006979619688803972	0.01051318793166733	0.006349391743811356	0.03820926625862446	0.03774650817600348	0.04642585039578979	0.05980038253597619	0.0779860847780538	0.08988239098170545	0.001374318210953615	0.244588517432149	0.002919626232405213	0.05661797972094439	0.0733317911139815	0.06604950160441854	0.2601566544996896	0.05177555393602195	0.08470056532467651	0.04318562694993718	0.00934571667536338	0.007486560737470911	0.003576194491276927	0.02021647040880977	0.09676431386585213	0.01669392683149481	0.01237883588084908	0.01008201957545121	0.01109698029856869
0.3544312594138309	0.01552310371005789	0.03293825181461479	0.0165879865382316	0.01766884445310328	0.01508770023985794	0.009351492486481865	0.09579627390624086	0.04797468656937868	0.1765356453605155	0.1467242431552027	0.04416447758137219	0.04138901457708036	0.1331114354073603	0.1694291447378859	0.02651532140532531	0.07166353871215916	0.09208556604563689	0.05873367957282016	0.3323809033739146	0.3230133278158034	0.359289258927337	0.316807169131322	0.3220613426735384	0.3242214308688728	0.01223731643967159	0.2127727109973777	0.01663808192957781	0.1591670514307931	0.1735896409414085	0.02428977927967626	0.1844546460187397	0.03085892076245619	0.07871390423326069	0.02648527775837216	0.0812148739159423	0.04736356153481903	0.1217371599843788	0.05327738729696723	0.1306123274998151	0.0360809816582412	0.0797383707269138	0.07358207397203002	0.08531260935414878	0.001297008244715937	0.001839585927519734	0.001310381408345307	0.001209424656792098	0.001401008099156123	0.002642108142597305	0.007654169427741975	0.01129618802046248	0.1219644222894022	0.09296151238612227	0.009710670296182942	0.009546625213292585	0.01582949391670859	0.01919733580257257	0.03710498348839044	0.004266172623537508	0.006904924645698498	0.003624114996078972	0.03639889270106607	0.03202369146231141	0.03795603302456042	0.05555769777581339	0.07183183523614313	0.08244323560373959	0.001126545621966727	0.2265872886655302	0.002654562857695336	0.0525803532084918	0.06848132167469621	0.06138639182051123	0.2405488636606154	0.04792945872733041	0.07933809412172298	0.04026461022564361	0.00875858915215643	0.007193803737485797	0.004602950495207724	0.01933180165351793	0.0870218596071111	0.01550247388037168	0.00918053322502466	0.00695889337452514	0.007797469904855756
0.3584000000000001	0.01550720546425611	0.03322623131919903	0.01643892930249811	0.01750730262342101	0.01501074943201461	0.009466158185049109	0.09808037750631414	0.05043973073157094	0.1774803764178681	0.1474095260986927	0.04404236562747763	0.04125877780541876	0.1334123538983986	0.169446009559159	0.02776653178454239	0.07086255187254507	0.09120285956654949	0.05816655019770876	0.331159872998676	0.3208952533645529	0.3579568996436474	0.3157317713224492	0.3210695982922702	0.3232624197372455	0.01225650730039366	0.2155225249476861	0.01671144002162256	0.1593586735129356	0.1740006604853142	0.02611593438064634	0.1873942668684287	0.03255981660348475	0.08076880198569476	0.0277907882196867	0.08392647369987517	0.04936681823469196	0.1213936170725759	0.05372321085598224	0.1315343387756416	0.03594924093276979	0.07882779509963857	0.07276659282812067	0.08432266047394921	0.001774036552802214	0.002447630972158677	0.002063955571812192	0.001906090201209345	0.002057566438072032	0.003203373312020191	0.01650703484330434	0.01740263352057881	0.1205441606882178	0.09226313825197983	0.009113594132952456	0.009011294449835243	0.0160953796354515	0.0192296372845497	0.03680163068449673	0.007285579619763235	0.0109173878772271	0.00663472186765048	0.03530379829246331	0.03511848884692614	0.04694298005119406	0.05449647538651287	0.07074793484323316	0.08154511080963076	0.001589551094315114	0.2174648273953202	0.003068282603568704	0.05263416869258477	0.06762287479607751	0.06049720463932775	0.2309898903867131	0.04747940669836645	0.07868394387271678	0.03974844659487232	0.01495816069397318	0.01141625774822988	0.006041698527386808	0.01895257108170125	0.08709357447208584	0.01478432722773987	0.01213825777288352	0.01027390743859542	0.01106549422628862
0.3679128561131141	0.01586508601821546	0.03389317457243821	0.0163396978463781	0.01733806297762657	0.01517771892616487	0.009459705063195838	0.09276038477942591	0.04634351722471692	0.1911325240824974	0.1590421209162828	0.04285288987718757	0.04028678644480634	0.1361908281027445	0.1716651935738076	0.03134434724538145	0.06976856216490865	0.08961447190873637	0.05715136211499818	0.3240290732331714	0.3134090376518603	0.3491476484841	0.3104237319355357	0.3175333942611498	0.3207412592341994	0.01225852880142698	0.2362567742542083	0.01693184456802342	0.1643262648816684	0.1793596531858303	0.03110989110626899	0.2090711397021459	0.03744997874934981	0.08154783505479488	0.03199845936171999	0.0783657447302106	0.0456446246099321	0.1245783861285368	0.05794677932068868	0.1419734138618639	0.03531618668466521	0.07787429074225892	0.07202623767495685	0.08324992044809812	0.0008322117214321019	0.001225960902553272	0.0006714474922078041	0.0006175627532491756	0.0008111336343680747	0.002030141157052095	0.01031147378013398	0.01462340568972837	0.1096596665732392	0.08309926351287705	0.008111526381061834	0.007922907085050047	0.01350376614562544	0.01600412484630102	0.0351107874981575	0.001996815878184911	0.004032366297680763	0.00128382117987883	0.02973717035441385	0.02390577442581398	0.03017850439988968	0.04665430639243001	0.06128890122360441	0.07094978149951085	0.0007381876386840901	0.2064154308096014	0.002186145316256681	0.04653356027715538	0.06142431936260707	0.05845187606211937	0.2194465811346658	0.04544893803029812	0.07433323606188204	0.03833312598692851	0.01183995984054105	0.009489395532538516	0.003090685255260028	0.01757122520522212	0.07848458922989003	0.01275831513341188	0.006249859719397123	0.004042381792804725	0.004821406086750425
0.3848558844730551	0.01646274923194577	0.03545461433331885	0.01579150333266997	0.01666531613186681	0.01526421719977773	0.009589336242607322	0.08645119957839277	0.0430002880572076	0.2069360714613183	0.1722736939621176	0.04130411887782945	0.03899018894062366	0.14159866589819	0.1761302373702615	0.03709482145035248	0.06574211130424364	0.08437416627676754	0.05380616797804566	0.3140457658786631	0.2990290035623194	0.3318807503255984	0.3024841554752742	0.3115696991114169	0.3158032453194006	0.01222248042877954	0.2668992187419685	0.0173282852296046	0.1706410222843629	0.1865831810906113	0.03949825562857684	0.2408576165829672	0.04539989953508226	0.08537475966557656	0.03895906204592781	0.07313174792453657	0.04254303610352781	0.1290611634789811	0.0644336246281518	0.1544312804706036	0.03440862458403828	0.07387527100408699	0.06863627907144659	0.07884067515950692	0.0007437375295278275	0.0011407179358978	0.0005087655175587671	0.0004718524155999988	0.0006765815144119822	0.001825540420464648	0.02367710112628648	0.02708366609893599	0.09733168423148775	0.07326996859022845	0.007848387394256843	0.00764050738679059	0.01443656035404721	0.01634694337376908	0.03438030572827922	0.001512227143849292	0.003643124246350269	0.0005739114332661211	0.02863098750026517	0.02210972716200407	0.03450749736170624	0.04355810767587176	0.05651229950677913	0.0653739334969196	0.0006953869466394969	0.1842223419211221	0.002111821331088295	0.04187930760919325	0.05582337168645327	0.05745058292244738	0.1961785686192311	0.04458739012636951	0.07525624867384448	0.03779569092863666	0.02431102619253265	0.01867275759046769	0.002940557997986167	0.01617524440079784	0.07110946495611485	0.01226606370499925	0.004966756298190104	0.002968926678343826	0.00364406061719975
0.3992312594138309	0.01675539055629573	0.03645251739091359	0.01508940016236703	0.01586213441729345	0.0151107453151858	0.00963341954904832	0.08138532496695365	0.04098969679503187	0.2175907366293771	0.1810498883422443	0.04003015069972431	0.03786783688650455	0.1448551797017775	0.1782813228316901	0.04184776459052602	0.06127388565421488	0.07864922284137475	0.05015236754237604	0.3049701865493967	0.2852135020335201	0.3152352490548035	0.2949157130129694	0.3053013686619866	0.3101470275526755	0.01205895542988199	0.2905881351166765	0.01749476760160864	0.1741757389734411	0.1910117174059404	0.04661499852372894	0.2656237614405682	0.05202787788591271	0.08899190470684377	0.04469528222644489	0.06959670507581853	0.04067747195068312	0.1308327133048745	0.06914923026827385	0.1628902790981725	0.03352506228147431	0.06927891924968782	0.06463577119114029	0.07380980747096137	0.0008303190188088705	0.001288191507157019	0.0005902909296992655	0.0005523140225475135	0.0007661346177869627	0.001857533520955223	0.03955674539179801	0.04147883499991986	0.08859717525518819	0.06628089487320296	0.007856303918735453	0.007638673514912152	0.01612949919482583	0.01754353271795936	0.03476862045941202	0.001956292298952995	0.004523132374269544	0.0007677526014308128	0.02883999328193055	0.02247640647825535	0.04268140249924497	0.04241890952662687	0.05420547567896106	0.06264897607770024	0.0008143015549769046	0.1671486576577886	0.002237672250890201	0.03902032484705164	0.05231486701528716	0.05819734532902054	0.1783569959173746	0.04515456887798425	0.07875610498395789	0.03842614004651727	0.03868696218870619	0.02920489292737322	0.003358840965139642	0.01533189934527131	0.06657637061675235	0.01226878142106852	0.004756315205240859	0.002990312082337859	0.003574793166446216
0.4032	0.01678341843806602	0.03685821265887936	0.01486932041907719	0.01563828489452394	0.01501186070255705	0.009751399130890789	0.08319109857197962	0.04333744406722395	0.2185634205564815	0.1816220890793241	0.04039941694323221	0.0381554663096269	0.1459254103912669	0.1792251980405124	0.04326372287510035	0.05996508698904646	0.07711808453431786	0.04917389101810356	0.3067414698024047	0.2845062363200343	0.3144378285457645	0.2964865716453747	0.306731179942178	0.3114102631487795	0.0120634673355177	0.2954049065887887	0.01759686754582906	0.1748586294781804	0.1922318553549526	0.04873812824275778	0.2703978456365871	0.05397348959315211	0.09189935013124326	0.0462570648631275	0.07233826406401365	0.04276415312386882	0.1304843615856971	0.06991547078937223	0.1637376540539503	0.03368348283280271	0.0678454518961176	0.06335303667873171	0.07224646949092499	0.001126937601750132	0.001729133653439666	0.0009642609616517739	0.000904250639443042	0.001128661735307194	0.0021541101152367	0.05298325009126959	0.05283109873493507	0.08554175004005737	0.06387459934258401	0.00616264010337706	0.005971789449194028	0.0159361539500429	0.01658146388516351	0.03581406308464817	0.003355364189248575	0.006656704140167675	0.002031198996049672	0.02348733776697358	0.01976619794673611	0.04746372775977124	0.03648581021300044	0.04807063717476018	0.05673987895886581	0.001085684447177817	0.1573107250352607	0.002535542937703148	0.03815243486698802	0.05086660601412007	0.05987570412352406	0.1682537721085395	0.04654065557220341	0.0799175973628701	0.03963338933248749	0.04962725641115732	0.03693743312907144	0.004537409529959999	0.01511791467194427	0.06586410234186413	0.009612329772941883	0.005905021115913777	0.004369363843164879	0.004886907010228946
0.4127128561131141	0.01667725358169257	0.03649401469839045	0.0142119081727127	0.01493336013920588	0.01465748323231765	0.009420548065609461	0.07435553497755477	0.03756773764812006	0.2253351455301533	0.1871412194686453	0.03968918017011958	0.03747570857988516	0.1458449666803324	0.1781523360586481	0.04557207804764041	0.05625907357656171	0.07216286868615862	0.0460185894419648	0.3008019976650022	0.2749889838296099	0.3004563703677537	0.2915284829935179	0.3024656984536172	0.3073795413196991	0.01165850300810797	0.311261549323178	0.01731707257623502	0.1757085040930353	0.1938600677375572	0.05242062992517717	0.287186025945803	0.05731697633797035	0.09193236732064164	0.0492100024237058	0.0648705875796497	0.03803390387853861	0.1290856413480592	0.0723727308716358	0.1685860958517832	0.03304122284905942	0.06400994227424406	0.05992643007370206	0.06808022116205031	0.0005486847799881818	0.0008006410867247508	0.0004081508931573551	0.0003688158424448197	0.0005075021520401662	0.001732184513080796	0.05988494132208246	0.06028066035493809	0.08203210890171918	0.06076962777935476	0.007530577529342926	0.007302085861998969	0.01581823112655535	0.01601733032252565	0.03686206195696135	0.002213860165700728	0.00533730871671404	0.0006753005184244107	0.02679215205848356	0.02130367589132711	0.05171102271151867	0.03934200526221122	0.05031274678176944	0.05869435338199665	0.0007756941036886843	0.152622038565554	0.002207849481562923	0.03539254945173049	0.04834565465778948	0.06188008272465596	0.1638397712600126	0.04796776355978745	0.08510212928176977	0.04088994112028575	0.05705335494066691	0.0426820469177547	0.001822024571402698	0.01423326040817393	0.06402185995072937	0.01172017475528846	0.00423976834008803	0.002573503907007754	0.003163732516546574
0.4296558844730551	0.01660969252849405	0.03660924515400389	0.01290603474054696	0.0135915222005735	0.01397858807980197	0.009112918214285988	0.06427608773125366	0.03293069927734273	0.2299687663407965	0.1901839741164189	0.04052773929005072	0.03805023921193096	0.148139567156847	0.1795418394516992	0.04916190665331664	0.04865257044236346	0.06234846409894299	0.03977085909674797	0.3032021645970836	0.2658802931581793	0.283123247763718	0.2935741254829688	0.3041245157935971	0.3083371336026609	0.01107256155725765	0.3352325082711037	0.01705267148595831	0.1768727257588215	0.1971778162146951	0.05843447968073872	0.3114679647714352	0.06256419948948073	0.09656746647704786	0.05393099613500877	0.05900830561382633	0.03492170600532146	0.1262345914666212	0.07597279173949986	0.1716635039306595	0.03315551653904631	0.05602289167315611	0.05277191443291053	0.05939151673573004	0.0005425105956470441	0.0008048943625471379	0.0003933094621369973	0.0003554179755375598	0.0004937276664766376	0.001787708456285647	0.08817751427402903	0.08653003380694123	0.07568844795148907	0.05522437480824527	0.007119884096324836	0.006863232117590203	0.01767706466506939	0.01667295539909711	0.04060034427296186	0.002639149500103557	0.006589961131086028	0.0006122133521306159	0.02514940725929158	0.02000624039689962	0.06447604414888959	0.03658222207514928	0.04678754549603758	0.05532185107625007	0.0008995393197491322	0.1389500841738762	0.002443727969060331	0.03307224621413735	0.04602738788825617	0.06836808300013419	0.1501718342113041	0.05294612651580753	0.095757414413858	0.04532588077052662	0.08270275948786526	0.06147735267767058	0.001790085927407008	0.01386965428283729	0.06243231273095867	0.01098667626514211	0.003830306371746316	0.002313491301311863	0.002846297008017063
0.4440312594138309	0.01663558686819184	0.0369438490675635	0.01170673310420198	0.01234466102519686	0.0134075443884609	0.008902844886426115	0.05594408964720802	0.02951717159307007	0.2284710580178325	0.1882192728074663	0.04103899441902144	0.03837113332805996	0.1504677564865604	0.1812116495508726	0.05106116935978815	0.04156381357199004	0.05325397058306544	0.03398213121701294	0.3040351398999632	0.256151628558208	0.2659870686289328	0.2936733976436222	0.3034379601832795	0.3068002157903837	0.01058091093564841	0.3497461023660817	0.01683883812183846	0.1763130987159822	0.1981122755721168	0.06208787219400009	0.3259866939069324	0.0655077904561833	0.100023363175458	0.05688474146513691	0.05448817070242321	0.03268162092224811	0.1244204733437307	0.07843936427670305	0.1704328183960239	0.03313744360528179	0.0485945167446963	0.04614956668409996	0.05130453870207109	0.0008065167298258684	0.001272892740139333	0.0005618816889275201	0.0005265652801761993	0.0007287877246678345	0.001960791522675756	0.1127833098611724	0.1093531768853363	0.06831127362628155	0.04901603632230921	0.007888436845679307	0.007593761535510163	0.02211007108220996	0.02072523397062695	0.0432158989285479	0.003161241419723784	0.007807100827495703	0.0006994774894937229	0.02847328499219785	0.0223521843637005	0.07871895518746208	0.03873338000886314	0.04790777318815321	0.05628328188797523	0.001140217515915145	0.1254288101123826	0.002805815106773557	0.03184659497084237	0.04479509389615904	0.07291222939960079	0.1361275473209506	0.05643514703769549	0.1060165362591462	0.04856420301853202	0.1054196683985287	0.07821394106470217	0.003184017976247857	0.01384972839835123	0.05973582970177164	0.01215592760648787	0.003608095585326468	0.002317592277759782	0.002727215873351068
0.448	0.01655229311214605	0.03721498975054148	0.01144316256083048	0.01214181873668752	0.01318737811210118	0.009014867649009611	0.05915125731090409	0.03328746789246813	0.2300626382558873	0.1888875568831361	0.04326205880196085	0.04021453914976477	0.1520509878386683	0.1831292490846027	0.05291434060472062	0.04007950109036631	0.05156167107906871	0.03290429323365137	0.3170078697503383	0.2637226815731155	0.2726162672331111	0.3053695275638212	0.3142572037015763	0.3168557451183171	0.01056387574198982	0.3579364606277568	0.01694499725243066	0.1779824868955241	0.2013107214263608	0.06482302836194265	0.3334892407749026	0.06802740157554416	0.1056366036748859	0.05875869355313754	0.05974442310051827	0.03653156165494947	0.1222364785529064	0.07902870161991886	0.1712485948604646	0.03435877851182098	0.0468975601467021	0.04455786600317659	0.04946274889266068	0.001103498621910544	0.001716270458482429	0.0008784844151505226	0.0008260651905263605	0.00105898323251646	0.002285959036658845	0.1173823401404036	0.1134183856311626	0.07305813216460894	0.05267616601030407	0.00903296158873868	0.008731963353137502	0.02477546071996593	0.02380991503075028	0.04511108816630441	0.00415791032813561	0.009207721695134629	0.001609982426920846	0.03319459807146357	0.02698972588798536	0.08587494375733837	0.04431976656597495	0.05409229425043576	0.06291807445565509	0.001374363166585022	0.1337672481991758	0.003130760677996717	0.0348978605041743	0.04852169139996731	0.07596257025943662	0.1448531736632865	0.05887103960144704	0.1118174441811693	0.05064408881563161	0.1095767040993579	0.08130236875407663	0.004388279048657212	0.01491082898008856	0.06359996230602934	0.01403677627741271	0.004766605043257115	0.003492970474552028	0.003898512201333346
0.457512856113114	0.01642940685965914	0.03663596349354693	0.01050031151355685	0.01113651859866768	0.01269160157100868	0.008545050592662229	0.0471331436245147	0.02556599361488434	0.2235692099690576	0.1832495908070189	0.042418373701398	0.03940257299795888	0.1512969527341949	0.1816094098396011	0.05164895313843716	0.03471819068289438	0.04443609051158008	0.02837415260337556	0.3099502982038262	0.2510199290764284	0.2526383222391918	0.298095160542227	0.3063748495502704	0.3084218283934961	0.009980448840017806	0.3593593443702655	0.01641865207091862	0.1742231217398884	0.1976967910013672	0.06392631142887246	0.3352467697999741	0.06668268711764035	0.1027592579771839	0.05829759783490282	0.04983124919743429	0.03030021906419733	0.1204253558133345	0.07942907591908795	0.1662275375674447	0.03357147924722362	0.04135780311360879	0.03962353789374135	0.04344728731970553	0.0006166742294902119	0.0009449493118569097	0.0004376463670814057	0.0004000556105272324	0.0005534253759070731	0.00195423262892131	0.1348713319296096	0.1299570063623881	0.06664091142739711	0.04717407439879168	0.00731670078529471	0.007004496212713456	0.02215256711339619	0.01950827022370963	0.04714735867290712	0.003486400063991248	0.008830183585683949	0.0006336413895533589	0.0257466644183512	0.02051686191790221	0.08808162959115227	0.03563836090569736	0.04470336490288033	0.05353606800952773	0.001158346247316403	0.1197890587222387	0.002915413482663374	0.03036568235071956	0.04361712392539024	0.07967720138019339	0.1310854796895433	0.0616394667166222	0.1154408997907728	0.05306870670025689	0.1253071621496316	0.0927767463028558	0.002118970662090375	0.01364763055788348	0.06081566270279988	0.01118523342135138	0.003359164185162432	0.002079464352817946	0.002514638230735541
0.4744558844730551	0.01670886539183202	0.0373892661750166	0.009142468712474754	0.009779359691342769	0.01212690816266654	0.008329606690404574	0.03652493141411946	0.02101940609741862	0.2131003342746051	0.173276818606356	0.04522486333013195	0.04170887038352455	0.1566729270709148	0.1875972348560858	0.05110569661924383	0.0261843511913454	0.03345614616248129	0.02139788151812683	0.3254281577690104	0.2496584935529506	0.2396052044129304	0.3103927850103039	0.3160438147492891	0.3159208649113953	0.009461496168376979	0.3694702983138536	0.01627203507180875	0.1732601255013032	0.1989037042262852	0.0644778278202652	0.3436663391749215	0.06641734764649335	0.1072975059884556	0.05908152363018365	0.04491516189037796	0.02794899299587324	0.1192726797654462	0.0813729857934798	0.1578777274603522	0.03498842573123975	0.03250651130252854	0.03174656807856815	0.03379006084609774	0.0005823600178833099	0.0008882248912407934	0.0004187569577844911	0.0003786859962200813	0.0005221924755693535	0.002064685824694661	0.1594943229674065	0.1529232860188247	0.06652987905871426	0.04646449886541373	0.006591676785081929	0.00625622600973756	0.02307032772453273	0.0192061150223712	0.05201699186727296	0.003939354766645592	0.01010998089107124	0.0006537518035793733	0.02287190625784154	0.0184181940456426	0.0984686097645176	0.03256459788588126	0.04175479122965584	0.0512620626429853	0.001264675579671076	0.1171107195767278	0.003170887438077082	0.03007933349045223	0.04390647433260612	0.08801664919646655	0.1291301119722062	0.06806845329078576	0.1267644975945574	0.05865993385334889	0.1474399872221126	0.1089555502360321	0.001874568948377944	0.01399092521775408	0.0632566672320625	0.009949365296462396	0.003305842028507173	0.002037989674710372	0.002476989620207723
0.4888312594138309	0.01708218766236734	0.0388887079336533	0.008197230202558589	0.008826212681132081	0.01182212598290691	0.008567273336802402	0.03638809379975066	0.02437170290522146	0.2007183662156137	0.1619205575850892	0.04744202166624957	0.04354907974364503	0.1621137364745401	0.1937297782185233	0.05089632835778377	0.02005702035979546	0.02590935189055955	0.0165971566591996	0.3380168803675255	0.2492892045880041	0.2334905159354776	0.3200546763481947	0.3232929373781732	0.32134424319125	0.009340424082484923	0.371157147510431	0.01648345670507318	0.1720978664079804	0.1991571639716904	0.06513807955510666	0.3436748315972246	0.06641109763619957	0.1137372011484157	0.05974845709423048	0.04915970248011475	0.03169741688796501	0.1196093675024977	0.08230665518419343	0.1488194418914742	0.03617570090155089	0.02606203251913435	0.02604588749047351	0.02674460538958915	0.0009364412981934424	0.001498271793320357	0.0006515807601349431	0.0006117918881515355	0.0008424602673551951	0.002337467543969863	0.1730732515472679	0.165803683736287	0.06719364965630091	0.04664660468959258	0.008101271472839455	0.007726426630390652	0.02790590363418596	0.02438664845279909	0.05486439857839551	0.004375542341877575	0.01099656933397252	0.0008148709245408999	0.02907883314036571	0.02294980820394723	0.1094056263361476	0.0388989986623464	0.04808054099018201	0.05782823743726677	0.001511790927853086	0.1198100490337179	0.003575793608656725	0.03237990591441967	0.04698913298594962	0.09283894619426583	0.1319046459660577	0.07179940760552157	0.1367239388190113	0.0620245629184516	0.1603695360710779	0.1185769662505334	0.003693864667616396	0.01510530971150031	0.06510913946085505	0.01232018793737279	0.003560163328505595	0.002354241625659805	0.002721263229054769
0.4928	0.01710583949761743	0.03913729020163716	0.008102975178537222	0.008806884625926801	0.01173114390230139	0.008644872223356847	0.03838395022530171	0.02664164346676147	0.1992942182837718	0.1601228891807306	0.05002910363065609	0.0457427283211736	0.1641576156780614	0.1966274786202525	0.05111651095994232	0.0193567483080293	0.02512683503024898	0.01610429666565035	0.3539279987095015	0.2600399922506135	0.2425735769043632	0.3341605923746248	0.3361546459924963	0.3332352404413734	0.009365155176129295	0.3745956490973735	0.01659951040413288	0.1734913950707515	0.2018345376770528	0.06553392453120929	0.3459340948767384	0.06670784731525728	0.1177823553140208	0.05995548255563247	0.05293228310839822	0.0344032279185063	0.1183719981519573	0.08231050447640997	0.1472490104900097	0.03770933237352476	0.02526699424956226	0.02527885700933752	0.0258756108967439	0.0009828866648402524	0.00148550118072978	0.0008101223383348231	0.0007497728405197214	0.0009439572571034156	0.002561749101141936	0.1766966640868719	0.169279564716409	0.07399132635665698	0.0518780945030449	0.01061841625678664	0.01022937293726742	0.03062172332260888	0.0276411198304359	0.05723462211618844	0.005349445028788761	0.0123266309434962	0.001672611966292607	0.03794210971439928	0.03123317988379922	0.1196243539347879	0.04914887922419018	0.05910184236245727	0.06934444212526877	0.001641187126347948	0.1322656125907883	0.003775506976427448	0.03554217747634106	0.05117727310433576	0.09667192789176979	0.1451664526090002	0.07483938876875	0.1451561673644146	0.0645427154293738	0.1641038842588632	0.121526099639735	0.003465042484845668	0.01603668423201275	0.07032056257825973	0.01642693890050587	0.004671917143617124	0.003384721449077891	0.003825314973578338
0.502312856113114	0.01738791428383559	0.03964463233396278	0.007372730548315568	0.007998537107080751	0.01154720824961267	0.008514898868760029	0.03072839615267371	0.02239554830213945	0.1861077373655429	0.1489341572115181	0.04932703581750224	0.04512643294823126	0.1660869339841976	0.1985397675667872	0.04843017783222751	0.01467478769661472	0.01903431279418051	0.01223219007673219	0.3489241974636009	0.2490175055077969	0.2256238006410435	0.3280885749033204	0.3288841310317466	0.3251341784886611	0.009079614872393746	0.3675003053853201	0.0164360429041035	0.1695679324127866	0.1975062721182352	0.06261573282815891	0.3383344939417217	0.06338605280154565	0.1156882320572604	0.05812099245356078	0.04716856210251073	0.03098678630167223	0.1198833727686884	0.08232180600156709	0.1377546459638117	0.03719711329798508	0.02050885292881433	0.02113798162800485	0.02067642862526314	0.0007503931766697046	0.001170423348293486	0.0005315262615101201	0.0004874084879107703	0.0006729013180937096	0.0023857280646135	0.1870902318635496	0.179105989409094	0.07284821690224817	0.05056632538369813	0.007323044192469518	0.006936374650743189	0.0270238598940335	0.02247628993360869	0.05942167954075517	0.004587044024849806	0.01175818216155433	0.0007627110313112983	0.02562491929580412	0.02052660208706083	0.1143479538149848	0.03616721952267719	0.04625528355975123	0.0569607373527256	0.001501418276487047	0.127843170807448	0.003688311837473215	0.03352074722109206	0.04906664391108681	0.1005841670147048	0.1412389340104712	0.07778032833761461	0.1454227637425335	0.06709867918073989	0.1728221865125325	0.1276608541931868	0.002624488035744749	0.01578205066725092	0.07053557690096855	0.01102050050863041	0.003669351918329394	0.002310118502993948	0.002764463472125712
0.519255884473055	0.01807317998103311	0.04067089140588779	0.006793542263352674	0.007431396455416821	0.01157059665254274	0.008395204671134804	0.02058013670949471	0.01605587873546669	0.1667252922154606	0.1320138847105752	0.05205322848474964	0.04751716727254612	0.1724884110489366	0.2069222241043198	0.0430900749129085	0.01004777465842916	0.01288445826564188	0.008342054189802753	0.3665298061447175	0.2542528899618102	0.2203884331759341	0.3417075766033377	0.3393747234504338	0.3333778771208055	0.008890415860323193	0.358757955126196	0.01648334725942256	0.1675908994386864	0.1961463480226179	0.05606250927249683	0.3268101355276785	0.05649132453350276	0.1149471025711592	0.05381679903232763	0.04055740350735972	0.02694027788083003	0.1231446292765058	0.08221784317816402	0.1228703316443101	0.03894102427710201	0.01598274977829274	0.01722495965236816	0.01569325119492247	0.00065202151343235	0.0009813551454339346	0.0004746035764532336	0.0004250743678394025	0.000585093736114348	0.002490373275096098	0.194063388798766	0.1860630334981611	0.0815189093491808	0.05696583795850798	0.007785305695026296	0.007380356028783754	0.02746179161929068	0.02261776583872376	0.06346838817192864	0.004781606539499377	0.01230226607686976	0.0007861753951035621	0.0268322641836562	0.0217142569356749	0.1191999140761043	0.0386977032806678	0.04998211703728144	0.06162815652621147	0.001512632346162018	0.1431119604771034	0.003827838995064716	0.03648981278688779	0.05333040361921767	0.107394031741124	0.1578689443561209	0.08305419962890655	0.1540982947849332	0.07154838225535375	0.1792986014183344	0.1324788506757453	0.001972712507158711	0.01697797347949022	0.07737025954321448	0.01173005952560611	0.004021815277422259	0.002456581519525088	0.003008163909746444
0.5336312594138308	0.01897564533191846	0.04255690956733006	0.006730945584326711	0.007372751341994607	0.01196558425549921	0.0087068474448293	0.01917378006624848	0.01589111828107678	0.1498612399329335	0.1174684343705867	0.05430836302771996	0.04957326159130648	0.1799565837976391	0.2165812726597927	0.03876413632743237	0.008218629397389406	0.01056794746459668	0.006883868549962935	0.3823942307550215	0.2617262327389169	0.2228162944717799	0.3541340115579884	0.3493040948057681	0.341628690160015	0.009132677072042863	0.347444293043094	0.01697027845983871	0.1674228543618465	0.196041727276182	0.05046741503968984	0.3127612718471873	0.05075856612302199	0.1160880827137856	0.05017845328077018	0.04116374772235891	0.02758623242321902	0.1289596128730725	0.08220311088592248	0.1104782152973778	0.0405970150862992	0.01435450074794285	0.01595119753591447	0.01384394615205968	0.0008746666715153069	0.001344214546999724	0.0006329735375712532	0.0005810750855040891	0.0007907868019773322	0.002674454632491041	0.1944936790584126	0.186858576620873	0.08517516961406434	0.05975855111806473	0.01020977333405867	0.009775302804626542	0.03147706894902742	0.02757886390509322	0.06460235783265506	0.005033454851911549	0.01260124502824461	0.000969198531502433	0.03598567149116186	0.02880954384817815	0.1261048019639341	0.04862209952608944	0.06020271439018538	0.07195858910999327	0.001648467339462088	0.1523550101776846	0.004048327433924931	0.03952541577400023	0.05721087039312025	0.1092363397960212	0.167291256645064	0.08449793280399127	0.160194405954537	0.07283985200604461	0.1805411291870971	0.1336247905453612	0.003036117886497499	0.01804134592801612	0.07999377395592742	0.01561970937619613	0.004413693019757896	0.002813669498363989	0.003353148342583435
0.5376	0.01919170230517598	0.04303296969800771	0.006944093115776561	0.007644082754299539	0.012136534129069	0.008854536445874125	0.02148515715558765	0.01756099003828295	0.1469819983177399	0.1147611549904718	0.056290304958793	0.0513140846381805	0.1824336102527001	0.2202008149760376	0.03777582126517999	0.009047971939623664	0.01168381888209215	0.007601097463861825	0.3955795732490276	0.2723383239093564	0.2328489993625326	0.3657366289838462	0.3599004741298653	0.3515214203906052	0.009308794902982018	0.3455590158191685	0.01720220741911574	0.1688445268606369	0.1980003484414819	0.04899064451167267	0.3096028801734568	0.049359890791757	0.1180558347329626	0.04911396173168353	0.0441066010995522	0.0295192868463239	0.1299753632638432	0.08192053397785666	0.1080454507808886	0.04192152598614976	0.01526237460526006	0.01676511245299843	0.01481210363065481	0.0009395749268705076	0.001371529936121584	0.0008346088878443925	0.000760089181143606	0.0009309914339790649	0.002859856743304821	0.1907887100339115	0.1828239405482385	0.09057389420298002	0.06415689352237955	0.009696858505496835	0.009292958795468594	0.03002784216378175	0.02607357559820633	0.06494787071207499	0.005971706704464309	0.01375740368814195	0.002013063103261932	0.03423676891013339	0.02896616183833169	0.1251615118321918	0.04777549913587247	0.06018122490678127	0.07241522813373262	0.001737689964269051	0.159685538741471	0.004124923817695977	0.04115358699668527	0.05896701474351802	0.1096306291698689	0.1751295257468303	0.08489949553110929	0.1589148922195513	0.07302631347227065	0.1763782396263252	0.1304310917977758	0.002963252817503907	0.01839469120802685	0.08348781620588502	0.01489062601887415	0.005685018876332714	0.004058150111206151	0.004654868207196562
0.547112856113114	0.01988764400833421	0.04404032872585324	0.006784022711754828	0.007390782192823591	0.01245398859002973	0.008836327478964429	0.01337712061476823	0.0113990661854274	0.1344119215272132	0.1045364048359804	0.05509656480778944	0.05040381718813246	0.186154803452768	0.224619789891452	0.03361871514820632	0.007071292056755727	0.008898743919896552	0.005839231096113086	0.3895127792896036	0.2637617895166508	0.2194921710488897	0.3588913337127906	0.3523527311769107	0.3435912054568956	0.009302198349118797	0.334520285013405	0.01730917332694679	0.1666746892144739	0.1945459656996009	0.04365301746060257	0.2977353806268748	0.04393547348798984	0.1131564176334581	0.04577879633424251	0.03612716005336515	0.02421019942650727	0.1358038547852191	0.08226911654439192	0.09921865844663372	0.04141860368392264	0.01355504385960456	0.0154572201281469	0.01289669400537972	0.001929924724759361	0.003227330635998541	0.001233693605936346	0.001198982141532887	0.00170714108345793	0.003219223038284588	0.1962780445014918	0.1891035375989979	0.08750045645240466	0.06142897345093436	0.01267847555197307	0.01217950458005905	0.04094748553547634	0.03905884888670549	0.06578282346430724	0.004974892460889324	0.01252943541375169	0.000822390642201194	0.04768163062777291	0.03583175272707186	0.1329045729275849	0.0606016075936965	0.07223968276407582	0.08396476768078853	0.002128675507949405	0.1633483380944737	0.004779465216450766	0.04592235810570325	0.06477835112828488	0.1112059005642458	0.1775678412253645	0.0860102586957065	0.1676728254457575	0.07451288728999528	0.1834677453389408	0.135977006017032	0.008886373847676359	0.02079190433814535	0.08177553606882579	0.01946623276859098	0.004694581164289155	0.003209944117130191	0.003521286954818154
0.5640558844730551	0.02115996120822042	0.04649133172699691	0.007056183927752239	0.007629495246436198	0.01322350231036757	0.009254662527886653	0.01105690744713786	0.009604378857494334	0.118977633202864	0.09157463826297602	0.05646698463660783	0.05179773265293176	0.1953188291610566	0.2362738283493547	0.02874372748052012	0.006670560063459965	0.008299857565017894	0.005475803743208807	0.4012563505291771	0.2696021821298249	0.2210485183877834	0.3677840215643634	0.3593963689191904	0.3494666232444061	0.009742632936912715	0.3223996163761867	0.01802831493343812	0.1680075889705386	0.1952086437764307	0.03708769545984283	0.282887216856764	0.0374041106837153	0.1123192705564928	0.04171789211612825	0.03452382771426462	0.0231383326793227	0.1454163429614925	0.08311493595718657	0.08823624694634721	0.0427623198382007	0.01360387739831678	0.01579010983209745	0.01283998010975121	0.002179620403204804	0.003643237486816139	0.001407883609309728	0.001372586366176299	0.001939330098745433	0.003339742600130645	0.1829406174832925	0.1769048970193052	0.09104538121555289	0.06448737321783728	0.01452876250398107	0.014022706112162	0.0433570671088821	0.04281960452107667	0.06413172655350724	0.004947835355408653	0.01210956480693507	0.0009933113308738398	0.05499935568824386	0.0413689725365441	0.1314456781315715	0.06866449084326573	0.0805897265326368	0.0921255900434802	0.002200998483766453	0.1729389104949743	0.004848848545389307	0.0487765685631356	0.06799160238579458	0.1082914671337644	0.1869374811163929	0.08378674065803836	0.1657401675484801	0.07260795818082386	0.1719758123705306	0.1277069936441496	0.01016382456202751	0.0215929897842237	0.08291411202578931	0.02246910533074398	0.005116370904278369	0.003598392161004489	0.003890276967594616
0.5784312594138308	0.02232274878304016	0.04904250729892812	0.007371898927994334	0.007878332636599183	0.01398483169889959	0.00981173022493839	0.01262907730099818	0.01091597706930296	0.1086210240426288	0.08307310848649499	0.05655425052319164	0.05207423042397489	0.2032897385366162	0.245947396442242	0.02598050565450818	0.006803214122201604	0.008534779428075576	0.005632293603102242	0.4046773614561893	0.2701383975749855	0.220666989626652	0.3697071127472716	0.3604908968826527	0.3501261804527255	0.01026636290438935	0.3135368229379398	0.01881903900632689	0.1697921905588662	0.1960444539934449	0.0333165200337888	0.2722566784644975	0.03366118196609861	0.1125505846145705	0.03962043607140248	0.03597631427904797	0.02414797979090413	0.1547889813805575	0.08446407728948283	0.08148694490386058	0.04329255783529908	0.01411184163374655	0.01653007834591178	0.01329201921187924	0.003329887076781836	0.004829818699451014	0.003706765280120952	0.003463327068651441	0.003766334190923336	0.005149751814492927	0.1777089317384477	0.1655169339119781	0.1096672119792625	0.08082135100944518	0.01301375200192976	0.0127532091916439	0.03894442715778285	0.03844389118343765	0.06317935505622305	0.01477692631099032	0.02452034887906996	0.01133900633967683	0.05181787599570641	0.05325411821344087	0.146444570699478	0.06941362202871897	0.08440854310121819	0.09785298371297932	0.003438094847036315	0.1852261513558457	0.00586847323929999	0.05550136402454629	0.0733297706573993	0.1050985956561485	0.2001376910063687	0.08219802374618761	0.1576733706407145	0.07030641317588888	0.1608645153852012	0.1185185991442029	0.01230210834860751	0.02198501929677674	0.09611686106944417	0.02095003487635306	0.01624325492871316	0.0153269975832307	0.01577572502331971
0.5823999999999999	0.02252723202302967	0.04980589757634103	0.007619756648004624	0.008129322386499356	0.01420551502479756	0.01013713070037236	0.0187804571867013	0.01570237058814018	0.1055855014906266	0.08054873550484826	0.05679723288227254	0.05232546381459385	0.2047380329211598	0.2478591292841019	0.02570192293719944	0.007996275004103182	0.0102781291660251	0.006739105211193095	0.4069607014992662	0.2730860396469397	0.2262766210450497	0.3715179198650276	0.3620141383840998	0.3515554851902074	0.01055063882266873	0.3080269462069907	0.01913003451625101	0.1700852795025609	0.1960495911628032	0.03276678270970589	0.2662533846192384	0.03318097537290813	0.1142938822871651	0.03917718828054791	0.04176551023460218	0.02804093173382666	0.1565404814463298	0.08400782175703396	0.0796198433856275	0.04356473987642807	0.01533771195038572	0.01766422370437369	0.01460847862408612	0.001523107857475547	0.001988962773108192	0.001982798568663133	0.001807104214540309	0.001848476727376612	0.003697595361079828	0.1899038323589635	0.1785373683888159	0.09400112508097673	0.06781070230042817	0.00894746559034249	0.008668207990311918	0.02809497618719869	0.02413101332317854	0.06303578065271742	0.01085435400904483	0.01989036839118914	0.007141518253381253	0.03274792315439352	0.03491171070727207	0.1333691408678729	0.04737190810588858	0.06049390324531388	0.07317586267693138	0.002356382734014243	0.1551525672321957	0.004582106281052445	0.04239748618490491	0.05886306518353785	0.1056558450785213	0.1703521328104078	0.08225252851525849	0.1528204322055604	0.07035046245257283	0.1724319797873257	0.1270183707581928	0.004131887435611123	0.01781916977208477	0.08611049656712029	0.01415104257341018	0.0109452351514562	0.009748654918386964	0.01037077189672154
0.5919128561131139	0.02342418531984509	0.05138735375041623	0.007483459336778355	0.007819880982321645	0.01468562116396804	0.01025947681101435	0.0109916255296809	0.009774090378518051	0.09793354427761602	0.07483822377798667	0.05357421731104529	0.04971175319053887	0.2090334757673169	0.252151064482488	0.02323589716735298	0.005982000581445227	0.007466462900178401	0.004951679602625284	0.3885342543053861	0.2548466991000763	0.2051521816200763	0.353969405810258	0.3450923179682256	0.3351892810842089	0.01064848781722877	0.301658293110651	0.01940960245178684	0.1690323493932393	0.1930542536132931	0.02973304891700955	0.2600257741117299	0.030033848666832	0.1089444504373638	0.03776009921730717	0.03304585552967963	0.022244177511328	0.1648919798905536	0.08598562109296221	0.07515875842218897	0.04190371110646023	0.01365648103180396	0.01647401271482357	0.0127035336850646	0.001000068318845485	0.001397360298887331	0.001036250103596923	0.0009400144547538727	0.001070497739280166	0.002991518465210584	0.1825580697839684	0.1743384650218947	0.09394402667163435	0.06713584161778631	0.008412446871790902	0.008054821641728754	0.02729266433726888	0.023233450775135	0.06375375267762504	0.006809246323970876	0.01465708601570878	0.003065654565567221	0.02980344625702734	0.02701598222449659	0.1199548604522781	0.04388454076752709	0.05688651057863809	0.06937223647161389	0.001793779886600737	0.1629012797144273	0.004111099557621219	0.04173058257777784	0.0591700348165413	0.1074229063114558	0.1785020422302942	0.08329100828073048	0.1529775095047526	0.07147588714457395	0.1678031897339577	0.1239119879707336	0.002913693601615284	0.01830703071225598	0.08509043162233003	0.01294011333479627	0.006889970795506167	0.005281357798262942	0.005918417403831862
0.6088558844730551	0.02467561350322922	0.05462828652332707	0.007350332761399622	0.007449085801253264	0.01537667419643106	0.01098377770798592	0.01294307861625675	0.01260277646188135	0.08861462869073343	0.06778891193425193	0.04933435170337005	0.04625740777631845	0.2159596721558553	0.2588639923625694	0.02266111460215845	0.003646217033145171	0.004700414154146313	0.003178844758951464	0.3640976970052637	0.2307623842792076	0.1826757059722509	0.3307507984093985	0.3227843908129912	0.3137359197069288	0.01112655896072001	0.2937544254299781	0.02022424594737192	0.168571713293343	0.1902129926243894	0.02933944991622323	0.2523706872803019	0.02936895764725348	0.1080093056440234	0.03833360854466836	0.03393313950683097	0.02322442432446372	0.176289264483817	0.08882277542551092	0.07063313899109862	0.03971769836851628	0.01155968529446918	0.01501744674789708	0.01031546953517875	0.002074410122783896	0.002647405271073279	0.00299517521278933	0.002737663173226094	0.002685644165453959	0.004327871544153136	0.1905061916023185	0.1752639061152964	0.08894595626381176	0.064843516751217	0.004516103054627777	0.004383909276281605	0.02252019330195698	0.017481233675261	0.05919916196158132	0.01490566248259341	0.0250286999074231	0.01149967101149491	0.01827879823113733	0.02945652807313553	0.1310198742130735	0.03221051883361249	0.04516236853069024	0.05788154015279747	0.002873035492005591	0.1335670525902592	0.004873852227347173	0.03953412571964883	0.0533675666010461	0.09863272475395993	0.1476688440041632	0.0771730445598046	0.1380256807008029	0.0656929421484861	0.1689277668729997	0.1235897226597996	0.005608043367225746	0.01608949905011309	0.08286271606332136	0.007426238652427604	0.01510237114028098	0.01446999411738294	0.0150259197310885
0.6232312594138308	0.02520265949599161	0.05661437480533828	0.007180089054800372	0.007092133432835544	0.01566727876537196	0.01158937488497907	0.01968693726613316	0.01917533819678262	0.08448762731065021	0.06497383093924468	0.04514814312623478	0.04272789988952091	0.2179479959967989	0.2596736564325464	0.02409727546669416	0.002213980799427395	0.003260222353632115	0.002240952469784506	0.3383967996240182	0.2083198183939786	0.1652010670283124	0.3070569141752552	0.3004090323932695	0.2924904686798161	0.01146051743739645	0.2875905525407867	0.02071334392729328	0.1668739577399456	0.1865832960454628	0.03154916728151908	0.2474340461310976	0.03133439217930601	0.1086443017295493	0.04024945456814315	0.03937881693457195	0.02726687994090428	0.1819578734995619	0.09018883511451298	0.06963792489598639	0.03729872643578043	0.01008883335833036	0.01393383268593981	0.008671554307018442	0.003527829841276437	0.003911282420641271	0.006329309508307021	0.005751185369317598	0.005200332914786477	0.006922234669838384	0.2152312158145169	0.1882323054929114	0.101417682489124	0.07685780053438893	0.004719184974016548	0.004920443774496987	0.01959622534228561	0.01374221247636802	0.05938587533677137	0.03056036233666024	0.04540705851252792	0.02733516966293969	0.02135090123740504	0.054593799566747	0.1766531114578317	0.03916291591259821	0.05447051157076397	0.06920525047598587	0.004792608788998589	0.1219798651888199	0.006441071944727044	0.04350322379774257	0.05444780106227311	0.09673543058168275	0.1365627527561189	0.07700112000236262	0.1380694016925651	0.06430486727307802	0.1825753261165627	0.1323225176490473	0.007099579664642114	0.01456769849646553	0.09510140972597661	0.009141288146413035	0.03123233631529698	0.03183109015101006	0.03256551628556284
0.6272	0.0252023008537647	0.05732952998617756	0.007405594543716596	0.007301927199377805	0.01579003992006566	0.01202469537901739	0.02994910993407665	0.02742317017786584	0.08772203366041201	0.06778976355885535	0.04446268942130681	0.04214172829389121	0.2179022938252639	0.259234821163592	0.02644870365853012	0.003682509107678432	0.00552803177173113	0.003670316095361956	0.3342227313977245	0.207147604132939	0.1698947075097618	0.3036799587127538	0.2977000873006976	0.2903365617856321	0.01178375897263375	0.2875871061575562	0.02105363667737943	0.167824619909501	0.187294191077876	0.03453458506675417	0.2479197893886014	0.03434756330542028	0.1123068203382347	0.04225091489827744	0.04878189115776027	0.03366137587205335	0.1824566901216616	0.09028055962256118	0.07275171953266966	0.03691842229712531	0.01145810575990892	0.01516058625000083	0.01016100721083264	0.004245970857347135	0.004869869736020515	0.007377089036863425	0.006724893376071018	0.006148169229895474	0.00767812499586132	0.210409627790729	0.1809620588082541	0.1041814210726863	0.07987289980512023	0.003618874271995398	0.003918903473657647	0.01875801959347433	0.01324494365531332	0.05710867881740806	0.03424813621513281	0.04994090254371616	0.03130638164041327	0.01914470063263371	0.05785741572852949	0.1795424081315989	0.03769853409258885	0.05359609061503214	0.06862262152391768	0.005363097870115539	0.1195773464564993	0.006907884947465817	0.04549448922410294	0.05531448144585693	0.09229530925355292	0.1336408488809546	0.07390207121582769	0.1307011720305405	0.06139532980898246	0.1756372596288464	0.1267534799693761	0.009519007388153115	0.01456946253349112	0.09678196030222257	0.007717659354000568	0.03540939184548205	0.03638517281826622	0.0370769148138458
0.636712856113114	0.02527066323991166	0.05642158031610982	0.006988140918996222	0.006675532503593404	0.01576159654031549	0.01140493224805994	0.01247324750945104	0.01299616418649929	0.08373975025529799	0.0656811100773283	0.03849922307716211	0.03706547726428343	0.2141711788882652	0.2536230310020296	0.02339761654391848	0.001294324461274098	0.001835047957302729	0.001320482897858673	0.2969084425037894	0.1760255848104891	0.1346634428055191	0.2696471528260119	0.2656313184539502	0.2597649001494681	0.01128035289649181	0.2794037554078399	0.02041135041015352	0.1622545153249836	0.17888227527089	0.03077060070105092	0.2420438855503056	0.03053596143289149	0.09928519974433946	0.04002184776065016	0.02897764638223711	0.020174448880431	0.1854831748906439	0.09071922676540968	0.07057512191163502	0.03327974421108899	0.009304282247786315	0.01341984148270579	0.007816985836582687	0.004900674072644507	0.00550052152448189	0.008729131075233076	0.007947751549861513	0.0072038264772781	0.008947827640714093	0.2291394056187261	0.1952059201277521	0.1216291484257509	0.09386601428214786	0.004684106595973876	0.00507853537014124	0.01993489950758999	0.01410261609386569	0.06286050405496665	0.04060608142721112	0.05860129829082229	0.03750136227890803	0.02387287303590234	0.0703291073661591	0.2046053620279236	0.04583206978547162	0.06434222831095882	0.08145251624412864	0.006224519938801795	0.1385492782076215	0.00785592243069024	0.05247252615233042	0.0631568522019644	0.1011021191987234	0.1545229971590446	0.08122852013285611	0.1435580225037404	0.06716457110516255	0.189609812063816	0.1366198282714499	0.01044113769028233	0.01619046633723665	0.1113611756661583	0.009903192798262996	0.04227199410042098	0.04346679049164516	0.04431527741974083
0.6536558844730551	0.02511775519097232	0.05588011502499943	0.006825277074037319	0.006282011696151503	0.01576960805568918	0.01121758334598641	0.007409497881909119	0.008377041098853665	0.08452577338003439	0.06780015320133788	0.03113568626713074	0.03076001138792021	0.2083853278365407	0.2450331605352587	0.02333753007137871	0.0009333280491266234	0.001196589882299812	0.0008953358266863015	0.2505490472963631	0.1412872894620651	0.1037259574008765	0.2280767516774863	0.2271310974165525	0.2236648198390047	0.01108605835489977	0.2699944656719861	0.02001682469917064	0.1567873480620356	0.1700796992558557	0.03078429153754485	0.2360373811930414	0.03056131881306089	0.08971697692394817	0.04019853434208061	0.02014175132002021	0.01410826699611653	0.187664747447654	0.0906967775276367	0.0727750696661543	0.02875948876978921	0.009004174614567059	0.01329870298659077	0.00750938342029041	0.005630598873192311	0.006130656127074499	0.01037617302512953	0.009447714164302389	0.008436734175137661	0.009828948782812336	0.2552107948452462	0.2141453122959175	0.0890086931380806	0.07003731300806029	0.01243573978312789	0.01293830627446098	0.02886258592673985	0.02449357131778052	0.05391353119651218	0.04860451327440489	0.06861110252138569	0.04528507183185834	0.05278801440128315	0.1043399628458631	0.2533491891215843	0.07175283758758924	0.08538712673141198	0.09948983789586663	0.007241001778603922	0.06822718182571014	0.008372217733892556	0.04259611532108909	0.04863329785142552	0.08510220421790497	0.07966250041932084	0.0694232864491742	0.1434149167949999	0.05690893390670491	0.2118335485058136	0.1531017944752332	0.01123297185534316	0.01068453274809819	0.09142845520544168	0.02314033702811329	0.0484177704468414	0.05106471292110593	0.05168310180843803
0.6680312594138309	0.02428705338084967	0.05401198749540055	0.0065576600776747	0.005842141915593462	0.01535986739867627	0.0108077310049425	0.004072919892557926	0.00510522125937896	0.09249971641081912	0.07573760398509516	0.02424219858612374	0.02473925431304478	0.1983599039723983	0.2313652100143875	0.02548186695507729	0.0009558428764982907	0.001103638324171016	0.0008119695527533059	0.2055075793613367	0.1093313908754365	0.07710730985396545	0.188492718894297	0.1910199558565106	0.1901436075227652	0.01067271360155135	0.2670046680206442	0.01926449317577446	0.1510950237411247	0.1618702133334035	0.03373111287741492	0.2373135105214866	0.03351987974478319	0.0816343609896356	0.04207583672232238	0.01320126929416498	0.009307304413145305	0.1842104729900274	0.0899307855223206	0.0797492693912004	0.02425840922436097	0.008845454343837253	0.01312055011325895	0.00741360351328122	0.008675273100700417	0.009603397532577456	0.01576808696184938	0.01438804542828301	0.01290553971744603	0.01398296574327932	0.2756063457144464	0.2191953787244071	0.1070181298083158	0.08778536958425147	0.01779623931170443	0.01872538159198551	0.03488680398298879	0.03262066349655765	0.05111391149403217	0.07115016478586488	0.09736852979556694	0.06827031654391945	0.07795486487207905	0.155367323479673	0.3248686041197894	0.1029089221869802	0.1194147890666811	0.1355151582572462	0.01039288688174209	0.06060171403004439	0.01110183949061298	0.05397932335689378	0.05647855343521017	0.07702853890787624	0.07125545181092578	0.06507217654790055	0.1448110168559348	0.05168041802839288	0.2196752419245403	0.1574650797646552	0.01849701504411921	0.01039529332121594	0.1075076847094895	0.03374432155441517	0.07213386611568194	0.07671141863047434	0.07737920144620096
0.672	0.02399491062615632	0.05426487457479814	0.006839578636084037	0.006190184600429203	0.0153145486291008	0.01123714931165731	0.01796860768823231	0.01626342779272766	0.09656489879727788	0.07886099306471234	0.02539141771115187	0.02567337076013736	0.1973533025522622	0.2302900171907123	0.02830299175915044	0.003118255109502438	0.004380440044270698	0.002884799875363993	0.2122520377841678	0.1178000332667798	0.09213589822706307	0.1950991060729925	0.1976108308288746	0.196772555161836	0.01098898437050284	0.2678783543887286	0.0195452669022803	0.1524089740513857	0.1638428577219862	0.03724587381407743	0.2382007086706402	0.03709591779738439	0.0879744664730963	0.04414545884168311	0.02696212654668748	0.01863824341694586	0.1816230414899015	0.08901917402410534	0.08293713101615602	0.02489457251898889	0.01077853070975828	0.01473069058663469	0.009541001819575057	0.008803081970079099	0.009657914568977809	0.01613372162268706	0.01471368661023653	0.01316079510119888	0.01430336820094266	0.2709747423907262	0.2141135261623104	0.1139158883774943	0.09350797056594104	0.01941073133037678	0.0203695551551005	0.03549508044825379	0.03381920431915251	0.05130994955579732	0.07291464855831561	0.09948176811502661	0.07013499045958115	0.08383285727557463	0.1627328132128485	0.3307192092048804	0.1102654405488361	0.127646454108423	0.1441498380898562	0.01058174189816699	0.07085741811330465	0.01126096390736973	0.05673682936142715	0.05956551999043641	0.07701893591578776	0.08203007211820157	0.065230995747314	0.1463213607886379	0.05160028653903158	0.2149871893578056	0.154047929662166	0.01836340419614245	0.01085689576981664	0.1120070129696775	0.03651839528065319	0.07426726127080449	0.07885333569312326	0.07960201579886984
0.6815128561131141	0.02334277552985771	0.05207249467533284	0.006237613648346208	0.005382790425379027	0.01484499858870322	0.0104230830929547	0.002529693378550886	0.003557566255270558	0.1024196220412785	0.08505939846950297	0.01824174701939702	0.01945194774347422	0.1883491465143131	0.2177649939303002	0.02860619272359334	0.0008140967878978994	0.0008844350292993512	0.0006472691621925301	0.1656159330652512	0.08114912601343355	0.05444689273148397	0.1537162412409247	0.1595018264819367	0.1610052846210311	0.01025094283875444	0.26774540760129	0.01852377312276429	0.1461816995272405	0.1550779894034749	0.03802999412493482	0.2421758896311381	0.03778337544267984	0.0757722382133168	0.04483216766989059	0.008670076239733626	0.006204260449573683	0.1793374741854095	0.08925860343283117	0.08795939007832636	0.02023509542777946	0.008430312343116081	0.0126613348484527	0.007047556207277192	0.00984388770607047	0.01068985168689299	0.01822002964992689	0.01661214558641758	0.01480342864817824	0.0158692970679302	0.27656741007457	0.2139391566024509	0.1187713737627141	0.09894034692292153	0.02470057452734948	0.02581657790426084	0.04011258159702544	0.04005870023198291	0.04886016144122353	0.08218016209188884	0.1110889366650032	0.07956089644026529	0.1045581143717015	0.1922464196841134	0.3667339113927942	0.1334926482705946	0.1514297894168314	0.1681592082477891	0.01178823304509001	0.06519854383427347	0.01222022274158779	0.06051344625205841	0.06187809640303193	0.07148155831435601	0.07574313276294152	0.06172272637882548	0.1490568130462279	0.04795816080958945	0.2167624638242405	0.1551248410465471	0.02010619408310065	0.0100913357914404	0.1165292648758854	0.04588136500756892	0.08380263803071171	0.08918967370498118	0.08999234754174373
0.6984558844730551	0.02225082415667729	0.04986034888712684	0.006408178760750749	0.005466625167418269	0.01447369783407466	0.01013216583590438	0.005901521467153995	0.004700391305796943	0.1201112275440711	0.1009758344307295	0.01280544151723141	0.01466468374227298	0.1773454914163129	0.2032981979875365	0.03320218642397157	0.003748468818175809	0.004662884961158369	0.003024282110562878	0.1297647138666214	0.06070262006113732	0.04319871726598422	0.1235182150241469	0.1332288769135577	0.137581119235503	0.01002826566944869	0.2722683883788241	0.0179067331532064	0.143785427834531	0.1510459284376813	0.04384797108537713	0.251018351728756	0.04383557386284787	0.07119293398381982	0.04851898814371669	0.007857467422490999	0.00529718453568368	0.1737330534992471	0.08851177241908859	0.1017395077565421	0.01662716882978153	0.01115651647898684	0.01494368144402944	0.01011080245217604	0.0121723487022821	0.01358082767611575	0.02187791408975636	0.01998844796593237	0.01798745280529283	0.01867390513580838	0.2760658557580336	0.2050313568566438	0.1330319161414591	0.112689362170534	0.03068188692281158	0.0320465885345062	0.0482078646093072	0.05126471768852576	0.04528535126289111	0.09632061076558052	0.1287076160211146	0.09416109795435358	0.1308647733914935	0.2320206147152598	0.4121365758665549	0.164255238342023	0.1841249913063071	0.2017832394106569	0.01391701839796376	0.07029206847272695	0.01410808656680888	0.07127878126256627	0.07088891379499529	0.06321126425555117	0.07987020173218862	0.05654436747496647	0.1491515117570673	0.04264813397379608	0.2105539385037297	0.1499287718344551	0.02685740758570823	0.01101874729133338	0.1273424394977382	0.05675996104729909	0.09913550195639156	0.1057413583283441	0.1065126367641903
0.712831259413831	0.0209543067901385	0.0472562091364553	0.00605630072928489	0.005089165949248282	0.01369450051603352	0.00964889429241037	0.00648698617275158	0.005053231728737561	0.1317501340824695	0.1111168971479859	0.009623704106752069	0.0117209721801641	0.166661592884048	0.1895652284888743	0.03694258267118779	0.003805573696122079	0.004771625221370664	0.003073139040484426	0.1066515492592102	0.04595009827592394	0.03308656880129198	0.1040495450573013	0.1159744559705618	0.121858988117628	0.009515871201850256	0.2773361623772265	0.01704414611650789	0.1398515391877432	0.1467417134509821	0.04894125445943903	0.2594252430113331	0.04888721635560235	0.06885016771637766	0.05152314081031197	0.00692190444878162	0.004652421620633104	0.164720819286649	0.08700359875313106	0.1103092767412559	0.01417053605306514	0.01077849833749399	0.0143600039614246	0.009813931016748607	0.01361325188200906	0.01527772155365784	0.02429597298474902	0.02221065928090881	0.0200329478559204	0.02052235429542759	0.274787913274177	0.1981425198207224	0.142947106845855	0.1222497911453589	0.03546559021309763	0.0370004403715482	0.05352813212207564	0.05875361902057519	0.04268591611132591	0.106035920309355	0.1407669902096337	0.1041893580514436	0.1508830343980735	0.2611703211148229	0.444653848128129	0.1874766150789657	0.2086363837915166	0.226862799774662	0.01531050105608376	0.07402064935141564	0.0153047490023636	0.07822684004121348	0.07665841284107582	0.05727756943243871	0.0830484717433112	0.0527924979289312	0.1497499711507281	0.03878574232234223	0.20564348198949	0.1459693839219116	0.03058984141019323	0.01137257784105563	0.1347612422985799	0.06533733043360748	0.1096195827204429	0.1170297010259135	0.1178191175510642
0.7168000000000001	0.02025963347871451	0.04681561260610058	0.006295015941476807	0.00551331958639502	0.01335097612741856	0.01000427155951321	0.02366683784863345	0.01912394587485331	0.1364089013761816	0.1140795639279556	0.01368166865768456	0.0150649707009397	0.1646691191216869	0.1880340613269034	0.04028330264498135	0.006184078608059191	0.008449867522136129	0.005405507415468313	0.1306084794880241	0.06826556956832834	0.06148960566294153	0.1262594985348068	0.1369733511920619	0.1419627293252354	0.009747360020093673	0.2808725688470811	0.01719280383273458	0.1416586598907903	0.1507135183997714	0.05312124999439512	0.2621499639282984	0.05311315038503452	0.07904509187198151	0.05367277902503384	0.02551082560675679	0.01729928204807645	0.1575330614791597	0.08487334578395246	0.1130332803579049	0.01640598750672376	0.01272775884977272	0.01581250271652451	0.01199242558903544	0.01373462511412175	0.01535201849631115	0.02461473881421597	0.02249642874613913	0.02026139197088161	0.02078037727905094	0.2748942953694878	0.1974372162434245	0.1456548380557154	0.1246189275436329	0.03653877562000959	0.03809917813039962	0.0541174143469639	0.05962666011079883	0.04268894305836968	0.1075915697241304	0.1427126978080408	0.1057750021787287	0.154854210926491	0.2666139488435345	0.4508124217045897	0.1921857951898881	0.213687004175082	0.232091404912118	0.01549009040137796	0.07650905881585683	0.01545003066447301	0.07938158022191877	0.07778212924666789	0.05703163169730271	0.08569022637155357	0.05273579302364072	0.1510026242942485	0.0385962310651951	0.2052340749150884	0.1456554444820466	0.03056676507911829	0.01139958377429897	0.1367722034491793	0.06720965013327231	0.1112905867708773	0.1187831004421533	0.1196106595382393
0.7263128561131141	0.01637381260328618	0.03753666372391361	0.004317099499616221	0.003528805902848183	0.01050240049877158	0.007576054841835086	0.002469673534571986	0.003148128906835663	0.1465086430799089	0.1229406823457571	0.007406495924113441	0.008989336889737784	0.133574974252961	0.1495359348976949	0.04245485646975462	0.0005558929811820961	0.0006130042861326374	0.000396806424521499	0.08086042287598531	0.03055211677182365	0.02095059753002911	0.08284268764422931	0.09617055541055644	0.1028377284852764	0.007350638129425383	0.2804770176467626	0.01370585450395187	0.1231145796787759	0.1317783555196536	0.05698408239997461	0.2690787442751259	0.0565556321516161	0.06437800106514266	0.05455352638926429	0.003932294138141646	0.002945671143858598	0.127974281509443	0.07757598208218872	0.118476235536052	0.01083084456310662	0.00584201624961417	0.008891428647007784	0.004847317575844706	0.01407326548813982	0.01563736224346133	0.02536169527640924	0.02317273853878922	0.02082778275356229	0.02131305429185609	0.2683943119779058	0.1895817891669584	0.14853168196955	0.1276707525659942	0.03992870933629265	0.04154534134446199	0.05650236208499111	0.06330155083145894	0.04040450754126368	0.1109210382587478	0.1466123682655254	0.1092817417054857	0.1675227625734262	0.2815691827726222	0.463677351914788	0.206154727783261	0.2278642300654307	0.2461036610003761	0.01588615885718872	0.07798686703593598	0.01570695351252478	0.08137194864247939	0.0793025133993326	0.05259417938486639	0.08682891145060931	0.04960074591136233	0.1504640524728627	0.03563018245364071	0.1985918655567358	0.1408496767901582	0.03091440014783707	0.01108975602895797	0.1383310495272735	0.07301011447969412	0.1148821407448303	0.1226320627130745	0.1235037699151038
0.7432558844730551	0.01009981336115462	0.02486254313417572	0.002690358078667816	0.002195887376138714	0.006480978697129415	0.005323066609842821	0.01296711335633849	0.01218093298793716	0.1608039424825994	0.1343297452217503	0.004831332944637603	0.005693731620827186	0.08765111704468942	0.09480265586215476	0.04902715290949235	0.0006354184489076666	0.001208828806671582	0.0007279615280782075	0.04970653015714059	0.01891731494322654	0.02206791707673283	0.0573045533991625	0.07207125842365868	0.07978913017992158	0.00495901742645647	0.2673229758087499	0.009563788120358553	0.09923642259820084	0.1094687589564303	0.06601326247358433	0.2641930169346429	0.0654118887022522	0.06075196025982545	0.05677292952601207	0.01411114624296482	0.009992914141187128	0.07837908936931634	0.06174616672717668	0.1258216914174818	0.006721650965798552	0.003621503586153356	0.005430525342419119	0.002987748704444043	0.01478889316699287	0.01649805095075757	0.02647853373024243	0.0242035208910669	0.02179586682843224	0.02213938072944208	0.2602396319709343	0.1799832333068823	0.1525436311681934	0.1318105881745494	0.04603021858059829	0.04769167805878106	0.06334396248435037	0.07266782951722991	0.03765192215428526	0.1151924549025829	0.151568535049363	0.1137363880043278	0.1907726102937663	0.3056785564582163	0.484684541185914	0.2312272816351512	0.2530809686057764	0.2709596759242863	0.01652791736061228	0.08327149187977494	0.01623611985863901	0.08586836854814764	0.08362749832917947	0.0471853035623329	0.09140485140291238	0.04579456779819024	0.1532766819761578	0.03212556243011325	0.1909926347955697	0.1355335071085592	0.03288840213407571	0.01144820289246352	0.1405621552317438	0.08324067370042042	0.1195406198580654	0.1276543564190542	0.128521383130526
0.757631259413831	0.00743408490412036	0.019572171055479	0.002010210401423433	0.001618649594697888	0.00479194069420724	0.004389143303870554	0.01736546925241554	0.01591092335171927	0.175864793335284	0.1468001183773092	0.003078798727891513	0.003727351607803743	0.06826255526543987	0.07112542990364427	0.05442314519376008	0.0007702059930654671	0.001581084304319732	0.000938494737995133	0.03220456696855776	0.01094411946611933	0.02060422944222948	0.04344156003393971	0.05994599931532456	0.06879668959339041	0.003962730822326267	0.2726497925995074	0.007884244341702089	0.09156071277672474	0.1027223163900566	0.07335756708128723	0.2738167113123805	0.07266574499827629	0.06037150343813519	0.06039598032975429	0.01796786795112561	0.01265804772827746	0.05760489713829896	0.05678280108780941	0.1357625409663411	0.004570945410163798	0.002782701428541925	0.004062612559531192	0.002309351860733874	0.01480491095341009	0.01651330210770865	0.02643214368752134	0.02416427933187251	0.02177201886122403	0.02207622620809775	0.2537006198337036	0.17489800341058	0.1507639909278666	0.1305566880419245	0.05202200323732768	0.05362590322387122	0.07019844171808168	0.08159969936041034	0.03603899493015304	0.1148915451673548	0.1507942526010797	0.1134009750176724	0.21212992327529	0.3219381773249517	0.4963102101534518	0.2529636392552724	0.2740116364090091	0.2909754329927886	0.01651847512874507	0.08666886088368697	0.01620851118392125	0.08730224987005721	0.08567162664543138	0.04442603925064858	0.09418793889766135	0.04363462635643267	0.1593553483338783	0.0303765527710074	0.1874549799664278	0.1336029655239029	0.03294949368490611	0.01162068967695235	0.1386019052964894	0.09287835056394803	0.119125313630931	0.1272341641728327	0.1280856651105671
0.7616000000000002	0.00687334496908004	0.01777224667779764	0.002680473704934681	0.002388388135184854	0.004801785704737925	0.004054297024666471	0.01740199099401734	0.01340930924002407	0.1857741322362231	0.1553504455988824	0.003741147538906377	0.004285554920623294	0.06356473791289784	0.0664236781957095	0.0545266519829752	0.005420984143576027	0.00729662411722207	0.004580830973263558	0.03667055526319322	0.02221078150214537	0.03455914440901044	0.0488059579209847	0.06618049452750562	0.07564469679408738	0.003931589243731933	0.2741922924689803	0.007566501315960903	0.09296738838854034	0.1042483592045774	0.07276940786878631	0.2759080790876212	0.07258555323355413	0.05748046970827037	0.0595895310160803	0.01593543914811636	0.01061869245244843	0.0540272397778945	0.05530626978145236	0.1421659985200953	0.004978831973892028	0.007570656480611085	0.008172154340491004	0.007567197770600716	0.01472646488003538	0.01646872915682264	0.0261953752555256	0.02395251073449853	0.02160718701313841	0.02188104625768212	0.2466162266129968	0.1692027232095623	0.1507697423906213	0.1304959560169932	0.05282932709001669	0.05440439350765187	0.07115792263955621	0.08310472561248872	0.03529254179131713	0.1136165420868472	0.1489795448476146	0.1121840360099871	0.2149351112183766	0.3223270623643231	0.4923767805976724	0.2557186101591107	0.2766308466311463	0.2933193323791676	0.01636658506679947	0.09052685135897703	0.01607027986575365	0.08773427334542239	0.08642890234117791	0.04329787004576725	0.09792838817723006	0.04266832934173909	0.1585804320343488	0.02963516368946188	0.1819985585876722	0.1297814011161802	0.03300168119022391	0.01189400669805798	0.1378092853062814	0.09408129339705945	0.1179466796244107	0.1259404383807975	0.1267806339369948
0.7711128561131142	0.00674562354932899	0.01709653020961589	0.001816142981436403	0.00145369146498079	0.004347544948050765	0.003489167464948162	0.002352270449661617	0.002817690661655423	0.1998821182388034	0.1670484334671329	0.002554864477285466	0.003183271168694535	0.06350558352931855	0.06487441039776412	0.05838618011564483	0.0005030883056586062	0.0005698995032768886	0.0002986985387901023	0.02731364238416457	0.008532278512678449	0.01401212163351393	0.04137099206780841	0.06025484810096156	0.07036068758058996	0.003326485030424447	0.3018753305973863	0.007148500930988071	0.09554716216964311	0.1080235721703694	0.07872326450336452	0.3051765753382993	0.07811545025845586	0.05673453366454747	0.06442761455890385	0.002476035172880773	0.001863828488078392	0.05243726718955103	0.05963205481600633	0.1522593367813818	0.003989755597511588	0.002548662490693433	0.003693407426828055	0.002109912704469663	0.01417192814726174	0.01561572899374519	0.02554311339252964	0.02333638056724797	0.02094665983050841	0.0213440702629349	0.2434167885136859	0.1681418742902722	0.1460453437295367	0.1265849254905177	0.0578214584423183	0.05931858985684167	0.07520467997637295	0.0882736634014078	0.03436126592551958	0.1117077315967746	0.1462869748516772	0.1101329280259849	0.2312958937996263	0.332975245423732	0.4995736107681173	0.2717849008583053	0.291537518183725	0.3072082745851832	0.01599008738721904	0.08931486784921717	0.01565478714056735	0.08604285593006322	0.08533329223582554	0.04198086949539654	0.09643211190236506	0.04147598947223179	0.1648803455303745	0.02874194773980089	0.1819831994745219	0.1305011212737499	0.03062066422418082	0.01121279599328184	0.134026083160819	0.1019851617703795	0.1155720486945208	0.123396246052451	0.1242829004654917
0.7880558844730552	0.006696253333464804	0.01714332572785311	0.001810520847014486	0.001448146258408507	0.004318737764169613	0.003500490747044864	0.002412791910951806	0.002896153017121549	0.2139176284504083	0.1787501767351829	0.002523973880487071	0.00313940254614475	0.06399797672534462	0.06479854210491748	0.06247296943863218	0.0005466833385403308	0.0006183306240096174	0.000322836335692039	0.02672525165271863	0.008253376718361224	0.01468360739133165	0.04212378503992157	0.06234058742610882	0.07317682073390067	0.003334129554732837	0.3203891461685754	0.007261455716760777	0.09985439848075146	0.1132440378641303	0.08424211757269338	0.3245340703175099	0.08359374821038289	0.05966475956564532	0.06858582204899982	0.002493962920804239	0.001878509116552787	0.05200800465694477	0.06226235650778841	0.1626188479085461	0.003935236014781901	0.002565025816011577	0.003685925802418156	0.002127944360970194	0.01373683100670272	0.01500479678962419	0.02488212857163603	0.02272463387164488	0.02034912438256129	0.02075963727195746	0.2324460068983144	0.1603893736859235	0.1396971641096847	0.1215364101663006	0.06496275392625045	0.06635556173801523	0.08229641288830297	0.0976351029485461	0.03167384525673013	0.1092171622664467	0.142559181268083	0.1075768015495113	0.2557297154813219	0.3489370656383857	0.5074060356544098	0.2958463412333157	0.3139755933564834	0.3280603898241934	0.01560293809370657	0.08929834275208139	0.01521875926808871	0.08514711261674998	0.08515628828214591	0.03771949126099939	0.09554127130623352	0.03796923007569403	0.1706938207689539	0.02596578664242146	0.1760182363217408	0.1271112405530654	0.02907517793101359	0.0107436575815026	0.1282640944971035	0.1133144011054096	0.1126863424987153	0.1203482942147184	0.1212311427650439
0.802431259413831	0.007106993758767078	0.01820844031295647	0.001990289439758311	0.001615756959904473	0.004612079745972044	0.003752781636302545	0.003814109521654479	0.003959384245985445	0.2242075312752788	0.1873367974236948	0.002880948555819645	0.003511184209776367	0.06781275601969217	0.06887032911910709	0.0654970730305663	0.000980487777703242	0.001205585928959899	0.0006933751003639339	0.02979716202534725	0.01039205353060051	0.01761041788430356	0.04576542370748198	0.06689535865285517	0.07822195043161646	0.003580940271522765	0.3356294329169343	0.007718359486684917	0.1052513496901124	0.1193065719561006	0.08825686905000119	0.3397699281814235	0.08760837367087188	0.06312337731636032	0.07188148757913611	0.003829365068068015	0.002764973309436898	0.05520106106515014	0.06536143094793145	0.1704917283048007	0.004319000566302481	0.003128073090890993	0.004270003378345599	0.002700695843383693	0.01368625961435052	0.0151180956675459	0.02440326720640576	0.02230734861066137	0.02007116590867	0.02032861416090856	0.2229031609273825	0.1539605906441501	0.132900846758769	0.1160462789377926	0.07074496726982162	0.07202557361069298	0.09049216432276434	0.1081709841482608	0.0292860595063974	0.1064233262349762	0.1385294731460028	0.104720886731279	0.2764596364794231	0.360783743872812	0.5116921212635617	0.3158217531351567	0.3323577168683345	0.344957301026655	0.01535849160166768	0.08947760324421873	0.01501283182615861	0.08549897422229029	0.08626924224408028	0.03402463108277941	0.09452626222005521	0.03487467020417604	0.1755606794921198	0.02369304325483253	0.1711393203576365	0.1243679712781338	0.02984223796984013	0.01106921078397464	0.1223076937228235	0.1223840274269807	0.1096218785437195	0.1171801547674535	0.1179542261463996
0.8064000000000002	0.007282949695284707	0.01890189198972734	0.002760473768129646	0.002438528919548681	0.005051361113312829	0.004188602956863572	0.01401913992491816	0.01069247463468855	0.2303909008679703	0.1926193866161322	0.003809503404819952	0.004387435034197982	0.06925123612519139	0.07104595662070523	0.06692255340142361	0.005240675468643438	0.006895042779162365	0.004310283008202138	0.03715215268171954	0.02162897931103836	0.03469765454089725	0.05319138654425144	0.07480586873160253	0.08654845810889464	0.004095900599730429	0.3365933528677398	0.008230052176870117	0.1090988700693591	0.1232162334019013	0.089536141822122	0.3403397030179972	0.08923227540630903	0.0663374206558803	0.07270991637320832	0.01250396296952185	0.008273721400394915	0.05713385013163651	0.06547507089109586	0.1752663493264242	0.005128323673599827	0.007540798393852313	0.008211865599415438	0.007484858541235801	0.01381754984405792	0.01549094680488035	0.02422066616513415	0.02216209816939895	0.02005773315305131	0.02020964492471155	0.2183057379899049	0.150841614366015	0.133599192343107	0.1163529506070409	0.07093069243375746	0.07216622132830422	0.09257516631003508	0.1108340461571919	0.02948875072366661	0.1047459459517913	0.1363118318002322	0.1030539826639803	0.277669649083037	0.3588088217293136	0.5063998118851504	0.3168697312411827	0.3334004596788958	0.3458918524077608	0.01527486202823358	0.09584205387717801	0.01502976237968996	0.08714071120858896	0.0885464322352853	0.03457387414599762	0.100767585487458	0.03516767715581239	0.1762048657764185	0.02414483537608367	0.1680439930921903	0.1222337445457885	0.03125769449200232	0.01207403726299578	0.1222274201025369	0.1225096726574422	0.1081074822280304	0.1155397927855903	0.116245729319144
0.8159128561131141	0.006819636467798754	0.01766196720868022	0.002072014404591653	0.001720962383342622	0.004499234212697563	0.003667520604311299	0.004516360673051615	0.004123065035564908	0.2380819206288082	0.1989476873072074	0.00287592037222381	0.003464987604714741	0.06631169247148297	0.06666862979936743	0.06916617216686138	0.00188282490363886	0.002339958243600108	0.001408888089961246	0.02914002077090707	0.01176308758977195	0.02077434348076395	0.04654959820473208	0.06900348442746077	0.0810934979854975	0.003537646684040162	0.3509950592613481	0.007672012782827912	0.1085486331088249	0.1234100359421005	0.0930816525665899	0.3561515633992708	0.09248452778197107	0.06511075553081161	0.07533545640353365	0.004092708686748202	0.002834998941223475	0.05306796500890749	0.06692386228977337	0.1805280698137958	0.004228147976404697	0.003973166935388512	0.004942681031087919	0.003641971242686051	0.01329937322714593	0.0148069149348634	0.02341951863621476	0.0214229495114776	0.01934687976345421	0.01949671943193407	0.2104524102748326	0.1458266300467051	0.1246631405248166	0.1091453018486789	0.07483262331400659	0.07598034601510917	0.09618023238946422	0.1156044552864275	0.02692190286144612	0.1016532806592378	0.1319884991637237	0.09990116382690292	0.2904561060193907	0.3647947029814749	0.5060883981376558	0.328455506420772	0.3432745686507281	0.3543213920121396	0.01479673314033462	0.08915403065514201	0.01450050213991736	0.0841765581723686	0.08577436057380726	0.03066381669212682	0.09316784857117449	0.03187828848149238	0.1776395289439314	0.02158705159293106	0.1640504303113763	0.1199933757612348	0.02960629786529155	0.01117604075030239	0.1149322953165887	0.1285668846159209	0.1045214897508331	0.1117987471126959	0.1124763299965378
0.8328558844730553	0.006495260091584631	0.01699417483296314	0.00253489738387746	0.002243094399932052	0.004539231201689376	0.00365659159758441	0.008439376902734752	0.005901292115498274	0.2537851193833612	0.2121827174364975	0.00330215062740856	0.003816562593009179	0.06434109183992545	0.0643286982807878	0.07269312385658863	0.005053817853363896	0.006406441258154629	0.003991213904837368	0.03182052567878283	0.01897968842802068	0.03201530519525916	0.0506665759491037	0.07457293968407851	0.08757167008246008	0.003654787413947917	0.3642528970332188	0.007715648908600835	0.1127491740914855	0.1283205193594455	0.09736481548720266	0.3702716413280091	0.09703553723833171	0.06711463552270593	0.07827439303931955	0.006685225242481145	0.004234071719719199	0.05099151577641498	0.06786855635039614	0.191807325691273	0.004488012965910755	0.00717064311811037	0.007689466390774399	0.007145898800451669	0.01315901247195804	0.01483043979561393	0.02278098043579063	0.02086019570917451	0.01893983887482728	0.01892106857435882	0.1985785961833635	0.1373814589882124	0.1168309208657014	0.1027918771716132	0.07889502251206781	0.0799355481585894	0.1022531689036892	0.1235678974836381	0.02410780883764419	0.09811035643476605	0.1269996714202078	0.0963545116100247	0.3049372729924247	0.3707681244887042	0.5033073429297709	0.3417632391963004	0.3549645443925172	0.3645278666591045	0.01443741168079306	0.08740118603794367	0.01416988747236529	0.08350286651834161	0.08562545845242527	0.02636107579771534	0.09018555288180323	0.02825810727502437	0.1787560337309098	0.01888721544737449	0.156796085119301	0.1153792564740775	0.03022360845338511	0.01131053394500502	0.1079720805226367	0.1348141967935114	0.1007369553267619	0.1078676202912185	0.1084275464912626
0.8472312594138312	0.006718089156995894	0.01752737826393343	0.002926355713130055	0.002676458543135671	0.004814980793313712	0.00384965928905357	0.01151550309455005	0.007656847842026644	0.2611939459640931	0.2182973923128233	0.004548045854140431	0.004942613656959884	0.06674226986077071	0.06739414185567379	0.07430144325368285	0.006953977008223772	0.008870932286284021	0.005560780826280359	0.04059098567231147	0.02785446130049896	0.04234309923599164	0.05930928515668895	0.08355196132998491	0.09670821883155849	0.003916639929445792	0.3728118350007706	0.008066151275092297	0.1171016876135134	0.1333287191200483	0.09923696394681797	0.3783919610572744	0.09906641400565293	0.06985745489890484	0.07976112519053283	0.00945019839527215	0.00591576266110771	0.05264214613091167	0.06926021826687012	0.1971641192700067	0.005409388153661773	0.009208233861924911	0.009521898310485779	0.009340468378134337	0.01333554934943846	0.01546357500100744	0.02227439660108083	0.0204412695190988	0.01878852688624907	0.0184945010245152	0.1882185815202051	0.1304243473916797	0.1113573592804737	0.0981104598022555	0.08107911464764823	0.08200714802181978	0.1084648813428233	0.1314951304018372	0.02250138706468369	0.09420299383656107	0.1216904342749622	0.09244409890573729	0.3136617531525252	0.3710293791360372	0.4955900923893816	0.3492946352355827	0.3613462425972357	0.3698420802951014	0.01418773916132661	0.09036699589578373	0.01405876524656256	0.0846865813927245	0.08764450021477757	0.02415843811598399	0.0920403120828608	0.02623481169335333	0.1795727135318591	0.0176623011095429	0.1505317965545873	0.1112972090872269	0.03279981885867984	0.01249913692797091	0.1028064580969401	0.137957031709778	0.09681718739568357	0.1037822161662208	0.1041564662385259
0.8512000000000002	0.006674981166486415	0.01769288405482215	0.003302144468587572	0.003129108247605325	0.004931349362737592	0.004063814387511694	0.01822140385233899	0.01245720106205528	0.2653196764293094	0.2215071003170413	0.006330669331055056	0.006480505549465668	0.0674514500213864	0.06873731131434276	0.07550655037582657	0.009167619722364233	0.01188441370459981	0.007478107387752415	0.05216125039433593	0.03969740479396353	0.05694294430127693	0.07023459223441478	0.09425674842945483	0.1072414582411962	0.004161348442845033	0.3757916450974298	0.0083114100664536	0.1197209661464503	0.1367033983102108	0.1005271215166673	0.3807940972709575	0.1005163451353137	0.0735278636833662	0.08050929567181345	0.01609441457116728	0.0102591705195101	0.05192777285656653	0.06907531552033953	0.1999530924175122	0.006557175776251267	0.0114206326158267	0.01143201492953021	0.01174947563518937	0.01353160362962921	0.01596394520027882	0.02211713875707031	0.02032366539256887	0.01882701786035157	0.0184250931021485	0.1859772008402817	0.129513693719923	0.113365710332739	0.09933221147008668	0.08049860779848238	0.08138047554684813	0.1102996049543589	0.1336800787461112	0.02361596449367295	0.09247246816010027	0.1195151123272611	0.09069267498626998	0.3123168101013193	0.3667889551416298	0.4892995915703596	0.3478512838263639	0.3601480631970204	0.3687854177784736	0.01413470286093655	0.09875240435283723	0.01415085181663794	0.08691104049940568	0.09067640455390308	0.02627002687896636	0.1005010288296259	0.0277290924511802	0.18101487022235	0.01916358115726047	0.149367102478581	0.1105013649944187	0.0346209369075284	0.01385831931482975	0.1038867901353063	0.1368228015609435	0.09529912001951156	0.1021172143868412	0.1024152203035173
0.8607128561131143	0.006134998880275635	0.01615892742505822	0.003193064995205673	0.003036688398629508	0.004609349831694004	0.003646645064939707	0.01397107281939768	0.008579391002321454	0.2671707591369327	0.223185797284036	0.005697544277471978	0.005862302548648186	0.06289396262541067	0.0634042161538949	0.07509178167981229	0.009311934797539835	0.01187503912820401	0.00747324037552888	0.04714506265222481	0.03727298150829591	0.05382305856752879	0.06601957822688596	0.09040890494991002	0.1036400040827787	0.003834246433120475	0.3746678702836309	0.007789152673079786	0.1174455155157042	0.1342944202061782	0.09994338623434301	0.3805421616235756	0.09999715980526036	0.07019291758008958	0.07982236177488002	0.01138566944423664	0.006944964423392477	0.04799067819952427	0.0677948201123115	0.2008260465398249	0.005979702125622179	0.01148203583920748	0.01137316031398397	0.01186460474644933	0.01322761953143363	0.01571232218928855	0.02138958245163155	0.01966950734473614	0.01828421317679877	0.01775839271483065	0.1753208623928431	0.1217208485725065	0.1045735241003791	0.09223197984750059	0.08173052506886816	0.08253806445436312	0.11216228258051	0.1363453997013512	0.02070127641769204	0.08891858525989013	0.1146240032891956	0.08718425246601545	0.3163128573034063	0.3648637837636947	0.4798582326056064	0.3502644553991913	0.3610699032178628	0.3684467684448045	0.01369082537565252	0.09189546487183417	0.01368944914824329	0.08424424098583505	0.08795233931752808	0.02183477311275827	0.09257404732953257	0.02400800845233994	0.1773685399461051	0.0162982712466556	0.1421062813898001	0.1055861867210851	0.03440454685304341	0.01334833234418563	0.09638722916985126	0.1385308848243549	0.09147082074101369	0.09814693427762416	0.09835316414070384
0.8776558844730553	0.005319571135189612	0.01425894969522353	0.00342080043589506	0.00337697289105082	0.004260810769681583	0.003349424420455135	0.01690785499101772	0.009848276735770238	0.2692061701230332	0.2247417081336661	0.006947447969256651	0.006832239101657769	0.05715015195889125	0.05744075041086464	0.07475844690430847	0.01178516242031563	0.01504527470551466	0.009492431170812263	0.05390458741468937	0.04743774296332732	0.06618751730997041	0.07260937408106624	0.09670280571871816	0.1097629555498589	0.003661815498333856	0.3700584871034255	0.00731749461269239	0.1155970947526803	0.1329006050170013	0.09911741957515023	0.3761920941300163	0.09941545798109752	0.06954623896623477	0.07854228452625235	0.01383897252063536	0.008314502789085645	0.04145913608445988	0.06480709275478387	0.2013953803270683	0.006527704857182192	0.01379533423901393	0.0132033789307351	0.01445355740425677	0.01337585320363416	0.01643662977757091	0.02063588799582503	0.01903587928206306	0.01799771712067647	0.01711763278009168	0.1601661237286683	0.1108863306864191	0.09772904937795308	0.08633420844865497	0.08166553923081979	0.08235109148940045	0.1165013323334521	0.1420574024918737	0.01850076213236233	0.0834381477245302	0.1072708535170526	0.08178656177384382	0.3171849479583554	0.356589256790327	0.4607949009246148	0.3492816461935709	0.3588703523919587	0.3651206678088348	0.01327885273267469	0.09421763721555042	0.01344221281498528	0.08473404818827535	0.08916203229613447	0.01884886592513918	0.09362155101824648	0.02126001236956384	0.1732396558013289	0.01456788797033916	0.1315159207497372	0.09820025492255399	0.0375258212742373	0.01468337467869616	0.08968185214442483	0.1379191263705011	0.08608194290152041	0.09250564833108188	0.09247825123060063
0.8920312594138311	0.005071707834876503	0.01366415329495876	0.003508869145259267	0.003512506679770956	0.004155872743028195	0.003272542243586073	0.01851506545325968	0.01081102584531117	0.2647611979096293	0.220920600961935	0.007694725694205233	0.00744418648131739	0.05532412405201026	0.05586132004306268	0.073247036262419	0.0126332712171083	0.01616080481274316	0.01020564241360126	0.05837374002161857	0.05245445502417932	0.07162560990462279	0.07632942467010326	0.09970858539467198	0.1123465340122429	0.003621470545897406	0.3621561968506049	0.007149585109256299	0.1136674686998111	0.1309386081900739	0.09694476196619334	0.3679258168049429	0.09733567500484619	0.06887484954673272	0.07666699592755735	0.01546337977971341	0.009326421544690768	0.03933603707615273	0.06284733781929959	0.1977579869317583	0.006925666823214068	0.01459024846924496	0.01383583940594998	0.01534158973886949	0.01355787433957573	0.01730910186149865	0.0197495085499364	0.01829083714369304	0.01766641971001413	0.01640025782531444	0.145606639779354	0.1011739726734032	0.09130884756515423	0.08054398013297207	0.08078811135964069	0.08133117028409581	0.1209960112812259	0.1478112627635545	0.01707348203751793	0.07701053130357945	0.09878497846868646	0.07540919913879009	0.3153551892099684	0.344552849407175	0.4378691489967579	0.3453979699038974	0.3538614166471408	0.3590960387574796	0.01280889167054037	0.09909020815151416	0.01320630258490158	0.08572808053655202	0.09119311763601297	0.01731531919325075	0.09731152730524091	0.01955511577927344	0.1696225552693427	0.0138376968713536	0.1217559810137532	0.09141006438498338	0.04125756575195262	0.01652851887382348	0.08327940742590727	0.1358913203865861	0.07978719016382252	0.08588084316285854	0.08558801094780707
0.8960000000000002	0.004973890994282013	0.01370300550022467	0.003589814670968815	0.003624719695008728	0.00412774643035556	0.003392279390008396	0.02273013144613885	0.01422325412957318	0.2646592095035811	0.2206862083185082	0.008372524452442135	0.008007298109417908	0.05507980647467754	0.05574843911153155	0.0737051884466159	0.0132575191742399	0.01711515910670744	0.01081077485177128	0.06247285557192498	0.05652580306704429	0.07733269243913872	0.08005705778272214	0.1031663161892211	0.115635393558907	0.003709254062997697	0.3611289969885061	0.007220043369766699	0.113812320630266	0.13135740364319	0.09747627480546443	0.3666947816075938	0.09788675870602066	0.07085515374591572	0.07687589602201306	0.01982846147921474	0.01229048436097678	0.03832111013089186	0.06228363158559611	0.1976422820328589	0.007314361548879736	0.01513912254220762	0.01428155670189645	0.01594707326727012	0.0136418274005711	0.01761976959123818	0.0195049395567063	0.01808712271660727	0.01759523516085762	0.01626316447462405	0.143889981484488	0.1008412657336713	0.0931039891993751	0.08156527782956302	0.08024046893546345	0.08073641058735564	0.1223554237098529	0.1493821432734506	0.01829926239871794	0.07516437915224301	0.09647655545505417	0.07352490867381628	0.3138191549124392	0.3401599487298985	0.4316704108165204	0.3437439776077766	0.352421712727251	0.3577904510357969	0.01270000557251274	0.1069470181909165	0.01323073648665554	0.08745241441404833	0.09372335791320154	0.0196380673182581	0.1053377385947606	0.02120097346223171	0.1713376770053335	0.01545125095056431	0.1211275861897827	0.09102976268084151	0.0425059372087632	0.01769668649531259	0.08425763401905158	0.1348061015559927	0.07809489460723601	0.08401642142170937	0.08366844636947329
0.9055128561131143	0.004204605015365834	0.01161558816717779	0.003366351509493716	0.003449243007778212	0.003617476654673238	0.002855805219938143	0.01846205315625951	0.01052216281414877	0.2586985977745585	0.2156679787997931	0.008333413465085185	0.007855695426142915	0.04883950365336787	0.04891340199509643	0.07116877881285108	0.01304311749544224	0.01666659474471597	0.01053048733169909	0.0606711406536207	0.05639655899487003	0.07557670268961718	0.078040685959668	0.1004767837373543	0.11254498049564	0.00325373094154632	0.3501080612263187	0.006460140616458302	0.1084011966446294	0.1257113569749122	0.09408064894729591	0.3560984735342378	0.09454000402573261	0.06643857620459326	0.07387831890454705	0.01563767780947659	0.009371790345628893	0.03219423358360816	0.05889072152905772	0.19242894786416	0.006996717809459345	0.01474373024504738	0.01375114967004965	0.01558739888999548	0.01333734209505167	0.01753956147860036	0.01848289120230358	0.01717995614006994	0.01690878011737248	0.01535215826280269	0.1294006054396731	0.09040816022996115	0.08218835548140212	0.07257046429640596	0.07982913926483355	0.08022313669530516	0.1236542503122415	0.1513636158846538	0.01497804219921897	0.06967768841956451	0.08909036362012979	0.06812335816040067	0.3122215475812087	0.3307818394370636	0.412075897145731	0.3397808771902651	0.3467277943762629	0.3506626421170314	0.01208489503825753	0.09965766401642975	0.0126529917325689	0.08432084314232832	0.09060259480722327	0.01479524132222425	0.09671084981527556	0.0170103373164007	0.1644169865096876	0.01236969173861118	0.1108882732806373	0.0838942785033385	0.04313807221781289	0.01751356901605022	0.07475886406525308	0.1336898624274705	0.07237819567457186	0.07805937515892783	0.07754913449414996
0.9224558844730553	0.003349674550207739	0.009595960965513444	0.003052445300496693	0.003187479210649849	0.003016758906921187	0.002416188984221	0.01741970772177641	0.00985846115386808	0.2465263520645157	0.2053463572281278	0.008404147418895752	0.007771410643161299	0.04199065398193914	0.04149575536335759	0.06772078482537655	0.01246588328831708	0.01591993727531559	0.0100585925726427	0.05922575964109075	0.05608174754499921	0.07447315521357767	0.0757626867508356	0.09685379117564423	0.1081427214599595	0.0028157239632621	0.3312569798094567	0.005679002891429029	0.1007663179558612	0.1176397311016411	0.08952107826891538	0.3374132436857968	0.0899659231562164	0.06266397559104936	0.06983866143106113	0.01502817456201499	0.008999933229789569	0.02518543979830596	0.05414038846755042	0.1827538191533975	0.006688737673873208	0.01387089229158939	0.01277360746063437	0.01471735768195866	0.01303698679259325	0.01784523643034153	0.01677690302692242	0.01568331169464458	0.01588677092375521	0.01394993952897457	0.1092210523310268	0.07740398075053437	0.07008199326415211	0.06192644529450509	0.07821099327022311	0.07840551528593262	0.1269553013333119	0.1557025176019492	0.01252994106391552	0.05983579841934994	0.07613522999528269	0.05832239485336321	0.3068187511740899	0.3113320082281494	0.377332248483067	0.3310180692825644	0.3359813983917201	0.338255123236857	0.01111546605512185	0.1003026857195056	0.01192371660032897	0.08237708965063074	0.08977449559604092	0.01204107781815533	0.09586437392913703	0.01407770609900543	0.1577846679167849	0.01081562059286771	0.09762267840629175	0.07474335385530281	0.0456521900833922	0.01886546468582425	0.06357826347805855	0.1301950341137007	0.06241553116979012	0.06753933367008627	0.0667380872446084
0.9368312594138312	0.003152633908287588	0.00910511475498413	0.002851135936301124	0.002973505686369911	0.00283089851573791	0.002300233639944965	0.01682045047354625	0.009720969263213383	0.2337201511436597	0.1946790855992671	0.00781665469114385	0.007230057228529216	0.0396389173337181	0.03904871317112896	0.06439915660235147	0.011617862628916	0.01486085049746826	0.009387028288585763	0.05506246285478549	0.0520968922147611	0.06971414704328188	0.07083900469001313	0.09088013844507205	0.1016153989577461	0.002659209861149475	0.3141631171016698	0.005375323957468745	0.09533312473918858	0.1113139730575149	0.08517006728907822	0.3201032825389968	0.08556447412967093	0.05958895287388042	0.06641409587819998	0.01459254703445305	0.008801104112131608	0.02369982173910436	0.05133812327641322	0.1733186506281487	0.006229136606287049	0.01292226491992495	0.01190451507167353	0.01370674949919018	0.01278712717408146	0.01813968845686416	0.01529255239077223	0.01438184764083843	0.01500526634680706	0.01275527938855952	0.09434586680264807	0.06857261184582659	0.06052271454419284	0.05332637506606919	0.07610710272880827	0.07612888416840341	0.1293343940754945	0.1586914808977767	0.01125251617591018	0.05126548574163715	0.06496545625046898	0.04975049637248503	0.299657955848985	0.2923837412348956	0.3465407826738279	0.3209761662110992	0.3244161955660759	0.3254677806810957	0.01028389302372169	0.1019968256150433	0.01133198594608775	0.08091375322410646	0.08939709871799623	0.01110459377568347	0.09647194206717488	0.01265060202007017	0.1528142415517226	0.01043046795456822	0.08829552726621585	0.06833658936169017	0.04793043823935901	0.02023237580576027	0.05481078373358599	0.1260168292697455	0.05374897673930153	0.05836806264392785	0.0573163813777182
0.9408000000000003	0.003036145151645304	0.009107027646650022	0.002902178355845385	0.003041157147994302	0.00278923521789275	0.002417106879366541	0.02109479476135735	0.01322056488526828	0.2310585001500798	0.1923851872822613	0.00803264702188379	0.007395024786753901	0.03885962293861435	0.03828379364997374	0.06422980860399043	0.01212366953132005	0.01567579855897649	0.009902758946702277	0.05623655935618944	0.05384233703232445	0.07330413051773312	0.07170130338667872	0.09141084833325486	0.1019868189285541	0.002731661131420499	0.3092008831895671	0.005399458489853776	0.09425981078861075	0.1101631843587062	0.08487575876126179	0.3150231708593196	0.08528286747896276	0.06067961677880927	0.06598785957429879	0.01884501432195804	0.01170446262311602	0.02272489609165811	0.05026288776374218	0.1714341007345641	0.006327722952711577	0.01334134751536987	0.01224316653109117	0.01417373741979679	0.0129999892912689	0.01865063726685385	0.01518544279787715	0.01430912505487183	0.0150788580794597	0.01272889568715078	0.09423356191188539	0.06944152503290819	0.06242651448283885	0.05446645223633816	0.07527204091219551	0.07525383107884898	0.1309217240626059	0.1604651311277871	0.01261877039247924	0.04981328825394217	0.06320374866168652	0.0482559737487912	0.297419399091197	0.287824958478028	0.3411747867212542	0.3186222288696856	0.3223309347494017	0.3235964267539783	0.01026547755575498	0.109263800471057	0.01145847388392466	0.08298663305038134	0.09220205778363834	0.01361753974796559	0.1038461531322864	0.0144743972617553	0.1545533456043121	0.01219836861080067	0.08882863432579957	0.06873932191263001	0.04974358607329132	0.02152670278845265	0.05605044123007497	0.1244915585543029	0.05247419878351865	0.0569735346898887	0.05584684011542439
0.9503128561131143	0.002629556995904502	0.007812954979731194	0.002584562660791814	0.002692319401093914	0.002458979003392522	0.002004823241490558	0.01529572172802987	0.008648380206237082	0.2205205300418089	0.1838125105702128	0.006492326312590577	0.006010159090515561	0.03431767382605468	0.03305456948887481	0.06074322956091872	0.01090088302334566	0.01392617240455041	0.008792846566682668	0.04563957048432307	0.0450104490556054	0.06236112895430244	0.06122774672619327	0.08044486779735033	0.09082508311974323	0.002345748664455939	0.2937276095520974	0.004786066355668901	0.08785214750650425	0.1026150230200811	0.08035415034587466	0.3000617803640802	0.08072558065657973	0.05460181733583112	0.06244918813274267	0.01279277732578587	0.007632564106039077	0.01998614991685618	0.0474509235411206	0.1634886817296006	0.005204426229364313	0.01202800267781679	0.01102378246721039	0.01278511712726088	0.01267446941346623	0.01860662634175274	0.01402404344666039	0.01328000355829225	0.0143116409579768	0.01171406636729752	0.08040028166509255	0.06004123390551079	0.05053057922795308	0.04454710150545359	0.0742170381294826	0.07408207758238593	0.1321133568332886	0.1621900524417687	0.009563645558783977	0.04353862516909202	0.05486047573931879	0.04203956216428236	0.2935613924947785	0.2754007387771603	0.3185245070821605	0.3120544166388704	0.313922431219954	0.3137254545187345	0.009579683847398782	0.1014847288459696	0.01084435343645639	0.0795723201046914	0.08888829641004817	0.009354421188206698	0.09468700232689278	0.01066345369312321	0.1474563071281567	0.009526533235539793	0.0794246937255325	0.06221161667950097	0.05061662560286685	0.02148146494061692	0.04588027614727673	0.1222573811011499	0.04592895145612668	0.05014432558238133	0.04882925782483417
0.9672558844730554	0.00260879806435782	0.007639279514750861	0.002512760891077056	0.002545116383814079	0.002468325311252362	0.001978657943011401	0.01495644397954508	0.008318068994944288	0.2034630059695698	0.1700338311252713	0.004120449705850637	0.003989679171184495	0.0317072333176595	0.03014252846115388	0.05603168017289214	0.01064591467536461	0.01361792691399831	0.008596720391823952	0.03103429987377338	0.0337718283713104	0.05178402178752164	0.04654717180607758	0.06511290998421246	0.07537406972947244	0.002290540482810595	0.2678292927514625	0.004539336675293324	0.08065066625297514	0.093245420561151	0.07404127578362921	0.274285396629042	0.07443910606042296	0.04859888731653141	0.05768756050660405	0.01135820193136258	0.006674421536459402	0.02092361150887815	0.04413528958738838	0.1514985769812018	0.003770223274137376	0.01178198784964554	0.01087074288913604	0.01252607301522641	0.01255000509360464	0.01923691924092172	0.01242752890059219	0.01189471356081577	0.01345026906749798	0.01042404269122515	0.06509287358223059	0.05135250250259925	0.03874214758177461	0.03402371459779337	0.07093014458663585	0.07060073698101882	0.1348920337690001	0.1655468383576525	0.00815646503007399	0.03377009486823791	0.04219097231740748	0.03226692573849967	0.2827019678416734	0.2513781593440368	0.2818793373880384	0.2976271501437517	0.2977091606531843	0.2961553854671136	0.008702073551999737	0.1015559306865677	0.01026684159044223	0.07800894627545522	0.08843148701288314	0.008389443525748483	0.09333408431741542	0.00911349816465953	0.1408788397684389	0.009208726008763626	0.07001305122923973	0.05569725921847919	0.05413985083064898	0.02321749627333495	0.03542346123729993	0.116045669779227	0.03606208230612352	0.03975334804513666	0.03810561236903257
0.9816312594138312	0.002852624516965379	0.00828005638842407	0.002536190527441146	0.002498995583728912	0.002646227853619137	0.002187872517232535	0.01744615090488332	0.0104533415289517	0.1891806166358777	0.1584361457037337	0.002455710994419544	0.002610905196138125	0.03177470845637667	0.03031726205059916	0.0525931087571923	0.01054837312830913	0.01362445370069837	0.008599467207910516	0.02135166630777779	0.02588296549074568	0.04522295304380491	0.03649464826642579	0.05442657503956471	0.06452802732510689	0.002429694789618201	0.24749664019384	0.004616917877797862	0.07604960163729034	0.08693233403005467	0.06942417217098545	0.253672144941349	0.0698223901694852	0.04556290232752257	0.05430749644787892	0.01308052915404051	0.007903179263339518	0.02363926304602084	0.04208547680815669	0.141726597463611	0.002863679412765417	0.01173021393723878	0.01093343253226597	0.01245335025043191	0.01251903093053197	0.01981691489551614	0.01128051154111617	0.01090458399788093	0.01286657471552816	0.009532007573678966	0.0577778598510091	0.04865898677797829	0.03117362775148162	0.02700635109582923	0.06793875272591904	0.06746242360730868	0.1369899829574977	0.1678268180627723	0.008272645108382113	0.02659362501015233	0.03302720724222701	0.02502413857033538	0.2728147599077652	0.2320204521872775	0.2552773072688881	0.2851688945918636	0.2841480644345954	0.281848447567805	0.008096637462682866	0.1032254947940412	0.009932859172928772	0.07740297142444537	0.08884832563324474	0.009648237626865182	0.09416890683171293	0.009489555899840955	0.1378210749563194	0.01030034797516554	0.06651955854297299	0.05336324139498847	0.05709205556291307	0.02484104505928824	0.02890972465653234	0.1105261401948962	0.02881397190368129	0.03210516830358399	0.03020486261713913
0.9856000000000004	0.002779377372546757	0.009246366811389838	0.002525662494469865	0.002491518817959763	0.002598692177144738	0.002757282314383111	0.03140755200420076	0.02269140286856128	0.186519073498195	0.1559632881662028	0.002630003626055555	0.002714613038889047	0.03203677286681655	0.03033127160285234	0.05469466257950152	0.01075900978565429	0.01451092628335305	0.009147784034312923	0.02187726884652696	0.02640837840201232	0.0516418182277921	0.03671645588733841	0.05430999335305604	0.06428848936911871	0.002750409031503259	0.2431867837782457	0.004982088502504886	0.07541097556188876	0.08641583977169562	0.07227722795481122	0.2493251807764912	0.07252987543249759	0.051880678381169	0.05602389397426526	0.02741795746693434	0.01790146701122813	0.02275269420111316	0.04124635364461554	0.1405108742213871	0.002903202067728436	0.01165269658948564	0.01083277949973681	0.01237559121338116	0.01302876351814361	0.02073683663752144	0.01158786671921717	0.01121785642113205	0.01332288198423176	0.009833529933641165	0.0602707874936141	0.05087049041142211	0.03457999425704321	0.02952427853031232	0.0662442700932737	0.06576323305855013	0.1382311231280764	0.1691084286276252	0.009787508530927755	0.02662815453178809	0.03323997202014044	0.02505297621068768	0.2681997535648238	0.2274795573446529	0.2520941358206251	0.2807123117715078	0.2802989162139627	0.2785184015578548	0.008326555267832927	0.1097789099797846	0.01030440315410338	0.08038613204120731	0.0922598214449484	0.01220586803427681	0.1008042891156248	0.01147307826591611	0.1385485537063586	0.01212443679437819	0.06829234867005859	0.05444670628540106	0.05995153198512795	0.02630313036796797	0.03156197950306725	0.1077337180146313	0.02915948912449644	0.03247290126390764	0.03047862839356563
0.9951128561131144	0.002571078263495296	0.00907101101075156	0.002288251232542561	0.002227865851404655	0.002396568218067199	0.002796641668475215	0.03416782233038215	0.02559564265714753	0.1762120037725896	0.1473689677308452	0.001727526662694316	0.001888684475434616	0.02983783107518205	0.02771220806070179	0.05293148987158516	0.009779252485268482	0.01344048513417798	0.008462252912048178	0.01548535008698578	0.02051125386364936	0.04677636302982041	0.02999887006824481	0.04689403717325844	0.05655401709259659	0.002672522290428056	0.229192245193856	0.004798623917191187	0.07062205913036315	0.08084162351849024	0.07006701497544038	0.2354417244509114	0.07020259615908456	0.0508538804762524	0.05412642986928669	0.03033997824067951	0.02007311837282437	0.0212072960656416	0.03896187494622877	0.1332224049218487	0.002225941990919981	0.01049080424047557	0.009773785620692236	0.01113320763325813	0.01288843673256872	0.02103215626258213	0.01051311753045272	0.01028055202247769	0.01270657879946423	0.008922439473528162	0.0496431095397578	0.04468871542231417	0.02343772108133785	0.02006202461684301	0.06573810176695044	0.06512063593113036	0.1415531118289638	0.173248849049002	0.007688725778558713	0.02028763799177266	0.02489734457606622	0.01869326416723057	0.2667856654717877	0.2164163177298559	0.2321340376736928	0.2766693048349494	0.274467559879066	0.2713097000553016	0.007732684877443655	0.1047556394044973	0.009856439255870349	0.0783314006841902	0.09069788306800586	0.009579917856868651	0.09439793297706318	0.008914540175870985	0.1347728272432886	0.01061550777925794	0.06214804292997683	0.05037040234958506	0.0618850305618954	0.02690462174190523	0.02223656377625281	0.1063388376732835	0.02255820808525356	0.02559204267321792	0.02336911454808698
1.012055884473055	0.002433198551361075	0.0113056758524202	0.001927013184489508	0.001840829836261566	0.002153550369935849	0.004027552004182696	0.06362415074498441	0.0524411065798772	0.1587777832619556	0.1321787586062451	0.001658144805179281	0.001705705521595583	0.03018459905750026	0.02750736690431178	0.05510357685433824	0.008267481554814651	0.01291348627560705	0.008093655084560825	0.01338350367074774	0.01629334431260706	0.05372351462932314	0.02636297547857312	0.0414875335511351	0.05026887183735648	0.003255165973791802	0.2079404168239672	0.005459742219078122	0.06515777465981087	0.07506649994319246	0.07334003022637237	0.2137420152795139	0.07297889270572208	0.06325872633084355	0.05566116902646386	0.06141120932413007	0.04199599547711352	0.01917998965518295	0.0356399231972752	0.1221864321796457	0.001964428824957827	0.00824768682920992	0.00773081186773635	0.008708106764105505	0.01304755910418382	0.0220592066984379	0.009278179956126171	0.009233309284405614	0.01219048444954616	0.007956116442359025	0.04019600568472899	0.04084683454524072	0.01376669070595019	0.01124182363309914	0.06317568777680124	0.06237178884198852	0.1462529014595625	0.1787296702215662	0.007435832154297926	0.01184024597082154	0.01404569528442467	0.01016587228708936	0.2591091184945837	0.1963847431976347	0.2028431188155491	0.2659093109546478	0.2622072582740017	0.257977826289522	0.00710670433076304	0.1070467168625625	0.009575444790619343	0.07850088493168522	0.09217257164785649	0.01039175496893964	0.09537321261550379	0.008838443992281099	0.1321399150160435	0.0115339512967146	0.05768580078064304	0.04745459067251032	0.06642897830999407	0.02915261731004715	0.01393835297361668	0.1013715141963724	0.01405005565216572	0.01666078831163289	0.01408993853030696
1.026431259413831	0.00246726323969663	0.01392881840697983	0.001593858645882643	0.001478396388883391	0.00200842639497168	0.005323943857924552	0.09271054518796294	0.07904637296152452	0.1442974113654155	0.1194184178224808	0.001846642991013564	0.001768645684031263	0.03214692291494643	0.02909173801252831	0.05810211062425364	0.006647008986329872	0.01223265393960601	0.007627437188710145	0.01319740954290079	0.01303236140686133	0.0612408085937306	0.02467596092384186	0.03822248835391174	0.04619763283126357	0.00390270804823475	0.192054494674198	0.006270949075647263	0.06154739320196077	0.07143036055622035	0.07774145793345769	0.1972915213238751	0.0768665878064709	0.07674675854044254	0.05817848195892142	0.0922708333424466	0.06378699472525069	0.01838374317181602	0.03345468163869418	0.1133762735240715	0.001919323612638156	0.005948816469155905	0.005671620391790057	0.006205915481039798	0.01315668776263768	0.02264691418736217	0.008635325572811711	0.008690069085210687	0.01193645744032055	0.007484211726762538	0.03898478638996398	0.04244975934948574	0.0093393072807741	0.00699553601594613	0.06208062970414924	0.06116859546758012	0.1495144956742274	0.1823649626265675	0.00828595466766459	0.007426414448849241	0.008481334988824763	0.005630934991479791	0.2560033381593266	0.1864669949656907	0.1898599439054177	0.2612738309597619	0.2568608059567718	0.2521959555132858	0.006806962960395079	0.1096516617638224	0.00949787291552558	0.07907375065890068	0.09368841902783644	0.01249616967992354	0.09744230437700445	0.01008903419831403	0.1335329588972142	0.0131501724620782	0.05889057112017357	0.04855929687234933	0.06895806575111056	0.03059272346990033	0.01041865427839206	0.09914492528042274	0.009553613096963997	0.01192875229550133	0.009173285010039891
1.0304	0.002381965583010932	0.01487707321102638	0.001583451068004772	0.001484876468293679	0.001945572407479991	0.005896307712386189	0.107039813065573	0.0916236283556692	0.1403808367801611	0.1158128680574779	0.002424149135559289	0.002214377286503596	0.03251297842112357	0.02937839498113427	0.05988432235183254	0.006857587884858041	0.0131345550093715	0.00818694004988893	0.01622916434254272	0.01544219544694325	0.06931064426640947	0.0270375042697463	0.03995859371635714	0.04761398917798365	0.004224565658535303	0.1865797485216147	0.006633039466324054	0.06072999556002199	0.0708492371257142	0.08016139357735963	0.1915480586483469	0.07914072819635813	0.08336111284710966	0.05953959973799724	0.1071992814007519	0.07419400170578611	0.01721076187925139	0.03232222426309164	0.1111353507079943	0.002198442828403928	0.005858938869413028	0.005547819605470769	0.006115843589877817	0.01383286929463335	0.02377170207062372	0.009216930213678773	0.00925589699924899	0.01262820311543442	0.007991154830265943	0.04028719137979397	0.04279816178979202	0.01419454582009544	0.01086773801995196	0.06008760136653975	0.05919887854153086	0.1503244036305847	0.1832596299859669	0.009396866376299502	0.008509143878489842	0.009996640561026424	0.006781522300394632	0.2506972803075979	0.1828624528221033	0.1876270284867252	0.2564447351287353	0.2529002342872156	0.2489038702338507	0.007184162851943284	0.1165929616789352	0.009989621324908438	0.08271192941862081	0.09751232966207041	0.01420108513380712	0.1044412343375852	0.01150840849485235	0.1325937496293746	0.01440277528430239	0.05885356745290115	0.04818426399423019	0.07229233272595099	0.03208047924416814	0.01403561343386296	0.09597111254389278	0.0110962511498503	0.0135789303177264	0.01073166309109099
1.039912856113114	0.002132124260456011	0.0155143218091784	0.001176046932535123	0.001046397993469335	0.00163512836084318	0.006332439413580922	0.1187682994449086	0.1029405624007818	0.1324426370062038	0.1089072695780843	0.001740216288530005	0.001524686121528845	0.03117851473027637	0.02720838992878387	0.06121615222718503	0.005057854669524696	0.01145565880470802	0.007100616521490305	0.01039386247012388	0.008623602307478894	0.06701977024289192	0.0209551523480076	0.03324210417650224	0.04059798326139103	0.004323031754579646	0.1775781535880719	0.006738338982189194	0.05690631016010638	0.06683783408284788	0.08229250756708577	0.1828648519099314	0.08093762332925974	0.08839627148668336	0.06064344639070333	0.1198918155167385	0.08330689535605401	0.01480999230734219	0.03068767540291621	0.1061288211753202	0.001558072707232277	0.003620208383496316	0.003503914257441664	0.003703876423827779	0.01370192931164367	0.02391823671807336	0.00842572887132791	0.008562903656319384	0.01215472336349118	0.007320730407927077	0.03419148420836018	0.0400170680247335	0.005000362400201982	0.003128194586659022	0.06151087795902917	0.06050681588757528	0.1547435767363054	0.188697016047082	0.00784877388305831	0.004022567074320277	0.004058903690756554	0.002212791589967712	0.255919916000368	0.1798967956167595	0.178695065259134	0.2598049729452634	0.2546597851088769	0.2494303687664997	0.006763424144122544	0.1121766791841282	0.009671118148246753	0.08123855538820933	0.09654557147724516	0.0122415197268564	0.09889134022235947	0.009610234093139462	0.1329775029649546	0.01329542436591258	0.05649292082294727	0.04695750770892702	0.07345848598220558	0.03242383975121212	0.006649957123030386	0.09784843050184165	0.006277107402300834	0.00857549575188936	0.005564274677898127
1.056855884473055	0.001922774193552331	0.01771475194711828	0.0008047508379812946	0.0006567000910597298	0.001346783920863343	0.007584029949243614	0.1492782038551694	0.1307069923202261	0.1188996708334282	0.09691571155829483	0.001788989795720889	0.001425913135727636	0.03137119829767715	0.02665257307470847	0.06471050185101679	0.003599484505297593	0.01103907599784246	0.006799418931221927	0.008765296677300879	0.004949240568996036	0.07518650347978788	0.01811093197777402	0.02893702110467247	0.03557750040330612	0.004910440053084604	0.1612764604471074	0.007423654327871719	0.05250321418481597	0.06246032430153721	0.08734831810088885	0.1663581580496538	0.08547715055478122	0.1021336136217581	0.06345113094406446	0.1520848644638493	0.1060076742693201	0.01212976602553417	0.02790422187900302	0.09794957753397898	0.001333514976387922	0.001385175619832401	0.001444039469619147	0.001292657450258676	0.01439993196591552	0.02524325328541403	0.008707438025295163	0.008873477926004283	0.01270712242132667	0.007547141057174757	0.03207915336306092	0.03852323035422725	0.003895347685407243	0.002162494376178496	0.06118482826785121	0.0601438429654576	0.1591316331942935	0.1940592886179755	0.007549641628049658	0.003144254454507787	0.002897585027468218	0.001362803202816513	0.2568451289536022	0.1779559818140001	0.1748544955803366	0.2602051512938465	0.2548604156610527	0.2494564789250809	0.006991704134706379	0.1149629466341445	0.01004992800926505	0.0841901253795824	0.09983071729680761	0.01184733797878251	0.1008654849168204	0.009236364382063766	0.1326327502041437	0.0132896820672425	0.05515220254493048	0.04595214342470714	0.07772637911022347	0.03399872485805874	0.005586789954151548	0.09717786359054047	0.005645207280435487	0.008023810523748218	0.004816086961406251
1.071231259413831	0.002068630633026921	0.01908240619643699	0.0008761285898640209	0.0007754497796408023	0.001414688890328849	0.008226726037999527	0.1634662856286008	0.1431823283655986	0.1115509267485675	0.09022846348624936	0.003702077386592399	0.003054735635553394	0.03400113494150382	0.03008629005044335	0.06532116721343792	0.003865597829019306	0.01199816319189576	0.007402217446786847	0.02077806519777654	0.01371473133134283	0.08809394965386561	0.02819313144871992	0.03755830117249803	0.04328821003597768	0.005321826256913781	0.1540389451945847	0.007937459678117502	0.05246084428408	0.06297292176384559	0.08816206873811672	0.157839526771782	0.08616587144511961	0.1095480743410344	0.06373411010530991	0.1675093402731134	0.1167432627452926	0.01223186181750496	0.02673138429363412	0.09295867711145757	0.002521117164569707	0.001431289523967604	0.001467757272781701	0.001330018082386625	0.01524212480646378	0.0267143869073676	0.009262377675036652	0.009432778818943539	0.01347815827717977	0.008000469842089694	0.03132623755378078	0.03775073798663799	0.00461344959938473	0.002786345507812431	0.06214606974736445	0.06108007887579618	0.1649303929538226	0.2012032138253152	0.007439226825747651	0.003484960438202692	0.003278451011267621	0.00172157241040251	0.2625959213477726	0.1814906875202958	0.1775500166963639	0.265989772869107	0.2606325521630909	0.2551513925453225	0.007388966269753073	0.1197501593875	0.01058839769733559	0.08831792398292181	0.1043659948478898	0.01158190769339476	0.1048985833395077	0.009062217521541396	0.1346032243774714	0.01337747929989095	0.05485172492046109	0.04574728943456211	0.08224786000580163	0.03572043944339428	0.006014557746237238	0.0986820595213084	0.006287052214781529	0.008822303523968858	0.005433723326498814
1.075200000000001	0.00177130258345305	0.01749067979867983	0.001185722053422309	0.001264619408636251	0.00131087507505662	0.007715374800899117	0.1571572748730024	0.1367150872874027	0.1085837421967749	0.08719546993902744	0.00793722671368975	0.006678151439325069	0.03314242310853026	0.03100453249061072	0.06162849814448301	0.005767363004668204	0.01403845013834565	0.008726526589940508	0.0476285431489662	0.03726829630530605	0.1064299942525707	0.05226912968603697	0.05969026702129641	0.06397081356785742	0.00510345584121894	0.1507330562155199	0.007553460826402953	0.05292143531461545	0.0647687874308715	0.0828252547389345	0.1526368532564121	0.08114488007726683	0.1074906192563975	0.05959410693316122	0.1622626093880883	0.1127774145963278	0.008540749557655609	0.02445814162027223	0.08885140332284369	0.005093301297383568	0.003479956899877631	0.003126331409652703	0.003584395547564205	0.01607330557691416	0.02808872122496591	0.009969684845955232	0.01012157735237458	0.01432180784568017	0.00860641202141163	0.03072250230717661	0.03637269302752445	0.01003054461957045	0.007175067197325781	0.06140902768881335	0.06035727680986135	0.1677847190392731	0.2047572103054445	0.008234743148622803	0.004774670557934518	0.004965621365513788	0.003093253998202208	0.2621644774174297	0.1817894481771921	0.1780734530168047	0.2662582320651639	0.2617337084737072	0.2568017623890189	0.00784999155796326	0.1290498787768246	0.01117839673320209	0.09313738111595239	0.1095521114643669	0.01269613221987287	0.1140817631841874	0.01004506336686737	0.1349173447470492	0.01428513718707184	0.05345674956376431	0.04448222356519577	0.08631783096391017	0.03755368119769727	0.009839393376102037	0.09754288401381957	0.008113098380867887	0.01078329815003785	0.007279593447258145
1.084712856113115	0.001780719253253061	0.01986320651274764	0.0007852890867720783	0.0007101186002512763	0.001207194269472911	0.008848344733376916	0.1809186169502672	0.1585867974777413	0.1069434370459113	0.085956989668	0.004261383304126207	0.003439912338280803	0.03308268935444616	0.02877675051748608	0.06765216567638777	0.003948790346846299	0.01288474366287033	0.007947350274935504	0.02307675058958138	0.01569718256502384	0.09717005368080688	0.02985341618943047	0.03849235262526936	0.04385753946347824	0.005628419336061221	0.146930672150036	0.008244211282929435	0.05062032549159771	0.06144950184439426	0.09135759879243646	0.1506697233740038	0.08916307638736576	0.1174025148516115	0.06545262873017618	0.1857316014150539	0.1294678843467188	0.009339034229841723	0.02490487852877683	0.09026735104101793	0.002691336567522601	0.001075100211860129	0.001055655896109227	0.0009682652626356832	0.01612928331597778	0.02829400806369793	0.00979674861190539	0.009979483643256589	0.0142662828206733	0.008402503756295081	0.02583237835278063	0.03266081634902813	0.004035170750009241	0.002486145075391365	0.06293490297740834	0.06184341715901541	0.1706911977533614	0.2085391704970622	0.006148323890743448	0.003434942555096688	0.003026093524076032	0.001773489347534194	0.2679449718641939	0.1841200712647032	0.1767760330140105	0.2711229331897516	0.2655586363252992	0.2597698366554334	0.007756344185510335	0.1232768493956064	0.0110766089731644	0.09222066580878435	0.1084812151097688	0.00935346826244437	0.1073487870619117	0.007347319242314468	0.133639599207016	0.01218130042745283	0.05036489292982698	0.04246855633530513	0.08717326584112346	0.03737612978077157	0.005024004480012768	0.09989063124444608	0.006605008782228392	0.009307773821226939	0.005708849921386068
1.101655884473056	0.001556453940419109	0.02074649264924247	0.0007563213243778159	0.0007352601071996369	0.001041498868625758	0.009486972148674659	0.1984659745110403	0.1740042048970821	0.1028898115066224	0.08199327584401801	0.00576074160997603	0.004641958193361948	0.03317237276019441	0.02890044980901974	0.0699652894381092	0.004243604392016736	0.01403115145324376	0.008661112423666441	0.03146702746768435	0.0224187945888549	0.1103405490095969	0.03704114533106605	0.04464159206740536	0.04938428798285172	0.005972934797151977	0.1417469871992092	0.00862195330057069	0.04987006012106688	0.06142876636703454	0.0944882303750723	0.1449679267854318	0.09211804825068902	0.1262342686441534	0.06714885748256838	0.2044209302883594	0.1424839509314263	0.006577558313037552	0.02328031189875709	0.08776507607687159	0.003466016923807484	0.0009599874037768441	0.0008505029044965615	0.0008623598940175288	0.01729888822261797	0.03018655075074209	0.01082670339344251	0.01097983348377743	0.01546416995259525	0.009198973115100116	0.0213581577308578	0.02748747139573017	0.005986251778395197	0.004500017400498046	0.06566091445013662	0.06456919845425076	0.1786330153497623	0.2187072273357341	0.004713176593160717	0.005477235559102697	0.005384024925471972	0.003935115526256514	0.2807258644278388	0.1954639701148784	0.1859164200456754	0.2845305850950485	0.2790160838589474	0.2730235372827406	0.008421908770632678	0.1290498234880689	0.01183484428188002	0.09796292690561599	0.1144108687580157	0.006550371318820573	0.1120087194098488	0.005363234317387944	0.1352069719044099	0.01062478327044954	0.04635618093633732	0.03956868355856052	0.09273142647838416	0.03921157547954208	0.00603686768081507	0.1043994091469212	0.009132519579609914	0.01215636818278642	0.008361187574327456
1.116031259413831	0.00150689558984404	0.0213446898244143	0.0008100946976235208	0.0008836689244086041	0.0009748357815455242	0.009833707437511451	0.2077025788670112	0.1821388834525793	0.1058340606500649	0.08375099618882556	0.008682934887831142	0.007107080571567248	0.03528335149147521	0.03172680613916529	0.07238934978748353	0.004576103047651283	0.01484001041096508	0.009172660304758768	0.04934014622295019	0.03613751679698065	0.1260489745828118	0.0533759943584442	0.06005153023770476	0.06404558944408376	0.006196914699700974	0.1488496233686919	0.008961505854318173	0.05283796041122187	0.06604839359599825	0.09772290596897358	0.1510664111809573	0.09526714850520641	0.1340264948855402	0.069258835197409	0.2152647418935564	0.1499998230451176	0.004715583000185781	0.02353290582129058	0.08965789707365333	0.005195089182003966	0.001097045944456519	0.0008793493185351059	0.001012537169981754	0.01796912575614377	0.03113965499643608	0.01164838413548533	0.01175164919445063	0.01626419863800487	0.009867056642635475	0.02420063301349583	0.02877687533254009	0.009502775041746661	0.007635373447079865	0.06786801952858328	0.06680038707645966	0.1830594620530805	0.2242172330703315	0.004906072122506606	0.00819792953534672	0.008833248325934878	0.006662413582977356	0.2901286940492412	0.206002638865196	0.1986508392838751	0.2949316520768651	0.2897995090350897	0.2840164297380134	0.008946366183995072	0.1332896198630369	0.01239079953436274	0.1016964344279692	0.1182613290300339	0.006452772135686463	0.1160013864032137	0.005513463795898399	0.1392144988902136	0.01068561071446825	0.04834027880457097	0.0410080583362457	0.09525661178387873	0.04011594735026772	0.008949758576516606	0.108152504958719	0.01209576733217092	0.01536776372385773	0.01152031886683843
1.12	0.001513555548682637	0.02147751437391492	0.000835525677369503	0.0009420511972772195	0.0009669205621727025	0.009894857304300994	0.2092761668697153	0.1835321206797224	0.1077624264375592	0.08514063024736872	0.009720831840494019	0.007990453179980744	0.03615930442550382	0.03289301676693156	0.07315112008517131	0.004673977009159402	0.01502523563205346	0.009291206333994091	0.05578272303111963	0.04104407729098535	0.1309473891907522	0.05934116131838037	0.06577608803881503	0.06954275946040159	0.006245013767126832	0.1527365296058509	0.00905485413819224	0.05423082242626252	0.06805427637136356	0.09873492090171107	0.1546073622828515	0.09626545358511004	0.1361810498900676	0.06996983313204475	0.2173690051811112	0.1514505128631195	0.004275348131024091	0.02387920829158335	0.09089612167956844	0.005822943905695242	0.001165630578630687	0.0009139683910725585	0.00108518358919829	0.01809347884429565	0.0312828666686014	0.01185991040868788	0.01194557780220965	0.01644165244230459	0.01004187966553685	0.02559070510538066	0.02961785952709874	0.01073071812500673	0.008708174777998663	0.06845833628316324	0.06740189473049653	0.1838265672917581	0.2251614434268414	0.00508667047702151	0.009088939224265105	0.009981279465438071	0.007548080930286048	0.292466003648637	0.2090356884823437	0.2027111920614195	0.2976160784783345	0.2926370684547184	0.2869582622167789	0.009077593741733473	0.1342968520072358	0.01251863377260155	0.102490745788882	0.1190626924168953	0.006624424595312119	0.1170430145568675	0.005719213792138753	0.1404943802047676	0.01080932867465231	0.04933630284384866	0.04172696634729884	0.09555797911463174	0.04023184275904158	0.01000675552417584	0.1091750216790113	0.0130315018419762	0.01636641117930925	0.01252439983876539
