[2026-06-04 17:22:28.357] [info] Loaded model Full_Body_Walking_Model-Scaled_Adjusted from file ..\UF_Subject_4_Scaled_JMP.osim
[2026-06-04 17:22:28.358] [warning] Couldn't find file 'r_pelvis.vtp'.
[2026-06-04 17:22:28.359] [warning] Couldn't find file 'l_pelvis.vtp'.
[2026-06-04 17:22:28.359] [warning] Couldn't find file 'sacrum.vtp'.
[2026-06-04 17:22:28.359] [warning] Couldn't find file 'r_femur.vtp'.
[2026-06-04 17:22:28.360] [warning] Couldn't find file 'r_patella.vtp'.
[2026-06-04 17:22:28.360] [warning] Couldn't find file 'r_tibia.vtp'.
[2026-06-04 17:22:28.360] [warning] Couldn't find file 'r_fibula.vtp'.
[2026-06-04 17:22:28.360] [warning] Couldn't find file 'r_talus.stl'.
[2026-06-04 17:22:28.360] [warning] Couldn't find file 'r_foot.vtp'.
[2026-06-04 17:22:28.360] [warning] Couldn't find file 'r_bofoot.vtp'.
[2026-06-04 17:22:28.360] [warning] Couldn't find file 'l_femur.vtp'.
[2026-06-04 17:22:28.360] [warning] Couldn't find file 'l_patella.vtp'.
[2026-06-04 17:22:28.360] [warning] Couldn't find file 'l_tibia.vtp'.
[2026-06-04 17:22:28.361] [warning] Couldn't find file 'l_fibula.vtp'.
[2026-06-04 17:22:28.361] [warning] Couldn't find file 'l_talus.stl'.
[2026-06-04 17:22:28.361] [warning] Couldn't find file 'l_foot.vtp'.
[2026-06-04 17:22:28.361] [warning] Couldn't find file 'l_bofoot.vtp'.
[2026-06-04 17:22:28.361] [warning] Couldn't find file 'hat_spine.vtp'.
[2026-06-04 17:22:28.361] [warning] Couldn't find file 'hat_jaw.vtp'.
[2026-06-04 17:22:28.361] [warning] Couldn't find file 'hat_skull.vtp'.
[2026-06-04 17:22:28.361] [warning] Couldn't find file 'hat_ribs_scap.vtp'.
[2026-06-04 17:22:28.361] [warning] Couldn't find file 'humerus_rv.vtp'.
[2026-06-04 17:22:28.361] [warning] Couldn't find file 'ulna_rv.vtp'.
[2026-06-04 17:22:28.361] [warning] Couldn't find file 'radius_rv.vtp'.
[2026-06-04 17:22:28.361] [warning] Couldn't find file 'pisiform_rvs.vtp'.
[2026-06-04 17:22:28.361] [warning] Couldn't find file 'lunate_rvs.vtp'.
[2026-06-04 17:22:28.361] [warning] Couldn't find file 'scaphoid_rvs.vtp'.
[2026-06-04 17:22:28.361] [warning] Couldn't find file 'triquetrum_rvs.vtp'.
[2026-06-04 17:22:28.361] [warning] Couldn't find file 'hamate_rvs.vtp'.
[2026-06-04 17:22:28.361] [warning] Couldn't find file 'capitate_rvs.vtp'.
[2026-06-04 17:22:28.361] [warning] Couldn't find file 'trapezoid_rvs.vtp'.
[2026-06-04 17:22:28.362] [warning] Couldn't find file 'trapezium_rvs.vtp'.
[2026-06-04 17:22:28.362] [warning] Couldn't find file 'metacarpal2_rvs.vtp'.
[2026-06-04 17:22:28.362] [warning] Couldn't find file 'index_proximal_rvs.vtp'.
[2026-06-04 17:22:28.362] [warning] Couldn't find file 'index_medial_rvs.vtp'.
[2026-06-04 17:22:28.362] [warning] Couldn't find file 'index_distal_rvs.vtp'.
[2026-06-04 17:22:28.362] [warning] Couldn't find file 'metacarpal3_rvs.vtp'.
[2026-06-04 17:22:28.362] [warning] Couldn't find file 'middle_proximal_rvs.vtp'.
[2026-06-04 17:22:28.362] [warning] Couldn't find file 'middle_medial_rvs.vtp'.
[2026-06-04 17:22:28.362] [warning] Couldn't find file 'middle_distal_rvs.vtp'.
[2026-06-04 17:22:28.362] [warning] Couldn't find file 'metacarpal4_rvs.vtp'.
[2026-06-04 17:22:28.362] [warning] Couldn't find file 'ring_proximal_rvs.vtp'.
[2026-06-04 17:22:28.362] [warning] Couldn't find file 'ring_medial_rvs.vtp'.
[2026-06-04 17:22:28.362] [warning] Couldn't find file 'ring_distal_rvs.vtp'.
[2026-06-04 17:22:28.362] [warning] Couldn't find file 'metacarpal5_rvs.vtp'.
[2026-06-04 17:22:28.362] [warning] Couldn't find file 'little_proximal_rvs.vtp'.
[2026-06-04 17:22:28.362] [warning] Couldn't find file 'little_medial_rvs.vtp'.
[2026-06-04 17:22:28.362] [warning] Couldn't find file 'little_distal_rvs.vtp'.
[2026-06-04 17:22:28.362] [warning] Couldn't find file 'metacarpal1_rvs.vtp'.
[2026-06-04 17:22:28.363] [warning] Couldn't find file 'thumb_proximal_rvs.vtp'.
[2026-06-04 17:22:28.363] [warning] Couldn't find file 'thumb_distal_rvs.vtp'.
[2026-06-04 17:22:28.363] [warning] Couldn't find file 'humerus_lv.vtp'.
[2026-06-04 17:22:28.363] [warning] Couldn't find file 'ulna_lv.vtp'.
[2026-06-04 17:22:28.363] [warning] Couldn't find file 'radius_lv.vtp'.
[2026-06-04 17:22:28.363] [warning] Couldn't find file 'pisiform_lvs.vtp'.
[2026-06-04 17:22:28.363] [warning] Couldn't find file 'lunate_lvs.vtp'.
[2026-06-04 17:22:28.363] [warning] Couldn't find file 'scaphoid_lvs.vtp'.
[2026-06-04 17:22:28.363] [warning] Couldn't find file 'triquetrum_lvs.vtp'.
[2026-06-04 17:22:28.363] [warning] Couldn't find file 'hamate_lvs.vtp'.
[2026-06-04 17:22:28.363] [warning] Couldn't find file 'capitate_lvs.vtp'.
[2026-06-04 17:22:28.363] [warning] Couldn't find file 'trapezoid_lvs.vtp'.
[2026-06-04 17:22:28.363] [warning] Couldn't find file 'trapezium_lvs.vtp'.
[2026-06-04 17:22:28.363] [warning] Couldn't find file 'metacarpal2_lvs.vtp'.
[2026-06-04 17:22:28.363] [warning] Couldn't find file 'index_proximal_lvs.vtp'.
[2026-06-04 17:22:28.363] [warning] Couldn't find file 'index_medial_lvs.vtp'.
[2026-06-04 17:22:28.363] [warning] Couldn't find file 'index_distal_lvs.vtp'.
[2026-06-04 17:22:28.363] [warning] Couldn't find file 'metacarpal3_lvs.vtp'.
[2026-06-04 17:22:28.364] [warning] Couldn't find file 'middle_proximal_lvs.vtp'.
[2026-06-04 17:22:28.364] [warning] Couldn't find file 'middle_medial_lvs.vtp'.
[2026-06-04 17:22:28.364] [warning] Couldn't find file 'middle_distal_lvs.vtp'.
[2026-06-04 17:22:28.364] [warning] Couldn't find file 'metacarpal4_lvs.vtp'.
[2026-06-04 17:22:28.364] [warning] Couldn't find file 'ring_proximal_lvs.vtp'.
[2026-06-04 17:22:28.364] [warning] Couldn't find file 'ring_medial_lvs.vtp'.
[2026-06-04 17:22:28.364] [warning] Couldn't find file 'ring_distal_lvs.vtp'.
[2026-06-04 17:22:28.364] [warning] Couldn't find file 'metacarpal5_lvs.vtp'.
[2026-06-04 17:22:28.364] [warning] Couldn't find file 'little_proximal_lvs.vtp'.
[2026-06-04 17:22:28.364] [warning] Couldn't find file 'little_medial_lvs.vtp'.
[2026-06-04 17:22:28.364] [warning] Couldn't find file 'little_distal_lvs.vtp'.
[2026-06-04 17:22:28.364] [warning] Couldn't find file 'metacarpal1_lvs.vtp'.
[2026-06-04 17:22:28.364] [warning] Couldn't find file 'thumb_proximal_lvs.vtp'.
[2026-06-04 17:22:28.364] [warning] Couldn't find file 'thumb_distal_lvs.vtp'.
[2026-06-04 17:22:31.948] [info] Storage: read data file = ..\TrackingOptimization\surrogateData\MAData\gait_1\gait_1_MuscleAnalysis_MomentArm_hip_flexion_r.sto (nr=2525 nc=87)
[2026-06-04 17:22:32.080] [info] Storage: read data file = ..\TrackingOptimization\surrogateData\MAData\gait_1\gait_1_MuscleAnalysis_MomentArm_hip_flexion_r.sto (nr=2525 nc=87)
[2026-06-04 17:22:32.146] [info] Storage: read data file = ..\TrackingOptimization\surrogateData\MAData\gait_1\gait_1_MuscleAnalysis_MomentArm_hip_adduction_r.sto (nr=2525 nc=87)
[2026-06-04 17:22:32.284] [info] Storage: read data file = ..\TrackingOptimization\surrogateData\MAData\gait_1\gait_1_MuscleAnalysis_MomentArm_hip_rotation_r.sto (nr=2525 nc=87)
[2026-06-04 17:22:32.421] [info] Storage: read data file = ..\TrackingOptimization\surrogateData\MAData\gait_1\gait_1_MuscleAnalysis_MomentArm_knee_angle_r.sto (nr=2525 nc=87)
[2026-06-04 17:22:32.552] [info] Storage: read data file = ..\TrackingOptimization\surrogateData\MAData\gait_1\gait_1_MuscleAnalysis_MomentArm_ankle_angle_r.sto (nr=2525 nc=87)
[2026-06-04 17:22:32.695] [info] Storage: read data file = ..\TrackingOptimization\surrogateData\MAData\gait_1\gait_1_MuscleAnalysis_MomentArm_subtalar_angle_r.sto (nr=2525 nc=87)
[2026-06-04 17:22:32.832] [info] Storage: read data file = ..\TrackingOptimization\surrogateData\MAData\gait_1\gait_1_MuscleAnalysis_MomentArm_mtp_angle_r.sto (nr=2525 nc=87)
[2026-06-04 17:22:32.964] [info] Storage: read data file = ..\TrackingOptimization\surrogateData\MAData\gait_1\gait_1_MuscleAnalysis_MomentArm_hip_flexion_l.sto (nr=2525 nc=87)
[2026-06-04 17:22:33.106] [info] Storage: read data file = ..\TrackingOptimization\surrogateData\MAData\gait_1\gait_1_MuscleAnalysis_MomentArm_hip_adduction_l.sto (nr=2525 nc=87)
[2026-06-04 17:22:33.253] [info] Storage: read data file = ..\TrackingOptimization\surrogateData\MAData\gait_1\gait_1_MuscleAnalysis_MomentArm_hip_rotation_l.sto (nr=2525 nc=87)
[2026-06-04 17:22:33.394] [info] Storage: read data file = ..\TrackingOptimization\surrogateData\MAData\gait_1\gait_1_MuscleAnalysis_MomentArm_knee_angle_l.sto (nr=2525 nc=87)
[2026-06-04 17:22:33.535] [info] Storage: read data file = ..\TrackingOptimization\surrogateData\MAData\gait_1\gait_1_MuscleAnalysis_MomentArm_ankle_angle_l.sto (nr=2525 nc=87)
[2026-06-04 17:22:33.679] [info] Storage: read data file = ..\TrackingOptimization\surrogateData\MAData\gait_1\gait_1_MuscleAnalysis_MomentArm_subtalar_angle_l.sto (nr=2525 nc=87)
[2026-06-04 17:22:33.817] [info] Storage: read data file = ..\TrackingOptimization\surrogateData\MAData\gait_1\gait_1_MuscleAnalysis_MomentArm_mtp_angle_l.sto (nr=2525 nc=87)
[2026-06-04 17:22:33.986] [info] Storage: read data file = ..\TrackingOptimization\surrogateData\MAData\gait_1\gait_1_MuscleAnalysis_Length.sto (nr=2525 nc=87)
[2026-06-04 17:22:34.159] [info] Storage: read data file = ..\TrackingOptimization\surrogateData\MAData\gait_1\gait_1_MuscleAnalysis_Length.sto (nr=2525 nc=87)
[2026-06-04 17:22:36.284] [info] Loaded model Full_Body_Walking_Model-Scaled_Adjusted from file ..\UF_Subject_4_Scaled_JMP.osim
[2026-06-04 17:22:36.285] [warning] Couldn't find file 'r_pelvis.vtp'.
[2026-06-04 17:22:36.285] [warning] Couldn't find file 'l_pelvis.vtp'.
[2026-06-04 17:22:36.285] [warning] Couldn't find file 'sacrum.vtp'.
[2026-06-04 17:22:36.285] [warning] Couldn't find file 'r_femur.vtp'.
[2026-06-04 17:22:36.285] [warning] Couldn't find file 'r_patella.vtp'.
[2026-06-04 17:22:36.285] [warning] Couldn't find file 'r_tibia.vtp'.
[2026-06-04 17:22:36.285] [warning] Couldn't find file 'r_fibula.vtp'.
[2026-06-04 17:22:36.285] [warning] Couldn't find file 'r_talus.stl'.
[2026-06-04 17:22:36.285] [warning] Couldn't find file 'r_foot.vtp'.
[2026-06-04 17:22:36.286] [warning] Couldn't find file 'r_bofoot.vtp'.
[2026-06-04 17:22:36.286] [warning] Couldn't find file 'l_femur.vtp'.
[2026-06-04 17:22:36.286] [warning] Couldn't find file 'l_patella.vtp'.
[2026-06-04 17:22:36.286] [warning] Couldn't find file 'l_tibia.vtp'.
[2026-06-04 17:22:36.286] [warning] Couldn't find file 'l_fibula.vtp'.
[2026-06-04 17:22:36.286] [warning] Couldn't find file 'l_talus.stl'.
[2026-06-04 17:22:36.286] [warning] Couldn't find file 'l_foot.vtp'.
[2026-06-04 17:22:36.286] [warning] Couldn't find file 'l_bofoot.vtp'.
[2026-06-04 17:22:36.286] [warning] Couldn't find file 'hat_spine.vtp'.
[2026-06-04 17:22:36.286] [warning] Couldn't find file 'hat_jaw.vtp'.
[2026-06-04 17:22:36.286] [warning] Couldn't find file 'hat_skull.vtp'.
[2026-06-04 17:22:36.286] [warning] Couldn't find file 'hat_ribs_scap.vtp'.
[2026-06-04 17:22:36.286] [warning] Couldn't find file 'humerus_rv.vtp'.
[2026-06-04 17:22:36.287] [warning] Couldn't find file 'ulna_rv.vtp'.
[2026-06-04 17:22:36.287] [warning] Couldn't find file 'radius_rv.vtp'.
[2026-06-04 17:22:36.287] [warning] Couldn't find file 'pisiform_rvs.vtp'.
[2026-06-04 17:22:36.287] [warning] Couldn't find file 'lunate_rvs.vtp'.
[2026-06-04 17:22:36.287] [warning] Couldn't find file 'scaphoid_rvs.vtp'.
[2026-06-04 17:22:36.287] [warning] Couldn't find file 'triquetrum_rvs.vtp'.
[2026-06-04 17:22:36.287] [warning] Couldn't find file 'hamate_rvs.vtp'.
[2026-06-04 17:22:36.287] [warning] Couldn't find file 'capitate_rvs.vtp'.
[2026-06-04 17:22:36.287] [warning] Couldn't find file 'trapezoid_rvs.vtp'.
[2026-06-04 17:22:36.287] [warning] Couldn't find file 'trapezium_rvs.vtp'.
[2026-06-04 17:22:36.287] [warning] Couldn't find file 'metacarpal2_rvs.vtp'.
[2026-06-04 17:22:36.287] [warning] Couldn't find file 'index_proximal_rvs.vtp'.
[2026-06-04 17:22:36.287] [warning] Couldn't find file 'index_medial_rvs.vtp'.
[2026-06-04 17:22:36.287] [warning] Couldn't find file 'index_distal_rvs.vtp'.
[2026-06-04 17:22:36.288] [warning] Couldn't find file 'metacarpal3_rvs.vtp'.
[2026-06-04 17:22:36.288] [warning] Couldn't find file 'middle_proximal_rvs.vtp'.
[2026-06-04 17:22:36.288] [warning] Couldn't find file 'middle_medial_rvs.vtp'.
[2026-06-04 17:22:36.288] [warning] Couldn't find file 'middle_distal_rvs.vtp'.
[2026-06-04 17:22:36.288] [warning] Couldn't find file 'metacarpal4_rvs.vtp'.
[2026-06-04 17:22:36.288] [warning] Couldn't find file 'ring_proximal_rvs.vtp'.
[2026-06-04 17:22:36.288] [warning] Couldn't find file 'ring_medial_rvs.vtp'.
[2026-06-04 17:22:36.288] [warning] Couldn't find file 'ring_distal_rvs.vtp'.
[2026-06-04 17:22:36.288] [warning] Couldn't find file 'metacarpal5_rvs.vtp'.
[2026-06-04 17:22:36.288] [warning] Couldn't find file 'little_proximal_rvs.vtp'.
[2026-06-04 17:22:36.288] [warning] Couldn't find file 'little_medial_rvs.vtp'.
[2026-06-04 17:22:36.288] [warning] Couldn't find file 'little_distal_rvs.vtp'.
[2026-06-04 17:22:36.288] [warning] Couldn't find file 'metacarpal1_rvs.vtp'.
[2026-06-04 17:22:36.288] [warning] Couldn't find file 'thumb_proximal_rvs.vtp'.
[2026-06-04 17:22:36.289] [warning] Couldn't find file 'thumb_distal_rvs.vtp'.
[2026-06-04 17:22:36.289] [warning] Couldn't find file 'humerus_lv.vtp'.
[2026-06-04 17:22:36.289] [warning] Couldn't find file 'ulna_lv.vtp'.
[2026-06-04 17:22:36.289] [warning] Couldn't find file 'radius_lv.vtp'.
[2026-06-04 17:22:36.289] [warning] Couldn't find file 'pisiform_lvs.vtp'.
[2026-06-04 17:22:36.289] [warning] Couldn't find file 'lunate_lvs.vtp'.
[2026-06-04 17:22:36.289] [warning] Couldn't find file 'scaphoid_lvs.vtp'.
[2026-06-04 17:22:36.289] [warning] Couldn't find file 'triquetrum_lvs.vtp'.
[2026-06-04 17:22:36.289] [warning] Couldn't find file 'hamate_lvs.vtp'.
[2026-06-04 17:22:36.289] [warning] Couldn't find file 'capitate_lvs.vtp'.
[2026-06-04 17:22:36.289] [warning] Couldn't find file 'trapezoid_lvs.vtp'.
[2026-06-04 17:22:36.289] [warning] Couldn't find file 'trapezium_lvs.vtp'.
[2026-06-04 17:22:36.289] [warning] Couldn't find file 'metacarpal2_lvs.vtp'.
[2026-06-04 17:22:36.289] [warning] Couldn't find file 'index_proximal_lvs.vtp'.
[2026-06-04 17:22:36.289] [warning] Couldn't find file 'index_medial_lvs.vtp'.
[2026-06-04 17:22:36.290] [warning] Couldn't find file 'index_distal_lvs.vtp'.
[2026-06-04 17:22:36.290] [warning] Couldn't find file 'metacarpal3_lvs.vtp'.
[2026-06-04 17:22:36.290] [warning] Couldn't find file 'middle_proximal_lvs.vtp'.
[2026-06-04 17:22:36.290] [warning] Couldn't find file 'middle_medial_lvs.vtp'.
[2026-06-04 17:22:36.290] [warning] Couldn't find file 'middle_distal_lvs.vtp'.
[2026-06-04 17:22:36.290] [warning] Couldn't find file 'metacarpal4_lvs.vtp'.
[2026-06-04 17:22:36.290] [warning] Couldn't find file 'ring_proximal_lvs.vtp'.
[2026-06-04 17:22:36.290] [warning] Couldn't find file 'ring_medial_lvs.vtp'.
[2026-06-04 17:22:36.290] [warning] Couldn't find file 'ring_distal_lvs.vtp'.
[2026-06-04 17:22:36.290] [warning] Couldn't find file 'metacarpal5_lvs.vtp'.
[2026-06-04 17:22:36.290] [warning] Couldn't find file 'little_proximal_lvs.vtp'.
[2026-06-04 17:22:36.290] [warning] Couldn't find file 'little_medial_lvs.vtp'.
[2026-06-04 17:22:36.290] [warning] Couldn't find file 'little_distal_lvs.vtp'.
[2026-06-04 17:22:36.290] [warning] Couldn't find file 'metacarpal1_lvs.vtp'.
[2026-06-04 17:22:36.290] [warning] Couldn't find file 'thumb_proximal_lvs.vtp'.
[2026-06-04 17:22:36.291] [warning] Couldn't find file 'thumb_distal_lvs.vtp'.
[2026-06-04 17:22:36.469] [warning] ForceSet 'forceset' has subcomponents with duplicate name 'pointactuator'. The duplicate is being renamed to 'pointactuator_0'.
[2026-06-04 17:22:36.473] [warning] ForceSet 'forceset' has subcomponents with duplicate name 'pointactuator'. The duplicate is being renamed to 'pointactuator_1'.
[2026-06-04 17:22:36.477] [warning] ForceSet 'forceset' has subcomponents with duplicate name 'pointactuator'. The duplicate is being renamed to 'pointactuator_2'.
[2026-06-04 17:22:36.480] [warning] ForceSet 'forceset' has subcomponents with duplicate name 'pointactuator'. The duplicate is being renamed to 'pointactuator_3'.
[2026-06-04 17:22:36.483] [warning] ForceSet 'forceset' has subcomponents with duplicate name 'pointactuator'. The duplicate is being renamed to 'pointactuator_4'.
[2026-06-04 17:22:36.501] [warning] ForceSet 'forceset' has subcomponents with duplicate name 'torqueactuator'. The duplicate is being renamed to 'torqueactuator_0'.
[2026-06-04 17:22:36.506] [warning] ForceSet 'forceset' has subcomponents with duplicate name 'torqueactuator'. The duplicate is being renamed to 'torqueactuator_1'.
[2026-06-04 17:22:36.509] [warning] ForceSet 'forceset' has subcomponents with duplicate name 'torqueactuator'. The duplicate is being renamed to 'torqueactuator_2'.
[2026-06-04 17:22:36.513] [warning] ForceSet 'forceset' has subcomponents with duplicate name 'torqueactuator'. The duplicate is being renamed to 'torqueactuator_3'.
[2026-06-04 17:22:36.517] [warning] ForceSet 'forceset' has subcomponents with duplicate name 'torqueactuator'. The duplicate is being renamed to 'torqueactuator_4'.
[2026-06-04 17:22:36.520] [warning] ForceSet 'forceset' has subcomponents with duplicate name 'pointactuator'. The duplicate is being renamed to 'pointactuator_5'.
[2026-06-04 17:22:36.524] [warning] ForceSet 'forceset' has subcomponents with duplicate name 'pointactuator'. The duplicate is being renamed to 'pointactuator_6'.
[2026-06-04 17:22:36.527] [warning] ForceSet 'forceset' has subcomponents with duplicate name 'pointactuator'. The duplicate is being renamed to 'pointactuator_7'.
[2026-06-04 17:22:36.532] [warning] ForceSet 'forceset' has subcomponents with duplicate name 'pointactuator'. The duplicate is being renamed to 'pointactuator_8'.
[2026-06-04 17:22:36.535] [warning] ForceSet 'forceset' has subcomponents with duplicate name 'pointactuator'. The duplicate is being renamed to 'pointactuator_9'.
[2026-06-04 17:22:36.538] [warning] ForceSet 'forceset' has subcomponents with duplicate name 'pointactuator'. The duplicate is being renamed to 'pointactuator_10'.
[2026-06-04 17:22:36.541] [warning] ForceSet 'forceset' has subcomponents with duplicate name 'torqueactuator'. The duplicate is being renamed to 'torqueactuator_5'.
[2026-06-04 17:22:36.543] [warning] ForceSet 'forceset' has subcomponents with duplicate name 'torqueactuator'. The duplicate is being renamed to 'torqueactuator_6'.
[2026-06-04 17:22:36.546] [warning] ForceSet 'forceset' has subcomponents with duplicate name 'torqueactuator'. The duplicate is being renamed to 'torqueactuator_7'.
[2026-06-04 17:22:36.548] [warning] ForceSet 'forceset' has subcomponents with duplicate name 'torqueactuator'. The duplicate is being renamed to 'torqueactuator_8'.
[2026-06-04 17:22:36.551] [warning] ForceSet 'forceset' has subcomponents with duplicate name 'torqueactuator'. The duplicate is being renamed to 'torqueactuator_9'.
[2026-06-04 17:22:36.553] [warning] ForceSet 'forceset' has subcomponents with duplicate name 'torqueactuator'. The duplicate is being renamed to 'torqueactuator_10'.
[2026-06-04 17:22:36.646] [info] Loaded model Full_Body_Walking_Model-Scaled_Adjusted from file ..\UF_Subject_4_Scaled_JMP_inactiveMuscles.osim
[2026-06-04 17:22:36.648] [warning] Couldn't find file 'r_pelvis.vtp'.
[2026-06-04 17:22:36.648] [warning] Couldn't find file 'l_pelvis.vtp'.
[2026-06-04 17:22:36.648] [warning] Couldn't find file 'sacrum.vtp'.
[2026-06-04 17:22:36.648] [warning] Couldn't find file 'r_femur.vtp'.
[2026-06-04 17:22:36.648] [warning] Couldn't find file 'r_patella.vtp'.
[2026-06-04 17:22:36.648] [warning] Couldn't find file 'r_tibia.vtp'.
[2026-06-04 17:22:36.648] [warning] Couldn't find file 'r_fibula.vtp'.
[2026-06-04 17:22:36.648] [warning] Couldn't find file 'r_talus.stl'.
[2026-06-04 17:22:36.648] [warning] Couldn't find file 'r_foot.vtp'.
[2026-06-04 17:22:36.648] [warning] Couldn't find file 'r_bofoot.vtp'.
[2026-06-04 17:22:36.648] [warning] Couldn't find file 'l_femur.vtp'.
[2026-06-04 17:22:36.649] [warning] Couldn't find file 'l_patella.vtp'.
[2026-06-04 17:22:36.649] [warning] Couldn't find file 'l_tibia.vtp'.
[2026-06-04 17:22:36.649] [warning] Couldn't find file 'l_fibula.vtp'.
[2026-06-04 17:22:36.649] [warning] Couldn't find file 'l_talus.stl'.
[2026-06-04 17:22:36.649] [warning] Couldn't find file 'l_foot.vtp'.
[2026-06-04 17:22:36.649] [warning] Couldn't find file 'l_bofoot.vtp'.
[2026-06-04 17:22:36.649] [warning] Couldn't find file 'hat_spine.vtp'.
[2026-06-04 17:22:36.649] [warning] Couldn't find file 'hat_jaw.vtp'.
[2026-06-04 17:22:36.649] [warning] Couldn't find file 'hat_skull.vtp'.
[2026-06-04 17:22:36.649] [warning] Couldn't find file 'hat_ribs_scap.vtp'.
[2026-06-04 17:22:36.649] [warning] Couldn't find file 'humerus_rv.vtp'.
[2026-06-04 17:22:36.649] [warning] Couldn't find file 'ulna_rv.vtp'.
[2026-06-04 17:22:36.649] [warning] Couldn't find file 'radius_rv.vtp'.
[2026-06-04 17:22:36.650] [warning] Couldn't find file 'pisiform_rvs.vtp'.
[2026-06-04 17:22:36.650] [warning] Couldn't find file 'lunate_rvs.vtp'.
[2026-06-04 17:22:36.650] [warning] Couldn't find file 'scaphoid_rvs.vtp'.
[2026-06-04 17:22:36.650] [warning] Couldn't find file 'triquetrum_rvs.vtp'.
[2026-06-04 17:22:36.650] [warning] Couldn't find file 'hamate_rvs.vtp'.
[2026-06-04 17:22:36.650] [warning] Couldn't find file 'capitate_rvs.vtp'.
[2026-06-04 17:22:36.650] [warning] Couldn't find file 'trapezoid_rvs.vtp'.
[2026-06-04 17:22:36.650] [warning] Couldn't find file 'trapezium_rvs.vtp'.
[2026-06-04 17:22:36.650] [warning] Couldn't find file 'metacarpal2_rvs.vtp'.
[2026-06-04 17:22:36.650] [warning] Couldn't find file 'index_proximal_rvs.vtp'.
[2026-06-04 17:22:36.650] [warning] Couldn't find file 'index_medial_rvs.vtp'.
[2026-06-04 17:22:36.650] [warning] Couldn't find file 'index_distal_rvs.vtp'.
[2026-06-04 17:22:36.651] [warning] Couldn't find file 'metacarpal3_rvs.vtp'.
[2026-06-04 17:22:36.651] [warning] Couldn't find file 'middle_proximal_rvs.vtp'.
[2026-06-04 17:22:36.651] [warning] Couldn't find file 'middle_medial_rvs.vtp'.
[2026-06-04 17:22:36.651] [warning] Couldn't find file 'middle_distal_rvs.vtp'.
[2026-06-04 17:22:36.651] [warning] Couldn't find file 'metacarpal4_rvs.vtp'.
[2026-06-04 17:22:36.651] [warning] Couldn't find file 'ring_proximal_rvs.vtp'.
[2026-06-04 17:22:36.651] [warning] Couldn't find file 'ring_medial_rvs.vtp'.
[2026-06-04 17:22:36.651] [warning] Couldn't find file 'ring_distal_rvs.vtp'.
[2026-06-04 17:22:36.651] [warning] Couldn't find file 'metacarpal5_rvs.vtp'.
[2026-06-04 17:22:36.651] [warning] Couldn't find file 'little_proximal_rvs.vtp'.
[2026-06-04 17:22:36.651] [warning] Couldn't find file 'little_medial_rvs.vtp'.
[2026-06-04 17:22:36.651] [warning] Couldn't find file 'little_distal_rvs.vtp'.
[2026-06-04 17:22:36.651] [warning] Couldn't find file 'metacarpal1_rvs.vtp'.
[2026-06-04 17:22:36.652] [warning] Couldn't find file 'thumb_proximal_rvs.vtp'.
[2026-06-04 17:22:36.652] [warning] Couldn't find file 'thumb_distal_rvs.vtp'.
[2026-06-04 17:22:36.652] [warning] Couldn't find file 'humerus_lv.vtp'.
[2026-06-04 17:22:36.652] [warning] Couldn't find file 'ulna_lv.vtp'.
[2026-06-04 17:22:36.652] [warning] Couldn't find file 'radius_lv.vtp'.
[2026-06-04 17:22:36.652] [warning] Couldn't find file 'pisiform_lvs.vtp'.
[2026-06-04 17:22:36.652] [warning] Couldn't find file 'lunate_lvs.vtp'.
[2026-06-04 17:22:36.652] [warning] Couldn't find file 'scaphoid_lvs.vtp'.
[2026-06-04 17:22:36.652] [warning] Couldn't find file 'triquetrum_lvs.vtp'.
[2026-06-04 17:22:36.652] [warning] Couldn't find file 'hamate_lvs.vtp'.
[2026-06-04 17:22:36.652] [warning] Couldn't find file 'capitate_lvs.vtp'.
[2026-06-04 17:22:36.652] [warning] Couldn't find file 'trapezoid_lvs.vtp'.
[2026-06-04 17:22:36.653] [warning] Couldn't find file 'trapezium_lvs.vtp'.
[2026-06-04 17:22:36.653] [warning] Couldn't find file 'metacarpal2_lvs.vtp'.
[2026-06-04 17:22:36.653] [warning] Couldn't find file 'index_proximal_lvs.vtp'.
[2026-06-04 17:22:36.653] [warning] Couldn't find file 'index_medial_lvs.vtp'.
[2026-06-04 17:22:36.653] [warning] Couldn't find file 'index_distal_lvs.vtp'.
[2026-06-04 17:22:36.653] [warning] Couldn't find file 'metacarpal3_lvs.vtp'.
[2026-06-04 17:22:36.653] [warning] Couldn't find file 'middle_proximal_lvs.vtp'.
[2026-06-04 17:22:36.653] [warning] Couldn't find file 'middle_medial_lvs.vtp'.
[2026-06-04 17:22:36.653] [warning] Couldn't find file 'middle_distal_lvs.vtp'.
[2026-06-04 17:22:36.653] [warning] Couldn't find file 'metacarpal4_lvs.vtp'.
[2026-06-04 17:22:36.653] [warning] Couldn't find file 'ring_proximal_lvs.vtp'.
[2026-06-04 17:22:36.653] [warning] Couldn't find file 'ring_medial_lvs.vtp'.
[2026-06-04 17:22:36.653] [warning] Couldn't find file 'ring_distal_lvs.vtp'.
[2026-06-04 17:22:36.654] [warning] Couldn't find file 'metacarpal5_lvs.vtp'.
[2026-06-04 17:22:36.654] [warning] Couldn't find file 'little_proximal_lvs.vtp'.
[2026-06-04 17:22:36.654] [warning] Couldn't find file 'little_medial_lvs.vtp'.
[2026-06-04 17:22:36.654] [warning] Couldn't find file 'little_distal_lvs.vtp'.
[2026-06-04 17:22:36.654] [warning] Couldn't find file 'metacarpal1_lvs.vtp'.
[2026-06-04 17:22:36.654] [warning] Couldn't find file 'thumb_proximal_lvs.vtp'.
[2026-06-04 17:22:36.654] [warning] Couldn't find file 'thumb_distal_lvs.vtp'.
[2026-06-04 17:22:36.746] [info] Loaded model Full_Body_Walking_Model-Scaled_Adjusted from file ..\UF_Subject_4_Scaled_JMP_inactiveMuscles.osim
[2026-06-04 17:22:36.746] [warning] Couldn't find file 'r_pelvis.vtp'.
[2026-06-04 17:22:36.746] [warning] Couldn't find file 'l_pelvis.vtp'.
[2026-06-04 17:22:36.746] [warning] Couldn't find file 'sacrum.vtp'.
[2026-06-04 17:22:36.746] [warning] Couldn't find file 'r_femur.vtp'.
[2026-06-04 17:22:36.746] [warning] Couldn't find file 'r_patella.vtp'.
[2026-06-04 17:22:36.746] [warning] Couldn't find file 'r_tibia.vtp'.
[2026-06-04 17:22:36.746] [warning] Couldn't find file 'r_fibula.vtp'.
[2026-06-04 17:22:36.747] [warning] Couldn't find file 'r_talus.stl'.
[2026-06-04 17:22:36.747] [warning] Couldn't find file 'r_foot.vtp'.
[2026-06-04 17:22:36.747] [warning] Couldn't find file 'r_bofoot.vtp'.
[2026-06-04 17:22:36.747] [warning] Couldn't find file 'l_femur.vtp'.
[2026-06-04 17:22:36.747] [warning] Couldn't find file 'l_patella.vtp'.
[2026-06-04 17:22:36.747] [warning] Couldn't find file 'l_tibia.vtp'.
[2026-06-04 17:22:36.747] [warning] Couldn't find file 'l_fibula.vtp'.
[2026-06-04 17:22:36.747] [warning] Couldn't find file 'l_talus.stl'.
[2026-06-04 17:22:36.747] [warning] Couldn't find file 'l_foot.vtp'.
[2026-06-04 17:22:36.747] [warning] Couldn't find file 'l_bofoot.vtp'.
[2026-06-04 17:22:36.747] [warning] Couldn't find file 'hat_spine.vtp'.
[2026-06-04 17:22:36.747] [warning] Couldn't find file 'hat_jaw.vtp'.
[2026-06-04 17:22:36.747] [warning] Couldn't find file 'hat_skull.vtp'.
[2026-06-04 17:22:36.747] [warning] Couldn't find file 'hat_ribs_scap.vtp'.
[2026-06-04 17:22:36.747] [warning] Couldn't find file 'humerus_rv.vtp'.
[2026-06-04 17:22:36.747] [warning] Couldn't find file 'ulna_rv.vtp'.
[2026-06-04 17:22:36.747] [warning] Couldn't find file 'radius_rv.vtp'.
[2026-06-04 17:22:36.747] [warning] Couldn't find file 'pisiform_rvs.vtp'.
[2026-06-04 17:22:36.748] [warning] Couldn't find file 'lunate_rvs.vtp'.
[2026-06-04 17:22:36.748] [warning] Couldn't find file 'scaphoid_rvs.vtp'.
[2026-06-04 17:22:36.748] [warning] Couldn't find file 'triquetrum_rvs.vtp'.
[2026-06-04 17:22:36.748] [warning] Couldn't find file 'hamate_rvs.vtp'.
[2026-06-04 17:22:36.748] [warning] Couldn't find file 'capitate_rvs.vtp'.
[2026-06-04 17:22:36.748] [warning] Couldn't find file 'trapezoid_rvs.vtp'.
[2026-06-04 17:22:36.748] [warning] Couldn't find file 'trapezium_rvs.vtp'.
[2026-06-04 17:22:36.748] [warning] Couldn't find file 'metacarpal2_rvs.vtp'.
[2026-06-04 17:22:36.748] [warning] Couldn't find file 'index_proximal_rvs.vtp'.
[2026-06-04 17:22:36.748] [warning] Couldn't find file 'index_medial_rvs.vtp'.
[2026-06-04 17:22:36.748] [warning] Couldn't find file 'index_distal_rvs.vtp'.
[2026-06-04 17:22:36.748] [warning] Couldn't find file 'metacarpal3_rvs.vtp'.
[2026-06-04 17:22:36.748] [warning] Couldn't find file 'middle_proximal_rvs.vtp'.
[2026-06-04 17:22:36.748] [warning] Couldn't find file 'middle_medial_rvs.vtp'.
[2026-06-04 17:22:36.748] [warning] Couldn't find file 'middle_distal_rvs.vtp'.
[2026-06-04 17:22:36.748] [warning] Couldn't find file 'metacarpal4_rvs.vtp'.
[2026-06-04 17:22:36.749] [warning] Couldn't find file 'ring_proximal_rvs.vtp'.
[2026-06-04 17:22:36.749] [warning] Couldn't find file 'ring_medial_rvs.vtp'.
[2026-06-04 17:22:36.749] [warning] Couldn't find file 'ring_distal_rvs.vtp'.
[2026-06-04 17:22:36.749] [warning] Couldn't find file 'metacarpal5_rvs.vtp'.
[2026-06-04 17:22:36.749] [warning] Couldn't find file 'little_proximal_rvs.vtp'.
[2026-06-04 17:22:36.749] [warning] Couldn't find file 'little_medial_rvs.vtp'.
[2026-06-04 17:22:36.749] [warning] Couldn't find file 'little_distal_rvs.vtp'.
[2026-06-04 17:22:36.749] [warning] Couldn't find file 'metacarpal1_rvs.vtp'.
[2026-06-04 17:22:36.749] [warning] Couldn't find file 'thumb_proximal_rvs.vtp'.
[2026-06-04 17:22:36.749] [warning] Couldn't find file 'thumb_distal_rvs.vtp'.
[2026-06-04 17:22:36.749] [warning] Couldn't find file 'humerus_lv.vtp'.
[2026-06-04 17:22:36.749] [warning] Couldn't find file 'ulna_lv.vtp'.
[2026-06-04 17:22:36.749] [warning] Couldn't find file 'radius_lv.vtp'.
[2026-06-04 17:22:36.749] [warning] Couldn't find file 'pisiform_lvs.vtp'.
[2026-06-04 17:22:36.749] [warning] Couldn't find file 'lunate_lvs.vtp'.
[2026-06-04 17:22:36.749] [warning] Couldn't find file 'scaphoid_lvs.vtp'.
[2026-06-04 17:22:36.749] [warning] Couldn't find file 'triquetrum_lvs.vtp'.
[2026-06-04 17:22:36.749] [warning] Couldn't find file 'hamate_lvs.vtp'.
[2026-06-04 17:22:36.749] [warning] Couldn't find file 'capitate_lvs.vtp'.
[2026-06-04 17:22:36.749] [warning] Couldn't find file 'trapezoid_lvs.vtp'.
[2026-06-04 17:22:36.750] [warning] Couldn't find file 'trapezium_lvs.vtp'.
[2026-06-04 17:22:36.750] [warning] Couldn't find file 'metacarpal2_lvs.vtp'.
[2026-06-04 17:22:36.750] [warning] Couldn't find file 'index_proximal_lvs.vtp'.
[2026-06-04 17:22:36.750] [warning] Couldn't find file 'index_medial_lvs.vtp'.
[2026-06-04 17:22:36.750] [warning] Couldn't find file 'index_distal_lvs.vtp'.
[2026-06-04 17:22:36.750] [warning] Couldn't find file 'metacarpal3_lvs.vtp'.
[2026-06-04 17:22:36.750] [warning] Couldn't find file 'middle_proximal_lvs.vtp'.
[2026-06-04 17:22:36.750] [warning] Couldn't find file 'middle_medial_lvs.vtp'.
[2026-06-04 17:22:36.750] [warning] Couldn't find file 'middle_distal_lvs.vtp'.
[2026-06-04 17:22:36.750] [warning] Couldn't find file 'metacarpal4_lvs.vtp'.
[2026-06-04 17:22:36.750] [warning] Couldn't find file 'ring_proximal_lvs.vtp'.
[2026-06-04 17:22:36.750] [warning] Couldn't find file 'ring_medial_lvs.vtp'.
[2026-06-04 17:22:36.750] [warning] Couldn't find file 'ring_distal_lvs.vtp'.
[2026-06-04 17:22:36.750] [warning] Couldn't find file 'metacarpal5_lvs.vtp'.
[2026-06-04 17:22:36.750] [warning] Couldn't find file 'little_proximal_lvs.vtp'.
[2026-06-04 17:22:36.750] [warning] Couldn't find file 'little_medial_lvs.vtp'.
[2026-06-04 17:22:36.750] [warning] Couldn't find file 'little_distal_lvs.vtp'.
[2026-06-04 17:22:36.750] [warning] Couldn't find file 'metacarpal1_lvs.vtp'.
[2026-06-04 17:22:36.750] [warning] Couldn't find file 'thumb_proximal_lvs.vtp'.
[2026-06-04 17:22:36.750] [warning] Couldn't find file 'thumb_distal_lvs.vtp'.
[2026-06-04 17:22:36.812] [info] Loaded model Full_Body_Walking_Model-Scaled_Adjusted from file ..\UF_Subject_4_Scaled_JMP_inactiveMuscles.osim
[2026-06-04 17:22:36.813] [warning] Couldn't find file 'r_pelvis.vtp'.
[2026-06-04 17:22:36.813] [warning] Couldn't find file 'l_pelvis.vtp'.
[2026-06-04 17:22:36.813] [warning] Couldn't find file 'sacrum.vtp'.
[2026-06-04 17:22:36.813] [warning] Couldn't find file 'r_femur.vtp'.
[2026-06-04 17:22:36.813] [warning] Couldn't find file 'r_patella.vtp'.
[2026-06-04 17:22:36.813] [warning] Couldn't find file 'r_tibia.vtp'.
[2026-06-04 17:22:36.814] [warning] Couldn't find file 'r_fibula.vtp'.
[2026-06-04 17:22:36.814] [warning] Couldn't find file 'r_talus.stl'.
[2026-06-04 17:22:36.814] [warning] Couldn't find file 'r_foot.vtp'.
[2026-06-04 17:22:36.814] [warning] Couldn't find file 'r_bofoot.vtp'.
[2026-06-04 17:22:36.814] [warning] Couldn't find file 'l_femur.vtp'.
[2026-06-04 17:22:36.814] [warning] Couldn't find file 'l_patella.vtp'.
[2026-06-04 17:22:36.814] [warning] Couldn't find file 'l_tibia.vtp'.
[2026-06-04 17:22:36.814] [warning] Couldn't find file 'l_fibula.vtp'.
[2026-06-04 17:22:36.814] [warning] Couldn't find file 'l_talus.stl'.
[2026-06-04 17:22:36.814] [warning] Couldn't find file 'l_foot.vtp'.
[2026-06-04 17:22:36.814] [warning] Couldn't find file 'l_bofoot.vtp'.
[2026-06-04 17:22:36.814] [warning] Couldn't find file 'hat_spine.vtp'.
[2026-06-04 17:22:36.814] [warning] Couldn't find file 'hat_jaw.vtp'.
[2026-06-04 17:22:36.814] [warning] Couldn't find file 'hat_skull.vtp'.
[2026-06-04 17:22:36.814] [warning] Couldn't find file 'hat_ribs_scap.vtp'.
[2026-06-04 17:22:36.814] [warning] Couldn't find file 'humerus_rv.vtp'.
[2026-06-04 17:22:36.815] [warning] Couldn't find file 'ulna_rv.vtp'.
[2026-06-04 17:22:36.815] [warning] Couldn't find file 'radius_rv.vtp'.
[2026-06-04 17:22:36.815] [warning] Couldn't find file 'pisiform_rvs.vtp'.
[2026-06-04 17:22:36.815] [warning] Couldn't find file 'lunate_rvs.vtp'.
[2026-06-04 17:22:36.815] [warning] Couldn't find file 'scaphoid_rvs.vtp'.
[2026-06-04 17:22:36.815] [warning] Couldn't find file 'triquetrum_rvs.vtp'.
[2026-06-04 17:22:36.815] [warning] Couldn't find file 'hamate_rvs.vtp'.
[2026-06-04 17:22:36.815] [warning] Couldn't find file 'capitate_rvs.vtp'.
[2026-06-04 17:22:36.815] [warning] Couldn't find file 'trapezoid_rvs.vtp'.
[2026-06-04 17:22:36.815] [warning] Couldn't find file 'trapezium_rvs.vtp'.
[2026-06-04 17:22:36.815] [warning] Couldn't find file 'metacarpal2_rvs.vtp'.
[2026-06-04 17:22:36.815] [warning] Couldn't find file 'index_proximal_rvs.vtp'.
[2026-06-04 17:22:36.815] [warning] Couldn't find file 'index_medial_rvs.vtp'.
[2026-06-04 17:22:36.815] [warning] Couldn't find file 'index_distal_rvs.vtp'.
[2026-06-04 17:22:36.815] [warning] Couldn't find file 'metacarpal3_rvs.vtp'.
[2026-06-04 17:22:36.815] [warning] Couldn't find file 'middle_proximal_rvs.vtp'.
[2026-06-04 17:22:36.815] [warning] Couldn't find file 'middle_medial_rvs.vtp'.
[2026-06-04 17:22:36.815] [warning] Couldn't find file 'middle_distal_rvs.vtp'.
[2026-06-04 17:22:36.816] [warning] Couldn't find file 'metacarpal4_rvs.vtp'.
[2026-06-04 17:22:36.816] [warning] Couldn't find file 'ring_proximal_rvs.vtp'.
[2026-06-04 17:22:36.816] [warning] Couldn't find file 'ring_medial_rvs.vtp'.
[2026-06-04 17:22:36.816] [warning] Couldn't find file 'ring_distal_rvs.vtp'.
[2026-06-04 17:22:36.816] [warning] Couldn't find file 'metacarpal5_rvs.vtp'.
[2026-06-04 17:22:36.816] [warning] Couldn't find file 'little_proximal_rvs.vtp'.
[2026-06-04 17:22:36.816] [warning] Couldn't find file 'little_medial_rvs.vtp'.
[2026-06-04 17:22:36.816] [warning] Couldn't find file 'little_distal_rvs.vtp'.
[2026-06-04 17:22:36.816] [warning] Couldn't find file 'metacarpal1_rvs.vtp'.
[2026-06-04 17:22:36.816] [warning] Couldn't find file 'thumb_proximal_rvs.vtp'.
[2026-06-04 17:22:36.816] [warning] Couldn't find file 'thumb_distal_rvs.vtp'.
[2026-06-04 17:22:36.816] [warning] Couldn't find file 'humerus_lv.vtp'.
[2026-06-04 17:22:36.816] [warning] Couldn't find file 'ulna_lv.vtp'.
[2026-06-04 17:22:36.816] [warning] Couldn't find file 'radius_lv.vtp'.
[2026-06-04 17:22:36.816] [warning] Couldn't find file 'pisiform_lvs.vtp'.
[2026-06-04 17:22:36.816] [warning] Couldn't find file 'lunate_lvs.vtp'.
[2026-06-04 17:22:36.816] [warning] Couldn't find file 'scaphoid_lvs.vtp'.
[2026-06-04 17:22:36.816] [warning] Couldn't find file 'triquetrum_lvs.vtp'.
[2026-06-04 17:22:36.817] [warning] Couldn't find file 'hamate_lvs.vtp'.
[2026-06-04 17:22:36.817] [warning] Couldn't find file 'capitate_lvs.vtp'.
[2026-06-04 17:22:36.817] [warning] Couldn't find file 'trapezoid_lvs.vtp'.
[2026-06-04 17:22:36.817] [warning] Couldn't find file 'trapezium_lvs.vtp'.
[2026-06-04 17:22:36.817] [warning] Couldn't find file 'metacarpal2_lvs.vtp'.
[2026-06-04 17:22:36.817] [warning] Couldn't find file 'index_proximal_lvs.vtp'.
[2026-06-04 17:22:36.817] [warning] Couldn't find file 'index_medial_lvs.vtp'.
[2026-06-04 17:22:36.817] [warning] Couldn't find file 'index_distal_lvs.vtp'.
[2026-06-04 17:22:36.817] [warning] Couldn't find file 'metacarpal3_lvs.vtp'.
[2026-06-04 17:22:36.817] [warning] Couldn't find file 'middle_proximal_lvs.vtp'.
[2026-06-04 17:22:36.817] [warning] Couldn't find file 'middle_medial_lvs.vtp'.
[2026-06-04 17:22:36.817] [warning] Couldn't find file 'middle_distal_lvs.vtp'.
[2026-06-04 17:22:36.817] [warning] Couldn't find file 'metacarpal4_lvs.vtp'.
[2026-06-04 17:22:36.817] [warning] Couldn't find file 'ring_proximal_lvs.vtp'.
[2026-06-04 17:22:36.817] [warning] Couldn't find file 'ring_medial_lvs.vtp'.
[2026-06-04 17:22:36.817] [warning] Couldn't find file 'ring_distal_lvs.vtp'.
[2026-06-04 17:22:36.817] [warning] Couldn't find file 'metacarpal5_lvs.vtp'.
[2026-06-04 17:22:36.817] [warning] Couldn't find file 'little_proximal_lvs.vtp'.
[2026-06-04 17:22:36.817] [warning] Couldn't find file 'little_medial_lvs.vtp'.
[2026-06-04 17:22:36.817] [warning] Couldn't find file 'little_distal_lvs.vtp'.
[2026-06-04 17:22:36.818] [warning] Couldn't find file 'metacarpal1_lvs.vtp'.
[2026-06-04 17:22:36.818] [warning] Couldn't find file 'thumb_proximal_lvs.vtp'.
[2026-06-04 17:22:36.818] [warning] Couldn't find file 'thumb_distal_lvs.vtp'.
[2026-06-04 17:22:36.857] [info] Loaded model Full_Body_Walking_Model-Scaled_Adjusted from file ..\UF_Subject_4_Scaled_JMP_inactiveMuscles.osim
[2026-06-04 17:22:36.857] [warning] Couldn't find file 'r_pelvis.vtp'.
[2026-06-04 17:22:36.857] [warning] Couldn't find file 'l_pelvis.vtp'.
[2026-06-04 17:22:36.857] [warning] Couldn't find file 'sacrum.vtp'.
[2026-06-04 17:22:36.857] [warning] Couldn't find file 'r_femur.vtp'.
[2026-06-04 17:22:36.857] [warning] Couldn't find file 'r_patella.vtp'.
[2026-06-04 17:22:36.857] [warning] Couldn't find file 'r_tibia.vtp'.
[2026-06-04 17:22:36.857] [warning] Couldn't find file 'r_fibula.vtp'.
[2026-06-04 17:22:36.857] [warning] Couldn't find file 'r_talus.stl'.
[2026-06-04 17:22:36.857] [warning] Couldn't find file 'r_foot.vtp'.
[2026-06-04 17:22:36.857] [warning] Couldn't find file 'r_bofoot.vtp'.
[2026-06-04 17:22:36.857] [warning] Couldn't find file 'l_femur.vtp'.
[2026-06-04 17:22:36.858] [warning] Couldn't find file 'l_patella.vtp'.
[2026-06-04 17:22:36.858] [warning] Couldn't find file 'l_tibia.vtp'.
[2026-06-04 17:22:36.858] [warning] Couldn't find file 'l_fibula.vtp'.
[2026-06-04 17:22:36.858] [warning] Couldn't find file 'l_talus.stl'.
[2026-06-04 17:22:36.858] [warning] Couldn't find file 'l_foot.vtp'.
[2026-06-04 17:22:36.858] [warning] Couldn't find file 'l_bofoot.vtp'.
[2026-06-04 17:22:36.858] [warning] Couldn't find file 'hat_spine.vtp'.
[2026-06-04 17:22:36.858] [warning] Couldn't find file 'hat_jaw.vtp'.
[2026-06-04 17:22:36.858] [warning] Couldn't find file 'hat_skull.vtp'.
[2026-06-04 17:22:36.858] [warning] Couldn't find file 'hat_ribs_scap.vtp'.
[2026-06-04 17:22:36.858] [warning] Couldn't find file 'humerus_rv.vtp'.
[2026-06-04 17:22:36.858] [warning] Couldn't find file 'ulna_rv.vtp'.
[2026-06-04 17:22:36.858] [warning] Couldn't find file 'radius_rv.vtp'.
[2026-06-04 17:22:36.858] [warning] Couldn't find file 'pisiform_rvs.vtp'.
[2026-06-04 17:22:36.858] [warning] Couldn't find file 'lunate_rvs.vtp'.
[2026-06-04 17:22:36.859] [warning] Couldn't find file 'scaphoid_rvs.vtp'.
[2026-06-04 17:22:36.859] [warning] Couldn't find file 'triquetrum_rvs.vtp'.
[2026-06-04 17:22:36.859] [warning] Couldn't find file 'hamate_rvs.vtp'.
[2026-06-04 17:22:36.859] [warning] Couldn't find file 'capitate_rvs.vtp'.
[2026-06-04 17:22:36.859] [warning] Couldn't find file 'trapezoid_rvs.vtp'.
[2026-06-04 17:22:36.859] [warning] Couldn't find file 'trapezium_rvs.vtp'.
[2026-06-04 17:22:36.859] [warning] Couldn't find file 'metacarpal2_rvs.vtp'.
[2026-06-04 17:22:36.859] [warning] Couldn't find file 'index_proximal_rvs.vtp'.
[2026-06-04 17:22:36.859] [warning] Couldn't find file 'index_medial_rvs.vtp'.
[2026-06-04 17:22:36.859] [warning] Couldn't find file 'index_distal_rvs.vtp'.
[2026-06-04 17:22:36.859] [warning] Couldn't find file 'metacarpal3_rvs.vtp'.
[2026-06-04 17:22:36.859] [warning] Couldn't find file 'middle_proximal_rvs.vtp'.
[2026-06-04 17:22:36.859] [warning] Couldn't find file 'middle_medial_rvs.vtp'.
[2026-06-04 17:22:36.859] [warning] Couldn't find file 'middle_distal_rvs.vtp'.
[2026-06-04 17:22:36.859] [warning] Couldn't find file 'metacarpal4_rvs.vtp'.
[2026-06-04 17:22:36.859] [warning] Couldn't find file 'ring_proximal_rvs.vtp'.
[2026-06-04 17:22:36.859] [warning] Couldn't find file 'ring_medial_rvs.vtp'.
[2026-06-04 17:22:36.859] [warning] Couldn't find file 'ring_distal_rvs.vtp'.
[2026-06-04 17:22:36.859] [warning] Couldn't find file 'metacarpal5_rvs.vtp'.
[2026-06-04 17:22:36.860] [warning] Couldn't find file 'little_proximal_rvs.vtp'.
[2026-06-04 17:22:36.860] [warning] Couldn't find file 'little_medial_rvs.vtp'.
[2026-06-04 17:22:36.860] [warning] Couldn't find file 'little_distal_rvs.vtp'.
[2026-06-04 17:22:36.860] [warning] Couldn't find file 'metacarpal1_rvs.vtp'.
[2026-06-04 17:22:36.860] [warning] Couldn't find file 'thumb_proximal_rvs.vtp'.
[2026-06-04 17:22:36.860] [warning] Couldn't find file 'thumb_distal_rvs.vtp'.
[2026-06-04 17:22:36.860] [warning] Couldn't find file 'humerus_lv.vtp'.
[2026-06-04 17:22:36.860] [warning] Couldn't find file 'ulna_lv.vtp'.
[2026-06-04 17:22:36.860] [warning] Couldn't find file 'radius_lv.vtp'.
[2026-06-04 17:22:36.860] [warning] Couldn't find file 'pisiform_lvs.vtp'.
[2026-06-04 17:22:36.860] [warning] Couldn't find file 'lunate_lvs.vtp'.
[2026-06-04 17:22:36.860] [warning] Couldn't find file 'scaphoid_lvs.vtp'.
[2026-06-04 17:22:36.860] [warning] Couldn't find file 'triquetrum_lvs.vtp'.
[2026-06-04 17:22:36.860] [warning] Couldn't find file 'hamate_lvs.vtp'.
[2026-06-04 17:22:36.860] [warning] Couldn't find file 'capitate_lvs.vtp'.
[2026-06-04 17:22:36.860] [warning] Couldn't find file 'trapezoid_lvs.vtp'.
[2026-06-04 17:22:36.860] [warning] Couldn't find file 'trapezium_lvs.vtp'.
[2026-06-04 17:22:36.860] [warning] Couldn't find file 'metacarpal2_lvs.vtp'.
[2026-06-04 17:22:36.860] [warning] Couldn't find file 'index_proximal_lvs.vtp'.
[2026-06-04 17:22:36.861] [warning] Couldn't find file 'index_medial_lvs.vtp'.
[2026-06-04 17:22:36.861] [warning] Couldn't find file 'index_distal_lvs.vtp'.
[2026-06-04 17:22:36.861] [warning] Couldn't find file 'metacarpal3_lvs.vtp'.
[2026-06-04 17:22:36.861] [warning] Couldn't find file 'middle_proximal_lvs.vtp'.
[2026-06-04 17:22:36.861] [warning] Couldn't find file 'middle_medial_lvs.vtp'.
[2026-06-04 17:22:36.861] [warning] Couldn't find file 'middle_distal_lvs.vtp'.
[2026-06-04 17:22:36.861] [warning] Couldn't find file 'metacarpal4_lvs.vtp'.
[2026-06-04 17:22:36.861] [warning] Couldn't find file 'ring_proximal_lvs.vtp'.
[2026-06-04 17:22:36.861] [warning] Couldn't find file 'ring_medial_lvs.vtp'.
[2026-06-04 17:22:36.861] [warning] Couldn't find file 'ring_distal_lvs.vtp'.
[2026-06-04 17:22:36.861] [warning] Couldn't find file 'metacarpal5_lvs.vtp'.
[2026-06-04 17:22:36.861] [warning] Couldn't find file 'little_proximal_lvs.vtp'.
[2026-06-04 17:22:36.861] [warning] Couldn't find file 'little_medial_lvs.vtp'.
[2026-06-04 17:22:36.861] [warning] Couldn't find file 'little_distal_lvs.vtp'.
[2026-06-04 17:22:36.861] [warning] Couldn't find file 'metacarpal1_lvs.vtp'.
[2026-06-04 17:22:36.861] [warning] Couldn't find file 'thumb_proximal_lvs.vtp'.
[2026-06-04 17:22:36.861] [warning] Couldn't find file 'thumb_distal_lvs.vtp'.
[2026-06-04 17:22:36.899] [info] Loaded model Full_Body_Walking_Model-Scaled_Adjusted from file ..\UF_Subject_4_Scaled_JMP_inactiveMuscles.osim
[2026-06-04 17:22:36.900] [warning] Couldn't find file 'r_pelvis.vtp'.
[2026-06-04 17:22:36.900] [warning] Couldn't find file 'l_pelvis.vtp'.
[2026-06-04 17:22:36.900] [warning] Couldn't find file 'sacrum.vtp'.
[2026-06-04 17:22:36.900] [warning] Couldn't find file 'r_femur.vtp'.
[2026-06-04 17:22:36.900] [warning] Couldn't find file 'r_patella.vtp'.
[2026-06-04 17:22:36.900] [warning] Couldn't find file 'r_tibia.vtp'.
[2026-06-04 17:22:36.900] [warning] Couldn't find file 'r_fibula.vtp'.
[2026-06-04 17:22:36.900] [warning] Couldn't find file 'r_talus.stl'.
[2026-06-04 17:22:36.900] [warning] Couldn't find file 'r_foot.vtp'.
[2026-06-04 17:22:36.900] [warning] Couldn't find file 'r_bofoot.vtp'.
[2026-06-04 17:22:36.900] [warning] Couldn't find file 'l_femur.vtp'.
[2026-06-04 17:22:36.900] [warning] Couldn't find file 'l_patella.vtp'.
[2026-06-04 17:22:36.900] [warning] Couldn't find file 'l_tibia.vtp'.
[2026-06-04 17:22:36.901] [warning] Couldn't find file 'l_fibula.vtp'.
[2026-06-04 17:22:36.901] [warning] Couldn't find file 'l_talus.stl'.
[2026-06-04 17:22:36.901] [warning] Couldn't find file 'l_foot.vtp'.
[2026-06-04 17:22:36.901] [warning] Couldn't find file 'l_bofoot.vtp'.
[2026-06-04 17:22:36.901] [warning] Couldn't find file 'hat_spine.vtp'.
[2026-06-04 17:22:36.901] [warning] Couldn't find file 'hat_jaw.vtp'.
[2026-06-04 17:22:36.901] [warning] Couldn't find file 'hat_skull.vtp'.
[2026-06-04 17:22:36.901] [warning] Couldn't find file 'hat_ribs_scap.vtp'.
[2026-06-04 17:22:36.901] [warning] Couldn't find file 'humerus_rv.vtp'.
[2026-06-04 17:22:36.901] [warning] Couldn't find file 'ulna_rv.vtp'.
[2026-06-04 17:22:36.901] [warning] Couldn't find file 'radius_rv.vtp'.
[2026-06-04 17:22:36.901] [warning] Couldn't find file 'pisiform_rvs.vtp'.
[2026-06-04 17:22:36.901] [warning] Couldn't find file 'lunate_rvs.vtp'.
[2026-06-04 17:22:36.901] [warning] Couldn't find file 'scaphoid_rvs.vtp'.
[2026-06-04 17:22:36.901] [warning] Couldn't find file 'triquetrum_rvs.vtp'.
[2026-06-04 17:22:36.901] [warning] Couldn't find file 'hamate_rvs.vtp'.
[2026-06-04 17:22:36.901] [warning] Couldn't find file 'capitate_rvs.vtp'.
[2026-06-04 17:22:36.901] [warning] Couldn't find file 'trapezoid_rvs.vtp'.
[2026-06-04 17:22:36.902] [warning] Couldn't find file 'trapezium_rvs.vtp'.
[2026-06-04 17:22:36.902] [warning] Couldn't find file 'metacarpal2_rvs.vtp'.
[2026-06-04 17:22:36.902] [warning] Couldn't find file 'index_proximal_rvs.vtp'.
[2026-06-04 17:22:36.902] [warning] Couldn't find file 'index_medial_rvs.vtp'.
[2026-06-04 17:22:36.902] [warning] Couldn't find file 'index_distal_rvs.vtp'.
[2026-06-04 17:22:36.902] [warning] Couldn't find file 'metacarpal3_rvs.vtp'.
[2026-06-04 17:22:36.902] [warning] Couldn't find file 'middle_proximal_rvs.vtp'.
[2026-06-04 17:22:36.902] [warning] Couldn't find file 'middle_medial_rvs.vtp'.
[2026-06-04 17:22:36.902] [warning] Couldn't find file 'middle_distal_rvs.vtp'.
[2026-06-04 17:22:36.902] [warning] Couldn't find file 'metacarpal4_rvs.vtp'.
[2026-06-04 17:22:36.902] [warning] Couldn't find file 'ring_proximal_rvs.vtp'.
[2026-06-04 17:22:36.902] [warning] Couldn't find file 'ring_medial_rvs.vtp'.
[2026-06-04 17:22:36.902] [warning] Couldn't find file 'ring_distal_rvs.vtp'.
[2026-06-04 17:22:36.902] [warning] Couldn't find file 'metacarpal5_rvs.vtp'.
[2026-06-04 17:22:36.902] [warning] Couldn't find file 'little_proximal_rvs.vtp'.
[2026-06-04 17:22:36.902] [warning] Couldn't find file 'little_medial_rvs.vtp'.
[2026-06-04 17:22:36.902] [warning] Couldn't find file 'little_distal_rvs.vtp'.
[2026-06-04 17:22:36.902] [warning] Couldn't find file 'metacarpal1_rvs.vtp'.
[2026-06-04 17:22:36.902] [warning] Couldn't find file 'thumb_proximal_rvs.vtp'.
[2026-06-04 17:22:36.902] [warning] Couldn't find file 'thumb_distal_rvs.vtp'.
[2026-06-04 17:22:36.903] [warning] Couldn't find file 'humerus_lv.vtp'.
[2026-06-04 17:22:36.903] [warning] Couldn't find file 'ulna_lv.vtp'.
[2026-06-04 17:22:36.903] [warning] Couldn't find file 'radius_lv.vtp'.
[2026-06-04 17:22:36.903] [warning] Couldn't find file 'pisiform_lvs.vtp'.
[2026-06-04 17:22:36.903] [warning] Couldn't find file 'lunate_lvs.vtp'.
[2026-06-04 17:22:36.903] [warning] Couldn't find file 'scaphoid_lvs.vtp'.
[2026-06-04 17:22:36.903] [warning] Couldn't find file 'triquetrum_lvs.vtp'.
[2026-06-04 17:22:36.903] [warning] Couldn't find file 'hamate_lvs.vtp'.
[2026-06-04 17:22:36.903] [warning] Couldn't find file 'capitate_lvs.vtp'.
[2026-06-04 17:22:36.903] [warning] Couldn't find file 'trapezoid_lvs.vtp'.
[2026-06-04 17:22:36.903] [warning] Couldn't find file 'trapezium_lvs.vtp'.
[2026-06-04 17:22:36.903] [warning] Couldn't find file 'metacarpal2_lvs.vtp'.
[2026-06-04 17:22:36.903] [warning] Couldn't find file 'index_proximal_lvs.vtp'.
[2026-06-04 17:22:36.903] [warning] Couldn't find file 'index_medial_lvs.vtp'.
[2026-06-04 17:22:36.903] [warning] Couldn't find file 'index_distal_lvs.vtp'.
[2026-06-04 17:22:36.903] [warning] Couldn't find file 'metacarpal3_lvs.vtp'.
[2026-06-04 17:22:36.903] [warning] Couldn't find file 'middle_proximal_lvs.vtp'.
[2026-06-04 17:22:36.903] [warning] Couldn't find file 'middle_medial_lvs.vtp'.
[2026-06-04 17:22:36.903] [warning] Couldn't find file 'middle_distal_lvs.vtp'.
[2026-06-04 17:22:36.904] [warning] Couldn't find file 'metacarpal4_lvs.vtp'.
[2026-06-04 17:22:36.904] [warning] Couldn't find file 'ring_proximal_lvs.vtp'.
[2026-06-04 17:22:36.904] [warning] Couldn't find file 'ring_medial_lvs.vtp'.
[2026-06-04 17:22:36.904] [warning] Couldn't find file 'ring_distal_lvs.vtp'.
[2026-06-04 17:22:36.904] [warning] Couldn't find file 'metacarpal5_lvs.vtp'.
[2026-06-04 17:22:36.904] [warning] Couldn't find file 'little_proximal_lvs.vtp'.
[2026-06-04 17:22:36.904] [warning] Couldn't find file 'little_medial_lvs.vtp'.
[2026-06-04 17:22:36.904] [warning] Couldn't find file 'little_distal_lvs.vtp'.
[2026-06-04 17:22:36.904] [warning] Couldn't find file 'metacarpal1_lvs.vtp'.
[2026-06-04 17:22:36.904] [warning] Couldn't find file 'thumb_proximal_lvs.vtp'.
[2026-06-04 17:22:36.904] [warning] Couldn't find file 'thumb_distal_lvs.vtp'.
[2026-06-04 17:22:36.942] [info] Loaded model Full_Body_Walking_Model-Scaled_Adjusted from file ..\UF_Subject_4_Scaled_JMP_inactiveMuscles.osim
[2026-06-04 17:22:36.942] [warning] Couldn't find file 'r_pelvis.vtp'.
[2026-06-04 17:22:36.942] [warning] Couldn't find file 'l_pelvis.vtp'.
[2026-06-04 17:22:36.942] [warning] Couldn't find file 'sacrum.vtp'.
[2026-06-04 17:22:36.943] [warning] Couldn't find file 'r_femur.vtp'.
[2026-06-04 17:22:36.943] [warning] Couldn't find file 'r_patella.vtp'.
[2026-06-04 17:22:36.943] [warning] Couldn't find file 'r_tibia.vtp'.
[2026-06-04 17:22:36.943] [warning] Couldn't find file 'r_fibula.vtp'.
[2026-06-04 17:22:36.943] [warning] Couldn't find file 'r_talus.stl'.
[2026-06-04 17:22:36.943] [warning] Couldn't find file 'r_foot.vtp'.
[2026-06-04 17:22:36.943] [warning] Couldn't find file 'r_bofoot.vtp'.
[2026-06-04 17:22:36.943] [warning] Couldn't find file 'l_femur.vtp'.
[2026-06-04 17:22:36.943] [warning] Couldn't find file 'l_patella.vtp'.
[2026-06-04 17:22:36.943] [warning] Couldn't find file 'l_tibia.vtp'.
[2026-06-04 17:22:36.943] [warning] Couldn't find file 'l_fibula.vtp'.
[2026-06-04 17:22:36.943] [warning] Couldn't find file 'l_talus.stl'.
[2026-06-04 17:22:36.943] [warning] Couldn't find file 'l_foot.vtp'.
[2026-06-04 17:22:36.943] [warning] Couldn't find file 'l_bofoot.vtp'.
[2026-06-04 17:22:36.943] [warning] Couldn't find file 'hat_spine.vtp'.
[2026-06-04 17:22:36.943] [warning] Couldn't find file 'hat_jaw.vtp'.
[2026-06-04 17:22:36.943] [warning] Couldn't find file 'hat_skull.vtp'.
[2026-06-04 17:22:36.944] [warning] Couldn't find file 'hat_ribs_scap.vtp'.
[2026-06-04 17:22:36.944] [warning] Couldn't find file 'humerus_rv.vtp'.
[2026-06-04 17:22:36.944] [warning] Couldn't find file 'ulna_rv.vtp'.
[2026-06-04 17:22:36.944] [warning] Couldn't find file 'radius_rv.vtp'.
[2026-06-04 17:22:36.944] [warning] Couldn't find file 'pisiform_rvs.vtp'.
[2026-06-04 17:22:36.944] [warning] Couldn't find file 'lunate_rvs.vtp'.
[2026-06-04 17:22:36.944] [warning] Couldn't find file 'scaphoid_rvs.vtp'.
[2026-06-04 17:22:36.944] [warning] Couldn't find file 'triquetrum_rvs.vtp'.
[2026-06-04 17:22:36.944] [warning] Couldn't find file 'hamate_rvs.vtp'.
[2026-06-04 17:22:36.944] [warning] Couldn't find file 'capitate_rvs.vtp'.
[2026-06-04 17:22:36.944] [warning] Couldn't find file 'trapezoid_rvs.vtp'.
[2026-06-04 17:22:36.944] [warning] Couldn't find file 'trapezium_rvs.vtp'.
[2026-06-04 17:22:36.944] [warning] Couldn't find file 'metacarpal2_rvs.vtp'.
[2026-06-04 17:22:36.944] [warning] Couldn't find file 'index_proximal_rvs.vtp'.
[2026-06-04 17:22:36.944] [warning] Couldn't find file 'index_medial_rvs.vtp'.
[2026-06-04 17:22:36.944] [warning] Couldn't find file 'index_distal_rvs.vtp'.
[2026-06-04 17:22:36.944] [warning] Couldn't find file 'metacarpal3_rvs.vtp'.
[2026-06-04 17:22:36.944] [warning] Couldn't find file 'middle_proximal_rvs.vtp'.
[2026-06-04 17:22:36.944] [warning] Couldn't find file 'middle_medial_rvs.vtp'.
[2026-06-04 17:22:36.944] [warning] Couldn't find file 'middle_distal_rvs.vtp'.
[2026-06-04 17:22:36.945] [warning] Couldn't find file 'metacarpal4_rvs.vtp'.
[2026-06-04 17:22:36.945] [warning] Couldn't find file 'ring_proximal_rvs.vtp'.
[2026-06-04 17:22:36.945] [warning] Couldn't find file 'ring_medial_rvs.vtp'.
[2026-06-04 17:22:36.945] [warning] Couldn't find file 'ring_distal_rvs.vtp'.
[2026-06-04 17:22:36.945] [warning] Couldn't find file 'metacarpal5_rvs.vtp'.
[2026-06-04 17:22:36.945] [warning] Couldn't find file 'little_proximal_rvs.vtp'.
[2026-06-04 17:22:36.945] [warning] Couldn't find file 'little_medial_rvs.vtp'.
[2026-06-04 17:22:36.945] [warning] Couldn't find file 'little_distal_rvs.vtp'.
[2026-06-04 17:22:36.945] [warning] Couldn't find file 'metacarpal1_rvs.vtp'.
[2026-06-04 17:22:36.945] [warning] Couldn't find file 'thumb_proximal_rvs.vtp'.
[2026-06-04 17:22:36.945] [warning] Couldn't find file 'thumb_distal_rvs.vtp'.
[2026-06-04 17:22:36.945] [warning] Couldn't find file 'humerus_lv.vtp'.
[2026-06-04 17:22:36.945] [warning] Couldn't find file 'ulna_lv.vtp'.
[2026-06-04 17:22:36.945] [warning] Couldn't find file 'radius_lv.vtp'.
[2026-06-04 17:22:36.945] [warning] Couldn't find file 'pisiform_lvs.vtp'.
[2026-06-04 17:22:36.945] [warning] Couldn't find file 'lunate_lvs.vtp'.
[2026-06-04 17:22:36.945] [warning] Couldn't find file 'scaphoid_lvs.vtp'.
[2026-06-04 17:22:36.945] [warning] Couldn't find file 'triquetrum_lvs.vtp'.
[2026-06-04 17:22:36.946] [warning] Couldn't find file 'hamate_lvs.vtp'.
[2026-06-04 17:22:36.946] [warning] Couldn't find file 'capitate_lvs.vtp'.
[2026-06-04 17:22:36.946] [warning] Couldn't find file 'trapezoid_lvs.vtp'.
[2026-06-04 17:22:36.946] [warning] Couldn't find file 'trapezium_lvs.vtp'.
[2026-06-04 17:22:36.946] [warning] Couldn't find file 'metacarpal2_lvs.vtp'.
[2026-06-04 17:22:36.946] [warning] Couldn't find file 'index_proximal_lvs.vtp'.
[2026-06-04 17:22:36.946] [warning] Couldn't find file 'index_medial_lvs.vtp'.
[2026-06-04 17:22:36.946] [warning] Couldn't find file 'index_distal_lvs.vtp'.
[2026-06-04 17:22:36.946] [warning] Couldn't find file 'metacarpal3_lvs.vtp'.
[2026-06-04 17:22:36.946] [warning] Couldn't find file 'middle_proximal_lvs.vtp'.
[2026-06-04 17:22:36.946] [warning] Couldn't find file 'middle_medial_lvs.vtp'.
[2026-06-04 17:22:36.946] [warning] Couldn't find file 'middle_distal_lvs.vtp'.
[2026-06-04 17:22:36.946] [warning] Couldn't find file 'metacarpal4_lvs.vtp'.
[2026-06-04 17:22:36.946] [warning] Couldn't find file 'ring_proximal_lvs.vtp'.
[2026-06-04 17:22:36.946] [warning] Couldn't find file 'ring_medial_lvs.vtp'.
[2026-06-04 17:22:36.946] [warning] Couldn't find file 'ring_distal_lvs.vtp'.
[2026-06-04 17:22:36.946] [warning] Couldn't find file 'metacarpal5_lvs.vtp'.
[2026-06-04 17:22:36.946] [warning] Couldn't find file 'little_proximal_lvs.vtp'.
[2026-06-04 17:22:36.946] [warning] Couldn't find file 'little_medial_lvs.vtp'.
[2026-06-04 17:22:36.946] [warning] Couldn't find file 'little_distal_lvs.vtp'.
[2026-06-04 17:22:36.946] [warning] Couldn't find file 'metacarpal1_lvs.vtp'.
[2026-06-04 17:22:36.947] [warning] Couldn't find file 'thumb_proximal_lvs.vtp'.
[2026-06-04 17:22:36.947] [warning] Couldn't find file 'thumb_distal_lvs.vtp'.
[2026-06-04 17:22:36.984] [info] Loaded model Full_Body_Walking_Model-Scaled_Adjusted from file ..\UF_Subject_4_Scaled_JMP_inactiveMuscles.osim
[2026-06-04 17:22:36.984] [warning] Couldn't find file 'r_pelvis.vtp'.
[2026-06-04 17:22:36.984] [warning] Couldn't find file 'l_pelvis.vtp'.
[2026-06-04 17:22:36.984] [warning] Couldn't find file 'sacrum.vtp'.
[2026-06-04 17:22:36.984] [warning] Couldn't find file 'r_femur.vtp'.
[2026-06-04 17:22:36.984] [warning] Couldn't find file 'r_patella.vtp'.
[2026-06-04 17:22:36.984] [warning] Couldn't find file 'r_tibia.vtp'.
[2026-06-04 17:22:36.984] [warning] Couldn't find file 'r_fibula.vtp'.
[2026-06-04 17:22:36.984] [warning] Couldn't find file 'r_talus.stl'.
[2026-06-04 17:22:36.984] [warning] Couldn't find file 'r_foot.vtp'.
[2026-06-04 17:22:36.984] [warning] Couldn't find file 'r_bofoot.vtp'.
[2026-06-04 17:22:36.985] [warning] Couldn't find file 'l_femur.vtp'.
[2026-06-04 17:22:36.985] [warning] Couldn't find file 'l_patella.vtp'.
[2026-06-04 17:22:36.985] [warning] Couldn't find file 'l_tibia.vtp'.
[2026-06-04 17:22:36.985] [warning] Couldn't find file 'l_fibula.vtp'.
[2026-06-04 17:22:36.985] [warning] Couldn't find file 'l_talus.stl'.
[2026-06-04 17:22:36.985] [warning] Couldn't find file 'l_foot.vtp'.
[2026-06-04 17:22:36.985] [warning] Couldn't find file 'l_bofoot.vtp'.
[2026-06-04 17:22:36.985] [warning] Couldn't find file 'hat_spine.vtp'.
[2026-06-04 17:22:36.985] [warning] Couldn't find file 'hat_jaw.vtp'.
[2026-06-04 17:22:36.985] [warning] Couldn't find file 'hat_skull.vtp'.
[2026-06-04 17:22:36.985] [warning] Couldn't find file 'hat_ribs_scap.vtp'.
[2026-06-04 17:22:36.985] [warning] Couldn't find file 'humerus_rv.vtp'.
[2026-06-04 17:22:36.985] [warning] Couldn't find file 'ulna_rv.vtp'.
[2026-06-04 17:22:36.985] [warning] Couldn't find file 'radius_rv.vtp'.
[2026-06-04 17:22:36.985] [warning] Couldn't find file 'pisiform_rvs.vtp'.
[2026-06-04 17:22:36.985] [warning] Couldn't find file 'lunate_rvs.vtp'.
[2026-06-04 17:22:36.985] [warning] Couldn't find file 'scaphoid_rvs.vtp'.
[2026-06-04 17:22:36.985] [warning] Couldn't find file 'triquetrum_rvs.vtp'.
[2026-06-04 17:22:36.985] [warning] Couldn't find file 'hamate_rvs.vtp'.
[2026-06-04 17:22:36.986] [warning] Couldn't find file 'capitate_rvs.vtp'.
[2026-06-04 17:22:36.986] [warning] Couldn't find file 'trapezoid_rvs.vtp'.
[2026-06-04 17:22:36.986] [warning] Couldn't find file 'trapezium_rvs.vtp'.
[2026-06-04 17:22:36.986] [warning] Couldn't find file 'metacarpal2_rvs.vtp'.
[2026-06-04 17:22:36.986] [warning] Couldn't find file 'index_proximal_rvs.vtp'.
[2026-06-04 17:22:36.986] [warning] Couldn't find file 'index_medial_rvs.vtp'.
[2026-06-04 17:22:36.986] [warning] Couldn't find file 'index_distal_rvs.vtp'.
[2026-06-04 17:22:36.986] [warning] Couldn't find file 'metacarpal3_rvs.vtp'.
[2026-06-04 17:22:36.986] [warning] Couldn't find file 'middle_proximal_rvs.vtp'.
[2026-06-04 17:22:36.986] [warning] Couldn't find file 'middle_medial_rvs.vtp'.
[2026-06-04 17:22:36.986] [warning] Couldn't find file 'middle_distal_rvs.vtp'.
[2026-06-04 17:22:36.986] [warning] Couldn't find file 'metacarpal4_rvs.vtp'.
[2026-06-04 17:22:36.986] [warning] Couldn't find file 'ring_proximal_rvs.vtp'.
[2026-06-04 17:22:36.986] [warning] Couldn't find file 'ring_medial_rvs.vtp'.
[2026-06-04 17:22:36.986] [warning] Couldn't find file 'ring_distal_rvs.vtp'.
[2026-06-04 17:22:36.986] [warning] Couldn't find file 'metacarpal5_rvs.vtp'.
[2026-06-04 17:22:36.986] [warning] Couldn't find file 'little_proximal_rvs.vtp'.
[2026-06-04 17:22:36.986] [warning] Couldn't find file 'little_medial_rvs.vtp'.
[2026-06-04 17:22:36.986] [warning] Couldn't find file 'little_distal_rvs.vtp'.
[2026-06-04 17:22:36.986] [warning] Couldn't find file 'metacarpal1_rvs.vtp'.
[2026-06-04 17:22:36.986] [warning] Couldn't find file 'thumb_proximal_rvs.vtp'.
[2026-06-04 17:22:36.987] [warning] Couldn't find file 'thumb_distal_rvs.vtp'.
[2026-06-04 17:22:36.987] [warning] Couldn't find file 'humerus_lv.vtp'.
[2026-06-04 17:22:36.987] [warning] Couldn't find file 'ulna_lv.vtp'.
[2026-06-04 17:22:36.987] [warning] Couldn't find file 'radius_lv.vtp'.
[2026-06-04 17:22:36.987] [warning] Couldn't find file 'pisiform_lvs.vtp'.
[2026-06-04 17:22:36.987] [warning] Couldn't find file 'lunate_lvs.vtp'.
[2026-06-04 17:22:36.987] [warning] Couldn't find file 'scaphoid_lvs.vtp'.
[2026-06-04 17:22:36.987] [warning] Couldn't find file 'triquetrum_lvs.vtp'.
[2026-06-04 17:22:36.987] [warning] Couldn't find file 'hamate_lvs.vtp'.
[2026-06-04 17:22:36.987] [warning] Couldn't find file 'capitate_lvs.vtp'.
[2026-06-04 17:22:36.987] [warning] Couldn't find file 'trapezoid_lvs.vtp'.
[2026-06-04 17:22:36.987] [warning] Couldn't find file 'trapezium_lvs.vtp'.
[2026-06-04 17:22:36.987] [warning] Couldn't find file 'metacarpal2_lvs.vtp'.
[2026-06-04 17:22:36.987] [warning] Couldn't find file 'index_proximal_lvs.vtp'.
[2026-06-04 17:22:36.987] [warning] Couldn't find file 'index_medial_lvs.vtp'.
[2026-06-04 17:22:36.987] [warning] Couldn't find file 'index_distal_lvs.vtp'.
[2026-06-04 17:22:36.987] [warning] Couldn't find file 'metacarpal3_lvs.vtp'.
[2026-06-04 17:22:36.987] [warning] Couldn't find file 'middle_proximal_lvs.vtp'.
[2026-06-04 17:22:36.987] [warning] Couldn't find file 'middle_medial_lvs.vtp'.
[2026-06-04 17:22:36.988] [warning] Couldn't find file 'middle_distal_lvs.vtp'.
[2026-06-04 17:22:36.988] [warning] Couldn't find file 'metacarpal4_lvs.vtp'.
[2026-06-04 17:22:36.988] [warning] Couldn't find file 'ring_proximal_lvs.vtp'.
[2026-06-04 17:22:36.988] [warning] Couldn't find file 'ring_medial_lvs.vtp'.
[2026-06-04 17:22:36.988] [warning] Couldn't find file 'ring_distal_lvs.vtp'.
[2026-06-04 17:22:36.988] [warning] Couldn't find file 'metacarpal5_lvs.vtp'.
[2026-06-04 17:22:36.988] [warning] Couldn't find file 'little_proximal_lvs.vtp'.
[2026-06-04 17:22:36.988] [warning] Couldn't find file 'little_medial_lvs.vtp'.
[2026-06-04 17:22:36.988] [warning] Couldn't find file 'little_distal_lvs.vtp'.
[2026-06-04 17:22:36.988] [warning] Couldn't find file 'metacarpal1_lvs.vtp'.
[2026-06-04 17:22:36.988] [warning] Couldn't find file 'thumb_proximal_lvs.vtp'.
[2026-06-04 17:22:36.988] [warning] Couldn't find file 'thumb_distal_lvs.vtp'.
[2026-06-04 17:22:37.025] [info] Loaded model Full_Body_Walking_Model-Scaled_Adjusted from file ..\UF_Subject_4_Scaled_JMP_inactiveMuscles.osim
[2026-06-04 17:22:37.026] [warning] Couldn't find file 'r_pelvis.vtp'.
[2026-06-04 17:22:37.026] [warning] Couldn't find file 'l_pelvis.vtp'.
[2026-06-04 17:22:37.026] [warning] Couldn't find file 'sacrum.vtp'.
[2026-06-04 17:22:37.026] [warning] Couldn't find file 'r_femur.vtp'.
[2026-06-04 17:22:37.026] [warning] Couldn't find file 'r_patella.vtp'.
[2026-06-04 17:22:37.026] [warning] Couldn't find file 'r_tibia.vtp'.
[2026-06-04 17:22:37.026] [warning] Couldn't find file 'r_fibula.vtp'.
[2026-06-04 17:22:37.026] [warning] Couldn't find file 'r_talus.stl'.
[2026-06-04 17:22:37.026] [warning] Couldn't find file 'r_foot.vtp'.
[2026-06-04 17:22:37.026] [warning] Couldn't find file 'r_bofoot.vtp'.
[2026-06-04 17:22:37.026] [warning] Couldn't find file 'l_femur.vtp'.
[2026-06-04 17:22:37.026] [warning] Couldn't find file 'l_patella.vtp'.
[2026-06-04 17:22:37.026] [warning] Couldn't find file 'l_tibia.vtp'.
[2026-06-04 17:22:37.027] [warning] Couldn't find file 'l_fibula.vtp'.
[2026-06-04 17:22:37.027] [warning] Couldn't find file 'l_talus.stl'.
[2026-06-04 17:22:37.027] [warning] Couldn't find file 'l_foot.vtp'.
[2026-06-04 17:22:37.027] [warning] Couldn't find file 'l_bofoot.vtp'.
[2026-06-04 17:22:37.027] [warning] Couldn't find file 'hat_spine.vtp'.
[2026-06-04 17:22:37.027] [warning] Couldn't find file 'hat_jaw.vtp'.
[2026-06-04 17:22:37.027] [warning] Couldn't find file 'hat_skull.vtp'.
[2026-06-04 17:22:37.027] [warning] Couldn't find file 'hat_ribs_scap.vtp'.
[2026-06-04 17:22:37.027] [warning] Couldn't find file 'humerus_rv.vtp'.
[2026-06-04 17:22:37.027] [warning] Couldn't find file 'ulna_rv.vtp'.
[2026-06-04 17:22:37.027] [warning] Couldn't find file 'radius_rv.vtp'.
[2026-06-04 17:22:37.027] [warning] Couldn't find file 'pisiform_rvs.vtp'.
[2026-06-04 17:22:37.027] [warning] Couldn't find file 'lunate_rvs.vtp'.
[2026-06-04 17:22:37.027] [warning] Couldn't find file 'scaphoid_rvs.vtp'.
[2026-06-04 17:22:37.027] [warning] Couldn't find file 'triquetrum_rvs.vtp'.
[2026-06-04 17:22:37.027] [warning] Couldn't find file 'hamate_rvs.vtp'.
[2026-06-04 17:22:37.027] [warning] Couldn't find file 'capitate_rvs.vtp'.
[2026-06-04 17:22:37.028] [warning] Couldn't find file 'trapezoid_rvs.vtp'.
[2026-06-04 17:22:37.028] [warning] Couldn't find file 'trapezium_rvs.vtp'.
[2026-06-04 17:22:37.028] [warning] Couldn't find file 'metacarpal2_rvs.vtp'.
[2026-06-04 17:22:37.028] [warning] Couldn't find file 'index_proximal_rvs.vtp'.
[2026-06-04 17:22:37.028] [warning] Couldn't find file 'index_medial_rvs.vtp'.
[2026-06-04 17:22:37.028] [warning] Couldn't find file 'index_distal_rvs.vtp'.
[2026-06-04 17:22:37.028] [warning] Couldn't find file 'metacarpal3_rvs.vtp'.
[2026-06-04 17:22:37.028] [warning] Couldn't find file 'middle_proximal_rvs.vtp'.
[2026-06-04 17:22:37.028] [warning] Couldn't find file 'middle_medial_rvs.vtp'.
[2026-06-04 17:22:37.028] [warning] Couldn't find file 'middle_distal_rvs.vtp'.
[2026-06-04 17:22:37.028] [warning] Couldn't find file 'metacarpal4_rvs.vtp'.
[2026-06-04 17:22:37.028] [warning] Couldn't find file 'ring_proximal_rvs.vtp'.
[2026-06-04 17:22:37.028] [warning] Couldn't find file 'ring_medial_rvs.vtp'.
[2026-06-04 17:22:37.028] [warning] Couldn't find file 'ring_distal_rvs.vtp'.
[2026-06-04 17:22:37.028] [warning] Couldn't find file 'metacarpal5_rvs.vtp'.
[2026-06-04 17:22:37.028] [warning] Couldn't find file 'little_proximal_rvs.vtp'.
[2026-06-04 17:22:37.028] [warning] Couldn't find file 'little_medial_rvs.vtp'.
[2026-06-04 17:22:37.028] [warning] Couldn't find file 'little_distal_rvs.vtp'.
[2026-06-04 17:22:37.028] [warning] Couldn't find file 'metacarpal1_rvs.vtp'.
[2026-06-04 17:22:37.029] [warning] Couldn't find file 'thumb_proximal_rvs.vtp'.
[2026-06-04 17:22:37.029] [warning] Couldn't find file 'thumb_distal_rvs.vtp'.
[2026-06-04 17:22:37.029] [warning] Couldn't find file 'humerus_lv.vtp'.
[2026-06-04 17:22:37.029] [warning] Couldn't find file 'ulna_lv.vtp'.
[2026-06-04 17:22:37.029] [warning] Couldn't find file 'radius_lv.vtp'.
[2026-06-04 17:22:37.029] [warning] Couldn't find file 'pisiform_lvs.vtp'.
[2026-06-04 17:22:37.029] [warning] Couldn't find file 'lunate_lvs.vtp'.
[2026-06-04 17:22:37.029] [warning] Couldn't find file 'scaphoid_lvs.vtp'.
[2026-06-04 17:22:37.029] [warning] Couldn't find file 'triquetrum_lvs.vtp'.
[2026-06-04 17:22:37.029] [warning] Couldn't find file 'hamate_lvs.vtp'.
[2026-06-04 17:22:37.029] [warning] Couldn't find file 'capitate_lvs.vtp'.
[2026-06-04 17:22:37.029] [warning] Couldn't find file 'trapezoid_lvs.vtp'.
[2026-06-04 17:22:37.029] [warning] Couldn't find file 'trapezium_lvs.vtp'.
[2026-06-04 17:22:37.029] [warning] Couldn't find file 'metacarpal2_lvs.vtp'.
[2026-06-04 17:22:37.029] [warning] Couldn't find file 'index_proximal_lvs.vtp'.
[2026-06-04 17:22:37.029] [warning] Couldn't find file 'index_medial_lvs.vtp'.
[2026-06-04 17:22:37.029] [warning] Couldn't find file 'index_distal_lvs.vtp'.
[2026-06-04 17:22:37.029] [warning] Couldn't find file 'metacarpal3_lvs.vtp'.
[2026-06-04 17:22:37.029] [warning] Couldn't find file 'middle_proximal_lvs.vtp'.
[2026-06-04 17:22:37.029] [warning] Couldn't find file 'middle_medial_lvs.vtp'.
[2026-06-04 17:22:37.030] [warning] Couldn't find file 'middle_distal_lvs.vtp'.
[2026-06-04 17:22:37.030] [warning] Couldn't find file 'metacarpal4_lvs.vtp'.
[2026-06-04 17:22:37.030] [warning] Couldn't find file 'ring_proximal_lvs.vtp'.
[2026-06-04 17:22:37.030] [warning] Couldn't find file 'ring_medial_lvs.vtp'.
[2026-06-04 17:22:37.030] [warning] Couldn't find file 'ring_distal_lvs.vtp'.
[2026-06-04 17:22:37.030] [warning] Couldn't find file 'metacarpal5_lvs.vtp'.
[2026-06-04 17:22:37.030] [warning] Couldn't find file 'little_proximal_lvs.vtp'.
[2026-06-04 17:22:37.030] [warning] Couldn't find file 'little_medial_lvs.vtp'.
[2026-06-04 17:22:37.030] [warning] Couldn't find file 'little_distal_lvs.vtp'.
[2026-06-04 17:22:37.030] [warning] Couldn't find file 'metacarpal1_lvs.vtp'.
[2026-06-04 17:22:37.030] [warning] Couldn't find file 'thumb_proximal_lvs.vtp'.
[2026-06-04 17:22:37.030] [warning] Couldn't find file 'thumb_distal_lvs.vtp'.
[2026-06-04 17:22:37.067] [info] Loaded model Full_Body_Walking_Model-Scaled_Adjusted from file ..\UF_Subject_4_Scaled_JMP_inactiveMuscles.osim
[2026-06-04 17:22:37.068] [warning] Couldn't find file 'r_pelvis.vtp'.
[2026-06-04 17:22:37.068] [warning] Couldn't find file 'l_pelvis.vtp'.
[2026-06-04 17:22:37.068] [warning] Couldn't find file 'sacrum.vtp'.
[2026-06-04 17:22:37.068] [warning] Couldn't find file 'r_femur.vtp'.
[2026-06-04 17:22:37.068] [warning] Couldn't find file 'r_patella.vtp'.
[2026-06-04 17:22:37.068] [warning] Couldn't find file 'r_tibia.vtp'.
[2026-06-04 17:22:37.068] [warning] Couldn't find file 'r_fibula.vtp'.
[2026-06-04 17:22:37.068] [warning] Couldn't find file 'r_talus.stl'.
[2026-06-04 17:22:37.068] [warning] Couldn't find file 'r_foot.vtp'.
[2026-06-04 17:22:37.068] [warning] Couldn't find file 'r_bofoot.vtp'.
[2026-06-04 17:22:37.069] [warning] Couldn't find file 'l_femur.vtp'.
[2026-06-04 17:22:37.069] [warning] Couldn't find file 'l_patella.vtp'.
[2026-06-04 17:22:37.069] [warning] Couldn't find file 'l_tibia.vtp'.
[2026-06-04 17:22:37.069] [warning] Couldn't find file 'l_fibula.vtp'.
[2026-06-04 17:22:37.069] [warning] Couldn't find file 'l_talus.stl'.
[2026-06-04 17:22:37.069] [warning] Couldn't find file 'l_foot.vtp'.
[2026-06-04 17:22:37.069] [warning] Couldn't find file 'l_bofoot.vtp'.
[2026-06-04 17:22:37.069] [warning] Couldn't find file 'hat_spine.vtp'.
[2026-06-04 17:22:37.069] [warning] Couldn't find file 'hat_jaw.vtp'.
[2026-06-04 17:22:37.069] [warning] Couldn't find file 'hat_skull.vtp'.
[2026-06-04 17:22:37.069] [warning] Couldn't find file 'hat_ribs_scap.vtp'.
[2026-06-04 17:22:37.069] [warning] Couldn't find file 'humerus_rv.vtp'.
[2026-06-04 17:22:37.069] [warning] Couldn't find file 'ulna_rv.vtp'.
[2026-06-04 17:22:37.069] [warning] Couldn't find file 'radius_rv.vtp'.
[2026-06-04 17:22:37.069] [warning] Couldn't find file 'pisiform_rvs.vtp'.
[2026-06-04 17:22:37.069] [warning] Couldn't find file 'lunate_rvs.vtp'.
[2026-06-04 17:22:37.069] [warning] Couldn't find file 'scaphoid_rvs.vtp'.
[2026-06-04 17:22:37.069] [warning] Couldn't find file 'triquetrum_rvs.vtp'.
[2026-06-04 17:22:37.069] [warning] Couldn't find file 'hamate_rvs.vtp'.
[2026-06-04 17:22:37.070] [warning] Couldn't find file 'capitate_rvs.vtp'.
[2026-06-04 17:22:37.070] [warning] Couldn't find file 'trapezoid_rvs.vtp'.
[2026-06-04 17:22:37.070] [warning] Couldn't find file 'trapezium_rvs.vtp'.
[2026-06-04 17:22:37.070] [warning] Couldn't find file 'metacarpal2_rvs.vtp'.
[2026-06-04 17:22:37.070] [warning] Couldn't find file 'index_proximal_rvs.vtp'.
[2026-06-04 17:22:37.070] [warning] Couldn't find file 'index_medial_rvs.vtp'.
[2026-06-04 17:22:37.070] [warning] Couldn't find file 'index_distal_rvs.vtp'.
[2026-06-04 17:22:37.070] [warning] Couldn't find file 'metacarpal3_rvs.vtp'.
[2026-06-04 17:22:37.070] [warning] Couldn't find file 'middle_proximal_rvs.vtp'.
[2026-06-04 17:22:37.070] [warning] Couldn't find file 'middle_medial_rvs.vtp'.
[2026-06-04 17:22:37.070] [warning] Couldn't find file 'middle_distal_rvs.vtp'.
[2026-06-04 17:22:37.070] [warning] Couldn't find file 'metacarpal4_rvs.vtp'.
[2026-06-04 17:22:37.070] [warning] Couldn't find file 'ring_proximal_rvs.vtp'.
[2026-06-04 17:22:37.070] [warning] Couldn't find file 'ring_medial_rvs.vtp'.
[2026-06-04 17:22:37.070] [warning] Couldn't find file 'ring_distal_rvs.vtp'.
[2026-06-04 17:22:37.070] [warning] Couldn't find file 'metacarpal5_rvs.vtp'.
[2026-06-04 17:22:37.070] [warning] Couldn't find file 'little_proximal_rvs.vtp'.
[2026-06-04 17:22:37.070] [warning] Couldn't find file 'little_medial_rvs.vtp'.
[2026-06-04 17:22:37.070] [warning] Couldn't find file 'little_distal_rvs.vtp'.
[2026-06-04 17:22:37.070] [warning] Couldn't find file 'metacarpal1_rvs.vtp'.
[2026-06-04 17:22:37.071] [warning] Couldn't find file 'thumb_proximal_rvs.vtp'.
[2026-06-04 17:22:37.071] [warning] Couldn't find file 'thumb_distal_rvs.vtp'.
[2026-06-04 17:22:37.071] [warning] Couldn't find file 'humerus_lv.vtp'.
[2026-06-04 17:22:37.071] [warning] Couldn't find file 'ulna_lv.vtp'.
[2026-06-04 17:22:37.071] [warning] Couldn't find file 'radius_lv.vtp'.
[2026-06-04 17:22:37.071] [warning] Couldn't find file 'pisiform_lvs.vtp'.
[2026-06-04 17:22:37.071] [warning] Couldn't find file 'lunate_lvs.vtp'.
[2026-06-04 17:22:37.071] [warning] Couldn't find file 'scaphoid_lvs.vtp'.
[2026-06-04 17:22:37.071] [warning] Couldn't find file 'triquetrum_lvs.vtp'.
[2026-06-04 17:22:37.071] [warning] Couldn't find file 'hamate_lvs.vtp'.
[2026-06-04 17:22:37.071] [warning] Couldn't find file 'capitate_lvs.vtp'.
[2026-06-04 17:22:37.071] [warning] Couldn't find file 'trapezoid_lvs.vtp'.
[2026-06-04 17:22:37.071] [warning] Couldn't find file 'trapezium_lvs.vtp'.
[2026-06-04 17:22:37.071] [warning] Couldn't find file 'metacarpal2_lvs.vtp'.
[2026-06-04 17:22:37.071] [warning] Couldn't find file 'index_proximal_lvs.vtp'.
[2026-06-04 17:22:37.071] [warning] Couldn't find file 'index_medial_lvs.vtp'.
[2026-06-04 17:22:37.071] [warning] Couldn't find file 'index_distal_lvs.vtp'.
[2026-06-04 17:22:37.071] [warning] Couldn't find file 'metacarpal3_lvs.vtp'.
[2026-06-04 17:22:37.071] [warning] Couldn't find file 'middle_proximal_lvs.vtp'.
[2026-06-04 17:22:37.071] [warning] Couldn't find file 'middle_medial_lvs.vtp'.
[2026-06-04 17:22:37.072] [warning] Couldn't find file 'middle_distal_lvs.vtp'.
[2026-06-04 17:22:37.072] [warning] Couldn't find file 'metacarpal4_lvs.vtp'.
[2026-06-04 17:22:37.072] [warning] Couldn't find file 'ring_proximal_lvs.vtp'.
[2026-06-04 17:22:37.072] [warning] Couldn't find file 'ring_medial_lvs.vtp'.
[2026-06-04 17:22:37.072] [warning] Couldn't find file 'ring_distal_lvs.vtp'.
[2026-06-04 17:22:37.072] [warning] Couldn't find file 'metacarpal5_lvs.vtp'.
[2026-06-04 17:22:37.072] [warning] Couldn't find file 'little_proximal_lvs.vtp'.
[2026-06-04 17:22:37.072] [warning] Couldn't find file 'little_medial_lvs.vtp'.
[2026-06-04 17:22:37.072] [warning] Couldn't find file 'little_distal_lvs.vtp'.
[2026-06-04 17:22:37.072] [warning] Couldn't find file 'metacarpal1_lvs.vtp'.
[2026-06-04 17:22:37.072] [warning] Couldn't find file 'thumb_proximal_lvs.vtp'.
[2026-06-04 17:22:37.072] [warning] Couldn't find file 'thumb_distal_lvs.vtp'.
[2026-06-04 17:22:37.121] [info] Loaded model Full_Body_Walking_Model-Scaled_Adjusted from file ..\UF_Subject_4_Scaled_JMP_inactiveMuscles.osim
[2026-06-04 17:22:37.121] [warning] Couldn't find file 'r_pelvis.vtp'.
[2026-06-04 17:22:37.122] [warning] Couldn't find file 'l_pelvis.vtp'.
[2026-06-04 17:22:37.122] [warning] Couldn't find file 'sacrum.vtp'.
[2026-06-04 17:22:37.122] [warning] Couldn't find file 'r_femur.vtp'.
[2026-06-04 17:22:37.122] [warning] Couldn't find file 'r_patella.vtp'.
[2026-06-04 17:22:37.122] [warning] Couldn't find file 'r_tibia.vtp'.
[2026-06-04 17:22:37.122] [warning] Couldn't find file 'r_fibula.vtp'.
[2026-06-04 17:22:37.122] [warning] Couldn't find file 'r_talus.stl'.
[2026-06-04 17:22:37.122] [warning] Couldn't find file 'r_foot.vtp'.
[2026-06-04 17:22:37.122] [warning] Couldn't find file 'r_bofoot.vtp'.
[2026-06-04 17:22:37.122] [warning] Couldn't find file 'l_femur.vtp'.
[2026-06-04 17:22:37.122] [warning] Couldn't find file 'l_patella.vtp'.
[2026-06-04 17:22:37.122] [warning] Couldn't find file 'l_tibia.vtp'.
[2026-06-04 17:22:37.123] [warning] Couldn't find file 'l_fibula.vtp'.
[2026-06-04 17:22:37.123] [warning] Couldn't find file 'l_talus.stl'.
[2026-06-04 17:22:37.123] [warning] Couldn't find file 'l_foot.vtp'.
[2026-06-04 17:22:37.123] [warning] Couldn't find file 'l_bofoot.vtp'.
[2026-06-04 17:22:37.123] [warning] Couldn't find file 'hat_spine.vtp'.
[2026-06-04 17:22:37.123] [warning] Couldn't find file 'hat_jaw.vtp'.
[2026-06-04 17:22:37.123] [warning] Couldn't find file 'hat_skull.vtp'.
[2026-06-04 17:22:37.123] [warning] Couldn't find file 'hat_ribs_scap.vtp'.
[2026-06-04 17:22:37.123] [warning] Couldn't find file 'humerus_rv.vtp'.
[2026-06-04 17:22:37.123] [warning] Couldn't find file 'ulna_rv.vtp'.
[2026-06-04 17:22:37.123] [warning] Couldn't find file 'radius_rv.vtp'.
[2026-06-04 17:22:37.123] [warning] Couldn't find file 'pisiform_rvs.vtp'.
[2026-06-04 17:22:37.123] [warning] Couldn't find file 'lunate_rvs.vtp'.
[2026-06-04 17:22:37.124] [warning] Couldn't find file 'scaphoid_rvs.vtp'.
[2026-06-04 17:22:37.124] [warning] Couldn't find file 'triquetrum_rvs.vtp'.
[2026-06-04 17:22:37.124] [warning] Couldn't find file 'hamate_rvs.vtp'.
[2026-06-04 17:22:37.124] [warning] Couldn't find file 'capitate_rvs.vtp'.
[2026-06-04 17:22:37.124] [warning] Couldn't find file 'trapezoid_rvs.vtp'.
[2026-06-04 17:22:37.124] [warning] Couldn't find file 'trapezium_rvs.vtp'.
[2026-06-04 17:22:37.124] [warning] Couldn't find file 'metacarpal2_rvs.vtp'.
[2026-06-04 17:22:37.124] [warning] Couldn't find file 'index_proximal_rvs.vtp'.
[2026-06-04 17:22:37.124] [warning] Couldn't find file 'index_medial_rvs.vtp'.
[2026-06-04 17:22:37.124] [warning] Couldn't find file 'index_distal_rvs.vtp'.
[2026-06-04 17:22:37.124] [warning] Couldn't find file 'metacarpal3_rvs.vtp'.
[2026-06-04 17:22:37.124] [warning] Couldn't find file 'middle_proximal_rvs.vtp'.
[2026-06-04 17:22:37.124] [warning] Couldn't find file 'middle_medial_rvs.vtp'.
[2026-06-04 17:22:37.124] [warning] Couldn't find file 'middle_distal_rvs.vtp'.
[2026-06-04 17:22:37.125] [warning] Couldn't find file 'metacarpal4_rvs.vtp'.
[2026-06-04 17:22:37.125] [warning] Couldn't find file 'ring_proximal_rvs.vtp'.
[2026-06-04 17:22:37.125] [warning] Couldn't find file 'ring_medial_rvs.vtp'.
[2026-06-04 17:22:37.125] [warning] Couldn't find file 'ring_distal_rvs.vtp'.
[2026-06-04 17:22:37.125] [warning] Couldn't find file 'metacarpal5_rvs.vtp'.
[2026-06-04 17:22:37.125] [warning] Couldn't find file 'little_proximal_rvs.vtp'.
[2026-06-04 17:22:37.125] [warning] Couldn't find file 'little_medial_rvs.vtp'.
[2026-06-04 17:22:37.125] [warning] Couldn't find file 'little_distal_rvs.vtp'.
[2026-06-04 17:22:37.125] [warning] Couldn't find file 'metacarpal1_rvs.vtp'.
[2026-06-04 17:22:37.125] [warning] Couldn't find file 'thumb_proximal_rvs.vtp'.
[2026-06-04 17:22:37.125] [warning] Couldn't find file 'thumb_distal_rvs.vtp'.
[2026-06-04 17:22:37.125] [warning] Couldn't find file 'humerus_lv.vtp'.
[2026-06-04 17:22:37.125] [warning] Couldn't find file 'ulna_lv.vtp'.
[2026-06-04 17:22:37.125] [warning] Couldn't find file 'radius_lv.vtp'.
[2026-06-04 17:22:37.126] [warning] Couldn't find file 'pisiform_lvs.vtp'.
[2026-06-04 17:22:37.126] [warning] Couldn't find file 'lunate_lvs.vtp'.
[2026-06-04 17:22:37.126] [warning] Couldn't find file 'scaphoid_lvs.vtp'.
[2026-06-04 17:22:37.126] [warning] Couldn't find file 'triquetrum_lvs.vtp'.
[2026-06-04 17:22:37.126] [warning] Couldn't find file 'hamate_lvs.vtp'.
[2026-06-04 17:22:37.126] [warning] Couldn't find file 'capitate_lvs.vtp'.
[2026-06-04 17:22:37.126] [warning] Couldn't find file 'trapezoid_lvs.vtp'.
[2026-06-04 17:22:37.126] [warning] Couldn't find file 'trapezium_lvs.vtp'.
[2026-06-04 17:22:37.126] [warning] Couldn't find file 'metacarpal2_lvs.vtp'.
[2026-06-04 17:22:37.126] [warning] Couldn't find file 'index_proximal_lvs.vtp'.
[2026-06-04 17:22:37.126] [warning] Couldn't find file 'index_medial_lvs.vtp'.
[2026-06-04 17:22:37.126] [warning] Couldn't find file 'index_distal_lvs.vtp'.
[2026-06-04 17:22:37.126] [warning] Couldn't find file 'metacarpal3_lvs.vtp'.
[2026-06-04 17:22:37.126] [warning] Couldn't find file 'middle_proximal_lvs.vtp'.
[2026-06-04 17:22:37.127] [warning] Couldn't find file 'middle_medial_lvs.vtp'.
[2026-06-04 17:22:37.127] [warning] Couldn't find file 'middle_distal_lvs.vtp'.
[2026-06-04 17:22:37.127] [warning] Couldn't find file 'metacarpal4_lvs.vtp'.
[2026-06-04 17:22:37.127] [warning] Couldn't find file 'ring_proximal_lvs.vtp'.
[2026-06-04 17:22:37.127] [warning] Couldn't find file 'ring_medial_lvs.vtp'.
[2026-06-04 17:22:37.127] [warning] Couldn't find file 'ring_distal_lvs.vtp'.
[2026-06-04 17:22:37.127] [warning] Couldn't find file 'metacarpal5_lvs.vtp'.
[2026-06-04 17:22:37.127] [warning] Couldn't find file 'little_proximal_lvs.vtp'.
[2026-06-04 17:22:37.127] [warning] Couldn't find file 'little_medial_lvs.vtp'.
[2026-06-04 17:22:37.127] [warning] Couldn't find file 'little_distal_lvs.vtp'.
[2026-06-04 17:22:37.127] [warning] Couldn't find file 'metacarpal1_lvs.vtp'.
[2026-06-04 17:22:37.127] [warning] Couldn't find file 'thumb_proximal_lvs.vtp'.
[2026-06-04 17:22:37.127] [warning] Couldn't find file 'thumb_distal_lvs.vtp'.
[2026-06-04 17:22:37.194] [info] Loaded model Full_Body_Walking_Model-Scaled_Adjusted from file ..\UF_Subject_4_Scaled_JMP_inactiveMuscles.osim
[2026-06-04 17:22:37.194] [warning] Couldn't find file 'r_pelvis.vtp'.
[2026-06-04 17:22:37.195] [warning] Couldn't find file 'l_pelvis.vtp'.
[2026-06-04 17:22:37.195] [warning] Couldn't find file 'sacrum.vtp'.
[2026-06-04 17:22:37.195] [warning] Couldn't find file 'r_femur.vtp'.
[2026-06-04 17:22:37.195] [warning] Couldn't find file 'r_patella.vtp'.
[2026-06-04 17:22:37.195] [warning] Couldn't find file 'r_tibia.vtp'.
[2026-06-04 17:22:37.195] [warning] Couldn't find file 'r_fibula.vtp'.
[2026-06-04 17:22:37.195] [warning] Couldn't find file 'r_talus.stl'.
[2026-06-04 17:22:37.195] [warning] Couldn't find file 'r_foot.vtp'.
[2026-06-04 17:22:37.195] [warning] Couldn't find file 'r_bofoot.vtp'.
[2026-06-04 17:22:37.195] [warning] Couldn't find file 'l_femur.vtp'.
[2026-06-04 17:22:37.195] [warning] Couldn't find file 'l_patella.vtp'.
[2026-06-04 17:22:37.195] [warning] Couldn't find file 'l_tibia.vtp'.
[2026-06-04 17:22:37.195] [warning] Couldn't find file 'l_fibula.vtp'.
[2026-06-04 17:22:37.196] [warning] Couldn't find file 'l_talus.stl'.
[2026-06-04 17:22:37.196] [warning] Couldn't find file 'l_foot.vtp'.
[2026-06-04 17:22:37.196] [warning] Couldn't find file 'l_bofoot.vtp'.
[2026-06-04 17:22:37.196] [warning] Couldn't find file 'hat_spine.vtp'.
[2026-06-04 17:22:37.196] [warning] Couldn't find file 'hat_jaw.vtp'.
[2026-06-04 17:22:37.196] [warning] Couldn't find file 'hat_skull.vtp'.
[2026-06-04 17:22:37.196] [warning] Couldn't find file 'hat_ribs_scap.vtp'.
[2026-06-04 17:22:37.196] [warning] Couldn't find file 'humerus_rv.vtp'.
[2026-06-04 17:22:37.196] [warning] Couldn't find file 'ulna_rv.vtp'.
[2026-06-04 17:22:37.196] [warning] Couldn't find file 'radius_rv.vtp'.
[2026-06-04 17:22:37.196] [warning] Couldn't find file 'pisiform_rvs.vtp'.
[2026-06-04 17:22:37.196] [warning] Couldn't find file 'lunate_rvs.vtp'.
[2026-06-04 17:22:37.196] [warning] Couldn't find file 'scaphoid_rvs.vtp'.
[2026-06-04 17:22:37.196] [warning] Couldn't find file 'triquetrum_rvs.vtp'.
[2026-06-04 17:22:37.196] [warning] Couldn't find file 'hamate_rvs.vtp'.
[2026-06-04 17:22:37.196] [warning] Couldn't find file 'capitate_rvs.vtp'.
[2026-06-04 17:22:37.196] [warning] Couldn't find file 'trapezoid_rvs.vtp'.
[2026-06-04 17:22:37.196] [warning] Couldn't find file 'trapezium_rvs.vtp'.
[2026-06-04 17:22:37.197] [warning] Couldn't find file 'metacarpal2_rvs.vtp'.
[2026-06-04 17:22:37.197] [warning] Couldn't find file 'index_proximal_rvs.vtp'.
[2026-06-04 17:22:37.197] [warning] Couldn't find file 'index_medial_rvs.vtp'.
[2026-06-04 17:22:37.197] [warning] Couldn't find file 'index_distal_rvs.vtp'.
[2026-06-04 17:22:37.197] [warning] Couldn't find file 'metacarpal3_rvs.vtp'.
[2026-06-04 17:22:37.197] [warning] Couldn't find file 'middle_proximal_rvs.vtp'.
[2026-06-04 17:22:37.197] [warning] Couldn't find file 'middle_medial_rvs.vtp'.
[2026-06-04 17:22:37.197] [warning] Couldn't find file 'middle_distal_rvs.vtp'.
[2026-06-04 17:22:37.197] [warning] Couldn't find file 'metacarpal4_rvs.vtp'.
[2026-06-04 17:22:37.197] [warning] Couldn't find file 'ring_proximal_rvs.vtp'.
[2026-06-04 17:22:37.197] [warning] Couldn't find file 'ring_medial_rvs.vtp'.
[2026-06-04 17:22:37.197] [warning] Couldn't find file 'ring_distal_rvs.vtp'.
[2026-06-04 17:22:37.197] [warning] Couldn't find file 'metacarpal5_rvs.vtp'.
[2026-06-04 17:22:37.197] [warning] Couldn't find file 'little_proximal_rvs.vtp'.
[2026-06-04 17:22:37.197] [warning] Couldn't find file 'little_medial_rvs.vtp'.
[2026-06-04 17:22:37.197] [warning] Couldn't find file 'little_distal_rvs.vtp'.
[2026-06-04 17:22:37.197] [warning] Couldn't find file 'metacarpal1_rvs.vtp'.
[2026-06-04 17:22:37.197] [warning] Couldn't find file 'thumb_proximal_rvs.vtp'.
[2026-06-04 17:22:37.197] [warning] Couldn't find file 'thumb_distal_rvs.vtp'.
[2026-06-04 17:22:37.198] [warning] Couldn't find file 'humerus_lv.vtp'.
[2026-06-04 17:22:37.198] [warning] Couldn't find file 'ulna_lv.vtp'.
[2026-06-04 17:22:37.198] [warning] Couldn't find file 'radius_lv.vtp'.
[2026-06-04 17:22:37.198] [warning] Couldn't find file 'pisiform_lvs.vtp'.
[2026-06-04 17:22:37.198] [warning] Couldn't find file 'lunate_lvs.vtp'.
[2026-06-04 17:22:37.198] [warning] Couldn't find file 'scaphoid_lvs.vtp'.
[2026-06-04 17:22:37.198] [warning] Couldn't find file 'triquetrum_lvs.vtp'.
[2026-06-04 17:22:37.198] [warning] Couldn't find file 'hamate_lvs.vtp'.
[2026-06-04 17:22:37.198] [warning] Couldn't find file 'capitate_lvs.vtp'.
[2026-06-04 17:22:37.198] [warning] Couldn't find file 'trapezoid_lvs.vtp'.
[2026-06-04 17:22:37.198] [warning] Couldn't find file 'trapezium_lvs.vtp'.
[2026-06-04 17:22:37.198] [warning] Couldn't find file 'metacarpal2_lvs.vtp'.
[2026-06-04 17:22:37.198] [warning] Couldn't find file 'index_proximal_lvs.vtp'.
[2026-06-04 17:22:37.198] [warning] Couldn't find file 'index_medial_lvs.vtp'.
[2026-06-04 17:22:37.198] [warning] Couldn't find file 'index_distal_lvs.vtp'.
[2026-06-04 17:22:37.199] [warning] Couldn't find file 'metacarpal3_lvs.vtp'.
[2026-06-04 17:22:37.199] [warning] Couldn't find file 'middle_proximal_lvs.vtp'.
[2026-06-04 17:22:37.199] [warning] Couldn't find file 'middle_medial_lvs.vtp'.
[2026-06-04 17:22:37.199] [warning] Couldn't find file 'middle_distal_lvs.vtp'.
[2026-06-04 17:22:37.199] [warning] Couldn't find file 'metacarpal4_lvs.vtp'.
[2026-06-04 17:22:37.199] [warning] Couldn't find file 'ring_proximal_lvs.vtp'.
[2026-06-04 17:22:37.199] [warning] Couldn't find file 'ring_medial_lvs.vtp'.
[2026-06-04 17:22:37.199] [warning] Couldn't find file 'ring_distal_lvs.vtp'.
[2026-06-04 17:22:37.199] [warning] Couldn't find file 'metacarpal5_lvs.vtp'.
[2026-06-04 17:22:37.199] [warning] Couldn't find file 'little_proximal_lvs.vtp'.
[2026-06-04 17:22:37.199] [warning] Couldn't find file 'little_medial_lvs.vtp'.
[2026-06-04 17:22:37.199] [warning] Couldn't find file 'little_distal_lvs.vtp'.
[2026-06-04 17:22:37.199] [warning] Couldn't find file 'metacarpal1_lvs.vtp'.
[2026-06-04 17:22:37.199] [warning] Couldn't find file 'thumb_proximal_lvs.vtp'.
[2026-06-04 17:22:37.199] [warning] Couldn't find file 'thumb_distal_lvs.vtp'.
[2026-06-04 17:22:37.241] [info] Loaded model Full_Body_Walking_Model-Scaled_Adjusted from file ..\UF_Subject_4_Scaled_JMP_inactiveMuscles.osim
[2026-06-04 17:22:37.241] [warning] Couldn't find file 'r_pelvis.vtp'.
[2026-06-04 17:22:37.242] [warning] Couldn't find file 'l_pelvis.vtp'.
[2026-06-04 17:22:37.242] [warning] Couldn't find file 'sacrum.vtp'.
[2026-06-04 17:22:37.242] [warning] Couldn't find file 'r_femur.vtp'.
[2026-06-04 17:22:37.242] [warning] Couldn't find file 'r_patella.vtp'.
[2026-06-04 17:22:37.242] [warning] Couldn't find file 'r_tibia.vtp'.
[2026-06-04 17:22:37.242] [warning] Couldn't find file 'r_fibula.vtp'.
[2026-06-04 17:22:37.242] [warning] Couldn't find file 'r_talus.stl'.
[2026-06-04 17:22:37.242] [warning] Couldn't find file 'r_foot.vtp'.
[2026-06-04 17:22:37.242] [warning] Couldn't find file 'r_bofoot.vtp'.
[2026-06-04 17:22:37.242] [warning] Couldn't find file 'l_femur.vtp'.
[2026-06-04 17:22:37.242] [warning] Couldn't find file 'l_patella.vtp'.
[2026-06-04 17:22:37.242] [warning] Couldn't find file 'l_tibia.vtp'.
[2026-06-04 17:22:37.242] [warning] Couldn't find file 'l_fibula.vtp'.
[2026-06-04 17:22:37.242] [warning] Couldn't find file 'l_talus.stl'.
[2026-06-04 17:22:37.243] [warning] Couldn't find file 'l_foot.vtp'.
[2026-06-04 17:22:37.243] [warning] Couldn't find file 'l_bofoot.vtp'.
[2026-06-04 17:22:37.243] [warning] Couldn't find file 'hat_spine.vtp'.
[2026-06-04 17:22:37.243] [warning] Couldn't find file 'hat_jaw.vtp'.
[2026-06-04 17:22:37.243] [warning] Couldn't find file 'hat_skull.vtp'.
[2026-06-04 17:22:37.243] [warning] Couldn't find file 'hat_ribs_scap.vtp'.
[2026-06-04 17:22:37.243] [warning] Couldn't find file 'humerus_rv.vtp'.
[2026-06-04 17:22:37.243] [warning] Couldn't find file 'ulna_rv.vtp'.
[2026-06-04 17:22:37.243] [warning] Couldn't find file 'radius_rv.vtp'.
[2026-06-04 17:22:37.243] [warning] Couldn't find file 'pisiform_rvs.vtp'.
[2026-06-04 17:22:37.243] [warning] Couldn't find file 'lunate_rvs.vtp'.
[2026-06-04 17:22:37.243] [warning] Couldn't find file 'scaphoid_rvs.vtp'.
[2026-06-04 17:22:37.243] [warning] Couldn't find file 'triquetrum_rvs.vtp'.
[2026-06-04 17:22:37.243] [warning] Couldn't find file 'hamate_rvs.vtp'.
[2026-06-04 17:22:37.243] [warning] Couldn't find file 'capitate_rvs.vtp'.
[2026-06-04 17:22:37.243] [warning] Couldn't find file 'trapezoid_rvs.vtp'.
[2026-06-04 17:22:37.243] [warning] Couldn't find file 'trapezium_rvs.vtp'.
[2026-06-04 17:22:37.243] [warning] Couldn't find file 'metacarpal2_rvs.vtp'.
[2026-06-04 17:22:37.244] [warning] Couldn't find file 'index_proximal_rvs.vtp'.
[2026-06-04 17:22:37.244] [warning] Couldn't find file 'index_medial_rvs.vtp'.
[2026-06-04 17:22:37.244] [warning] Couldn't find file 'index_distal_rvs.vtp'.
[2026-06-04 17:22:37.244] [warning] Couldn't find file 'metacarpal3_rvs.vtp'.
[2026-06-04 17:22:37.244] [warning] Couldn't find file 'middle_proximal_rvs.vtp'.
[2026-06-04 17:22:37.244] [warning] Couldn't find file 'middle_medial_rvs.vtp'.
[2026-06-04 17:22:37.244] [warning] Couldn't find file 'middle_distal_rvs.vtp'.
[2026-06-04 17:22:37.244] [warning] Couldn't find file 'metacarpal4_rvs.vtp'.
[2026-06-04 17:22:37.244] [warning] Couldn't find file 'ring_proximal_rvs.vtp'.
[2026-06-04 17:22:37.244] [warning] Couldn't find file 'ring_medial_rvs.vtp'.
[2026-06-04 17:22:37.244] [warning] Couldn't find file 'ring_distal_rvs.vtp'.
[2026-06-04 17:22:37.244] [warning] Couldn't find file 'metacarpal5_rvs.vtp'.
[2026-06-04 17:22:37.244] [warning] Couldn't find file 'little_proximal_rvs.vtp'.
[2026-06-04 17:22:37.244] [warning] Couldn't find file 'little_medial_rvs.vtp'.
[2026-06-04 17:22:37.244] [warning] Couldn't find file 'little_distal_rvs.vtp'.
[2026-06-04 17:22:37.244] [warning] Couldn't find file 'metacarpal1_rvs.vtp'.
[2026-06-04 17:22:37.244] [warning] Couldn't find file 'thumb_proximal_rvs.vtp'.
[2026-06-04 17:22:37.244] [warning] Couldn't find file 'thumb_distal_rvs.vtp'.
[2026-06-04 17:22:37.245] [warning] Couldn't find file 'humerus_lv.vtp'.
[2026-06-04 17:22:37.245] [warning] Couldn't find file 'ulna_lv.vtp'.
[2026-06-04 17:22:37.245] [warning] Couldn't find file 'radius_lv.vtp'.
[2026-06-04 17:22:37.245] [warning] Couldn't find file 'pisiform_lvs.vtp'.
[2026-06-04 17:22:37.245] [warning] Couldn't find file 'lunate_lvs.vtp'.
[2026-06-04 17:22:37.245] [warning] Couldn't find file 'scaphoid_lvs.vtp'.
[2026-06-04 17:22:37.245] [warning] Couldn't find file 'triquetrum_lvs.vtp'.
[2026-06-04 17:22:37.245] [warning] Couldn't find file 'hamate_lvs.vtp'.
[2026-06-04 17:22:37.245] [warning] Couldn't find file 'capitate_lvs.vtp'.
[2026-06-04 17:22:37.245] [warning] Couldn't find file 'trapezoid_lvs.vtp'.
[2026-06-04 17:22:37.245] [warning] Couldn't find file 'trapezium_lvs.vtp'.
[2026-06-04 17:22:37.245] [warning] Couldn't find file 'metacarpal2_lvs.vtp'.
[2026-06-04 17:22:37.245] [warning] Couldn't find file 'index_proximal_lvs.vtp'.
[2026-06-04 17:22:37.245] [warning] Couldn't find file 'index_medial_lvs.vtp'.
[2026-06-04 17:22:37.245] [warning] Couldn't find file 'index_distal_lvs.vtp'.
[2026-06-04 17:22:37.245] [warning] Couldn't find file 'metacarpal3_lvs.vtp'.
[2026-06-04 17:22:37.245] [warning] Couldn't find file 'middle_proximal_lvs.vtp'.
[2026-06-04 17:22:37.245] [warning] Couldn't find file 'middle_medial_lvs.vtp'.
[2026-06-04 17:22:37.245] [warning] Couldn't find file 'middle_distal_lvs.vtp'.
[2026-06-04 17:22:37.245] [warning] Couldn't find file 'metacarpal4_lvs.vtp'.
[2026-06-04 17:22:37.246] [warning] Couldn't find file 'ring_proximal_lvs.vtp'.
[2026-06-04 17:22:37.246] [warning] Couldn't find file 'ring_medial_lvs.vtp'.
[2026-06-04 17:22:37.246] [warning] Couldn't find file 'ring_distal_lvs.vtp'.
[2026-06-04 17:22:37.246] [warning] Couldn't find file 'metacarpal5_lvs.vtp'.
[2026-06-04 17:22:37.246] [warning] Couldn't find file 'little_proximal_lvs.vtp'.
[2026-06-04 17:22:37.246] [warning] Couldn't find file 'little_medial_lvs.vtp'.
[2026-06-04 17:22:37.246] [warning] Couldn't find file 'little_distal_lvs.vtp'.
[2026-06-04 17:22:37.246] [warning] Couldn't find file 'metacarpal1_lvs.vtp'.
[2026-06-04 17:22:37.246] [warning] Couldn't find file 'thumb_proximal_lvs.vtp'.
[2026-06-04 17:22:37.246] [warning] Couldn't find file 'thumb_distal_lvs.vtp'.
[2026-06-04 17:22:37.287] [info] Loaded model Full_Body_Walking_Model-Scaled_Adjusted from file ..\UF_Subject_4_Scaled_JMP_inactiveMuscles.osim
[2026-06-04 17:22:37.288] [warning] Couldn't find file 'r_pelvis.vtp'.
[2026-06-04 17:22:37.288] [warning] Couldn't find file 'l_pelvis.vtp'.
[2026-06-04 17:22:37.288] [warning] Couldn't find file 'sacrum.vtp'.
[2026-06-04 17:22:37.288] [warning] Couldn't find file 'r_femur.vtp'.
[2026-06-04 17:22:37.288] [warning] Couldn't find file 'r_patella.vtp'.
[2026-06-04 17:22:37.288] [warning] Couldn't find file 'r_tibia.vtp'.
[2026-06-04 17:22:37.288] [warning] Couldn't find file 'r_fibula.vtp'.
[2026-06-04 17:22:37.288] [warning] Couldn't find file 'r_talus.stl'.
[2026-06-04 17:22:37.288] [warning] Couldn't find file 'r_foot.vtp'.
[2026-06-04 17:22:37.288] [warning] Couldn't find file 'r_bofoot.vtp'.
[2026-06-04 17:22:37.288] [warning] Couldn't find file 'l_femur.vtp'.
[2026-06-04 17:22:37.288] [warning] Couldn't find file 'l_patella.vtp'.
[2026-06-04 17:22:37.288] [warning] Couldn't find file 'l_tibia.vtp'.
[2026-06-04 17:22:37.288] [warning] Couldn't find file 'l_fibula.vtp'.
[2026-06-04 17:22:37.288] [warning] Couldn't find file 'l_talus.stl'.
[2026-06-04 17:22:37.288] [warning] Couldn't find file 'l_foot.vtp'.
[2026-06-04 17:22:37.289] [warning] Couldn't find file 'l_bofoot.vtp'.
[2026-06-04 17:22:37.289] [warning] Couldn't find file 'hat_spine.vtp'.
[2026-06-04 17:22:37.289] [warning] Couldn't find file 'hat_jaw.vtp'.
[2026-06-04 17:22:37.289] [warning] Couldn't find file 'hat_skull.vtp'.
[2026-06-04 17:22:37.289] [warning] Couldn't find file 'hat_ribs_scap.vtp'.
[2026-06-04 17:22:37.289] [warning] Couldn't find file 'humerus_rv.vtp'.
[2026-06-04 17:22:37.289] [warning] Couldn't find file 'ulna_rv.vtp'.
[2026-06-04 17:22:37.289] [warning] Couldn't find file 'radius_rv.vtp'.
[2026-06-04 17:22:37.289] [warning] Couldn't find file 'pisiform_rvs.vtp'.
[2026-06-04 17:22:37.289] [warning] Couldn't find file 'lunate_rvs.vtp'.
[2026-06-04 17:22:37.289] [warning] Couldn't find file 'scaphoid_rvs.vtp'.
[2026-06-04 17:22:37.289] [warning] Couldn't find file 'triquetrum_rvs.vtp'.
[2026-06-04 17:22:37.289] [warning] Couldn't find file 'hamate_rvs.vtp'.
[2026-06-04 17:22:37.289] [warning] Couldn't find file 'capitate_rvs.vtp'.
[2026-06-04 17:22:37.289] [warning] Couldn't find file 'trapezoid_rvs.vtp'.
[2026-06-04 17:22:37.289] [warning] Couldn't find file 'trapezium_rvs.vtp'.
[2026-06-04 17:22:37.289] [warning] Couldn't find file 'metacarpal2_rvs.vtp'.
[2026-06-04 17:22:37.289] [warning] Couldn't find file 'index_proximal_rvs.vtp'.
[2026-06-04 17:22:37.289] [warning] Couldn't find file 'index_medial_rvs.vtp'.
[2026-06-04 17:22:37.290] [warning] Couldn't find file 'index_distal_rvs.vtp'.
[2026-06-04 17:22:37.290] [warning] Couldn't find file 'metacarpal3_rvs.vtp'.
[2026-06-04 17:22:37.290] [warning] Couldn't find file 'middle_proximal_rvs.vtp'.
[2026-06-04 17:22:37.290] [warning] Couldn't find file 'middle_medial_rvs.vtp'.
[2026-06-04 17:22:37.290] [warning] Couldn't find file 'middle_distal_rvs.vtp'.
[2026-06-04 17:22:37.290] [warning] Couldn't find file 'metacarpal4_rvs.vtp'.
[2026-06-04 17:22:37.290] [warning] Couldn't find file 'ring_proximal_rvs.vtp'.
[2026-06-04 17:22:37.290] [warning] Couldn't find file 'ring_medial_rvs.vtp'.
[2026-06-04 17:22:37.290] [warning] Couldn't find file 'ring_distal_rvs.vtp'.
[2026-06-04 17:22:37.290] [warning] Couldn't find file 'metacarpal5_rvs.vtp'.
[2026-06-04 17:22:37.290] [warning] Couldn't find file 'little_proximal_rvs.vtp'.
[2026-06-04 17:22:37.290] [warning] Couldn't find file 'little_medial_rvs.vtp'.
[2026-06-04 17:22:37.290] [warning] Couldn't find file 'little_distal_rvs.vtp'.
[2026-06-04 17:22:37.290] [warning] Couldn't find file 'metacarpal1_rvs.vtp'.
[2026-06-04 17:22:37.290] [warning] Couldn't find file 'thumb_proximal_rvs.vtp'.
[2026-06-04 17:22:37.290] [warning] Couldn't find file 'thumb_distal_rvs.vtp'.
[2026-06-04 17:22:37.290] [warning] Couldn't find file 'humerus_lv.vtp'.
[2026-06-04 17:22:37.291] [warning] Couldn't find file 'ulna_lv.vtp'.
[2026-06-04 17:22:37.291] [warning] Couldn't find file 'radius_lv.vtp'.
[2026-06-04 17:22:37.291] [warning] Couldn't find file 'pisiform_lvs.vtp'.
[2026-06-04 17:22:37.291] [warning] Couldn't find file 'lunate_lvs.vtp'.
[2026-06-04 17:22:37.291] [warning] Couldn't find file 'scaphoid_lvs.vtp'.
[2026-06-04 17:22:37.291] [warning] Couldn't find file 'triquetrum_lvs.vtp'.
[2026-06-04 17:22:37.291] [warning] Couldn't find file 'hamate_lvs.vtp'.
[2026-06-04 17:22:37.291] [warning] Couldn't find file 'capitate_lvs.vtp'.
[2026-06-04 17:22:37.291] [warning] Couldn't find file 'trapezoid_lvs.vtp'.
[2026-06-04 17:22:37.291] [warning] Couldn't find file 'trapezium_lvs.vtp'.
[2026-06-04 17:22:37.291] [warning] Couldn't find file 'metacarpal2_lvs.vtp'.
[2026-06-04 17:22:37.291] [warning] Couldn't find file 'index_proximal_lvs.vtp'.
[2026-06-04 17:22:37.291] [warning] Couldn't find file 'index_medial_lvs.vtp'.
[2026-06-04 17:22:37.291] [warning] Couldn't find file 'index_distal_lvs.vtp'.
[2026-06-04 17:22:37.291] [warning] Couldn't find file 'metacarpal3_lvs.vtp'.
[2026-06-04 17:22:37.291] [warning] Couldn't find file 'middle_proximal_lvs.vtp'.
[2026-06-04 17:22:37.291] [warning] Couldn't find file 'middle_medial_lvs.vtp'.
[2026-06-04 17:22:37.291] [warning] Couldn't find file 'middle_distal_lvs.vtp'.
[2026-06-04 17:22:37.291] [warning] Couldn't find file 'metacarpal4_lvs.vtp'.
[2026-06-04 17:22:37.292] [warning] Couldn't find file 'ring_proximal_lvs.vtp'.
[2026-06-04 17:22:37.292] [warning] Couldn't find file 'ring_medial_lvs.vtp'.
[2026-06-04 17:22:37.292] [warning] Couldn't find file 'ring_distal_lvs.vtp'.
[2026-06-04 17:22:37.292] [warning] Couldn't find file 'metacarpal5_lvs.vtp'.
[2026-06-04 17:22:37.292] [warning] Couldn't find file 'little_proximal_lvs.vtp'.
[2026-06-04 17:22:37.292] [warning] Couldn't find file 'little_medial_lvs.vtp'.
[2026-06-04 17:22:37.292] [warning] Couldn't find file 'little_distal_lvs.vtp'.
[2026-06-04 17:22:37.292] [warning] Couldn't find file 'metacarpal1_lvs.vtp'.
[2026-06-04 17:22:37.292] [warning] Couldn't find file 'thumb_proximal_lvs.vtp'.
[2026-06-04 17:22:37.292] [warning] Couldn't find file 'thumb_distal_lvs.vtp'.
[2026-06-04 17:22:37.333] [info] Loaded model Full_Body_Walking_Model-Scaled_Adjusted from file ..\UF_Subject_4_Scaled_JMP_inactiveMuscles.osim
[2026-06-04 17:22:37.333] [warning] Couldn't find file 'r_pelvis.vtp'.
[2026-06-04 17:22:37.333] [warning] Couldn't find file 'l_pelvis.vtp'.
[2026-06-04 17:22:37.333] [warning] Couldn't find file 'sacrum.vtp'.
[2026-06-04 17:22:37.333] [warning] Couldn't find file 'r_femur.vtp'.
[2026-06-04 17:22:37.334] [warning] Couldn't find file 'r_patella.vtp'.
[2026-06-04 17:22:37.334] [warning] Couldn't find file 'r_tibia.vtp'.
[2026-06-04 17:22:37.334] [warning] Couldn't find file 'r_fibula.vtp'.
[2026-06-04 17:22:37.334] [warning] Couldn't find file 'r_talus.stl'.
[2026-06-04 17:22:37.334] [warning] Couldn't find file 'r_foot.vtp'.
[2026-06-04 17:22:37.334] [warning] Couldn't find file 'r_bofoot.vtp'.
[2026-06-04 17:22:37.334] [warning] Couldn't find file 'l_femur.vtp'.
[2026-06-04 17:22:37.334] [warning] Couldn't find file 'l_patella.vtp'.
[2026-06-04 17:22:37.334] [warning] Couldn't find file 'l_tibia.vtp'.
[2026-06-04 17:22:37.334] [warning] Couldn't find file 'l_fibula.vtp'.
[2026-06-04 17:22:37.334] [warning] Couldn't find file 'l_talus.stl'.
[2026-06-04 17:22:37.334] [warning] Couldn't find file 'l_foot.vtp'.
[2026-06-04 17:22:37.334] [warning] Couldn't find file 'l_bofoot.vtp'.
[2026-06-04 17:22:37.334] [warning] Couldn't find file 'hat_spine.vtp'.
[2026-06-04 17:22:37.334] [warning] Couldn't find file 'hat_jaw.vtp'.
[2026-06-04 17:22:37.334] [warning] Couldn't find file 'hat_skull.vtp'.
[2026-06-04 17:22:37.334] [warning] Couldn't find file 'hat_ribs_scap.vtp'.
[2026-06-04 17:22:37.334] [warning] Couldn't find file 'humerus_rv.vtp'.
[2026-06-04 17:22:37.335] [warning] Couldn't find file 'ulna_rv.vtp'.
[2026-06-04 17:22:37.335] [warning] Couldn't find file 'radius_rv.vtp'.
[2026-06-04 17:22:37.335] [warning] Couldn't find file 'pisiform_rvs.vtp'.
[2026-06-04 17:22:37.335] [warning] Couldn't find file 'lunate_rvs.vtp'.
[2026-06-04 17:22:37.335] [warning] Couldn't find file 'scaphoid_rvs.vtp'.
[2026-06-04 17:22:37.335] [warning] Couldn't find file 'triquetrum_rvs.vtp'.
[2026-06-04 17:22:37.335] [warning] Couldn't find file 'hamate_rvs.vtp'.
[2026-06-04 17:22:37.335] [warning] Couldn't find file 'capitate_rvs.vtp'.
[2026-06-04 17:22:37.335] [warning] Couldn't find file 'trapezoid_rvs.vtp'.
[2026-06-04 17:22:37.335] [warning] Couldn't find file 'trapezium_rvs.vtp'.
[2026-06-04 17:22:37.335] [warning] Couldn't find file 'metacarpal2_rvs.vtp'.
[2026-06-04 17:22:37.335] [warning] Couldn't find file 'index_proximal_rvs.vtp'.
[2026-06-04 17:22:37.335] [warning] Couldn't find file 'index_medial_rvs.vtp'.
[2026-06-04 17:22:37.335] [warning] Couldn't find file 'index_distal_rvs.vtp'.
[2026-06-04 17:22:37.335] [warning] Couldn't find file 'metacarpal3_rvs.vtp'.
[2026-06-04 17:22:37.335] [warning] Couldn't find file 'middle_proximal_rvs.vtp'.
[2026-06-04 17:22:37.335] [warning] Couldn't find file 'middle_medial_rvs.vtp'.
[2026-06-04 17:22:37.335] [warning] Couldn't find file 'middle_distal_rvs.vtp'.
[2026-06-04 17:22:37.336] [warning] Couldn't find file 'metacarpal4_rvs.vtp'.
[2026-06-04 17:22:37.336] [warning] Couldn't find file 'ring_proximal_rvs.vtp'.
[2026-06-04 17:22:37.336] [warning] Couldn't find file 'ring_medial_rvs.vtp'.
[2026-06-04 17:22:37.336] [warning] Couldn't find file 'ring_distal_rvs.vtp'.
[2026-06-04 17:22:37.336] [warning] Couldn't find file 'metacarpal5_rvs.vtp'.
[2026-06-04 17:22:37.336] [warning] Couldn't find file 'little_proximal_rvs.vtp'.
[2026-06-04 17:22:37.336] [warning] Couldn't find file 'little_medial_rvs.vtp'.
[2026-06-04 17:22:37.336] [warning] Couldn't find file 'little_distal_rvs.vtp'.
[2026-06-04 17:22:37.336] [warning] Couldn't find file 'metacarpal1_rvs.vtp'.
[2026-06-04 17:22:37.336] [warning] Couldn't find file 'thumb_proximal_rvs.vtp'.
[2026-06-04 17:22:37.336] [warning] Couldn't find file 'thumb_distal_rvs.vtp'.
[2026-06-04 17:22:37.336] [warning] Couldn't find file 'humerus_lv.vtp'.
[2026-06-04 17:22:37.336] [warning] Couldn't find file 'ulna_lv.vtp'.
[2026-06-04 17:22:37.336] [warning] Couldn't find file 'radius_lv.vtp'.
[2026-06-04 17:22:37.336] [warning] Couldn't find file 'pisiform_lvs.vtp'.
[2026-06-04 17:22:37.336] [warning] Couldn't find file 'lunate_lvs.vtp'.
[2026-06-04 17:22:37.336] [warning] Couldn't find file 'scaphoid_lvs.vtp'.
[2026-06-04 17:22:37.336] [warning] Couldn't find file 'triquetrum_lvs.vtp'.
[2026-06-04 17:22:37.336] [warning] Couldn't find file 'hamate_lvs.vtp'.
[2026-06-04 17:22:37.337] [warning] Couldn't find file 'capitate_lvs.vtp'.
[2026-06-04 17:22:37.337] [warning] Couldn't find file 'trapezoid_lvs.vtp'.
[2026-06-04 17:22:37.337] [warning] Couldn't find file 'trapezium_lvs.vtp'.
[2026-06-04 17:22:37.337] [warning] Couldn't find file 'metacarpal2_lvs.vtp'.
[2026-06-04 17:22:37.337] [warning] Couldn't find file 'index_proximal_lvs.vtp'.
[2026-06-04 17:22:37.337] [warning] Couldn't find file 'index_medial_lvs.vtp'.
[2026-06-04 17:22:37.337] [warning] Couldn't find file 'index_distal_lvs.vtp'.
[2026-06-04 17:22:37.337] [warning] Couldn't find file 'metacarpal3_lvs.vtp'.
[2026-06-04 17:22:37.337] [warning] Couldn't find file 'middle_proximal_lvs.vtp'.
[2026-06-04 17:22:37.337] [warning] Couldn't find file 'middle_medial_lvs.vtp'.
[2026-06-04 17:22:37.337] [warning] Couldn't find file 'middle_distal_lvs.vtp'.
[2026-06-04 17:22:37.337] [warning] Couldn't find file 'metacarpal4_lvs.vtp'.
[2026-06-04 17:22:37.337] [warning] Couldn't find file 'ring_proximal_lvs.vtp'.
[2026-06-04 17:22:37.337] [warning] Couldn't find file 'ring_medial_lvs.vtp'.
[2026-06-04 17:22:37.337] [warning] Couldn't find file 'ring_distal_lvs.vtp'.
[2026-06-04 17:22:37.337] [warning] Couldn't find file 'metacarpal5_lvs.vtp'.
[2026-06-04 17:22:37.337] [warning] Couldn't find file 'little_proximal_lvs.vtp'.
[2026-06-04 17:22:37.337] [warning] Couldn't find file 'little_medial_lvs.vtp'.
[2026-06-04 17:22:37.338] [warning] Couldn't find file 'little_distal_lvs.vtp'.
[2026-06-04 17:22:37.338] [warning] Couldn't find file 'metacarpal1_lvs.vtp'.
[2026-06-04 17:22:37.338] [warning] Couldn't find file 'thumb_proximal_lvs.vtp'.
[2026-06-04 17:22:37.338] [warning] Couldn't find file 'thumb_distal_lvs.vtp'.
[2026-06-04 17:22:37.379] [info] Loaded model Full_Body_Walking_Model-Scaled_Adjusted from file ..\UF_Subject_4_Scaled_JMP_inactiveMuscles.osim
[2026-06-04 17:22:37.379] [warning] Couldn't find file 'r_pelvis.vtp'.
[2026-06-04 17:22:37.380] [warning] Couldn't find file 'l_pelvis.vtp'.
[2026-06-04 17:22:37.380] [warning] Couldn't find file 'sacrum.vtp'.
[2026-06-04 17:22:37.380] [warning] Couldn't find file 'r_femur.vtp'.
[2026-06-04 17:22:37.380] [warning] Couldn't find file 'r_patella.vtp'.
[2026-06-04 17:22:37.380] [warning] Couldn't find file 'r_tibia.vtp'.
[2026-06-04 17:22:37.380] [warning] Couldn't find file 'r_fibula.vtp'.
[2026-06-04 17:22:37.380] [warning] Couldn't find file 'r_talus.stl'.
[2026-06-04 17:22:37.380] [warning] Couldn't find file 'r_foot.vtp'.
[2026-06-04 17:22:37.380] [warning] Couldn't find file 'r_bofoot.vtp'.
[2026-06-04 17:22:37.380] [warning] Couldn't find file 'l_femur.vtp'.
[2026-06-04 17:22:37.380] [warning] Couldn't find file 'l_patella.vtp'.
[2026-06-04 17:22:37.380] [warning] Couldn't find file 'l_tibia.vtp'.
[2026-06-04 17:22:37.380] [warning] Couldn't find file 'l_fibula.vtp'.
[2026-06-04 17:22:37.380] [warning] Couldn't find file 'l_talus.stl'.
[2026-06-04 17:22:37.380] [warning] Couldn't find file 'l_foot.vtp'.
[2026-06-04 17:22:37.380] [warning] Couldn't find file 'l_bofoot.vtp'.
[2026-06-04 17:22:37.380] [warning] Couldn't find file 'hat_spine.vtp'.
[2026-06-04 17:22:37.381] [warning] Couldn't find file 'hat_jaw.vtp'.
[2026-06-04 17:22:37.381] [warning] Couldn't find file 'hat_skull.vtp'.
[2026-06-04 17:22:37.381] [warning] Couldn't find file 'hat_ribs_scap.vtp'.
[2026-06-04 17:22:37.381] [warning] Couldn't find file 'humerus_rv.vtp'.
[2026-06-04 17:22:37.381] [warning] Couldn't find file 'ulna_rv.vtp'.
[2026-06-04 17:22:37.381] [warning] Couldn't find file 'radius_rv.vtp'.
[2026-06-04 17:22:37.381] [warning] Couldn't find file 'pisiform_rvs.vtp'.
[2026-06-04 17:22:37.381] [warning] Couldn't find file 'lunate_rvs.vtp'.
[2026-06-04 17:22:37.381] [warning] Couldn't find file 'scaphoid_rvs.vtp'.
[2026-06-04 17:22:37.381] [warning] Couldn't find file 'triquetrum_rvs.vtp'.
[2026-06-04 17:22:37.381] [warning] Couldn't find file 'hamate_rvs.vtp'.
[2026-06-04 17:22:37.381] [warning] Couldn't find file 'capitate_rvs.vtp'.
[2026-06-04 17:22:37.381] [warning] Couldn't find file 'trapezoid_rvs.vtp'.
[2026-06-04 17:22:37.381] [warning] Couldn't find file 'trapezium_rvs.vtp'.
[2026-06-04 17:22:37.381] [warning] Couldn't find file 'metacarpal2_rvs.vtp'.
[2026-06-04 17:22:37.381] [warning] Couldn't find file 'index_proximal_rvs.vtp'.
[2026-06-04 17:22:37.381] [warning] Couldn't find file 'index_medial_rvs.vtp'.
[2026-06-04 17:22:37.381] [warning] Couldn't find file 'index_distal_rvs.vtp'.
[2026-06-04 17:22:37.382] [warning] Couldn't find file 'metacarpal3_rvs.vtp'.
[2026-06-04 17:22:37.382] [warning] Couldn't find file 'middle_proximal_rvs.vtp'.
[2026-06-04 17:22:37.382] [warning] Couldn't find file 'middle_medial_rvs.vtp'.
[2026-06-04 17:22:37.382] [warning] Couldn't find file 'middle_distal_rvs.vtp'.
[2026-06-04 17:22:37.382] [warning] Couldn't find file 'metacarpal4_rvs.vtp'.
[2026-06-04 17:22:37.382] [warning] Couldn't find file 'ring_proximal_rvs.vtp'.
[2026-06-04 17:22:37.382] [warning] Couldn't find file 'ring_medial_rvs.vtp'.
[2026-06-04 17:22:37.382] [warning] Couldn't find file 'ring_distal_rvs.vtp'.
[2026-06-04 17:22:37.382] [warning] Couldn't find file 'metacarpal5_rvs.vtp'.
[2026-06-04 17:22:37.382] [warning] Couldn't find file 'little_proximal_rvs.vtp'.
[2026-06-04 17:22:37.382] [warning] Couldn't find file 'little_medial_rvs.vtp'.
[2026-06-04 17:22:37.382] [warning] Couldn't find file 'little_distal_rvs.vtp'.
[2026-06-04 17:22:37.382] [warning] Couldn't find file 'metacarpal1_rvs.vtp'.
[2026-06-04 17:22:37.382] [warning] Couldn't find file 'thumb_proximal_rvs.vtp'.
[2026-06-04 17:22:37.382] [warning] Couldn't find file 'thumb_distal_rvs.vtp'.
[2026-06-04 17:22:37.382] [warning] Couldn't find file 'humerus_lv.vtp'.
[2026-06-04 17:22:37.382] [warning] Couldn't find file 'ulna_lv.vtp'.
[2026-06-04 17:22:37.382] [warning] Couldn't find file 'radius_lv.vtp'.
[2026-06-04 17:22:37.382] [warning] Couldn't find file 'pisiform_lvs.vtp'.
[2026-06-04 17:22:37.383] [warning] Couldn't find file 'lunate_lvs.vtp'.
[2026-06-04 17:22:37.383] [warning] Couldn't find file 'scaphoid_lvs.vtp'.
[2026-06-04 17:22:37.383] [warning] Couldn't find file 'triquetrum_lvs.vtp'.
[2026-06-04 17:22:37.383] [warning] Couldn't find file 'hamate_lvs.vtp'.
[2026-06-04 17:22:37.383] [warning] Couldn't find file 'capitate_lvs.vtp'.
[2026-06-04 17:22:37.383] [warning] Couldn't find file 'trapezoid_lvs.vtp'.
[2026-06-04 17:22:37.383] [warning] Couldn't find file 'trapezium_lvs.vtp'.
[2026-06-04 17:22:37.383] [warning] Couldn't find file 'metacarpal2_lvs.vtp'.
[2026-06-04 17:22:37.383] [warning] Couldn't find file 'index_proximal_lvs.vtp'.
[2026-06-04 17:22:37.383] [warning] Couldn't find file 'index_medial_lvs.vtp'.
[2026-06-04 17:22:37.383] [warning] Couldn't find file 'index_distal_lvs.vtp'.
[2026-06-04 17:22:37.383] [warning] Couldn't find file 'metacarpal3_lvs.vtp'.
[2026-06-04 17:22:37.383] [warning] Couldn't find file 'middle_proximal_lvs.vtp'.
[2026-06-04 17:22:37.383] [warning] Couldn't find file 'middle_medial_lvs.vtp'.
[2026-06-04 17:22:37.383] [warning] Couldn't find file 'middle_distal_lvs.vtp'.
[2026-06-04 17:22:37.383] [warning] Couldn't find file 'metacarpal4_lvs.vtp'.
[2026-06-04 17:22:37.383] [warning] Couldn't find file 'ring_proximal_lvs.vtp'.
[2026-06-04 17:22:37.383] [warning] Couldn't find file 'ring_medial_lvs.vtp'.
[2026-06-04 17:22:37.383] [warning] Couldn't find file 'ring_distal_lvs.vtp'.
[2026-06-04 17:22:37.384] [warning] Couldn't find file 'metacarpal5_lvs.vtp'.
[2026-06-04 17:22:37.384] [warning] Couldn't find file 'little_proximal_lvs.vtp'.
[2026-06-04 17:22:37.384] [warning] Couldn't find file 'little_medial_lvs.vtp'.
[2026-06-04 17:22:37.384] [warning] Couldn't find file 'little_distal_lvs.vtp'.
[2026-06-04 17:22:37.384] [warning] Couldn't find file 'metacarpal1_lvs.vtp'.
[2026-06-04 17:22:37.384] [warning] Couldn't find file 'thumb_proximal_lvs.vtp'.
[2026-06-04 17:22:37.384] [warning] Couldn't find file 'thumb_distal_lvs.vtp'.
[2026-06-04 17:22:37.425] [info] Loaded model Full_Body_Walking_Model-Scaled_Adjusted from file ..\UF_Subject_4_Scaled_JMP_inactiveMuscles.osim
[2026-06-04 17:22:37.425] [warning] Couldn't find file 'r_pelvis.vtp'.
[2026-06-04 17:22:37.426] [warning] Couldn't find file 'l_pelvis.vtp'.
[2026-06-04 17:22:37.426] [warning] Couldn't find file 'sacrum.vtp'.
[2026-06-04 17:22:37.426] [warning] Couldn't find file 'r_femur.vtp'.
[2026-06-04 17:22:37.426] [warning] Couldn't find file 'r_patella.vtp'.
[2026-06-04 17:22:37.426] [warning] Couldn't find file 'r_tibia.vtp'.
[2026-06-04 17:22:37.426] [warning] Couldn't find file 'r_fibula.vtp'.
[2026-06-04 17:22:37.426] [warning] Couldn't find file 'r_talus.stl'.
[2026-06-04 17:22:37.426] [warning] Couldn't find file 'r_foot.vtp'.
[2026-06-04 17:22:37.426] [warning] Couldn't find file 'r_bofoot.vtp'.
[2026-06-04 17:22:37.426] [warning] Couldn't find file 'l_femur.vtp'.
[2026-06-04 17:22:37.426] [warning] Couldn't find file 'l_patella.vtp'.
[2026-06-04 17:22:37.426] [warning] Couldn't find file 'l_tibia.vtp'.
[2026-06-04 17:22:37.426] [warning] Couldn't find file 'l_fibula.vtp'.
[2026-06-04 17:22:37.426] [warning] Couldn't find file 'l_talus.stl'.
[2026-06-04 17:22:37.426] [warning] Couldn't find file 'l_foot.vtp'.
[2026-06-04 17:22:37.426] [warning] Couldn't find file 'l_bofoot.vtp'.
[2026-06-04 17:22:37.426] [warning] Couldn't find file 'hat_spine.vtp'.
[2026-06-04 17:22:37.427] [warning] Couldn't find file 'hat_jaw.vtp'.
[2026-06-04 17:22:37.427] [warning] Couldn't find file 'hat_skull.vtp'.
[2026-06-04 17:22:37.427] [warning] Couldn't find file 'hat_ribs_scap.vtp'.
[2026-06-04 17:22:37.427] [warning] Couldn't find file 'humerus_rv.vtp'.
[2026-06-04 17:22:37.427] [warning] Couldn't find file 'ulna_rv.vtp'.
[2026-06-04 17:22:37.427] [warning] Couldn't find file 'radius_rv.vtp'.
[2026-06-04 17:22:37.427] [warning] Couldn't find file 'pisiform_rvs.vtp'.
[2026-06-04 17:22:37.427] [warning] Couldn't find file 'lunate_rvs.vtp'.
[2026-06-04 17:22:37.427] [warning] Couldn't find file 'scaphoid_rvs.vtp'.
[2026-06-04 17:22:37.427] [warning] Couldn't find file 'triquetrum_rvs.vtp'.
[2026-06-04 17:22:37.427] [warning] Couldn't find file 'hamate_rvs.vtp'.
[2026-06-04 17:22:37.427] [warning] Couldn't find file 'capitate_rvs.vtp'.
[2026-06-04 17:22:37.427] [warning] Couldn't find file 'trapezoid_rvs.vtp'.
[2026-06-04 17:22:37.427] [warning] Couldn't find file 'trapezium_rvs.vtp'.
[2026-06-04 17:22:37.427] [warning] Couldn't find file 'metacarpal2_rvs.vtp'.
[2026-06-04 17:22:37.427] [warning] Couldn't find file 'index_proximal_rvs.vtp'.
[2026-06-04 17:22:37.428] [warning] Couldn't find file 'index_medial_rvs.vtp'.
[2026-06-04 17:22:37.428] [warning] Couldn't find file 'index_distal_rvs.vtp'.
[2026-06-04 17:22:37.428] [warning] Couldn't find file 'metacarpal3_rvs.vtp'.
[2026-06-04 17:22:37.428] [warning] Couldn't find file 'middle_proximal_rvs.vtp'.
[2026-06-04 17:22:37.428] [warning] Couldn't find file 'middle_medial_rvs.vtp'.
[2026-06-04 17:22:37.428] [warning] Couldn't find file 'middle_distal_rvs.vtp'.
[2026-06-04 17:22:37.428] [warning] Couldn't find file 'metacarpal4_rvs.vtp'.
[2026-06-04 17:22:37.428] [warning] Couldn't find file 'ring_proximal_rvs.vtp'.
[2026-06-04 17:22:37.428] [warning] Couldn't find file 'ring_medial_rvs.vtp'.
[2026-06-04 17:22:37.428] [warning] Couldn't find file 'ring_distal_rvs.vtp'.
[2026-06-04 17:22:37.428] [warning] Couldn't find file 'metacarpal5_rvs.vtp'.
[2026-06-04 17:22:37.428] [warning] Couldn't find file 'little_proximal_rvs.vtp'.
[2026-06-04 17:22:37.428] [warning] Couldn't find file 'little_medial_rvs.vtp'.
[2026-06-04 17:22:37.428] [warning] Couldn't find file 'little_distal_rvs.vtp'.
[2026-06-04 17:22:37.428] [warning] Couldn't find file 'metacarpal1_rvs.vtp'.
[2026-06-04 17:22:37.428] [warning] Couldn't find file 'thumb_proximal_rvs.vtp'.
[2026-06-04 17:22:37.428] [warning] Couldn't find file 'thumb_distal_rvs.vtp'.
[2026-06-04 17:22:37.429] [warning] Couldn't find file 'humerus_lv.vtp'.
[2026-06-04 17:22:37.429] [warning] Couldn't find file 'ulna_lv.vtp'.
[2026-06-04 17:22:37.429] [warning] Couldn't find file 'radius_lv.vtp'.
[2026-06-04 17:22:37.429] [warning] Couldn't find file 'pisiform_lvs.vtp'.
[2026-06-04 17:22:37.429] [warning] Couldn't find file 'lunate_lvs.vtp'.
[2026-06-04 17:22:37.429] [warning] Couldn't find file 'scaphoid_lvs.vtp'.
[2026-06-04 17:22:37.429] [warning] Couldn't find file 'triquetrum_lvs.vtp'.
[2026-06-04 17:22:37.429] [warning] Couldn't find file 'hamate_lvs.vtp'.
[2026-06-04 17:22:37.429] [warning] Couldn't find file 'capitate_lvs.vtp'.
[2026-06-04 17:22:37.429] [warning] Couldn't find file 'trapezoid_lvs.vtp'.
[2026-06-04 17:22:37.429] [warning] Couldn't find file 'trapezium_lvs.vtp'.
[2026-06-04 17:22:37.429] [warning] Couldn't find file 'metacarpal2_lvs.vtp'.
[2026-06-04 17:22:37.429] [warning] Couldn't find file 'index_proximal_lvs.vtp'.
[2026-06-04 17:22:37.429] [warning] Couldn't find file 'index_medial_lvs.vtp'.
[2026-06-04 17:22:37.429] [warning] Couldn't find file 'index_distal_lvs.vtp'.
[2026-06-04 17:22:37.429] [warning] Couldn't find file 'metacarpal3_lvs.vtp'.
[2026-06-04 17:22:37.429] [warning] Couldn't find file 'middle_proximal_lvs.vtp'.
[2026-06-04 17:22:37.429] [warning] Couldn't find file 'middle_medial_lvs.vtp'.
[2026-06-04 17:22:37.429] [warning] Couldn't find file 'middle_distal_lvs.vtp'.
[2026-06-04 17:22:37.430] [warning] Couldn't find file 'metacarpal4_lvs.vtp'.
[2026-06-04 17:22:37.430] [warning] Couldn't find file 'ring_proximal_lvs.vtp'.
[2026-06-04 17:22:37.430] [warning] Couldn't find file 'ring_medial_lvs.vtp'.
[2026-06-04 17:22:37.430] [warning] Couldn't find file 'ring_distal_lvs.vtp'.
[2026-06-04 17:22:37.430] [warning] Couldn't find file 'metacarpal5_lvs.vtp'.
[2026-06-04 17:22:37.430] [warning] Couldn't find file 'little_proximal_lvs.vtp'.
[2026-06-04 17:22:37.430] [warning] Couldn't find file 'little_medial_lvs.vtp'.
[2026-06-04 17:22:37.430] [warning] Couldn't find file 'little_distal_lvs.vtp'.
[2026-06-04 17:22:37.430] [warning] Couldn't find file 'metacarpal1_lvs.vtp'.
[2026-06-04 17:22:37.430] [warning] Couldn't find file 'thumb_proximal_lvs.vtp'.
[2026-06-04 17:22:37.430] [warning] Couldn't find file 'thumb_distal_lvs.vtp'.
[2026-06-04 17:22:37.473] [info] Loaded model Full_Body_Walking_Model-Scaled_Adjusted from file ..\UF_Subject_4_Scaled_JMP_inactiveMuscles.osim
[2026-06-04 17:22:37.473] [warning] Couldn't find file 'r_pelvis.vtp'.
[2026-06-04 17:22:37.473] [warning] Couldn't find file 'l_pelvis.vtp'.
[2026-06-04 17:22:37.473] [warning] Couldn't find file 'sacrum.vtp'.
[2026-06-04 17:22:37.473] [warning] Couldn't find file 'r_femur.vtp'.
[2026-06-04 17:22:37.473] [warning] Couldn't find file 'r_patella.vtp'.
[2026-06-04 17:22:37.474] [warning] Couldn't find file 'r_tibia.vtp'.
[2026-06-04 17:22:37.474] [warning] Couldn't find file 'r_fibula.vtp'.
[2026-06-04 17:22:37.474] [warning] Couldn't find file 'r_talus.stl'.
[2026-06-04 17:22:37.474] [warning] Couldn't find file 'r_foot.vtp'.
[2026-06-04 17:22:37.474] [warning] Couldn't find file 'r_bofoot.vtp'.
[2026-06-04 17:22:37.474] [warning] Couldn't find file 'l_femur.vtp'.
[2026-06-04 17:22:37.474] [warning] Couldn't find file 'l_patella.vtp'.
[2026-06-04 17:22:37.474] [warning] Couldn't find file 'l_tibia.vtp'.
[2026-06-04 17:22:37.474] [warning] Couldn't find file 'l_fibula.vtp'.
[2026-06-04 17:22:37.474] [warning] Couldn't find file 'l_talus.stl'.
[2026-06-04 17:22:37.474] [warning] Couldn't find file 'l_foot.vtp'.
[2026-06-04 17:22:37.474] [warning] Couldn't find file 'l_bofoot.vtp'.
[2026-06-04 17:22:37.474] [warning] Couldn't find file 'hat_spine.vtp'.
[2026-06-04 17:22:37.474] [warning] Couldn't find file 'hat_jaw.vtp'.
[2026-06-04 17:22:37.474] [warning] Couldn't find file 'hat_skull.vtp'.
[2026-06-04 17:22:37.474] [warning] Couldn't find file 'hat_ribs_scap.vtp'.
[2026-06-04 17:22:37.474] [warning] Couldn't find file 'humerus_rv.vtp'.
[2026-06-04 17:22:37.474] [warning] Couldn't find file 'ulna_rv.vtp'.
[2026-06-04 17:22:37.475] [warning] Couldn't find file 'radius_rv.vtp'.
[2026-06-04 17:22:37.475] [warning] Couldn't find file 'pisiform_rvs.vtp'.
[2026-06-04 17:22:37.475] [warning] Couldn't find file 'lunate_rvs.vtp'.
[2026-06-04 17:22:37.475] [warning] Couldn't find file 'scaphoid_rvs.vtp'.
[2026-06-04 17:22:37.475] [warning] Couldn't find file 'triquetrum_rvs.vtp'.
[2026-06-04 17:22:37.475] [warning] Couldn't find file 'hamate_rvs.vtp'.
[2026-06-04 17:22:37.475] [warning] Couldn't find file 'capitate_rvs.vtp'.
[2026-06-04 17:22:37.475] [warning] Couldn't find file 'trapezoid_rvs.vtp'.
[2026-06-04 17:22:37.475] [warning] Couldn't find file 'trapezium_rvs.vtp'.
[2026-06-04 17:22:37.475] [warning] Couldn't find file 'metacarpal2_rvs.vtp'.
[2026-06-04 17:22:37.475] [warning] Couldn't find file 'index_proximal_rvs.vtp'.
[2026-06-04 17:22:37.475] [warning] Couldn't find file 'index_medial_rvs.vtp'.
[2026-06-04 17:22:37.475] [warning] Couldn't find file 'index_distal_rvs.vtp'.
[2026-06-04 17:22:37.475] [warning] Couldn't find file 'metacarpal3_rvs.vtp'.
[2026-06-04 17:22:37.475] [warning] Couldn't find file 'middle_proximal_rvs.vtp'.
[2026-06-04 17:22:37.475] [warning] Couldn't find file 'middle_medial_rvs.vtp'.
[2026-06-04 17:22:37.475] [warning] Couldn't find file 'middle_distal_rvs.vtp'.
[2026-06-04 17:22:37.475] [warning] Couldn't find file 'metacarpal4_rvs.vtp'.
[2026-06-04 17:22:37.475] [warning] Couldn't find file 'ring_proximal_rvs.vtp'.
[2026-06-04 17:22:37.476] [warning] Couldn't find file 'ring_medial_rvs.vtp'.
[2026-06-04 17:22:37.476] [warning] Couldn't find file 'ring_distal_rvs.vtp'.
[2026-06-04 17:22:37.476] [warning] Couldn't find file 'metacarpal5_rvs.vtp'.
[2026-06-04 17:22:37.476] [warning] Couldn't find file 'little_proximal_rvs.vtp'.
[2026-06-04 17:22:37.476] [warning] Couldn't find file 'little_medial_rvs.vtp'.
[2026-06-04 17:22:37.476] [warning] Couldn't find file 'little_distal_rvs.vtp'.
[2026-06-04 17:22:37.476] [warning] Couldn't find file 'metacarpal1_rvs.vtp'.
[2026-06-04 17:22:37.476] [warning] Couldn't find file 'thumb_proximal_rvs.vtp'.
[2026-06-04 17:22:37.476] [warning] Couldn't find file 'thumb_distal_rvs.vtp'.
[2026-06-04 17:22:37.476] [warning] Couldn't find file 'humerus_lv.vtp'.
[2026-06-04 17:22:37.476] [warning] Couldn't find file 'ulna_lv.vtp'.
[2026-06-04 17:22:37.476] [warning] Couldn't find file 'radius_lv.vtp'.
[2026-06-04 17:22:37.476] [warning] Couldn't find file 'pisiform_lvs.vtp'.
[2026-06-04 17:22:37.476] [warning] Couldn't find file 'lunate_lvs.vtp'.
[2026-06-04 17:22:37.476] [warning] Couldn't find file 'scaphoid_lvs.vtp'.
[2026-06-04 17:22:37.476] [warning] Couldn't find file 'triquetrum_lvs.vtp'.
[2026-06-04 17:22:37.476] [warning] Couldn't find file 'hamate_lvs.vtp'.
[2026-06-04 17:22:37.476] [warning] Couldn't find file 'capitate_lvs.vtp'.
[2026-06-04 17:22:37.476] [warning] Couldn't find file 'trapezoid_lvs.vtp'.
[2026-06-04 17:22:37.476] [warning] Couldn't find file 'trapezium_lvs.vtp'.
[2026-06-04 17:22:37.477] [warning] Couldn't find file 'metacarpal2_lvs.vtp'.
[2026-06-04 17:22:37.477] [warning] Couldn't find file 'index_proximal_lvs.vtp'.
[2026-06-04 17:22:37.477] [warning] Couldn't find file 'index_medial_lvs.vtp'.
[2026-06-04 17:22:37.477] [warning] Couldn't find file 'index_distal_lvs.vtp'.
[2026-06-04 17:22:37.477] [warning] Couldn't find file 'metacarpal3_lvs.vtp'.
[2026-06-04 17:22:37.477] [warning] Couldn't find file 'middle_proximal_lvs.vtp'.
[2026-06-04 17:22:37.477] [warning] Couldn't find file 'middle_medial_lvs.vtp'.
[2026-06-04 17:22:37.477] [warning] Couldn't find file 'middle_distal_lvs.vtp'.
[2026-06-04 17:22:37.477] [warning] Couldn't find file 'metacarpal4_lvs.vtp'.
[2026-06-04 17:22:37.477] [warning] Couldn't find file 'ring_proximal_lvs.vtp'.
[2026-06-04 17:22:37.477] [warning] Couldn't find file 'ring_medial_lvs.vtp'.
[2026-06-04 17:22:37.477] [warning] Couldn't find file 'ring_distal_lvs.vtp'.
[2026-06-04 17:22:37.477] [warning] Couldn't find file 'metacarpal5_lvs.vtp'.
[2026-06-04 17:22:37.477] [warning] Couldn't find file 'little_proximal_lvs.vtp'.
[2026-06-04 17:22:37.477] [warning] Couldn't find file 'little_medial_lvs.vtp'.
[2026-06-04 17:22:37.477] [warning] Couldn't find file 'little_distal_lvs.vtp'.
[2026-06-04 17:22:37.477] [warning] Couldn't find file 'metacarpal1_lvs.vtp'.
[2026-06-04 17:22:37.477] [warning] Couldn't find file 'thumb_proximal_lvs.vtp'.
[2026-06-04 17:22:37.477] [warning] Couldn't find file 'thumb_distal_lvs.vtp'.
[2026-06-04 17:22:37.523] [info] Loaded model Full_Body_Walking_Model-Scaled_Adjusted from file ..\UF_Subject_4_Scaled_JMP_inactiveMuscles.osim
[2026-06-04 17:22:37.524] [warning] Couldn't find file 'r_pelvis.vtp'.
[2026-06-04 17:22:37.524] [warning] Couldn't find file 'l_pelvis.vtp'.
[2026-06-04 17:22:37.524] [warning] Couldn't find file 'sacrum.vtp'.
[2026-06-04 17:22:37.524] [warning] Couldn't find file 'r_femur.vtp'.
[2026-06-04 17:22:37.524] [warning] Couldn't find file 'r_patella.vtp'.
[2026-06-04 17:22:37.524] [warning] Couldn't find file 'r_tibia.vtp'.
[2026-06-04 17:22:37.524] [warning] Couldn't find file 'r_fibula.vtp'.
[2026-06-04 17:22:37.524] [warning] Couldn't find file 'r_talus.stl'.
[2026-06-04 17:22:37.524] [warning] Couldn't find file 'r_foot.vtp'.
[2026-06-04 17:22:37.524] [warning] Couldn't find file 'r_bofoot.vtp'.
[2026-06-04 17:22:37.524] [warning] Couldn't find file 'l_femur.vtp'.
[2026-06-04 17:22:37.525] [warning] Couldn't find file 'l_patella.vtp'.
[2026-06-04 17:22:37.525] [warning] Couldn't find file 'l_tibia.vtp'.
[2026-06-04 17:22:37.525] [warning] Couldn't find file 'l_fibula.vtp'.
[2026-06-04 17:22:37.525] [warning] Couldn't find file 'l_talus.stl'.
[2026-06-04 17:22:37.525] [warning] Couldn't find file 'l_foot.vtp'.
[2026-06-04 17:22:37.525] [warning] Couldn't find file 'l_bofoot.vtp'.
[2026-06-04 17:22:37.525] [warning] Couldn't find file 'hat_spine.vtp'.
[2026-06-04 17:22:37.525] [warning] Couldn't find file 'hat_jaw.vtp'.
[2026-06-04 17:22:37.525] [warning] Couldn't find file 'hat_skull.vtp'.
[2026-06-04 17:22:37.525] [warning] Couldn't find file 'hat_ribs_scap.vtp'.
[2026-06-04 17:22:37.525] [warning] Couldn't find file 'humerus_rv.vtp'.
[2026-06-04 17:22:37.525] [warning] Couldn't find file 'ulna_rv.vtp'.
[2026-06-04 17:22:37.525] [warning] Couldn't find file 'radius_rv.vtp'.
[2026-06-04 17:22:37.525] [warning] Couldn't find file 'pisiform_rvs.vtp'.
[2026-06-04 17:22:37.525] [warning] Couldn't find file 'lunate_rvs.vtp'.
[2026-06-04 17:22:37.525] [warning] Couldn't find file 'scaphoid_rvs.vtp'.
[2026-06-04 17:22:37.525] [warning] Couldn't find file 'triquetrum_rvs.vtp'.
[2026-06-04 17:22:37.525] [warning] Couldn't find file 'hamate_rvs.vtp'.
[2026-06-04 17:22:37.525] [warning] Couldn't find file 'capitate_rvs.vtp'.
[2026-06-04 17:22:37.526] [warning] Couldn't find file 'trapezoid_rvs.vtp'.
[2026-06-04 17:22:37.526] [warning] Couldn't find file 'trapezium_rvs.vtp'.
[2026-06-04 17:22:37.526] [warning] Couldn't find file 'metacarpal2_rvs.vtp'.
[2026-06-04 17:22:37.526] [warning] Couldn't find file 'index_proximal_rvs.vtp'.
[2026-06-04 17:22:37.526] [warning] Couldn't find file 'index_medial_rvs.vtp'.
[2026-06-04 17:22:37.526] [warning] Couldn't find file 'index_distal_rvs.vtp'.
[2026-06-04 17:22:37.526] [warning] Couldn't find file 'metacarpal3_rvs.vtp'.
[2026-06-04 17:22:37.526] [warning] Couldn't find file 'middle_proximal_rvs.vtp'.
[2026-06-04 17:22:37.526] [warning] Couldn't find file 'middle_medial_rvs.vtp'.
[2026-06-04 17:22:37.526] [warning] Couldn't find file 'middle_distal_rvs.vtp'.
[2026-06-04 17:22:37.526] [warning] Couldn't find file 'metacarpal4_rvs.vtp'.
[2026-06-04 17:22:37.526] [warning] Couldn't find file 'ring_proximal_rvs.vtp'.
[2026-06-04 17:22:37.526] [warning] Couldn't find file 'ring_medial_rvs.vtp'.
[2026-06-04 17:22:37.526] [warning] Couldn't find file 'ring_distal_rvs.vtp'.
[2026-06-04 17:22:37.526] [warning] Couldn't find file 'metacarpal5_rvs.vtp'.
[2026-06-04 17:22:37.526] [warning] Couldn't find file 'little_proximal_rvs.vtp'.
[2026-06-04 17:22:37.526] [warning] Couldn't find file 'little_medial_rvs.vtp'.
[2026-06-04 17:22:37.526] [warning] Couldn't find file 'little_distal_rvs.vtp'.
[2026-06-04 17:22:37.526] [warning] Couldn't find file 'metacarpal1_rvs.vtp'.
[2026-06-04 17:22:37.526] [warning] Couldn't find file 'thumb_proximal_rvs.vtp'.
[2026-06-04 17:22:37.527] [warning] Couldn't find file 'thumb_distal_rvs.vtp'.
[2026-06-04 17:22:37.527] [warning] Couldn't find file 'humerus_lv.vtp'.
[2026-06-04 17:22:37.527] [warning] Couldn't find file 'ulna_lv.vtp'.
[2026-06-04 17:22:37.527] [warning] Couldn't find file 'radius_lv.vtp'.
[2026-06-04 17:22:37.527] [warning] Couldn't find file 'pisiform_lvs.vtp'.
[2026-06-04 17:22:37.527] [warning] Couldn't find file 'lunate_lvs.vtp'.
[2026-06-04 17:22:37.527] [warning] Couldn't find file 'scaphoid_lvs.vtp'.
[2026-06-04 17:22:37.527] [warning] Couldn't find file 'triquetrum_lvs.vtp'.
[2026-06-04 17:22:37.527] [warning] Couldn't find file 'hamate_lvs.vtp'.
[2026-06-04 17:22:37.527] [warning] Couldn't find file 'capitate_lvs.vtp'.
[2026-06-04 17:22:37.527] [warning] Couldn't find file 'trapezoid_lvs.vtp'.
[2026-06-04 17:22:37.527] [warning] Couldn't find file 'trapezium_lvs.vtp'.
[2026-06-04 17:22:37.527] [warning] Couldn't find file 'metacarpal2_lvs.vtp'.
[2026-06-04 17:22:37.527] [warning] Couldn't find file 'index_proximal_lvs.vtp'.
[2026-06-04 17:22:37.527] [warning] Couldn't find file 'index_medial_lvs.vtp'.
[2026-06-04 17:22:37.527] [warning] Couldn't find file 'index_distal_lvs.vtp'.
[2026-06-04 17:22:37.527] [warning] Couldn't find file 'metacarpal3_lvs.vtp'.
[2026-06-04 17:22:37.527] [warning] Couldn't find file 'middle_proximal_lvs.vtp'.
[2026-06-04 17:22:37.527] [warning] Couldn't find file 'middle_medial_lvs.vtp'.
[2026-06-04 17:22:37.528] [warning] Couldn't find file 'middle_distal_lvs.vtp'.
[2026-06-04 17:22:37.528] [warning] Couldn't find file 'metacarpal4_lvs.vtp'.
[2026-06-04 17:22:37.528] [warning] Couldn't find file 'ring_proximal_lvs.vtp'.
[2026-06-04 17:22:37.528] [warning] Couldn't find file 'ring_medial_lvs.vtp'.
[2026-06-04 17:22:37.528] [warning] Couldn't find file 'ring_distal_lvs.vtp'.
[2026-06-04 17:22:37.528] [warning] Couldn't find file 'metacarpal5_lvs.vtp'.
[2026-06-04 17:22:37.528] [warning] Couldn't find file 'little_proximal_lvs.vtp'.
[2026-06-04 17:22:37.528] [warning] Couldn't find file 'little_medial_lvs.vtp'.
[2026-06-04 17:22:37.528] [warning] Couldn't find file 'little_distal_lvs.vtp'.
[2026-06-04 17:22:37.528] [warning] Couldn't find file 'metacarpal1_lvs.vtp'.
[2026-06-04 17:22:37.528] [warning] Couldn't find file 'thumb_proximal_lvs.vtp'.
[2026-06-04 17:22:37.528] [warning] Couldn't find file 'thumb_distal_lvs.vtp'.
[2026-06-04 17:22:37.567] [info] Loaded model Full_Body_Walking_Model-Scaled_Adjusted from file ..\UF_Subject_4_Scaled_JMP_inactiveMuscles.osim
[2026-06-04 17:22:37.567] [warning] Couldn't find file 'r_pelvis.vtp'.
[2026-06-04 17:22:37.567] [warning] Couldn't find file 'l_pelvis.vtp'.
[2026-06-04 17:22:37.568] [warning] Couldn't find file 'sacrum.vtp'.
[2026-06-04 17:22:37.568] [warning] Couldn't find file 'r_femur.vtp'.
[2026-06-04 17:22:37.568] [warning] Couldn't find file 'r_patella.vtp'.
[2026-06-04 17:22:37.568] [warning] Couldn't find file 'r_tibia.vtp'.
[2026-06-04 17:22:37.568] [warning] Couldn't find file 'r_fibula.vtp'.
[2026-06-04 17:22:37.568] [warning] Couldn't find file 'r_talus.stl'.
[2026-06-04 17:22:37.568] [warning] Couldn't find file 'r_foot.vtp'.
[2026-06-04 17:22:37.568] [warning] Couldn't find file 'r_bofoot.vtp'.
[2026-06-04 17:22:37.568] [warning] Couldn't find file 'l_femur.vtp'.
[2026-06-04 17:22:37.568] [warning] Couldn't find file 'l_patella.vtp'.
[2026-06-04 17:22:37.568] [warning] Couldn't find file 'l_tibia.vtp'.
[2026-06-04 17:22:37.568] [warning] Couldn't find file 'l_fibula.vtp'.
[2026-06-04 17:22:37.568] [warning] Couldn't find file 'l_talus.stl'.
[2026-06-04 17:22:37.568] [warning] Couldn't find file 'l_foot.vtp'.
[2026-06-04 17:22:37.568] [warning] Couldn't find file 'l_bofoot.vtp'.
[2026-06-04 17:22:37.568] [warning] Couldn't find file 'hat_spine.vtp'.
[2026-06-04 17:22:37.569] [warning] Couldn't find file 'hat_jaw.vtp'.
[2026-06-04 17:22:37.569] [warning] Couldn't find file 'hat_skull.vtp'.
[2026-06-04 17:22:37.569] [warning] Couldn't find file 'hat_ribs_scap.vtp'.
[2026-06-04 17:22:37.569] [warning] Couldn't find file 'humerus_rv.vtp'.
[2026-06-04 17:22:37.569] [warning] Couldn't find file 'ulna_rv.vtp'.
[2026-06-04 17:22:37.569] [warning] Couldn't find file 'radius_rv.vtp'.
[2026-06-04 17:22:37.569] [warning] Couldn't find file 'pisiform_rvs.vtp'.
[2026-06-04 17:22:37.569] [warning] Couldn't find file 'lunate_rvs.vtp'.
[2026-06-04 17:22:37.569] [warning] Couldn't find file 'scaphoid_rvs.vtp'.
[2026-06-04 17:22:37.569] [warning] Couldn't find file 'triquetrum_rvs.vtp'.
[2026-06-04 17:22:37.569] [warning] Couldn't find file 'hamate_rvs.vtp'.
[2026-06-04 17:22:37.569] [warning] Couldn't find file 'capitate_rvs.vtp'.
[2026-06-04 17:22:37.569] [warning] Couldn't find file 'trapezoid_rvs.vtp'.
[2026-06-04 17:22:37.569] [warning] Couldn't find file 'trapezium_rvs.vtp'.
[2026-06-04 17:22:37.569] [warning] Couldn't find file 'metacarpal2_rvs.vtp'.
[2026-06-04 17:22:37.569] [warning] Couldn't find file 'index_proximal_rvs.vtp'.
[2026-06-04 17:22:37.569] [warning] Couldn't find file 'index_medial_rvs.vtp'.
[2026-06-04 17:22:37.569] [warning] Couldn't find file 'index_distal_rvs.vtp'.
[2026-06-04 17:22:37.569] [warning] Couldn't find file 'metacarpal3_rvs.vtp'.
[2026-06-04 17:22:37.569] [warning] Couldn't find file 'middle_proximal_rvs.vtp'.
[2026-06-04 17:22:37.570] [warning] Couldn't find file 'middle_medial_rvs.vtp'.
[2026-06-04 17:22:37.570] [warning] Couldn't find file 'middle_distal_rvs.vtp'.
[2026-06-04 17:22:37.570] [warning] Couldn't find file 'metacarpal4_rvs.vtp'.
[2026-06-04 17:22:37.570] [warning] Couldn't find file 'ring_proximal_rvs.vtp'.
[2026-06-04 17:22:37.570] [warning] Couldn't find file 'ring_medial_rvs.vtp'.
[2026-06-04 17:22:37.570] [warning] Couldn't find file 'ring_distal_rvs.vtp'.
[2026-06-04 17:22:37.570] [warning] Couldn't find file 'metacarpal5_rvs.vtp'.
[2026-06-04 17:22:37.570] [warning] Couldn't find file 'little_proximal_rvs.vtp'.
[2026-06-04 17:22:37.570] [warning] Couldn't find file 'little_medial_rvs.vtp'.
[2026-06-04 17:22:37.570] [warning] Couldn't find file 'little_distal_rvs.vtp'.
[2026-06-04 17:22:37.570] [warning] Couldn't find file 'metacarpal1_rvs.vtp'.
[2026-06-04 17:22:37.570] [warning] Couldn't find file 'thumb_proximal_rvs.vtp'.
[2026-06-04 17:22:37.570] [warning] Couldn't find file 'thumb_distal_rvs.vtp'.
[2026-06-04 17:22:37.570] [warning] Couldn't find file 'humerus_lv.vtp'.
[2026-06-04 17:22:37.570] [warning] Couldn't find file 'ulna_lv.vtp'.
[2026-06-04 17:22:37.570] [warning] Couldn't find file 'radius_lv.vtp'.
[2026-06-04 17:22:37.570] [warning] Couldn't find file 'pisiform_lvs.vtp'.
[2026-06-04 17:22:37.570] [warning] Couldn't find file 'lunate_lvs.vtp'.
[2026-06-04 17:22:37.570] [warning] Couldn't find file 'scaphoid_lvs.vtp'.
[2026-06-04 17:22:37.570] [warning] Couldn't find file 'triquetrum_lvs.vtp'.
[2026-06-04 17:22:37.571] [warning] Couldn't find file 'hamate_lvs.vtp'.
[2026-06-04 17:22:37.571] [warning] Couldn't find file 'capitate_lvs.vtp'.
[2026-06-04 17:22:37.571] [warning] Couldn't find file 'trapezoid_lvs.vtp'.
[2026-06-04 17:22:37.571] [warning] Couldn't find file 'trapezium_lvs.vtp'.
[2026-06-04 17:22:37.571] [warning] Couldn't find file 'metacarpal2_lvs.vtp'.
[2026-06-04 17:22:37.571] [warning] Couldn't find file 'index_proximal_lvs.vtp'.
[2026-06-04 17:22:37.571] [warning] Couldn't find file 'index_medial_lvs.vtp'.
[2026-06-04 17:22:37.571] [warning] Couldn't find file 'index_distal_lvs.vtp'.
[2026-06-04 17:22:37.571] [warning] Couldn't find file 'metacarpal3_lvs.vtp'.
[2026-06-04 17:22:37.571] [warning] Couldn't find file 'middle_proximal_lvs.vtp'.
[2026-06-04 17:22:37.571] [warning] Couldn't find file 'middle_medial_lvs.vtp'.
[2026-06-04 17:22:37.571] [warning] Couldn't find file 'middle_distal_lvs.vtp'.
[2026-06-04 17:22:37.571] [warning] Couldn't find file 'metacarpal4_lvs.vtp'.
[2026-06-04 17:22:37.571] [warning] Couldn't find file 'ring_proximal_lvs.vtp'.
[2026-06-04 17:22:37.571] [warning] Couldn't find file 'ring_medial_lvs.vtp'.
[2026-06-04 17:22:37.571] [warning] Couldn't find file 'ring_distal_lvs.vtp'.
[2026-06-04 17:22:37.571] [warning] Couldn't find file 'metacarpal5_lvs.vtp'.
[2026-06-04 17:22:37.571] [warning] Couldn't find file 'little_proximal_lvs.vtp'.
[2026-06-04 17:22:37.571] [warning] Couldn't find file 'little_medial_lvs.vtp'.
[2026-06-04 17:22:37.572] [warning] Couldn't find file 'little_distal_lvs.vtp'.
[2026-06-04 17:22:37.572] [warning] Couldn't find file 'metacarpal1_lvs.vtp'.
[2026-06-04 17:22:37.572] [warning] Couldn't find file 'thumb_proximal_lvs.vtp'.
[2026-06-04 17:22:37.572] [warning] Couldn't find file 'thumb_distal_lvs.vtp'.
[2026-06-04 17:22:37.611] [info] Loaded model Full_Body_Walking_Model-Scaled_Adjusted from file ..\UF_Subject_4_Scaled_JMP_inactiveMuscles.osim
[2026-06-04 17:22:37.612] [warning] Couldn't find file 'r_pelvis.vtp'.
[2026-06-04 17:22:37.612] [warning] Couldn't find file 'l_pelvis.vtp'.
[2026-06-04 17:22:37.612] [warning] Couldn't find file 'sacrum.vtp'.
[2026-06-04 17:22:37.612] [warning] Couldn't find file 'r_femur.vtp'.
[2026-06-04 17:22:37.612] [warning] Couldn't find file 'r_patella.vtp'.
[2026-06-04 17:22:37.612] [warning] Couldn't find file 'r_tibia.vtp'.
[2026-06-04 17:22:37.612] [warning] Couldn't find file 'r_fibula.vtp'.
[2026-06-04 17:22:37.612] [warning] Couldn't find file 'r_talus.stl'.
[2026-06-04 17:22:37.612] [warning] Couldn't find file 'r_foot.vtp'.
[2026-06-04 17:22:37.612] [warning] Couldn't find file 'r_bofoot.vtp'.
[2026-06-04 17:22:37.612] [warning] Couldn't find file 'l_femur.vtp'.
[2026-06-04 17:22:37.612] [warning] Couldn't find file 'l_patella.vtp'.
[2026-06-04 17:22:37.612] [warning] Couldn't find file 'l_tibia.vtp'.
[2026-06-04 17:22:37.612] [warning] Couldn't find file 'l_fibula.vtp'.
[2026-06-04 17:22:37.613] [warning] Couldn't find file 'l_talus.stl'.
[2026-06-04 17:22:37.613] [warning] Couldn't find file 'l_foot.vtp'.
[2026-06-04 17:22:37.613] [warning] Couldn't find file 'l_bofoot.vtp'.
[2026-06-04 17:22:37.613] [warning] Couldn't find file 'hat_spine.vtp'.
[2026-06-04 17:22:37.613] [warning] Couldn't find file 'hat_jaw.vtp'.
[2026-06-04 17:22:37.613] [warning] Couldn't find file 'hat_skull.vtp'.
[2026-06-04 17:22:37.613] [warning] Couldn't find file 'hat_ribs_scap.vtp'.
[2026-06-04 17:22:37.613] [warning] Couldn't find file 'humerus_rv.vtp'.
[2026-06-04 17:22:37.613] [warning] Couldn't find file 'ulna_rv.vtp'.
[2026-06-04 17:22:37.613] [warning] Couldn't find file 'radius_rv.vtp'.
[2026-06-04 17:22:37.613] [warning] Couldn't find file 'pisiform_rvs.vtp'.
[2026-06-04 17:22:37.613] [warning] Couldn't find file 'lunate_rvs.vtp'.
[2026-06-04 17:22:37.613] [warning] Couldn't find file 'scaphoid_rvs.vtp'.
[2026-06-04 17:22:37.613] [warning] Couldn't find file 'triquetrum_rvs.vtp'.
[2026-06-04 17:22:37.613] [warning] Couldn't find file 'hamate_rvs.vtp'.
[2026-06-04 17:22:37.613] [warning] Couldn't find file 'capitate_rvs.vtp'.
[2026-06-04 17:22:37.613] [warning] Couldn't find file 'trapezoid_rvs.vtp'.
[2026-06-04 17:22:37.613] [warning] Couldn't find file 'trapezium_rvs.vtp'.
[2026-06-04 17:22:37.613] [warning] Couldn't find file 'metacarpal2_rvs.vtp'.
[2026-06-04 17:22:37.614] [warning] Couldn't find file 'index_proximal_rvs.vtp'.
[2026-06-04 17:22:37.614] [warning] Couldn't find file 'index_medial_rvs.vtp'.
[2026-06-04 17:22:37.614] [warning] Couldn't find file 'index_distal_rvs.vtp'.
[2026-06-04 17:22:37.614] [warning] Couldn't find file 'metacarpal3_rvs.vtp'.
[2026-06-04 17:22:37.614] [warning] Couldn't find file 'middle_proximal_rvs.vtp'.
[2026-06-04 17:22:37.614] [warning] Couldn't find file 'middle_medial_rvs.vtp'.
[2026-06-04 17:22:37.614] [warning] Couldn't find file 'middle_distal_rvs.vtp'.
[2026-06-04 17:22:37.614] [warning] Couldn't find file 'metacarpal4_rvs.vtp'.
[2026-06-04 17:22:37.614] [warning] Couldn't find file 'ring_proximal_rvs.vtp'.
[2026-06-04 17:22:37.614] [warning] Couldn't find file 'ring_medial_rvs.vtp'.
[2026-06-04 17:22:37.614] [warning] Couldn't find file 'ring_distal_rvs.vtp'.
[2026-06-04 17:22:37.614] [warning] Couldn't find file 'metacarpal5_rvs.vtp'.
[2026-06-04 17:22:37.614] [warning] Couldn't find file 'little_proximal_rvs.vtp'.
[2026-06-04 17:22:37.614] [warning] Couldn't find file 'little_medial_rvs.vtp'.
[2026-06-04 17:22:37.614] [warning] Couldn't find file 'little_distal_rvs.vtp'.
[2026-06-04 17:22:37.614] [warning] Couldn't find file 'metacarpal1_rvs.vtp'.
[2026-06-04 17:22:37.614] [warning] Couldn't find file 'thumb_proximal_rvs.vtp'.
[2026-06-04 17:22:37.614] [warning] Couldn't find file 'thumb_distal_rvs.vtp'.
[2026-06-04 17:22:37.615] [warning] Couldn't find file 'humerus_lv.vtp'.
[2026-06-04 17:22:37.615] [warning] Couldn't find file 'ulna_lv.vtp'.
[2026-06-04 17:22:37.615] [warning] Couldn't find file 'radius_lv.vtp'.
[2026-06-04 17:22:37.615] [warning] Couldn't find file 'pisiform_lvs.vtp'.
[2026-06-04 17:22:37.615] [warning] Couldn't find file 'lunate_lvs.vtp'.
[2026-06-04 17:22:37.615] [warning] Couldn't find file 'scaphoid_lvs.vtp'.
[2026-06-04 17:22:37.615] [warning] Couldn't find file 'triquetrum_lvs.vtp'.
[2026-06-04 17:22:37.615] [warning] Couldn't find file 'hamate_lvs.vtp'.
[2026-06-04 17:22:37.615] [warning] Couldn't find file 'capitate_lvs.vtp'.
[2026-06-04 17:22:37.615] [warning] Couldn't find file 'trapezoid_lvs.vtp'.
[2026-06-04 17:22:37.615] [warning] Couldn't find file 'trapezium_lvs.vtp'.
[2026-06-04 17:22:37.615] [warning] Couldn't find file 'metacarpal2_lvs.vtp'.
[2026-06-04 17:22:37.615] [warning] Couldn't find file 'index_proximal_lvs.vtp'.
[2026-06-04 17:22:37.615] [warning] Couldn't find file 'index_medial_lvs.vtp'.
[2026-06-04 17:22:37.615] [warning] Couldn't find file 'index_distal_lvs.vtp'.
[2026-06-04 17:22:37.615] [warning] Couldn't find file 'metacarpal3_lvs.vtp'.
[2026-06-04 17:22:37.615] [warning] Couldn't find file 'middle_proximal_lvs.vtp'.
[2026-06-04 17:22:37.615] [warning] Couldn't find file 'middle_medial_lvs.vtp'.
[2026-06-04 17:22:37.615] [warning] Couldn't find file 'middle_distal_lvs.vtp'.
[2026-06-04 17:22:37.615] [warning] Couldn't find file 'metacarpal4_lvs.vtp'.
[2026-06-04 17:22:37.616] [warning] Couldn't find file 'ring_proximal_lvs.vtp'.
[2026-06-04 17:22:37.616] [warning] Couldn't find file 'ring_medial_lvs.vtp'.
[2026-06-04 17:22:37.616] [warning] Couldn't find file 'ring_distal_lvs.vtp'.
[2026-06-04 17:22:37.616] [warning] Couldn't find file 'metacarpal5_lvs.vtp'.
[2026-06-04 17:22:37.616] [warning] Couldn't find file 'little_proximal_lvs.vtp'.
[2026-06-04 17:22:37.616] [warning] Couldn't find file 'little_medial_lvs.vtp'.
[2026-06-04 17:22:37.616] [warning] Couldn't find file 'little_distal_lvs.vtp'.
[2026-06-04 17:22:37.616] [warning] Couldn't find file 'metacarpal1_lvs.vtp'.
[2026-06-04 17:22:37.616] [warning] Couldn't find file 'thumb_proximal_lvs.vtp'.
[2026-06-04 17:22:37.616] [warning] Couldn't find file 'thumb_distal_lvs.vtp'.
[2026-06-04 17:22:37.655] [info] Loaded model Full_Body_Walking_Model-Scaled_Adjusted from file ..\UF_Subject_4_Scaled_JMP_inactiveMuscles.osim
[2026-06-04 17:22:37.655] [warning] Couldn't find file 'r_pelvis.vtp'.
[2026-06-04 17:22:37.655] [warning] Couldn't find file 'l_pelvis.vtp'.
[2026-06-04 17:22:37.655] [warning] Couldn't find file 'sacrum.vtp'.
[2026-06-04 17:22:37.655] [warning] Couldn't find file 'r_femur.vtp'.
[2026-06-04 17:22:37.655] [warning] Couldn't find file 'r_patella.vtp'.
[2026-06-04 17:22:37.655] [warning] Couldn't find file 'r_tibia.vtp'.
[2026-06-04 17:22:37.656] [warning] Couldn't find file 'r_fibula.vtp'.
[2026-06-04 17:22:37.656] [warning] Couldn't find file 'r_talus.stl'.
[2026-06-04 17:22:37.656] [warning] Couldn't find file 'r_foot.vtp'.
[2026-06-04 17:22:37.656] [warning] Couldn't find file 'r_bofoot.vtp'.
[2026-06-04 17:22:37.656] [warning] Couldn't find file 'l_femur.vtp'.
[2026-06-04 17:22:37.656] [warning] Couldn't find file 'l_patella.vtp'.
[2026-06-04 17:22:37.656] [warning] Couldn't find file 'l_tibia.vtp'.
[2026-06-04 17:22:37.656] [warning] Couldn't find file 'l_fibula.vtp'.
[2026-06-04 17:22:37.656] [warning] Couldn't find file 'l_talus.stl'.
[2026-06-04 17:22:37.656] [warning] Couldn't find file 'l_foot.vtp'.
[2026-06-04 17:22:37.656] [warning] Couldn't find file 'l_bofoot.vtp'.
[2026-06-04 17:22:37.656] [warning] Couldn't find file 'hat_spine.vtp'.
[2026-06-04 17:22:37.656] [warning] Couldn't find file 'hat_jaw.vtp'.
[2026-06-04 17:22:37.656] [warning] Couldn't find file 'hat_skull.vtp'.
[2026-06-04 17:22:37.656] [warning] Couldn't find file 'hat_ribs_scap.vtp'.
[2026-06-04 17:22:37.656] [warning] Couldn't find file 'humerus_rv.vtp'.
[2026-06-04 17:22:37.656] [warning] Couldn't find file 'ulna_rv.vtp'.
[2026-06-04 17:22:37.656] [warning] Couldn't find file 'radius_rv.vtp'.
[2026-06-04 17:22:37.657] [warning] Couldn't find file 'pisiform_rvs.vtp'.
[2026-06-04 17:22:37.657] [warning] Couldn't find file 'lunate_rvs.vtp'.
[2026-06-04 17:22:37.657] [warning] Couldn't find file 'scaphoid_rvs.vtp'.
[2026-06-04 17:22:37.657] [warning] Couldn't find file 'triquetrum_rvs.vtp'.
[2026-06-04 17:22:37.657] [warning] Couldn't find file 'hamate_rvs.vtp'.
[2026-06-04 17:22:37.657] [warning] Couldn't find file 'capitate_rvs.vtp'.
[2026-06-04 17:22:37.657] [warning] Couldn't find file 'trapezoid_rvs.vtp'.
[2026-06-04 17:22:37.657] [warning] Couldn't find file 'trapezium_rvs.vtp'.
[2026-06-04 17:22:37.657] [warning] Couldn't find file 'metacarpal2_rvs.vtp'.
[2026-06-04 17:22:37.657] [warning] Couldn't find file 'index_proximal_rvs.vtp'.
[2026-06-04 17:22:37.657] [warning] Couldn't find file 'index_medial_rvs.vtp'.
[2026-06-04 17:22:37.657] [warning] Couldn't find file 'index_distal_rvs.vtp'.
[2026-06-04 17:22:37.657] [warning] Couldn't find file 'metacarpal3_rvs.vtp'.
[2026-06-04 17:22:37.657] [warning] Couldn't find file 'middle_proximal_rvs.vtp'.
[2026-06-04 17:22:37.657] [warning] Couldn't find file 'middle_medial_rvs.vtp'.
[2026-06-04 17:22:37.657] [warning] Couldn't find file 'middle_distal_rvs.vtp'.
[2026-06-04 17:22:37.657] [warning] Couldn't find file 'metacarpal4_rvs.vtp'.
[2026-06-04 17:22:37.657] [warning] Couldn't find file 'ring_proximal_rvs.vtp'.
[2026-06-04 17:22:37.657] [warning] Couldn't find file 'ring_medial_rvs.vtp'.
[2026-06-04 17:22:37.657] [warning] Couldn't find file 'ring_distal_rvs.vtp'.
[2026-06-04 17:22:37.658] [warning] Couldn't find file 'metacarpal5_rvs.vtp'.
[2026-06-04 17:22:37.658] [warning] Couldn't find file 'little_proximal_rvs.vtp'.
[2026-06-04 17:22:37.658] [warning] Couldn't find file 'little_medial_rvs.vtp'.
[2026-06-04 17:22:37.658] [warning] Couldn't find file 'little_distal_rvs.vtp'.
[2026-06-04 17:22:37.658] [warning] Couldn't find file 'metacarpal1_rvs.vtp'.
[2026-06-04 17:22:37.658] [warning] Couldn't find file 'thumb_proximal_rvs.vtp'.
[2026-06-04 17:22:37.658] [warning] Couldn't find file 'thumb_distal_rvs.vtp'.
[2026-06-04 17:22:37.658] [warning] Couldn't find file 'humerus_lv.vtp'.
[2026-06-04 17:22:37.658] [warning] Couldn't find file 'ulna_lv.vtp'.
[2026-06-04 17:22:37.658] [warning] Couldn't find file 'radius_lv.vtp'.
[2026-06-04 17:22:37.658] [warning] Couldn't find file 'pisiform_lvs.vtp'.
[2026-06-04 17:22:37.658] [warning] Couldn't find file 'lunate_lvs.vtp'.
[2026-06-04 17:22:37.658] [warning] Couldn't find file 'scaphoid_lvs.vtp'.
[2026-06-04 17:22:37.658] [warning] Couldn't find file 'triquetrum_lvs.vtp'.
[2026-06-04 17:22:37.658] [warning] Couldn't find file 'hamate_lvs.vtp'.
[2026-06-04 17:22:37.658] [warning] Couldn't find file 'capitate_lvs.vtp'.
[2026-06-04 17:22:37.658] [warning] Couldn't find file 'trapezoid_lvs.vtp'.
[2026-06-04 17:22:37.658] [warning] Couldn't find file 'trapezium_lvs.vtp'.
[2026-06-04 17:22:37.658] [warning] Couldn't find file 'metacarpal2_lvs.vtp'.
[2026-06-04 17:22:37.658] [warning] Couldn't find file 'index_proximal_lvs.vtp'.
[2026-06-04 17:22:37.659] [warning] Couldn't find file 'index_medial_lvs.vtp'.
[2026-06-04 17:22:37.659] [warning] Couldn't find file 'index_distal_lvs.vtp'.
[2026-06-04 17:22:37.659] [warning] Couldn't find file 'metacarpal3_lvs.vtp'.
[2026-06-04 17:22:37.659] [warning] Couldn't find file 'middle_proximal_lvs.vtp'.
[2026-06-04 17:22:37.659] [warning] Couldn't find file 'middle_medial_lvs.vtp'.
[2026-06-04 17:22:37.659] [warning] Couldn't find file 'middle_distal_lvs.vtp'.
[2026-06-04 17:22:37.659] [warning] Couldn't find file 'metacarpal4_lvs.vtp'.
[2026-06-04 17:22:37.659] [warning] Couldn't find file 'ring_proximal_lvs.vtp'.
[2026-06-04 17:22:37.659] [warning] Couldn't find file 'ring_medial_lvs.vtp'.
[2026-06-04 17:22:37.659] [warning] Couldn't find file 'ring_distal_lvs.vtp'.
[2026-06-04 17:22:37.659] [warning] Couldn't find file 'metacarpal5_lvs.vtp'.
[2026-06-04 17:22:37.659] [warning] Couldn't find file 'little_proximal_lvs.vtp'.
[2026-06-04 17:22:37.659] [warning] Couldn't find file 'little_medial_lvs.vtp'.
[2026-06-04 17:22:37.659] [warning] Couldn't find file 'little_distal_lvs.vtp'.
[2026-06-04 17:22:37.659] [warning] Couldn't find file 'metacarpal1_lvs.vtp'.
[2026-06-04 17:22:37.659] [warning] Couldn't find file 'thumb_proximal_lvs.vtp'.
[2026-06-04 17:22:37.659] [warning] Couldn't find file 'thumb_distal_lvs.vtp'.
[2026-06-04 17:22:37.699] [info] Loaded model Full_Body_Walking_Model-Scaled_Adjusted from file ..\UF_Subject_4_Scaled_JMP_inactiveMuscles.osim
[2026-06-04 17:22:37.700] [warning] Couldn't find file 'r_pelvis.vtp'.
[2026-06-04 17:22:37.700] [warning] Couldn't find file 'l_pelvis.vtp'.
[2026-06-04 17:22:37.700] [warning] Couldn't find file 'sacrum.vtp'.
[2026-06-04 17:22:37.700] [warning] Couldn't find file 'r_femur.vtp'.
[2026-06-04 17:22:37.700] [warning] Couldn't find file 'r_patella.vtp'.
[2026-06-04 17:22:37.700] [warning] Couldn't find file 'r_tibia.vtp'.
[2026-06-04 17:22:37.700] [warning] Couldn't find file 'r_fibula.vtp'.
[2026-06-04 17:22:37.700] [warning] Couldn't find file 'r_talus.stl'.
[2026-06-04 17:22:37.700] [warning] Couldn't find file 'r_foot.vtp'.
[2026-06-04 17:22:37.701] [warning] Couldn't find file 'r_bofoot.vtp'.
[2026-06-04 17:22:37.701] [warning] Couldn't find file 'l_femur.vtp'.
[2026-06-04 17:22:37.701] [warning] Couldn't find file 'l_patella.vtp'.
[2026-06-04 17:22:37.701] [warning] Couldn't find file 'l_tibia.vtp'.
[2026-06-04 17:22:37.701] [warning] Couldn't find file 'l_fibula.vtp'.
[2026-06-04 17:22:37.701] [warning] Couldn't find file 'l_talus.stl'.
[2026-06-04 17:22:37.701] [warning] Couldn't find file 'l_foot.vtp'.
[2026-06-04 17:22:37.701] [warning] Couldn't find file 'l_bofoot.vtp'.
[2026-06-04 17:22:37.701] [warning] Couldn't find file 'hat_spine.vtp'.
[2026-06-04 17:22:37.701] [warning] Couldn't find file 'hat_jaw.vtp'.
[2026-06-04 17:22:37.701] [warning] Couldn't find file 'hat_skull.vtp'.
[2026-06-04 17:22:37.701] [warning] Couldn't find file 'hat_ribs_scap.vtp'.
[2026-06-04 17:22:37.701] [warning] Couldn't find file 'humerus_rv.vtp'.
[2026-06-04 17:22:37.701] [warning] Couldn't find file 'ulna_rv.vtp'.
[2026-06-04 17:22:37.701] [warning] Couldn't find file 'radius_rv.vtp'.
[2026-06-04 17:22:37.701] [warning] Couldn't find file 'pisiform_rvs.vtp'.
[2026-06-04 17:22:37.701] [warning] Couldn't find file 'lunate_rvs.vtp'.
[2026-06-04 17:22:37.701] [warning] Couldn't find file 'scaphoid_rvs.vtp'.
[2026-06-04 17:22:37.702] [warning] Couldn't find file 'triquetrum_rvs.vtp'.
[2026-06-04 17:22:37.702] [warning] Couldn't find file 'hamate_rvs.vtp'.
[2026-06-04 17:22:37.702] [warning] Couldn't find file 'capitate_rvs.vtp'.
[2026-06-04 17:22:37.702] [warning] Couldn't find file 'trapezoid_rvs.vtp'.
[2026-06-04 17:22:37.702] [warning] Couldn't find file 'trapezium_rvs.vtp'.
[2026-06-04 17:22:37.702] [warning] Couldn't find file 'metacarpal2_rvs.vtp'.
[2026-06-04 17:22:37.702] [warning] Couldn't find file 'index_proximal_rvs.vtp'.
[2026-06-04 17:22:37.702] [warning] Couldn't find file 'index_medial_rvs.vtp'.
[2026-06-04 17:22:37.702] [warning] Couldn't find file 'index_distal_rvs.vtp'.
[2026-06-04 17:22:37.702] [warning] Couldn't find file 'metacarpal3_rvs.vtp'.
[2026-06-04 17:22:37.702] [warning] Couldn't find file 'middle_proximal_rvs.vtp'.
[2026-06-04 17:22:37.702] [warning] Couldn't find file 'middle_medial_rvs.vtp'.
[2026-06-04 17:22:37.702] [warning] Couldn't find file 'middle_distal_rvs.vtp'.
[2026-06-04 17:22:37.702] [warning] Couldn't find file 'metacarpal4_rvs.vtp'.
[2026-06-04 17:22:37.702] [warning] Couldn't find file 'ring_proximal_rvs.vtp'.
[2026-06-04 17:22:37.702] [warning] Couldn't find file 'ring_medial_rvs.vtp'.
[2026-06-04 17:22:37.702] [warning] Couldn't find file 'ring_distal_rvs.vtp'.
[2026-06-04 17:22:37.702] [warning] Couldn't find file 'metacarpal5_rvs.vtp'.
[2026-06-04 17:22:37.702] [warning] Couldn't find file 'little_proximal_rvs.vtp'.
[2026-06-04 17:22:37.702] [warning] Couldn't find file 'little_medial_rvs.vtp'.
[2026-06-04 17:22:37.702] [warning] Couldn't find file 'little_distal_rvs.vtp'.
[2026-06-04 17:22:37.703] [warning] Couldn't find file 'metacarpal1_rvs.vtp'.
[2026-06-04 17:22:37.703] [warning] Couldn't find file 'thumb_proximal_rvs.vtp'.
[2026-06-04 17:22:37.703] [warning] Couldn't find file 'thumb_distal_rvs.vtp'.
[2026-06-04 17:22:37.703] [warning] Couldn't find file 'humerus_lv.vtp'.
[2026-06-04 17:22:37.703] [warning] Couldn't find file 'ulna_lv.vtp'.
[2026-06-04 17:22:37.703] [warning] Couldn't find file 'radius_lv.vtp'.
[2026-06-04 17:22:37.703] [warning] Couldn't find file 'pisiform_lvs.vtp'.
[2026-06-04 17:22:37.703] [warning] Couldn't find file 'lunate_lvs.vtp'.
[2026-06-04 17:22:37.703] [warning] Couldn't find file 'scaphoid_lvs.vtp'.
[2026-06-04 17:22:37.703] [warning] Couldn't find file 'triquetrum_lvs.vtp'.
[2026-06-04 17:22:37.703] [warning] Couldn't find file 'hamate_lvs.vtp'.
[2026-06-04 17:22:37.703] [warning] Couldn't find file 'capitate_lvs.vtp'.
[2026-06-04 17:22:37.703] [warning] Couldn't find file 'trapezoid_lvs.vtp'.
[2026-06-04 17:22:37.703] [warning] Couldn't find file 'trapezium_lvs.vtp'.
[2026-06-04 17:22:37.703] [warning] Couldn't find file 'metacarpal2_lvs.vtp'.
[2026-06-04 17:22:37.703] [warning] Couldn't find file 'index_proximal_lvs.vtp'.
[2026-06-04 17:22:37.703] [warning] Couldn't find file 'index_medial_lvs.vtp'.
[2026-06-04 17:22:37.703] [warning] Couldn't find file 'index_distal_lvs.vtp'.
[2026-06-04 17:22:37.703] [warning] Couldn't find file 'metacarpal3_lvs.vtp'.
[2026-06-04 17:22:37.703] [warning] Couldn't find file 'middle_proximal_lvs.vtp'.
[2026-06-04 17:22:37.704] [warning] Couldn't find file 'middle_medial_lvs.vtp'.
[2026-06-04 17:22:37.704] [warning] Couldn't find file 'middle_distal_lvs.vtp'.
[2026-06-04 17:22:37.704] [warning] Couldn't find file 'metacarpal4_lvs.vtp'.
[2026-06-04 17:22:37.704] [warning] Couldn't find file 'ring_proximal_lvs.vtp'.
[2026-06-04 17:22:37.704] [warning] Couldn't find file 'ring_medial_lvs.vtp'.
[2026-06-04 17:22:37.704] [warning] Couldn't find file 'ring_distal_lvs.vtp'.
[2026-06-04 17:22:37.704] [warning] Couldn't find file 'metacarpal5_lvs.vtp'.
[2026-06-04 17:22:37.704] [warning] Couldn't find file 'little_proximal_lvs.vtp'.
[2026-06-04 17:22:37.704] [warning] Couldn't find file 'little_medial_lvs.vtp'.
[2026-06-04 17:22:37.704] [warning] Couldn't find file 'little_distal_lvs.vtp'.
[2026-06-04 17:22:37.704] [warning] Couldn't find file 'metacarpal1_lvs.vtp'.
[2026-06-04 17:22:37.704] [warning] Couldn't find file 'thumb_proximal_lvs.vtp'.
[2026-06-04 17:22:37.704] [warning] Couldn't find file 'thumb_distal_lvs.vtp'.
[2026-06-04 17:22:40.994] [warning] Coordinate.setValue:  coordinate knee_adduction_r is locked. Unable to change its value.
[2026-06-04 17:22:40.994] [warning] Coordinate.setValue:  coordinate knee_adduction_l is locked. Unable to change its value.
[2026-06-04 17:22:40.994] [warning] Coordinate.setValue:  coordinate pro_sup_r is locked. Unable to change its value.
[2026-06-04 17:22:40.994] [warning] Coordinate.setValue:  coordinate pro_sup_l is locked. Unable to change its value.
[2026-06-04 17:22:40.997] [warning] Coordinate.setValue:  coordinate knee_adduction_r is locked. Unable to change its value.
[2026-06-04 17:22:40.997] [warning] Coordinate.setValue:  coordinate knee_adduction_l is locked. Unable to change its value.
[2026-06-04 17:22:40.997] [warning] Coordinate.setValue:  coordinate pro_sup_r is locked. Unable to change its value.
[2026-06-04 17:22:40.997] [warning] Coordinate.setValue:  coordinate pro_sup_l is locked. Unable to change its value.
[2026-06-04 17:22:40.999] [warning] Coordinate.setValue:  coordinate knee_adduction_r is locked. Unable to change its value.
[2026-06-04 17:22:40.999] [warning] Coordinate.setValue:  coordinate knee_adduction_l is locked. Unable to change its value.
[2026-06-04 17:22:40.999] [warning] Coordinate.setValue:  coordinate pro_sup_r is locked. Unable to change its value.
[2026-06-04 17:22:40.999] [warning] Coordinate.setValue:  coordinate pro_sup_l is locked. Unable to change its value.
[2026-06-04 17:22:41.001] [warning] Coordinate.setValue:  coordinate knee_adduction_r is locked. Unable to change its value.
[2026-06-04 17:22:41.001] [warning] Coordinate.setValue:  coordinate knee_adduction_l is locked. Unable to change its value.
[2026-06-04 17:22:41.001] [warning] Coordinate.setValue:  coordinate pro_sup_r is locked. Unable to change its value.
[2026-06-04 17:22:41.001] [warning] Coordinate.setValue:  coordinate pro_sup_l is locked. Unable to change its value.
[2026-06-04 17:22:41.003] [warning] Coordinate.setValue:  coordinate knee_adduction_r is locked. Unable to change its value.
[2026-06-04 17:22:41.003] [warning] Coordinate.setValue:  coordinate knee_adduction_l is locked. Unable to change its value.
[2026-06-04 17:22:41.003] [warning] Coordinate.setValue:  coordinate pro_sup_r is locked. Unable to change its value.
[2026-06-04 17:22:41.003] [warning] Coordinate.setValue:  coordinate pro_sup_l is locked. Unable to change its value.
[2026-06-04 17:22:41.005] [warning] Coordinate.setValue:  coordinate knee_adduction_r is locked. Unable to change its value.
[2026-06-04 17:22:41.005] [warning] Coordinate.setValue:  coordinate knee_adduction_l is locked. Unable to change its value.
[2026-06-04 17:22:41.005] [warning] Coordinate.setValue:  coordinate pro_sup_r is locked. Unable to change its value.
[2026-06-04 17:22:41.005] [warning] Coordinate.setValue:  coordinate pro_sup_l is locked. Unable to change its value.
[2026-06-04 17:22:41.007] [warning] Coordinate.setValue:  coordinate knee_adduction_r is locked. Unable to change its value.
[2026-06-04 17:22:41.007] [warning] Coordinate.setValue:  coordinate knee_adduction_l is locked. Unable to change its value.
[2026-06-04 17:22:41.007] [warning] Coordinate.setValue:  coordinate pro_sup_r is locked. Unable to change its value.
[2026-06-04 17:22:41.007] [warning] Coordinate.setValue:  coordinate pro_sup_l is locked. Unable to change its value.
[2026-06-04 17:22:41.008] [warning] Coordinate.setValue:  coordinate knee_adduction_r is locked. Unable to change its value.
[2026-06-04 17:22:41.009] [warning] Coordinate.setValue:  coordinate knee_adduction_l is locked. Unable to change its value.
[2026-06-04 17:22:41.009] [warning] Coordinate.setValue:  coordinate pro_sup_r is locked. Unable to change its value.
[2026-06-04 17:22:41.009] [warning] Coordinate.setValue:  coordinate pro_sup_l is locked. Unable to change its value.
[2026-06-04 17:22:41.010] [warning] Coordinate.setValue:  coordinate knee_adduction_r is locked. Unable to change its value.
[2026-06-04 17:22:41.010] [warning] Coordinate.setValue:  coordinate knee_adduction_l is locked. Unable to change its value.
[2026-06-04 17:22:41.011] [warning] Coordinate.setValue:  coordinate pro_sup_r is locked. Unable to change its value.
[2026-06-04 17:22:41.011] [warning] Coordinate.setValue:  coordinate pro_sup_l is locked. Unable to change its value.
[2026-06-04 17:22:41.012] [warning] Coordinate.setValue:  coordinate knee_adduction_r is locked. Unable to change its value.
[2026-06-04 17:22:41.012] [warning] Coordinate.setValue:  coordinate knee_adduction_l is locked. Unable to change its value.
[2026-06-04 17:22:41.012] [warning] Coordinate.setValue:  coordinate pro_sup_r is locked. Unable to change its value.
[2026-06-04 17:22:41.013] [warning] Coordinate.setValue:  coordinate pro_sup_l is locked. Unable to change its value.
[2026-06-04 17:22:41.014] [warning] Coordinate.setValue:  coordinate knee_adduction_r is locked. Unable to change its value.
[2026-06-04 17:22:41.014] [warning] Coordinate.setValue:  coordinate knee_adduction_l is locked. Unable to change its value.
[2026-06-04 17:22:41.014] [warning] Coordinate.setValue:  coordinate pro_sup_r is locked. Unable to change its value.
[2026-06-04 17:22:41.014] [warning] Coordinate.setValue:  coordinate pro_sup_l is locked. Unable to change its value.
[2026-06-04 17:22:41.016] [warning] Coordinate.setValue:  coordinate knee_adduction_r is locked. Unable to change its value.
[2026-06-04 17:22:41.016] [warning] Coordinate.setValue:  coordinate knee_adduction_l is locked. Unable to change its value.
[2026-06-04 17:22:41.016] [warning] Coordinate.setValue:  coordinate pro_sup_r is locked. Unable to change its value.
[2026-06-04 17:22:41.016] [warning] Coordinate.setValue:  coordinate pro_sup_l is locked. Unable to change its value.
[2026-06-04 17:22:41.017] [warning] Coordinate.setValue:  coordinate knee_adduction_r is locked. Unable to change its value.
[2026-06-04 17:22:41.017] [warning] Coordinate.setValue:  coordinate knee_adduction_l is locked. Unable to change its value.
[2026-06-04 17:22:41.018] [warning] Coordinate.setValue:  coordinate pro_sup_r is locked. Unable to change its value.
[2026-06-04 17:22:41.018] [warning] Coordinate.setValue:  coordinate pro_sup_l is locked. Unable to change its value.
[2026-06-04 17:22:41.019] [warning] Coordinate.setValue:  coordinate knee_adduction_r is locked. Unable to change its value.
[2026-06-04 17:22:41.019] [warning] Coordinate.setValue:  coordinate knee_adduction_l is locked. Unable to change its value.
[2026-06-04 17:22:41.020] [warning] Coordinate.setValue:  coordinate pro_sup_r is locked. Unable to change its value.
[2026-06-04 17:22:41.020] [warning] Coordinate.setValue:  coordinate pro_sup_l is locked. Unable to change its value.
[2026-06-04 17:22:41.021] [warning] Coordinate.setValue:  coordinate knee_adduction_r is locked. Unable to change its value.
[2026-06-04 17:22:41.021] [warning] Coordinate.setValue:  coordinate knee_adduction_l is locked. Unable to change its value.
[2026-06-04 17:22:41.021] [warning] Coordinate.setValue:  coordinate pro_sup_r is locked. Unable to change its value.
[2026-06-04 17:22:41.021] [warning] Coordinate.setValue:  coordinate pro_sup_l is locked. Unable to change its value.
[2026-06-04 17:22:41.023] [warning] Coordinate.setValue:  coordinate knee_adduction_r is locked. Unable to change its value.
[2026-06-04 17:22:41.023] [warning] Coordinate.setValue:  coordinate knee_adduction_l is locked. Unable to change its value.
[2026-06-04 17:22:41.023] [warning] Coordinate.setValue:  coordinate pro_sup_r is locked. Unable to change its value.
[2026-06-04 17:22:41.023] [warning] Coordinate.setValue:  coordinate pro_sup_l is locked. Unable to change its value.
[2026-06-04 17:22:41.024] [warning] Coordinate.setValue:  coordinate knee_adduction_r is locked. Unable to change its value.
[2026-06-04 17:22:41.025] [warning] Coordinate.setValue:  coordinate knee_adduction_l is locked. Unable to change its value.
[2026-06-04 17:22:41.025] [warning] Coordinate.setValue:  coordinate pro_sup_r is locked. Unable to change its value.
[2026-06-04 17:22:41.025] [warning] Coordinate.setValue:  coordinate pro_sup_l is locked. Unable to change its value.
[2026-06-04 17:22:41.027] [warning] Coordinate.setValue:  coordinate knee_adduction_r is locked. Unable to change its value.
[2026-06-04 17:22:41.027] [warning] Coordinate.setValue:  coordinate knee_adduction_l is locked. Unable to change its value.
[2026-06-04 17:22:41.027] [warning] Coordinate.setValue:  coordinate pro_sup_r is locked. Unable to change its value.
[2026-06-04 17:22:41.027] [warning] Coordinate.setValue:  coordinate pro_sup_l is locked. Unable to change its value.
[2026-06-04 17:22:41.028] [warning] Coordinate.setValue:  coordinate knee_adduction_r is locked. Unable to change its value.
[2026-06-04 17:22:41.029] [warning] Coordinate.setValue:  coordinate knee_adduction_l is locked. Unable to change its value.
[2026-06-04 17:22:41.029] [warning] Coordinate.setValue:  coordinate pro_sup_r is locked. Unable to change its value.
[2026-06-04 17:22:41.029] [warning] Coordinate.setValue:  coordinate pro_sup_l is locked. Unable to change its value.
[2026-06-04 17:22:41.030] [warning] Coordinate.setValue:  coordinate knee_adduction_r is locked. Unable to change its value.
[2026-06-04 17:22:41.030] [warning] Coordinate.setValue:  coordinate knee_adduction_l is locked. Unable to change its value.
[2026-06-04 17:22:41.030] [warning] Coordinate.setValue:  coordinate pro_sup_r is locked. Unable to change its value.
[2026-06-04 17:22:41.031] [warning] Coordinate.setValue:  coordinate pro_sup_l is locked. Unable to change its value.
[2026-06-04 17:52:30.032] [info] Loaded model Full_Body_Walking_Model-Scaled_Adjusted from file ..\UF_Subject_4_Scaled_JMP.osim
[2026-06-04 17:52:30.032] [warning] Couldn't find file 'r_pelvis.vtp'.
[2026-06-04 17:52:30.032] [warning] Couldn't find file 'l_pelvis.vtp'.
[2026-06-04 17:52:30.032] [warning] Couldn't find file 'sacrum.vtp'.
[2026-06-04 17:52:30.032] [warning] Couldn't find file 'r_femur.vtp'.
[2026-06-04 17:52:30.033] [warning] Couldn't find file 'r_patella.vtp'.
[2026-06-04 17:52:30.033] [warning] Couldn't find file 'r_tibia.vtp'.
[2026-06-04 17:52:30.033] [warning] Couldn't find file 'r_fibula.vtp'.
[2026-06-04 17:52:30.033] [warning] Couldn't find file 'r_talus.stl'.
[2026-06-04 17:52:30.033] [warning] Couldn't find file 'r_foot.vtp'.
[2026-06-04 17:52:30.033] [warning] Couldn't find file 'r_bofoot.vtp'.
[2026-06-04 17:52:30.033] [warning] Couldn't find file 'l_femur.vtp'.
[2026-06-04 17:52:30.033] [warning] Couldn't find file 'l_patella.vtp'.
[2026-06-04 17:52:30.033] [warning] Couldn't find file 'l_tibia.vtp'.
[2026-06-04 17:52:30.033] [warning] Couldn't find file 'l_fibula.vtp'.
[2026-06-04 17:52:30.033] [warning] Couldn't find file 'l_talus.stl'.
[2026-06-04 17:52:30.033] [warning] Couldn't find file 'l_foot.vtp'.
[2026-06-04 17:52:30.033] [warning] Couldn't find file 'l_bofoot.vtp'.
[2026-06-04 17:52:30.033] [warning] Couldn't find file 'hat_spine.vtp'.
[2026-06-04 17:52:30.033] [warning] Couldn't find file 'hat_jaw.vtp'.
[2026-06-04 17:52:30.033] [warning] Couldn't find file 'hat_skull.vtp'.
[2026-06-04 17:52:30.033] [warning] Couldn't find file 'hat_ribs_scap.vtp'.
[2026-06-04 17:52:30.033] [warning] Couldn't find file 'humerus_rv.vtp'.
[2026-06-04 17:52:30.034] [warning] Couldn't find file 'ulna_rv.vtp'.
[2026-06-04 17:52:30.034] [warning] Couldn't find file 'radius_rv.vtp'.
[2026-06-04 17:52:30.034] [warning] Couldn't find file 'pisiform_rvs.vtp'.
[2026-06-04 17:52:30.034] [warning] Couldn't find file 'lunate_rvs.vtp'.
[2026-06-04 17:52:30.034] [warning] Couldn't find file 'scaphoid_rvs.vtp'.
[2026-06-04 17:52:30.034] [warning] Couldn't find file 'triquetrum_rvs.vtp'.
[2026-06-04 17:52:30.034] [warning] Couldn't find file 'hamate_rvs.vtp'.
[2026-06-04 17:52:30.034] [warning] Couldn't find file 'capitate_rvs.vtp'.
[2026-06-04 17:52:30.034] [warning] Couldn't find file 'trapezoid_rvs.vtp'.
[2026-06-04 17:52:30.034] [warning] Couldn't find file 'trapezium_rvs.vtp'.
[2026-06-04 17:52:30.034] [warning] Couldn't find file 'metacarpal2_rvs.vtp'.
[2026-06-04 17:52:30.034] [warning] Couldn't find file 'index_proximal_rvs.vtp'.
[2026-06-04 17:52:30.034] [warning] Couldn't find file 'index_medial_rvs.vtp'.
[2026-06-04 17:52:30.034] [warning] Couldn't find file 'index_distal_rvs.vtp'.
[2026-06-04 17:52:30.034] [warning] Couldn't find file 'metacarpal3_rvs.vtp'.
[2026-06-04 17:52:30.034] [warning] Couldn't find file 'middle_proximal_rvs.vtp'.
[2026-06-04 17:52:30.034] [warning] Couldn't find file 'middle_medial_rvs.vtp'.
[2026-06-04 17:52:30.034] [warning] Couldn't find file 'middle_distal_rvs.vtp'.
[2026-06-04 17:52:30.034] [warning] Couldn't find file 'metacarpal4_rvs.vtp'.
[2026-06-04 17:52:30.035] [warning] Couldn't find file 'ring_proximal_rvs.vtp'.
[2026-06-04 17:52:30.035] [warning] Couldn't find file 'ring_medial_rvs.vtp'.
[2026-06-04 17:52:30.035] [warning] Couldn't find file 'ring_distal_rvs.vtp'.
[2026-06-04 17:52:30.035] [warning] Couldn't find file 'metacarpal5_rvs.vtp'.
[2026-06-04 17:52:30.035] [warning] Couldn't find file 'little_proximal_rvs.vtp'.
[2026-06-04 17:52:30.035] [warning] Couldn't find file 'little_medial_rvs.vtp'.
[2026-06-04 17:52:30.035] [warning] Couldn't find file 'little_distal_rvs.vtp'.
[2026-06-04 17:52:30.035] [warning] Couldn't find file 'metacarpal1_rvs.vtp'.
[2026-06-04 17:52:30.035] [warning] Couldn't find file 'thumb_proximal_rvs.vtp'.
[2026-06-04 17:52:30.035] [warning] Couldn't find file 'thumb_distal_rvs.vtp'.
[2026-06-04 17:52:30.035] [warning] Couldn't find file 'humerus_lv.vtp'.
[2026-06-04 17:52:30.035] [warning] Couldn't find file 'ulna_lv.vtp'.
[2026-06-04 17:52:30.035] [warning] Couldn't find file 'radius_lv.vtp'.
[2026-06-04 17:52:30.035] [warning] Couldn't find file 'pisiform_lvs.vtp'.
[2026-06-04 17:52:30.035] [warning] Couldn't find file 'lunate_lvs.vtp'.
[2026-06-04 17:52:30.035] [warning] Couldn't find file 'scaphoid_lvs.vtp'.
[2026-06-04 17:52:30.035] [warning] Couldn't find file 'triquetrum_lvs.vtp'.
[2026-06-04 17:52:30.035] [warning] Couldn't find file 'hamate_lvs.vtp'.
[2026-06-04 17:52:30.035] [warning] Couldn't find file 'capitate_lvs.vtp'.
[2026-06-04 17:52:30.035] [warning] Couldn't find file 'trapezoid_lvs.vtp'.
[2026-06-04 17:52:30.036] [warning] Couldn't find file 'trapezium_lvs.vtp'.
[2026-06-04 17:52:30.036] [warning] Couldn't find file 'metacarpal2_lvs.vtp'.
[2026-06-04 17:52:30.036] [warning] Couldn't find file 'index_proximal_lvs.vtp'.
[2026-06-04 17:52:30.036] [warning] Couldn't find file 'index_medial_lvs.vtp'.
[2026-06-04 17:52:30.036] [warning] Couldn't find file 'index_distal_lvs.vtp'.
[2026-06-04 17:52:30.036] [warning] Couldn't find file 'metacarpal3_lvs.vtp'.
[2026-06-04 17:52:30.036] [warning] Couldn't find file 'middle_proximal_lvs.vtp'.
[2026-06-04 17:52:30.036] [warning] Couldn't find file 'middle_medial_lvs.vtp'.
[2026-06-04 17:52:30.036] [warning] Couldn't find file 'middle_distal_lvs.vtp'.
[2026-06-04 17:52:30.036] [warning] Couldn't find file 'metacarpal4_lvs.vtp'.
[2026-06-04 17:52:30.036] [warning] Couldn't find file 'ring_proximal_lvs.vtp'.
[2026-06-04 17:52:30.036] [warning] Couldn't find file 'ring_medial_lvs.vtp'.
[2026-06-04 17:52:30.036] [warning] Couldn't find file 'ring_distal_lvs.vtp'.
[2026-06-04 17:52:30.036] [warning] Couldn't find file 'metacarpal5_lvs.vtp'.
[2026-06-04 17:52:30.036] [warning] Couldn't find file 'little_proximal_lvs.vtp'.
[2026-06-04 17:52:30.036] [warning] Couldn't find file 'little_medial_lvs.vtp'.
[2026-06-04 17:52:30.036] [warning] Couldn't find file 'little_distal_lvs.vtp'.
[2026-06-04 17:52:30.036] [warning] Couldn't find file 'metacarpal1_lvs.vtp'.
[2026-06-04 17:52:30.036] [warning] Couldn't find file 'thumb_proximal_lvs.vtp'.
[2026-06-04 17:52:30.036] [warning] Couldn't find file 'thumb_distal_lvs.vtp'.
[2026-06-04 17:52:32.376] [info] Loaded model Full_Body_Walking_Model-Scaled_Adjusted from file ..\UF_Subject_4_Scaled_JMP.osim
[2026-06-04 17:52:32.376] [warning] Couldn't find file 'r_pelvis.vtp'.
[2026-06-04 17:52:32.376] [warning] Couldn't find file 'l_pelvis.vtp'.
[2026-06-04 17:52:32.376] [warning] Couldn't find file 'sacrum.vtp'.
[2026-06-04 17:52:32.376] [warning] Couldn't find file 'r_femur.vtp'.
[2026-06-04 17:52:32.376] [warning] Couldn't find file 'r_patella.vtp'.
[2026-06-04 17:52:32.376] [warning] Couldn't find file 'r_tibia.vtp'.
[2026-06-04 17:52:32.376] [warning] Couldn't find file 'r_fibula.vtp'.
[2026-06-04 17:52:32.376] [warning] Couldn't find file 'r_talus.stl'.
[2026-06-04 17:52:32.376] [warning] Couldn't find file 'r_foot.vtp'.
[2026-06-04 17:52:32.377] [warning] Couldn't find file 'r_bofoot.vtp'.
[2026-06-04 17:52:32.377] [warning] Couldn't find file 'l_femur.vtp'.
[2026-06-04 17:52:32.377] [warning] Couldn't find file 'l_patella.vtp'.
[2026-06-04 17:52:32.377] [warning] Couldn't find file 'l_tibia.vtp'.
[2026-06-04 17:52:32.377] [warning] Couldn't find file 'l_fibula.vtp'.
[2026-06-04 17:52:32.377] [warning] Couldn't find file 'l_talus.stl'.
[2026-06-04 17:52:32.377] [warning] Couldn't find file 'l_foot.vtp'.
[2026-06-04 17:52:32.377] [warning] Couldn't find file 'l_bofoot.vtp'.
[2026-06-04 17:52:32.377] [warning] Couldn't find file 'hat_spine.vtp'.
[2026-06-04 17:52:32.377] [warning] Couldn't find file 'hat_jaw.vtp'.
[2026-06-04 17:52:32.377] [warning] Couldn't find file 'hat_skull.vtp'.
[2026-06-04 17:52:32.377] [warning] Couldn't find file 'hat_ribs_scap.vtp'.
[2026-06-04 17:52:32.377] [warning] Couldn't find file 'humerus_rv.vtp'.
[2026-06-04 17:52:32.377] [warning] Couldn't find file 'ulna_rv.vtp'.
[2026-06-04 17:52:32.377] [warning] Couldn't find file 'radius_rv.vtp'.
[2026-06-04 17:52:32.377] [warning] Couldn't find file 'pisiform_rvs.vtp'.
[2026-06-04 17:52:32.377] [warning] Couldn't find file 'lunate_rvs.vtp'.
[2026-06-04 17:52:32.377] [warning] Couldn't find file 'scaphoid_rvs.vtp'.
[2026-06-04 17:52:32.377] [warning] Couldn't find file 'triquetrum_rvs.vtp'.
[2026-06-04 17:52:32.378] [warning] Couldn't find file 'hamate_rvs.vtp'.
[2026-06-04 17:52:32.378] [warning] Couldn't find file 'capitate_rvs.vtp'.
[2026-06-04 17:52:32.378] [warning] Couldn't find file 'trapezoid_rvs.vtp'.
[2026-06-04 17:52:32.378] [warning] Couldn't find file 'trapezium_rvs.vtp'.
[2026-06-04 17:52:32.378] [warning] Couldn't find file 'metacarpal2_rvs.vtp'.
[2026-06-04 17:52:32.378] [warning] Couldn't find file 'index_proximal_rvs.vtp'.
[2026-06-04 17:52:32.378] [warning] Couldn't find file 'index_medial_rvs.vtp'.
[2026-06-04 17:52:32.378] [warning] Couldn't find file 'index_distal_rvs.vtp'.
[2026-06-04 17:52:32.378] [warning] Couldn't find file 'metacarpal3_rvs.vtp'.
[2026-06-04 17:52:32.378] [warning] Couldn't find file 'middle_proximal_rvs.vtp'.
[2026-06-04 17:52:32.378] [warning] Couldn't find file 'middle_medial_rvs.vtp'.
[2026-06-04 17:52:32.378] [warning] Couldn't find file 'middle_distal_rvs.vtp'.
[2026-06-04 17:52:32.378] [warning] Couldn't find file 'metacarpal4_rvs.vtp'.
[2026-06-04 17:52:32.378] [warning] Couldn't find file 'ring_proximal_rvs.vtp'.
[2026-06-04 17:52:32.378] [warning] Couldn't find file 'ring_medial_rvs.vtp'.
[2026-06-04 17:52:32.378] [warning] Couldn't find file 'ring_distal_rvs.vtp'.
[2026-06-04 17:52:32.378] [warning] Couldn't find file 'metacarpal5_rvs.vtp'.
[2026-06-04 17:52:32.378] [warning] Couldn't find file 'little_proximal_rvs.vtp'.
[2026-06-04 17:52:32.378] [warning] Couldn't find file 'little_medial_rvs.vtp'.
[2026-06-04 17:52:32.378] [warning] Couldn't find file 'little_distal_rvs.vtp'.
[2026-06-04 17:52:32.379] [warning] Couldn't find file 'metacarpal1_rvs.vtp'.
[2026-06-04 17:52:32.379] [warning] Couldn't find file 'thumb_proximal_rvs.vtp'.
[2026-06-04 17:52:32.379] [warning] Couldn't find file 'thumb_distal_rvs.vtp'.
[2026-06-04 17:52:32.379] [warning] Couldn't find file 'humerus_lv.vtp'.
[2026-06-04 17:52:32.379] [warning] Couldn't find file 'ulna_lv.vtp'.
[2026-06-04 17:52:32.379] [warning] Couldn't find file 'radius_lv.vtp'.
[2026-06-04 17:52:32.379] [warning] Couldn't find file 'pisiform_lvs.vtp'.
[2026-06-04 17:52:32.379] [warning] Couldn't find file 'lunate_lvs.vtp'.
[2026-06-04 17:52:32.379] [warning] Couldn't find file 'scaphoid_lvs.vtp'.
[2026-06-04 17:52:32.379] [warning] Couldn't find file 'triquetrum_lvs.vtp'.
[2026-06-04 17:52:32.379] [warning] Couldn't find file 'hamate_lvs.vtp'.
[2026-06-04 17:52:32.379] [warning] Couldn't find file 'capitate_lvs.vtp'.
[2026-06-04 17:52:32.379] [warning] Couldn't find file 'trapezoid_lvs.vtp'.
[2026-06-04 17:52:32.379] [warning] Couldn't find file 'trapezium_lvs.vtp'.
[2026-06-04 17:52:32.379] [warning] Couldn't find file 'metacarpal2_lvs.vtp'.
[2026-06-04 17:52:32.379] [warning] Couldn't find file 'index_proximal_lvs.vtp'.
[2026-06-04 17:52:32.379] [warning] Couldn't find file 'index_medial_lvs.vtp'.
[2026-06-04 17:52:32.379] [warning] Couldn't find file 'index_distal_lvs.vtp'.
[2026-06-04 17:52:32.379] [warning] Couldn't find file 'metacarpal3_lvs.vtp'.
[2026-06-04 17:52:32.379] [warning] Couldn't find file 'middle_proximal_lvs.vtp'.
[2026-06-04 17:52:32.380] [warning] Couldn't find file 'middle_medial_lvs.vtp'.
[2026-06-04 17:52:32.380] [warning] Couldn't find file 'middle_distal_lvs.vtp'.
[2026-06-04 17:52:32.380] [warning] Couldn't find file 'metacarpal4_lvs.vtp'.
[2026-06-04 17:52:32.380] [warning] Couldn't find file 'ring_proximal_lvs.vtp'.
[2026-06-04 17:52:32.380] [warning] Couldn't find file 'ring_medial_lvs.vtp'.
[2026-06-04 17:52:32.380] [warning] Couldn't find file 'ring_distal_lvs.vtp'.
[2026-06-04 17:52:32.380] [warning] Couldn't find file 'metacarpal5_lvs.vtp'.
[2026-06-04 17:52:32.380] [warning] Couldn't find file 'little_proximal_lvs.vtp'.
[2026-06-04 17:52:32.380] [warning] Couldn't find file 'little_medial_lvs.vtp'.
[2026-06-04 17:52:32.380] [warning] Couldn't find file 'little_distal_lvs.vtp'.
[2026-06-04 17:52:32.380] [warning] Couldn't find file 'metacarpal1_lvs.vtp'.
[2026-06-04 17:52:32.380] [warning] Couldn't find file 'thumb_proximal_lvs.vtp'.
[2026-06-04 17:52:32.380] [warning] Couldn't find file 'thumb_distal_lvs.vtp'.
[2026-06-04 17:52:32.804] [info] Loaded model Full_Body_Walking_Model-Scaled_Adjusted from file ..\UF_Subject_4_Scaled_JMP.osim
[2026-06-04 17:52:32.804] [warning] Couldn't find file 'r_pelvis.vtp'.
[2026-06-04 17:52:32.804] [warning] Couldn't find file 'l_pelvis.vtp'.
[2026-06-04 17:52:32.804] [warning] Couldn't find file 'sacrum.vtp'.
[2026-06-04 17:52:32.804] [warning] Couldn't find file 'r_femur.vtp'.
[2026-06-04 17:52:32.804] [warning] Couldn't find file 'r_patella.vtp'.
[2026-06-04 17:52:32.804] [warning] Couldn't find file 'r_tibia.vtp'.
[2026-06-04 17:52:32.804] [warning] Couldn't find file 'r_fibula.vtp'.
[2026-06-04 17:52:32.804] [warning] Couldn't find file 'r_talus.stl'.
[2026-06-04 17:52:32.804] [warning] Couldn't find file 'r_foot.vtp'.
[2026-06-04 17:52:32.804] [warning] Couldn't find file 'r_bofoot.vtp'.
[2026-06-04 17:52:32.805] [warning] Couldn't find file 'l_femur.vtp'.
[2026-06-04 17:52:32.805] [warning] Couldn't find file 'l_patella.vtp'.
[2026-06-04 17:52:32.805] [warning] Couldn't find file 'l_tibia.vtp'.
[2026-06-04 17:52:32.805] [warning] Couldn't find file 'l_fibula.vtp'.
[2026-06-04 17:52:32.805] [warning] Couldn't find file 'l_talus.stl'.
[2026-06-04 17:52:32.805] [warning] Couldn't find file 'l_foot.vtp'.
[2026-06-04 17:52:32.805] [warning] Couldn't find file 'l_bofoot.vtp'.
[2026-06-04 17:52:32.805] [warning] Couldn't find file 'hat_spine.vtp'.
[2026-06-04 17:52:32.805] [warning] Couldn't find file 'hat_jaw.vtp'.
[2026-06-04 17:52:32.805] [warning] Couldn't find file 'hat_skull.vtp'.
[2026-06-04 17:52:32.805] [warning] Couldn't find file 'hat_ribs_scap.vtp'.
[2026-06-04 17:52:32.805] [warning] Couldn't find file 'humerus_rv.vtp'.
[2026-06-04 17:52:32.805] [warning] Couldn't find file 'ulna_rv.vtp'.
[2026-06-04 17:52:32.805] [warning] Couldn't find file 'radius_rv.vtp'.
[2026-06-04 17:52:32.805] [warning] Couldn't find file 'pisiform_rvs.vtp'.
[2026-06-04 17:52:32.805] [warning] Couldn't find file 'lunate_rvs.vtp'.
[2026-06-04 17:52:32.805] [warning] Couldn't find file 'scaphoid_rvs.vtp'.
[2026-06-04 17:52:32.805] [warning] Couldn't find file 'triquetrum_rvs.vtp'.
[2026-06-04 17:52:32.806] [warning] Couldn't find file 'hamate_rvs.vtp'.
[2026-06-04 17:52:32.806] [warning] Couldn't find file 'capitate_rvs.vtp'.
[2026-06-04 17:52:32.806] [warning] Couldn't find file 'trapezoid_rvs.vtp'.
[2026-06-04 17:52:32.806] [warning] Couldn't find file 'trapezium_rvs.vtp'.
[2026-06-04 17:52:32.806] [warning] Couldn't find file 'metacarpal2_rvs.vtp'.
[2026-06-04 17:52:32.806] [warning] Couldn't find file 'index_proximal_rvs.vtp'.
[2026-06-04 17:52:32.806] [warning] Couldn't find file 'index_medial_rvs.vtp'.
[2026-06-04 17:52:32.806] [warning] Couldn't find file 'index_distal_rvs.vtp'.
[2026-06-04 17:52:32.806] [warning] Couldn't find file 'metacarpal3_rvs.vtp'.
[2026-06-04 17:52:32.806] [warning] Couldn't find file 'middle_proximal_rvs.vtp'.
[2026-06-04 17:52:32.806] [warning] Couldn't find file 'middle_medial_rvs.vtp'.
[2026-06-04 17:52:32.806] [warning] Couldn't find file 'middle_distal_rvs.vtp'.
[2026-06-04 17:52:32.806] [warning] Couldn't find file 'metacarpal4_rvs.vtp'.
[2026-06-04 17:52:32.806] [warning] Couldn't find file 'ring_proximal_rvs.vtp'.
[2026-06-04 17:52:32.806] [warning] Couldn't find file 'ring_medial_rvs.vtp'.
[2026-06-04 17:52:32.806] [warning] Couldn't find file 'ring_distal_rvs.vtp'.
[2026-06-04 17:52:32.806] [warning] Couldn't find file 'metacarpal5_rvs.vtp'.
[2026-06-04 17:52:32.807] [warning] Couldn't find file 'little_proximal_rvs.vtp'.
[2026-06-04 17:52:32.807] [warning] Couldn't find file 'little_medial_rvs.vtp'.
[2026-06-04 17:52:32.807] [warning] Couldn't find file 'little_distal_rvs.vtp'.
[2026-06-04 17:52:32.807] [warning] Couldn't find file 'metacarpal1_rvs.vtp'.
[2026-06-04 17:52:32.807] [warning] Couldn't find file 'thumb_proximal_rvs.vtp'.
[2026-06-04 17:52:32.807] [warning] Couldn't find file 'thumb_distal_rvs.vtp'.
[2026-06-04 17:52:32.807] [warning] Couldn't find file 'humerus_lv.vtp'.
[2026-06-04 17:52:32.807] [warning] Couldn't find file 'ulna_lv.vtp'.
[2026-06-04 17:52:32.807] [warning] Couldn't find file 'radius_lv.vtp'.
[2026-06-04 17:52:32.807] [warning] Couldn't find file 'pisiform_lvs.vtp'.
[2026-06-04 17:52:32.807] [warning] Couldn't find file 'lunate_lvs.vtp'.
[2026-06-04 17:52:32.807] [warning] Couldn't find file 'scaphoid_lvs.vtp'.
[2026-06-04 17:52:32.807] [warning] Couldn't find file 'triquetrum_lvs.vtp'.
[2026-06-04 17:52:32.807] [warning] Couldn't find file 'hamate_lvs.vtp'.
[2026-06-04 17:52:32.807] [warning] Couldn't find file 'capitate_lvs.vtp'.
[2026-06-04 17:52:32.807] [warning] Couldn't find file 'trapezoid_lvs.vtp'.
[2026-06-04 17:52:32.807] [warning] Couldn't find file 'trapezium_lvs.vtp'.
[2026-06-04 17:52:32.807] [warning] Couldn't find file 'metacarpal2_lvs.vtp'.
[2026-06-04 17:52:32.807] [warning] Couldn't find file 'index_proximal_lvs.vtp'.
[2026-06-04 17:52:32.808] [warning] Couldn't find file 'index_medial_lvs.vtp'.
[2026-06-04 17:52:32.808] [warning] Couldn't find file 'index_distal_lvs.vtp'.
[2026-06-04 17:52:32.808] [warning] Couldn't find file 'metacarpal3_lvs.vtp'.
[2026-06-04 17:52:32.808] [warning] Couldn't find file 'middle_proximal_lvs.vtp'.
[2026-06-04 17:52:32.808] [warning] Couldn't find file 'middle_medial_lvs.vtp'.
[2026-06-04 17:52:32.808] [warning] Couldn't find file 'middle_distal_lvs.vtp'.
[2026-06-04 17:52:32.808] [warning] Couldn't find file 'metacarpal4_lvs.vtp'.
[2026-06-04 17:52:32.808] [warning] Couldn't find file 'ring_proximal_lvs.vtp'.
[2026-06-04 17:52:32.808] [warning] Couldn't find file 'ring_medial_lvs.vtp'.
[2026-06-04 17:52:32.808] [warning] Couldn't find file 'ring_distal_lvs.vtp'.
[2026-06-04 17:52:32.808] [warning] Couldn't find file 'metacarpal5_lvs.vtp'.
[2026-06-04 17:52:32.808] [warning] Couldn't find file 'little_proximal_lvs.vtp'.
[2026-06-04 17:52:32.808] [warning] Couldn't find file 'little_medial_lvs.vtp'.
[2026-06-04 17:52:32.808] [warning] Couldn't find file 'little_distal_lvs.vtp'.
[2026-06-04 17:52:32.808] [warning] Couldn't find file 'metacarpal1_lvs.vtp'.
[2026-06-04 17:52:32.808] [warning] Couldn't find file 'thumb_proximal_lvs.vtp'.
[2026-06-04 17:52:32.808] [warning] Couldn't find file 'thumb_distal_lvs.vtp'.
[2026-06-04 17:52:34.425] [info] Loaded model Full_Body_Walking_Model-Scaled_Adjusted from file ..\UF_Subject_4_Scaled_JMP.osim
[2026-06-04 17:52:34.426] [warning] Couldn't find file 'r_pelvis.vtp'.
[2026-06-04 17:52:34.426] [warning] Couldn't find file 'l_pelvis.vtp'.
[2026-06-04 17:52:34.426] [warning] Couldn't find file 'sacrum.vtp'.
[2026-06-04 17:52:34.426] [warning] Couldn't find file 'r_femur.vtp'.
[2026-06-04 17:52:34.426] [warning] Couldn't find file 'r_patella.vtp'.
[2026-06-04 17:52:34.426] [warning] Couldn't find file 'r_tibia.vtp'.
[2026-06-04 17:52:34.426] [warning] Couldn't find file 'r_fibula.vtp'.
[2026-06-04 17:52:34.426] [warning] Couldn't find file 'r_talus.stl'.
[2026-06-04 17:52:34.427] [warning] Couldn't find file 'r_foot.vtp'.
[2026-06-04 17:52:34.427] [warning] Couldn't find file 'r_bofoot.vtp'.
[2026-06-04 17:52:34.427] [warning] Couldn't find file 'l_femur.vtp'.
[2026-06-04 17:52:34.427] [warning] Couldn't find file 'l_patella.vtp'.
[2026-06-04 17:52:34.427] [warning] Couldn't find file 'l_tibia.vtp'.
[2026-06-04 17:52:34.427] [warning] Couldn't find file 'l_fibula.vtp'.
[2026-06-04 17:52:34.427] [warning] Couldn't find file 'l_talus.stl'.
[2026-06-04 17:52:34.427] [warning] Couldn't find file 'l_foot.vtp'.
[2026-06-04 17:52:34.427] [warning] Couldn't find file 'l_bofoot.vtp'.
[2026-06-04 17:52:34.427] [warning] Couldn't find file 'hat_spine.vtp'.
[2026-06-04 17:52:34.427] [warning] Couldn't find file 'hat_jaw.vtp'.
[2026-06-04 17:52:34.427] [warning] Couldn't find file 'hat_skull.vtp'.
[2026-06-04 17:52:34.427] [warning] Couldn't find file 'hat_ribs_scap.vtp'.
[2026-06-04 17:52:34.427] [warning] Couldn't find file 'humerus_rv.vtp'.
[2026-06-04 17:52:34.427] [warning] Couldn't find file 'ulna_rv.vtp'.
[2026-06-04 17:52:34.427] [warning] Couldn't find file 'radius_rv.vtp'.
[2026-06-04 17:52:34.427] [warning] Couldn't find file 'pisiform_rvs.vtp'.
[2026-06-04 17:52:34.427] [warning] Couldn't find file 'lunate_rvs.vtp'.
[2026-06-04 17:52:34.427] [warning] Couldn't find file 'scaphoid_rvs.vtp'.
[2026-06-04 17:52:34.428] [warning] Couldn't find file 'triquetrum_rvs.vtp'.
[2026-06-04 17:52:34.428] [warning] Couldn't find file 'hamate_rvs.vtp'.
[2026-06-04 17:52:34.428] [warning] Couldn't find file 'capitate_rvs.vtp'.
[2026-06-04 17:52:34.428] [warning] Couldn't find file 'trapezoid_rvs.vtp'.
[2026-06-04 17:52:34.428] [warning] Couldn't find file 'trapezium_rvs.vtp'.
[2026-06-04 17:52:34.428] [warning] Couldn't find file 'metacarpal2_rvs.vtp'.
[2026-06-04 17:52:34.428] [warning] Couldn't find file 'index_proximal_rvs.vtp'.
[2026-06-04 17:52:34.428] [warning] Couldn't find file 'index_medial_rvs.vtp'.
[2026-06-04 17:52:34.428] [warning] Couldn't find file 'index_distal_rvs.vtp'.
[2026-06-04 17:52:34.428] [warning] Couldn't find file 'metacarpal3_rvs.vtp'.
[2026-06-04 17:52:34.428] [warning] Couldn't find file 'middle_proximal_rvs.vtp'.
[2026-06-04 17:52:34.428] [warning] Couldn't find file 'middle_medial_rvs.vtp'.
[2026-06-04 17:52:34.428] [warning] Couldn't find file 'middle_distal_rvs.vtp'.
[2026-06-04 17:52:34.428] [warning] Couldn't find file 'metacarpal4_rvs.vtp'.
[2026-06-04 17:52:34.428] [warning] Couldn't find file 'ring_proximal_rvs.vtp'.
[2026-06-04 17:52:34.428] [warning] Couldn't find file 'ring_medial_rvs.vtp'.
[2026-06-04 17:52:34.428] [warning] Couldn't find file 'ring_distal_rvs.vtp'.
[2026-06-04 17:52:34.428] [warning] Couldn't find file 'metacarpal5_rvs.vtp'.
[2026-06-04 17:52:34.428] [warning] Couldn't find file 'little_proximal_rvs.vtp'.
[2026-06-04 17:52:34.428] [warning] Couldn't find file 'little_medial_rvs.vtp'.
[2026-06-04 17:52:34.429] [warning] Couldn't find file 'little_distal_rvs.vtp'.
[2026-06-04 17:52:34.429] [warning] Couldn't find file 'metacarpal1_rvs.vtp'.
[2026-06-04 17:52:34.429] [warning] Couldn't find file 'thumb_proximal_rvs.vtp'.
[2026-06-04 17:52:34.429] [warning] Couldn't find file 'thumb_distal_rvs.vtp'.
[2026-06-04 17:52:34.429] [warning] Couldn't find file 'humerus_lv.vtp'.
[2026-06-04 17:52:34.429] [warning] Couldn't find file 'ulna_lv.vtp'.
[2026-06-04 17:52:34.429] [warning] Couldn't find file 'radius_lv.vtp'.
[2026-06-04 17:52:34.429] [warning] Couldn't find file 'pisiform_lvs.vtp'.
[2026-06-04 17:52:34.429] [warning] Couldn't find file 'lunate_lvs.vtp'.
[2026-06-04 17:52:34.429] [warning] Couldn't find file 'scaphoid_lvs.vtp'.
[2026-06-04 17:52:34.429] [warning] Couldn't find file 'triquetrum_lvs.vtp'.
[2026-06-04 17:52:34.429] [warning] Couldn't find file 'hamate_lvs.vtp'.
[2026-06-04 17:52:34.429] [warning] Couldn't find file 'capitate_lvs.vtp'.
[2026-06-04 17:52:34.429] [warning] Couldn't find file 'trapezoid_lvs.vtp'.
[2026-06-04 17:52:34.429] [warning] Couldn't find file 'trapezium_lvs.vtp'.
[2026-06-04 17:52:34.429] [warning] Couldn't find file 'metacarpal2_lvs.vtp'.
[2026-06-04 17:52:34.429] [warning] Couldn't find file 'index_proximal_lvs.vtp'.
[2026-06-04 17:52:34.429] [warning] Couldn't find file 'index_medial_lvs.vtp'.
[2026-06-04 17:52:34.429] [warning] Couldn't find file 'index_distal_lvs.vtp'.
[2026-06-04 17:52:34.430] [warning] Couldn't find file 'metacarpal3_lvs.vtp'.
[2026-06-04 17:52:34.430] [warning] Couldn't find file 'middle_proximal_lvs.vtp'.
[2026-06-04 17:52:34.430] [warning] Couldn't find file 'middle_medial_lvs.vtp'.
[2026-06-04 17:52:34.430] [warning] Couldn't find file 'middle_distal_lvs.vtp'.
[2026-06-04 17:52:34.430] [warning] Couldn't find file 'metacarpal4_lvs.vtp'.
[2026-06-04 17:52:34.430] [warning] Couldn't find file 'ring_proximal_lvs.vtp'.
[2026-06-04 17:52:34.430] [warning] Couldn't find file 'ring_medial_lvs.vtp'.
[2026-06-04 17:52:34.430] [warning] Couldn't find file 'ring_distal_lvs.vtp'.
[2026-06-04 17:52:34.430] [warning] Couldn't find file 'metacarpal5_lvs.vtp'.
[2026-06-04 17:52:34.430] [warning] Couldn't find file 'little_proximal_lvs.vtp'.
[2026-06-04 17:52:34.430] [warning] Couldn't find file 'little_medial_lvs.vtp'.
[2026-06-04 17:52:34.430] [warning] Couldn't find file 'little_distal_lvs.vtp'.
[2026-06-04 17:52:34.430] [warning] Couldn't find file 'metacarpal1_lvs.vtp'.
[2026-06-04 17:52:34.430] [warning] Couldn't find file 'thumb_proximal_lvs.vtp'.
[2026-06-04 17:52:34.430] [warning] Couldn't find file 'thumb_distal_lvs.vtp'.
[2026-06-04 17:52:34.468] [info] Loaded model Full_Body_Walking_Model-Scaled_Adjusted from file ..\UF_Subject_4_Scaled_JMP.osim
[2026-06-04 17:52:34.468] [warning] Couldn't find file 'r_pelvis.vtp'.
[2026-06-04 17:52:34.468] [warning] Couldn't find file 'l_pelvis.vtp'.
[2026-06-04 17:52:34.468] [warning] Couldn't find file 'sacrum.vtp'.
[2026-06-04 17:52:34.468] [warning] Couldn't find file 'r_femur.vtp'.
[2026-06-04 17:52:34.468] [warning] Couldn't find file 'r_patella.vtp'.
[2026-06-04 17:52:34.468] [warning] Couldn't find file 'r_tibia.vtp'.
[2026-06-04 17:52:34.468] [warning] Couldn't find file 'r_fibula.vtp'.
[2026-06-04 17:52:34.468] [warning] Couldn't find file 'r_talus.stl'.
[2026-06-04 17:52:34.468] [warning] Couldn't find file 'r_foot.vtp'.
[2026-06-04 17:52:34.468] [warning] Couldn't find file 'r_bofoot.vtp'.
[2026-06-04 17:52:34.468] [warning] Couldn't find file 'l_femur.vtp'.
[2026-06-04 17:52:34.469] [warning] Couldn't find file 'l_patella.vtp'.
[2026-06-04 17:52:34.469] [warning] Couldn't find file 'l_tibia.vtp'.
[2026-06-04 17:52:34.469] [warning] Couldn't find file 'l_fibula.vtp'.
[2026-06-04 17:52:34.469] [warning] Couldn't find file 'l_talus.stl'.
[2026-06-04 17:52:34.469] [warning] Couldn't find file 'l_foot.vtp'.
[2026-06-04 17:52:34.469] [warning] Couldn't find file 'l_bofoot.vtp'.
[2026-06-04 17:52:34.469] [warning] Couldn't find file 'hat_spine.vtp'.
[2026-06-04 17:52:34.469] [warning] Couldn't find file 'hat_jaw.vtp'.
[2026-06-04 17:52:34.469] [warning] Couldn't find file 'hat_skull.vtp'.
[2026-06-04 17:52:34.469] [warning] Couldn't find file 'hat_ribs_scap.vtp'.
[2026-06-04 17:52:34.469] [warning] Couldn't find file 'humerus_rv.vtp'.
[2026-06-04 17:52:34.469] [warning] Couldn't find file 'ulna_rv.vtp'.
[2026-06-04 17:52:34.469] [warning] Couldn't find file 'radius_rv.vtp'.
[2026-06-04 17:52:34.469] [warning] Couldn't find file 'pisiform_rvs.vtp'.
[2026-06-04 17:52:34.469] [warning] Couldn't find file 'lunate_rvs.vtp'.
[2026-06-04 17:52:34.469] [warning] Couldn't find file 'scaphoid_rvs.vtp'.
[2026-06-04 17:52:34.469] [warning] Couldn't find file 'triquetrum_rvs.vtp'.
[2026-06-04 17:52:34.469] [warning] Couldn't find file 'hamate_rvs.vtp'.
[2026-06-04 17:52:34.469] [warning] Couldn't find file 'capitate_rvs.vtp'.
[2026-06-04 17:52:34.470] [warning] Couldn't find file 'trapezoid_rvs.vtp'.
[2026-06-04 17:52:34.470] [warning] Couldn't find file 'trapezium_rvs.vtp'.
[2026-06-04 17:52:34.470] [warning] Couldn't find file 'metacarpal2_rvs.vtp'.
[2026-06-04 17:52:34.470] [warning] Couldn't find file 'index_proximal_rvs.vtp'.
[2026-06-04 17:52:34.470] [warning] Couldn't find file 'index_medial_rvs.vtp'.
[2026-06-04 17:52:34.470] [warning] Couldn't find file 'index_distal_rvs.vtp'.
[2026-06-04 17:52:34.470] [warning] Couldn't find file 'metacarpal3_rvs.vtp'.
[2026-06-04 17:52:34.470] [warning] Couldn't find file 'middle_proximal_rvs.vtp'.
[2026-06-04 17:52:34.470] [warning] Couldn't find file 'middle_medial_rvs.vtp'.
[2026-06-04 17:52:34.470] [warning] Couldn't find file 'middle_distal_rvs.vtp'.
[2026-06-04 17:52:34.470] [warning] Couldn't find file 'metacarpal4_rvs.vtp'.
[2026-06-04 17:52:34.470] [warning] Couldn't find file 'ring_proximal_rvs.vtp'.
[2026-06-04 17:52:34.470] [warning] Couldn't find file 'ring_medial_rvs.vtp'.
[2026-06-04 17:52:34.470] [warning] Couldn't find file 'ring_distal_rvs.vtp'.
[2026-06-04 17:52:34.470] [warning] Couldn't find file 'metacarpal5_rvs.vtp'.
[2026-06-04 17:52:34.470] [warning] Couldn't find file 'little_proximal_rvs.vtp'.
[2026-06-04 17:52:34.470] [warning] Couldn't find file 'little_medial_rvs.vtp'.
[2026-06-04 17:52:34.470] [warning] Couldn't find file 'little_distal_rvs.vtp'.
[2026-06-04 17:52:34.470] [warning] Couldn't find file 'metacarpal1_rvs.vtp'.
[2026-06-04 17:52:34.470] [warning] Couldn't find file 'thumb_proximal_rvs.vtp'.
[2026-06-04 17:52:34.471] [warning] Couldn't find file 'thumb_distal_rvs.vtp'.
[2026-06-04 17:52:34.471] [warning] Couldn't find file 'humerus_lv.vtp'.
[2026-06-04 17:52:34.471] [warning] Couldn't find file 'ulna_lv.vtp'.
[2026-06-04 17:52:34.471] [warning] Couldn't find file 'radius_lv.vtp'.
[2026-06-04 17:52:34.471] [warning] Couldn't find file 'pisiform_lvs.vtp'.
[2026-06-04 17:52:34.471] [warning] Couldn't find file 'lunate_lvs.vtp'.
[2026-06-04 17:52:34.471] [warning] Couldn't find file 'scaphoid_lvs.vtp'.
[2026-06-04 17:52:34.471] [warning] Couldn't find file 'triquetrum_lvs.vtp'.
[2026-06-04 17:52:34.471] [warning] Couldn't find file 'hamate_lvs.vtp'.
[2026-06-04 17:52:34.471] [warning] Couldn't find file 'capitate_lvs.vtp'.
[2026-06-04 17:52:34.471] [warning] Couldn't find file 'trapezoid_lvs.vtp'.
[2026-06-04 17:52:34.471] [warning] Couldn't find file 'trapezium_lvs.vtp'.
[2026-06-04 17:52:34.471] [warning] Couldn't find file 'metacarpal2_lvs.vtp'.
[2026-06-04 17:52:34.471] [warning] Couldn't find file 'index_proximal_lvs.vtp'.
[2026-06-04 17:52:34.471] [warning] Couldn't find file 'index_medial_lvs.vtp'.
[2026-06-04 17:52:34.471] [warning] Couldn't find file 'index_distal_lvs.vtp'.
[2026-06-04 17:52:34.471] [warning] Couldn't find file 'metacarpal3_lvs.vtp'.
[2026-06-04 17:52:34.471] [warning] Couldn't find file 'middle_proximal_lvs.vtp'.
[2026-06-04 17:52:34.471] [warning] Couldn't find file 'middle_medial_lvs.vtp'.
[2026-06-04 17:52:34.472] [warning] Couldn't find file 'middle_distal_lvs.vtp'.
[2026-06-04 17:52:34.472] [warning] Couldn't find file 'metacarpal4_lvs.vtp'.
[2026-06-04 17:52:34.472] [warning] Couldn't find file 'ring_proximal_lvs.vtp'.
[2026-06-04 17:52:34.472] [warning] Couldn't find file 'ring_medial_lvs.vtp'.
[2026-06-04 17:52:34.472] [warning] Couldn't find file 'ring_distal_lvs.vtp'.
[2026-06-04 17:52:34.472] [warning] Couldn't find file 'metacarpal5_lvs.vtp'.
[2026-06-04 17:52:34.472] [warning] Couldn't find file 'little_proximal_lvs.vtp'.
[2026-06-04 17:52:34.472] [warning] Couldn't find file 'little_medial_lvs.vtp'.
[2026-06-04 17:52:34.472] [warning] Couldn't find file 'little_distal_lvs.vtp'.
[2026-06-04 17:52:34.472] [warning] Couldn't find file 'metacarpal1_lvs.vtp'.
[2026-06-04 17:52:34.472] [warning] Couldn't find file 'thumb_proximal_lvs.vtp'.
[2026-06-04 17:52:34.472] [warning] Couldn't find file 'thumb_distal_lvs.vtp'.
[2026-06-04 20:28:44.955] [info] Loaded model Full_Body_Walking_Model-Scaled_Adjusted from file ..\UF_Subject_4_Scaled_JMP.osim
[2026-06-04 20:28:44.956] [warning] Couldn't find file 'r_pelvis.vtp'.
[2026-06-04 20:28:44.957] [warning] Couldn't find file 'l_pelvis.vtp'.
[2026-06-04 20:28:44.957] [warning] Couldn't find file 'sacrum.vtp'.
[2026-06-04 20:28:44.957] [warning] Couldn't find file 'r_femur.vtp'.
[2026-06-04 20:28:44.957] [warning] Couldn't find file 'r_patella.vtp'.
[2026-06-04 20:28:44.957] [warning] Couldn't find file 'r_tibia.vtp'.
[2026-06-04 20:28:44.957] [warning] Couldn't find file 'r_fibula.vtp'.
[2026-06-04 20:28:44.957] [warning] Couldn't find file 'r_talus.stl'.
[2026-06-04 20:28:44.957] [warning] Couldn't find file 'r_foot.vtp'.
[2026-06-04 20:28:44.957] [warning] Couldn't find file 'r_bofoot.vtp'.
[2026-06-04 20:28:44.957] [warning] Couldn't find file 'l_femur.vtp'.
[2026-06-04 20:28:44.957] [warning] Couldn't find file 'l_patella.vtp'.
[2026-06-04 20:28:44.957] [warning] Couldn't find file 'l_tibia.vtp'.
[2026-06-04 20:28:44.957] [warning] Couldn't find file 'l_fibula.vtp'.
[2026-06-04 20:28:44.957] [warning] Couldn't find file 'l_talus.stl'.
[2026-06-04 20:28:44.957] [warning] Couldn't find file 'l_foot.vtp'.
[2026-06-04 20:28:44.958] [warning] Couldn't find file 'l_bofoot.vtp'.
[2026-06-04 20:28:44.958] [warning] Couldn't find file 'hat_spine.vtp'.
[2026-06-04 20:28:44.958] [warning] Couldn't find file 'hat_jaw.vtp'.
[2026-06-04 20:28:44.958] [warning] Couldn't find file 'hat_skull.vtp'.
[2026-06-04 20:28:44.958] [warning] Couldn't find file 'hat_ribs_scap.vtp'.
[2026-06-04 20:28:44.958] [warning] Couldn't find file 'humerus_rv.vtp'.
[2026-06-04 20:28:44.958] [warning] Couldn't find file 'ulna_rv.vtp'.
[2026-06-04 20:28:44.958] [warning] Couldn't find file 'radius_rv.vtp'.
[2026-06-04 20:28:44.958] [warning] Couldn't find file 'pisiform_rvs.vtp'.
[2026-06-04 20:28:44.958] [warning] Couldn't find file 'lunate_rvs.vtp'.
[2026-06-04 20:28:44.958] [warning] Couldn't find file 'scaphoid_rvs.vtp'.
[2026-06-04 20:28:44.958] [warning] Couldn't find file 'triquetrum_rvs.vtp'.
[2026-06-04 20:28:44.958] [warning] Couldn't find file 'hamate_rvs.vtp'.
[2026-06-04 20:28:44.958] [warning] Couldn't find file 'capitate_rvs.vtp'.
[2026-06-04 20:28:44.958] [warning] Couldn't find file 'trapezoid_rvs.vtp'.
[2026-06-04 20:28:44.958] [warning] Couldn't find file 'trapezium_rvs.vtp'.
[2026-06-04 20:28:44.958] [warning] Couldn't find file 'metacarpal2_rvs.vtp'.
[2026-06-04 20:28:44.958] [warning] Couldn't find file 'index_proximal_rvs.vtp'.
[2026-06-04 20:28:44.959] [warning] Couldn't find file 'index_medial_rvs.vtp'.
[2026-06-04 20:28:44.959] [warning] Couldn't find file 'index_distal_rvs.vtp'.
[2026-06-04 20:28:44.959] [warning] Couldn't find file 'metacarpal3_rvs.vtp'.
[2026-06-04 20:28:44.959] [warning] Couldn't find file 'middle_proximal_rvs.vtp'.
[2026-06-04 20:28:44.959] [warning] Couldn't find file 'middle_medial_rvs.vtp'.
[2026-06-04 20:28:44.959] [warning] Couldn't find file 'middle_distal_rvs.vtp'.
[2026-06-04 20:28:44.959] [warning] Couldn't find file 'metacarpal4_rvs.vtp'.
[2026-06-04 20:28:44.959] [warning] Couldn't find file 'ring_proximal_rvs.vtp'.
[2026-06-04 20:28:44.959] [warning] Couldn't find file 'ring_medial_rvs.vtp'.
[2026-06-04 20:28:44.959] [warning] Couldn't find file 'ring_distal_rvs.vtp'.
[2026-06-04 20:28:44.959] [warning] Couldn't find file 'metacarpal5_rvs.vtp'.
[2026-06-04 20:28:44.959] [warning] Couldn't find file 'little_proximal_rvs.vtp'.
[2026-06-04 20:28:44.959] [warning] Couldn't find file 'little_medial_rvs.vtp'.
[2026-06-04 20:28:44.959] [warning] Couldn't find file 'little_distal_rvs.vtp'.
[2026-06-04 20:28:44.959] [warning] Couldn't find file 'metacarpal1_rvs.vtp'.
[2026-06-04 20:28:44.959] [warning] Couldn't find file 'thumb_proximal_rvs.vtp'.
[2026-06-04 20:28:44.959] [warning] Couldn't find file 'thumb_distal_rvs.vtp'.
[2026-06-04 20:28:44.959] [warning] Couldn't find file 'humerus_lv.vtp'.
[2026-06-04 20:28:44.959] [warning] Couldn't find file 'ulna_lv.vtp'.
[2026-06-04 20:28:44.960] [warning] Couldn't find file 'radius_lv.vtp'.
[2026-06-04 20:28:44.960] [warning] Couldn't find file 'pisiform_lvs.vtp'.
[2026-06-04 20:28:44.960] [warning] Couldn't find file 'lunate_lvs.vtp'.
[2026-06-04 20:28:44.960] [warning] Couldn't find file 'scaphoid_lvs.vtp'.
[2026-06-04 20:28:44.960] [warning] Couldn't find file 'triquetrum_lvs.vtp'.
[2026-06-04 20:28:44.960] [warning] Couldn't find file 'hamate_lvs.vtp'.
[2026-06-04 20:28:44.960] [warning] Couldn't find file 'capitate_lvs.vtp'.
[2026-06-04 20:28:44.960] [warning] Couldn't find file 'trapezoid_lvs.vtp'.
[2026-06-04 20:28:44.960] [warning] Couldn't find file 'trapezium_lvs.vtp'.
[2026-06-04 20:28:44.960] [warning] Couldn't find file 'metacarpal2_lvs.vtp'.
[2026-06-04 20:28:44.960] [warning] Couldn't find file 'index_proximal_lvs.vtp'.
[2026-06-04 20:28:44.960] [warning] Couldn't find file 'index_medial_lvs.vtp'.
[2026-06-04 20:28:44.960] [warning] Couldn't find file 'index_distal_lvs.vtp'.
[2026-06-04 20:28:44.960] [warning] Couldn't find file 'metacarpal3_lvs.vtp'.
[2026-06-04 20:28:44.960] [warning] Couldn't find file 'middle_proximal_lvs.vtp'.
[2026-06-04 20:28:44.960] [warning] Couldn't find file 'middle_medial_lvs.vtp'.
[2026-06-04 20:28:44.960] [warning] Couldn't find file 'middle_distal_lvs.vtp'.
[2026-06-04 20:28:44.960] [warning] Couldn't find file 'metacarpal4_lvs.vtp'.
[2026-06-04 20:28:44.961] [warning] Couldn't find file 'ring_proximal_lvs.vtp'.
[2026-06-04 20:28:44.961] [warning] Couldn't find file 'ring_medial_lvs.vtp'.
[2026-06-04 20:28:44.961] [warning] Couldn't find file 'ring_distal_lvs.vtp'.
[2026-06-04 20:28:44.961] [warning] Couldn't find file 'metacarpal5_lvs.vtp'.
[2026-06-04 20:28:44.961] [warning] Couldn't find file 'little_proximal_lvs.vtp'.
[2026-06-04 20:28:44.961] [warning] Couldn't find file 'little_medial_lvs.vtp'.
[2026-06-04 20:28:44.961] [warning] Couldn't find file 'little_distal_lvs.vtp'.
[2026-06-04 20:28:44.961] [warning] Couldn't find file 'metacarpal1_lvs.vtp'.
[2026-06-04 20:28:44.961] [warning] Couldn't find file 'thumb_proximal_lvs.vtp'.
[2026-06-04 20:28:44.961] [warning] Couldn't find file 'thumb_distal_lvs.vtp'.
[2026-06-04 20:28:47.654] [info] Storage: read data file = ..\TrackingOptimization\surrogateData\MAData\gait_1\gait_1_MuscleAnalysis_MomentArm_hip_flexion_r.sto (nr=2525 nc=87)
[2026-06-04 20:28:47.783] [info] Storage: read data file = ..\TrackingOptimization\surrogateData\MAData\gait_1\gait_1_MuscleAnalysis_MomentArm_hip_flexion_r.sto (nr=2525 nc=87)
[2026-06-04 20:28:47.844] [info] Storage: read data file = ..\TrackingOptimization\surrogateData\MAData\gait_1\gait_1_MuscleAnalysis_MomentArm_hip_adduction_r.sto (nr=2525 nc=87)
[2026-06-04 20:28:47.980] [info] Storage: read data file = ..\TrackingOptimization\surrogateData\MAData\gait_1\gait_1_MuscleAnalysis_MomentArm_hip_rotation_r.sto (nr=2525 nc=87)
[2026-06-04 20:28:48.115] [info] Storage: read data file = ..\TrackingOptimization\surrogateData\MAData\gait_1\gait_1_MuscleAnalysis_MomentArm_knee_angle_r.sto (nr=2525 nc=87)
[2026-06-04 20:28:48.245] [info] Storage: read data file = ..\TrackingOptimization\surrogateData\MAData\gait_1\gait_1_MuscleAnalysis_MomentArm_ankle_angle_r.sto (nr=2525 nc=87)
[2026-06-04 20:28:48.373] [info] Storage: read data file = ..\TrackingOptimization\surrogateData\MAData\gait_1\gait_1_MuscleAnalysis_MomentArm_subtalar_angle_r.sto (nr=2525 nc=87)
[2026-06-04 20:28:48.500] [info] Storage: read data file = ..\TrackingOptimization\surrogateData\MAData\gait_1\gait_1_MuscleAnalysis_MomentArm_mtp_angle_r.sto (nr=2525 nc=87)
[2026-06-04 20:28:48.631] [info] Storage: read data file = ..\TrackingOptimization\surrogateData\MAData\gait_1\gait_1_MuscleAnalysis_MomentArm_hip_flexion_l.sto (nr=2525 nc=87)
[2026-06-04 20:28:48.766] [info] Storage: read data file = ..\TrackingOptimization\surrogateData\MAData\gait_1\gait_1_MuscleAnalysis_MomentArm_hip_adduction_l.sto (nr=2525 nc=87)
[2026-06-04 20:28:48.901] [info] Storage: read data file = ..\TrackingOptimization\surrogateData\MAData\gait_1\gait_1_MuscleAnalysis_MomentArm_hip_rotation_l.sto (nr=2525 nc=87)
[2026-06-04 20:28:49.035] [info] Storage: read data file = ..\TrackingOptimization\surrogateData\MAData\gait_1\gait_1_MuscleAnalysis_MomentArm_knee_angle_l.sto (nr=2525 nc=87)
[2026-06-04 20:28:49.165] [info] Storage: read data file = ..\TrackingOptimization\surrogateData\MAData\gait_1\gait_1_MuscleAnalysis_MomentArm_ankle_angle_l.sto (nr=2525 nc=87)
[2026-06-04 20:28:49.294] [info] Storage: read data file = ..\TrackingOptimization\surrogateData\MAData\gait_1\gait_1_MuscleAnalysis_MomentArm_subtalar_angle_l.sto (nr=2525 nc=87)
[2026-06-04 20:28:49.422] [info] Storage: read data file = ..\TrackingOptimization\surrogateData\MAData\gait_1\gait_1_MuscleAnalysis_MomentArm_mtp_angle_l.sto (nr=2525 nc=87)
[2026-06-04 20:28:49.565] [info] Storage: read data file = ..\TrackingOptimization\surrogateData\MAData\gait_1\gait_1_MuscleAnalysis_Length.sto (nr=2525 nc=87)
[2026-06-04 20:28:49.713] [info] Storage: read data file = ..\TrackingOptimization\surrogateData\MAData\gait_1\gait_1_MuscleAnalysis_Length.sto (nr=2525 nc=87)
[2026-06-04 20:28:50.505] [info] Loaded model Full_Body_Walking_Model-Scaled_Adjusted from file ..\UF_Subject_4_Scaled_JMP.osim
[2026-06-04 20:28:50.505] [warning] Couldn't find file 'r_pelvis.vtp'.
[2026-06-04 20:28:50.505] [warning] Couldn't find file 'l_pelvis.vtp'.
[2026-06-04 20:28:50.505] [warning] Couldn't find file 'sacrum.vtp'.
[2026-06-04 20:28:50.506] [warning] Couldn't find file 'r_femur.vtp'.
[2026-06-04 20:28:50.506] [warning] Couldn't find file 'r_patella.vtp'.
[2026-06-04 20:28:50.506] [warning] Couldn't find file 'r_tibia.vtp'.
[2026-06-04 20:28:50.506] [warning] Couldn't find file 'r_fibula.vtp'.
[2026-06-04 20:28:50.506] [warning] Couldn't find file 'r_talus.stl'.
[2026-06-04 20:28:50.506] [warning] Couldn't find file 'r_foot.vtp'.
[2026-06-04 20:28:50.506] [warning] Couldn't find file 'r_bofoot.vtp'.
[2026-06-04 20:28:50.506] [warning] Couldn't find file 'l_femur.vtp'.
[2026-06-04 20:28:50.506] [warning] Couldn't find file 'l_patella.vtp'.
[2026-06-04 20:28:50.506] [warning] Couldn't find file 'l_tibia.vtp'.
[2026-06-04 20:28:50.506] [warning] Couldn't find file 'l_fibula.vtp'.
[2026-06-04 20:28:50.506] [warning] Couldn't find file 'l_talus.stl'.
[2026-06-04 20:28:50.506] [warning] Couldn't find file 'l_foot.vtp'.
[2026-06-04 20:28:50.506] [warning] Couldn't find file 'l_bofoot.vtp'.
[2026-06-04 20:28:50.507] [warning] Couldn't find file 'hat_spine.vtp'.
[2026-06-04 20:28:50.507] [warning] Couldn't find file 'hat_jaw.vtp'.
[2026-06-04 20:28:50.507] [warning] Couldn't find file 'hat_skull.vtp'.
[2026-06-04 20:28:50.507] [warning] Couldn't find file 'hat_ribs_scap.vtp'.
[2026-06-04 20:28:50.507] [warning] Couldn't find file 'humerus_rv.vtp'.
[2026-06-04 20:28:50.507] [warning] Couldn't find file 'ulna_rv.vtp'.
[2026-06-04 20:28:50.507] [warning] Couldn't find file 'radius_rv.vtp'.
[2026-06-04 20:28:50.507] [warning] Couldn't find file 'pisiform_rvs.vtp'.
[2026-06-04 20:28:50.507] [warning] Couldn't find file 'lunate_rvs.vtp'.
[2026-06-04 20:28:50.507] [warning] Couldn't find file 'scaphoid_rvs.vtp'.
[2026-06-04 20:28:50.507] [warning] Couldn't find file 'triquetrum_rvs.vtp'.
[2026-06-04 20:28:50.507] [warning] Couldn't find file 'hamate_rvs.vtp'.
[2026-06-04 20:28:50.507] [warning] Couldn't find file 'capitate_rvs.vtp'.
[2026-06-04 20:28:50.507] [warning] Couldn't find file 'trapezoid_rvs.vtp'.
[2026-06-04 20:28:50.507] [warning] Couldn't find file 'trapezium_rvs.vtp'.
[2026-06-04 20:28:50.507] [warning] Couldn't find file 'metacarpal2_rvs.vtp'.
[2026-06-04 20:28:50.507] [warning] Couldn't find file 'index_proximal_rvs.vtp'.
[2026-06-04 20:28:50.508] [warning] Couldn't find file 'index_medial_rvs.vtp'.
[2026-06-04 20:28:50.508] [warning] Couldn't find file 'index_distal_rvs.vtp'.
[2026-06-04 20:28:50.508] [warning] Couldn't find file 'metacarpal3_rvs.vtp'.
[2026-06-04 20:28:50.508] [warning] Couldn't find file 'middle_proximal_rvs.vtp'.
[2026-06-04 20:28:50.508] [warning] Couldn't find file 'middle_medial_rvs.vtp'.
[2026-06-04 20:28:50.508] [warning] Couldn't find file 'middle_distal_rvs.vtp'.
[2026-06-04 20:28:50.508] [warning] Couldn't find file 'metacarpal4_rvs.vtp'.
[2026-06-04 20:28:50.508] [warning] Couldn't find file 'ring_proximal_rvs.vtp'.
[2026-06-04 20:28:50.508] [warning] Couldn't find file 'ring_medial_rvs.vtp'.
[2026-06-04 20:28:50.508] [warning] Couldn't find file 'ring_distal_rvs.vtp'.
[2026-06-04 20:28:50.508] [warning] Couldn't find file 'metacarpal5_rvs.vtp'.
[2026-06-04 20:28:50.508] [warning] Couldn't find file 'little_proximal_rvs.vtp'.
[2026-06-04 20:28:50.508] [warning] Couldn't find file 'little_medial_rvs.vtp'.
[2026-06-04 20:28:50.508] [warning] Couldn't find file 'little_distal_rvs.vtp'.
[2026-06-04 20:28:50.508] [warning] Couldn't find file 'metacarpal1_rvs.vtp'.
[2026-06-04 20:28:50.508] [warning] Couldn't find file 'thumb_proximal_rvs.vtp'.
[2026-06-04 20:28:50.508] [warning] Couldn't find file 'thumb_distal_rvs.vtp'.
[2026-06-04 20:28:50.509] [warning] Couldn't find file 'humerus_lv.vtp'.
[2026-06-04 20:28:50.509] [warning] Couldn't find file 'ulna_lv.vtp'.
[2026-06-04 20:28:50.509] [warning] Couldn't find file 'radius_lv.vtp'.
[2026-06-04 20:28:50.509] [warning] Couldn't find file 'pisiform_lvs.vtp'.
[2026-06-04 20:28:50.509] [warning] Couldn't find file 'lunate_lvs.vtp'.
[2026-06-04 20:28:50.509] [warning] Couldn't find file 'scaphoid_lvs.vtp'.
[2026-06-04 20:28:50.509] [warning] Couldn't find file 'triquetrum_lvs.vtp'.
[2026-06-04 20:28:50.509] [warning] Couldn't find file 'hamate_lvs.vtp'.
[2026-06-04 20:28:50.509] [warning] Couldn't find file 'capitate_lvs.vtp'.
[2026-06-04 20:28:50.509] [warning] Couldn't find file 'trapezoid_lvs.vtp'.
[2026-06-04 20:28:50.509] [warning] Couldn't find file 'trapezium_lvs.vtp'.
[2026-06-04 20:28:50.509] [warning] Couldn't find file 'metacarpal2_lvs.vtp'.
[2026-06-04 20:28:50.509] [warning] Couldn't find file 'index_proximal_lvs.vtp'.
[2026-06-04 20:28:50.509] [warning] Couldn't find file 'index_medial_lvs.vtp'.
[2026-06-04 20:28:50.509] [warning] Couldn't find file 'index_distal_lvs.vtp'.
[2026-06-04 20:28:50.509] [warning] Couldn't find file 'metacarpal3_lvs.vtp'.
[2026-06-04 20:28:50.509] [warning] Couldn't find file 'middle_proximal_lvs.vtp'.
[2026-06-04 20:28:50.509] [warning] Couldn't find file 'middle_medial_lvs.vtp'.
[2026-06-04 20:28:50.510] [warning] Couldn't find file 'middle_distal_lvs.vtp'.
[2026-06-04 20:28:50.510] [warning] Couldn't find file 'metacarpal4_lvs.vtp'.
[2026-06-04 20:28:50.510] [warning] Couldn't find file 'ring_proximal_lvs.vtp'.
[2026-06-04 20:28:50.510] [warning] Couldn't find file 'ring_medial_lvs.vtp'.
[2026-06-04 20:28:50.510] [warning] Couldn't find file 'ring_distal_lvs.vtp'.
[2026-06-04 20:28:50.510] [warning] Couldn't find file 'metacarpal5_lvs.vtp'.
[2026-06-04 20:28:50.510] [warning] Couldn't find file 'little_proximal_lvs.vtp'.
[2026-06-04 20:28:50.510] [warning] Couldn't find file 'little_medial_lvs.vtp'.
[2026-06-04 20:28:50.510] [warning] Couldn't find file 'little_distal_lvs.vtp'.
[2026-06-04 20:28:50.510] [warning] Couldn't find file 'metacarpal1_lvs.vtp'.
[2026-06-04 20:28:50.510] [warning] Couldn't find file 'thumb_proximal_lvs.vtp'.
[2026-06-04 20:28:50.510] [warning] Couldn't find file 'thumb_distal_lvs.vtp'.
[2026-06-04 20:28:50.607] [warning] ForceSet 'forceset' has subcomponents with duplicate name 'pointactuator'. The duplicate is being renamed to 'pointactuator_0'.
[2026-06-04 20:28:50.610] [warning] ForceSet 'forceset' has subcomponents with duplicate name 'pointactuator'. The duplicate is being renamed to 'pointactuator_1'.
[2026-06-04 20:28:50.612] [warning] ForceSet 'forceset' has subcomponents with duplicate name 'pointactuator'. The duplicate is being renamed to 'pointactuator_2'.
[2026-06-04 20:28:50.614] [warning] ForceSet 'forceset' has subcomponents with duplicate name 'pointactuator'. The duplicate is being renamed to 'pointactuator_3'.
[2026-06-04 20:28:50.616] [warning] ForceSet 'forceset' has subcomponents with duplicate name 'pointactuator'. The duplicate is being renamed to 'pointactuator_4'.
[2026-06-04 20:28:50.621] [warning] ForceSet 'forceset' has subcomponents with duplicate name 'torqueactuator'. The duplicate is being renamed to 'torqueactuator_0'.
[2026-06-04 20:28:50.623] [warning] ForceSet 'forceset' has subcomponents with duplicate name 'torqueactuator'. The duplicate is being renamed to 'torqueactuator_1'.
[2026-06-04 20:28:50.625] [warning] ForceSet 'forceset' has subcomponents with duplicate name 'torqueactuator'. The duplicate is being renamed to 'torqueactuator_2'.
[2026-06-04 20:28:50.628] [warning] ForceSet 'forceset' has subcomponents with duplicate name 'torqueactuator'. The duplicate is being renamed to 'torqueactuator_3'.
[2026-06-04 20:28:50.630] [warning] ForceSet 'forceset' has subcomponents with duplicate name 'torqueactuator'. The duplicate is being renamed to 'torqueactuator_4'.
[2026-06-04 20:28:50.632] [warning] ForceSet 'forceset' has subcomponents with duplicate name 'pointactuator'. The duplicate is being renamed to 'pointactuator_5'.
[2026-06-04 20:28:50.635] [warning] ForceSet 'forceset' has subcomponents with duplicate name 'pointactuator'. The duplicate is being renamed to 'pointactuator_6'.
[2026-06-04 20:28:50.637] [warning] ForceSet 'forceset' has subcomponents with duplicate name 'pointactuator'. The duplicate is being renamed to 'pointactuator_7'.
[2026-06-04 20:28:50.639] [warning] ForceSet 'forceset' has subcomponents with duplicate name 'pointactuator'. The duplicate is being renamed to 'pointactuator_8'.
[2026-06-04 20:28:50.641] [warning] ForceSet 'forceset' has subcomponents with duplicate name 'pointactuator'. The duplicate is being renamed to 'pointactuator_9'.
[2026-06-04 20:28:50.644] [warning] ForceSet 'forceset' has subcomponents with duplicate name 'pointactuator'. The duplicate is being renamed to 'pointactuator_10'.
[2026-06-04 20:28:50.646] [warning] ForceSet 'forceset' has subcomponents with duplicate name 'torqueactuator'. The duplicate is being renamed to 'torqueactuator_5'.
[2026-06-04 20:28:50.648] [warning] ForceSet 'forceset' has subcomponents with duplicate name 'torqueactuator'. The duplicate is being renamed to 'torqueactuator_6'.
[2026-06-04 20:28:50.650] [warning] ForceSet 'forceset' has subcomponents with duplicate name 'torqueactuator'. The duplicate is being renamed to 'torqueactuator_7'.
[2026-06-04 20:28:50.652] [warning] ForceSet 'forceset' has subcomponents with duplicate name 'torqueactuator'. The duplicate is being renamed to 'torqueactuator_8'.
[2026-06-04 20:28:50.655] [warning] ForceSet 'forceset' has subcomponents with duplicate name 'torqueactuator'. The duplicate is being renamed to 'torqueactuator_9'.
[2026-06-04 20:28:50.657] [warning] ForceSet 'forceset' has subcomponents with duplicate name 'torqueactuator'. The duplicate is being renamed to 'torqueactuator_10'.
[2026-06-04 20:28:50.723] [info] Loaded model Full_Body_Walking_Model-Scaled_Adjusted from file ..\UF_Subject_4_Scaled_JMP_inactiveMuscles.osim
[2026-06-04 20:28:50.724] [warning] Couldn't find file 'r_pelvis.vtp'.
[2026-06-04 20:28:50.724] [warning] Couldn't find file 'l_pelvis.vtp'.
[2026-06-04 20:28:50.724] [warning] Couldn't find file 'sacrum.vtp'.
[2026-06-04 20:28:50.724] [warning] Couldn't find file 'r_femur.vtp'.
[2026-06-04 20:28:50.724] [warning] Couldn't find file 'r_patella.vtp'.
[2026-06-04 20:28:50.724] [warning] Couldn't find file 'r_tibia.vtp'.
[2026-06-04 20:28:50.724] [warning] Couldn't find file 'r_fibula.vtp'.
[2026-06-04 20:28:50.725] [warning] Couldn't find file 'r_talus.stl'.
[2026-06-04 20:28:50.725] [warning] Couldn't find file 'r_foot.vtp'.
[2026-06-04 20:28:50.725] [warning] Couldn't find file 'r_bofoot.vtp'.
[2026-06-04 20:28:50.725] [warning] Couldn't find file 'l_femur.vtp'.
[2026-06-04 20:28:50.725] [warning] Couldn't find file 'l_patella.vtp'.
[2026-06-04 20:28:50.725] [warning] Couldn't find file 'l_tibia.vtp'.
[2026-06-04 20:28:50.725] [warning] Couldn't find file 'l_fibula.vtp'.
[2026-06-04 20:28:50.725] [warning] Couldn't find file 'l_talus.stl'.
[2026-06-04 20:28:50.725] [warning] Couldn't find file 'l_foot.vtp'.
[2026-06-04 20:28:50.725] [warning] Couldn't find file 'l_bofoot.vtp'.
[2026-06-04 20:28:50.725] [warning] Couldn't find file 'hat_spine.vtp'.
[2026-06-04 20:28:50.725] [warning] Couldn't find file 'hat_jaw.vtp'.
[2026-06-04 20:28:50.725] [warning] Couldn't find file 'hat_skull.vtp'.
[2026-06-04 20:28:50.725] [warning] Couldn't find file 'hat_ribs_scap.vtp'.
[2026-06-04 20:28:50.725] [warning] Couldn't find file 'humerus_rv.vtp'.
[2026-06-04 20:28:50.725] [warning] Couldn't find file 'ulna_rv.vtp'.
[2026-06-04 20:28:50.726] [warning] Couldn't find file 'radius_rv.vtp'.
[2026-06-04 20:28:50.726] [warning] Couldn't find file 'pisiform_rvs.vtp'.
[2026-06-04 20:28:50.726] [warning] Couldn't find file 'lunate_rvs.vtp'.
[2026-06-04 20:28:50.726] [warning] Couldn't find file 'scaphoid_rvs.vtp'.
[2026-06-04 20:28:50.726] [warning] Couldn't find file 'triquetrum_rvs.vtp'.
[2026-06-04 20:28:50.726] [warning] Couldn't find file 'hamate_rvs.vtp'.
[2026-06-04 20:28:50.726] [warning] Couldn't find file 'capitate_rvs.vtp'.
[2026-06-04 20:28:50.726] [warning] Couldn't find file 'trapezoid_rvs.vtp'.
[2026-06-04 20:28:50.726] [warning] Couldn't find file 'trapezium_rvs.vtp'.
[2026-06-04 20:28:50.726] [warning] Couldn't find file 'metacarpal2_rvs.vtp'.
[2026-06-04 20:28:50.726] [warning] Couldn't find file 'index_proximal_rvs.vtp'.
[2026-06-04 20:28:50.726] [warning] Couldn't find file 'index_medial_rvs.vtp'.
[2026-06-04 20:28:50.726] [warning] Couldn't find file 'index_distal_rvs.vtp'.
[2026-06-04 20:28:50.726] [warning] Couldn't find file 'metacarpal3_rvs.vtp'.
[2026-06-04 20:28:50.726] [warning] Couldn't find file 'middle_proximal_rvs.vtp'.
[2026-06-04 20:28:50.726] [warning] Couldn't find file 'middle_medial_rvs.vtp'.
[2026-06-04 20:28:50.726] [warning] Couldn't find file 'middle_distal_rvs.vtp'.
[2026-06-04 20:28:50.726] [warning] Couldn't find file 'metacarpal4_rvs.vtp'.
[2026-06-04 20:28:50.727] [warning] Couldn't find file 'ring_proximal_rvs.vtp'.
[2026-06-04 20:28:50.727] [warning] Couldn't find file 'ring_medial_rvs.vtp'.
[2026-06-04 20:28:50.727] [warning] Couldn't find file 'ring_distal_rvs.vtp'.
[2026-06-04 20:28:50.727] [warning] Couldn't find file 'metacarpal5_rvs.vtp'.
[2026-06-04 20:28:50.727] [warning] Couldn't find file 'little_proximal_rvs.vtp'.
[2026-06-04 20:28:50.727] [warning] Couldn't find file 'little_medial_rvs.vtp'.
[2026-06-04 20:28:50.727] [warning] Couldn't find file 'little_distal_rvs.vtp'.
[2026-06-04 20:28:50.727] [warning] Couldn't find file 'metacarpal1_rvs.vtp'.
[2026-06-04 20:28:50.727] [warning] Couldn't find file 'thumb_proximal_rvs.vtp'.
[2026-06-04 20:28:50.727] [warning] Couldn't find file 'thumb_distal_rvs.vtp'.
[2026-06-04 20:28:50.727] [warning] Couldn't find file 'humerus_lv.vtp'.
[2026-06-04 20:28:50.727] [warning] Couldn't find file 'ulna_lv.vtp'.
[2026-06-04 20:28:50.727] [warning] Couldn't find file 'radius_lv.vtp'.
[2026-06-04 20:28:50.727] [warning] Couldn't find file 'pisiform_lvs.vtp'.
[2026-06-04 20:28:50.727] [warning] Couldn't find file 'lunate_lvs.vtp'.
[2026-06-04 20:28:50.727] [warning] Couldn't find file 'scaphoid_lvs.vtp'.
[2026-06-04 20:28:50.727] [warning] Couldn't find file 'triquetrum_lvs.vtp'.
[2026-06-04 20:28:50.728] [warning] Couldn't find file 'hamate_lvs.vtp'.
[2026-06-04 20:28:50.728] [warning] Couldn't find file 'capitate_lvs.vtp'.
[2026-06-04 20:28:50.728] [warning] Couldn't find file 'trapezoid_lvs.vtp'.
[2026-06-04 20:28:50.728] [warning] Couldn't find file 'trapezium_lvs.vtp'.
[2026-06-04 20:28:50.728] [warning] Couldn't find file 'metacarpal2_lvs.vtp'.
[2026-06-04 20:28:50.728] [warning] Couldn't find file 'index_proximal_lvs.vtp'.
[2026-06-04 20:28:50.728] [warning] Couldn't find file 'index_medial_lvs.vtp'.
[2026-06-04 20:28:50.728] [warning] Couldn't find file 'index_distal_lvs.vtp'.
[2026-06-04 20:28:50.728] [warning] Couldn't find file 'metacarpal3_lvs.vtp'.
[2026-06-04 20:28:50.728] [warning] Couldn't find file 'middle_proximal_lvs.vtp'.
[2026-06-04 20:28:50.728] [warning] Couldn't find file 'middle_medial_lvs.vtp'.
[2026-06-04 20:28:50.728] [warning] Couldn't find file 'middle_distal_lvs.vtp'.
[2026-06-04 20:28:50.728] [warning] Couldn't find file 'metacarpal4_lvs.vtp'.
[2026-06-04 20:28:50.728] [warning] Couldn't find file 'ring_proximal_lvs.vtp'.
[2026-06-04 20:28:50.728] [warning] Couldn't find file 'ring_medial_lvs.vtp'.
[2026-06-04 20:28:50.728] [warning] Couldn't find file 'ring_distal_lvs.vtp'.
[2026-06-04 20:28:50.728] [warning] Couldn't find file 'metacarpal5_lvs.vtp'.
[2026-06-04 20:28:50.728] [warning] Couldn't find file 'little_proximal_lvs.vtp'.
[2026-06-04 20:28:50.728] [warning] Couldn't find file 'little_medial_lvs.vtp'.
[2026-06-04 20:28:50.729] [warning] Couldn't find file 'little_distal_lvs.vtp'.
[2026-06-04 20:28:50.729] [warning] Couldn't find file 'metacarpal1_lvs.vtp'.
[2026-06-04 20:28:50.729] [warning] Couldn't find file 'thumb_proximal_lvs.vtp'.
[2026-06-04 20:28:50.729] [warning] Couldn't find file 'thumb_distal_lvs.vtp'.
[2026-06-04 20:28:50.781] [info] Loaded model Full_Body_Walking_Model-Scaled_Adjusted from file ..\UF_Subject_4_Scaled_JMP_inactiveMuscles.osim
[2026-06-04 20:28:50.782] [warning] Couldn't find file 'r_pelvis.vtp'.
[2026-06-04 20:28:50.782] [warning] Couldn't find file 'l_pelvis.vtp'.
[2026-06-04 20:28:50.782] [warning] Couldn't find file 'sacrum.vtp'.
[2026-06-04 20:28:50.782] [warning] Couldn't find file 'r_femur.vtp'.
[2026-06-04 20:28:50.782] [warning] Couldn't find file 'r_patella.vtp'.
[2026-06-04 20:28:50.782] [warning] Couldn't find file 'r_tibia.vtp'.
[2026-06-04 20:28:50.782] [warning] Couldn't find file 'r_fibula.vtp'.
[2026-06-04 20:28:50.782] [warning] Couldn't find file 'r_talus.stl'.
[2026-06-04 20:28:50.782] [warning] Couldn't find file 'r_foot.vtp'.
[2026-06-04 20:28:50.782] [warning] Couldn't find file 'r_bofoot.vtp'.
[2026-06-04 20:28:50.782] [warning] Couldn't find file 'l_femur.vtp'.
[2026-06-04 20:28:50.782] [warning] Couldn't find file 'l_patella.vtp'.
[2026-06-04 20:28:50.782] [warning] Couldn't find file 'l_tibia.vtp'.
[2026-06-04 20:28:50.782] [warning] Couldn't find file 'l_fibula.vtp'.
[2026-06-04 20:28:50.783] [warning] Couldn't find file 'l_talus.stl'.
[2026-06-04 20:28:50.783] [warning] Couldn't find file 'l_foot.vtp'.
[2026-06-04 20:28:50.783] [warning] Couldn't find file 'l_bofoot.vtp'.
[2026-06-04 20:28:50.783] [warning] Couldn't find file 'hat_spine.vtp'.
[2026-06-04 20:28:50.783] [warning] Couldn't find file 'hat_jaw.vtp'.
[2026-06-04 20:28:50.783] [warning] Couldn't find file 'hat_skull.vtp'.
[2026-06-04 20:28:50.783] [warning] Couldn't find file 'hat_ribs_scap.vtp'.
[2026-06-04 20:28:50.783] [warning] Couldn't find file 'humerus_rv.vtp'.
[2026-06-04 20:28:50.783] [warning] Couldn't find file 'ulna_rv.vtp'.
[2026-06-04 20:28:50.783] [warning] Couldn't find file 'radius_rv.vtp'.
[2026-06-04 20:28:50.783] [warning] Couldn't find file 'pisiform_rvs.vtp'.
[2026-06-04 20:28:50.783] [warning] Couldn't find file 'lunate_rvs.vtp'.
[2026-06-04 20:28:50.783] [warning] Couldn't find file 'scaphoid_rvs.vtp'.
[2026-06-04 20:28:50.783] [warning] Couldn't find file 'triquetrum_rvs.vtp'.
[2026-06-04 20:28:50.783] [warning] Couldn't find file 'hamate_rvs.vtp'.
[2026-06-04 20:28:50.783] [warning] Couldn't find file 'capitate_rvs.vtp'.
[2026-06-04 20:28:50.783] [warning] Couldn't find file 'trapezoid_rvs.vtp'.
[2026-06-04 20:28:50.784] [warning] Couldn't find file 'trapezium_rvs.vtp'.
[2026-06-04 20:28:50.784] [warning] Couldn't find file 'metacarpal2_rvs.vtp'.
[2026-06-04 20:28:50.784] [warning] Couldn't find file 'index_proximal_rvs.vtp'.
[2026-06-04 20:28:50.784] [warning] Couldn't find file 'index_medial_rvs.vtp'.
[2026-06-04 20:28:50.784] [warning] Couldn't find file 'index_distal_rvs.vtp'.
[2026-06-04 20:28:50.784] [warning] Couldn't find file 'metacarpal3_rvs.vtp'.
[2026-06-04 20:28:50.784] [warning] Couldn't find file 'middle_proximal_rvs.vtp'.
[2026-06-04 20:28:50.784] [warning] Couldn't find file 'middle_medial_rvs.vtp'.
[2026-06-04 20:28:50.784] [warning] Couldn't find file 'middle_distal_rvs.vtp'.
[2026-06-04 20:28:50.784] [warning] Couldn't find file 'metacarpal4_rvs.vtp'.
[2026-06-04 20:28:50.784] [warning] Couldn't find file 'ring_proximal_rvs.vtp'.
[2026-06-04 20:28:50.784] [warning] Couldn't find file 'ring_medial_rvs.vtp'.
[2026-06-04 20:28:50.784] [warning] Couldn't find file 'ring_distal_rvs.vtp'.
[2026-06-04 20:28:50.784] [warning] Couldn't find file 'metacarpal5_rvs.vtp'.
[2026-06-04 20:28:50.784] [warning] Couldn't find file 'little_proximal_rvs.vtp'.
[2026-06-04 20:28:50.784] [warning] Couldn't find file 'little_medial_rvs.vtp'.
[2026-06-04 20:28:50.785] [warning] Couldn't find file 'little_distal_rvs.vtp'.
[2026-06-04 20:28:50.785] [warning] Couldn't find file 'metacarpal1_rvs.vtp'.
[2026-06-04 20:28:50.785] [warning] Couldn't find file 'thumb_proximal_rvs.vtp'.
[2026-06-04 20:28:50.785] [warning] Couldn't find file 'thumb_distal_rvs.vtp'.
[2026-06-04 20:28:50.785] [warning] Couldn't find file 'humerus_lv.vtp'.
[2026-06-04 20:28:50.785] [warning] Couldn't find file 'ulna_lv.vtp'.
[2026-06-04 20:28:50.785] [warning] Couldn't find file 'radius_lv.vtp'.
[2026-06-04 20:28:50.785] [warning] Couldn't find file 'pisiform_lvs.vtp'.
[2026-06-04 20:28:50.785] [warning] Couldn't find file 'lunate_lvs.vtp'.
[2026-06-04 20:28:50.785] [warning] Couldn't find file 'scaphoid_lvs.vtp'.
[2026-06-04 20:28:50.785] [warning] Couldn't find file 'triquetrum_lvs.vtp'.
[2026-06-04 20:28:50.785] [warning] Couldn't find file 'hamate_lvs.vtp'.
[2026-06-04 20:28:50.785] [warning] Couldn't find file 'capitate_lvs.vtp'.
[2026-06-04 20:28:50.785] [warning] Couldn't find file 'trapezoid_lvs.vtp'.
[2026-06-04 20:28:50.785] [warning] Couldn't find file 'trapezium_lvs.vtp'.
[2026-06-04 20:28:50.785] [warning] Couldn't find file 'metacarpal2_lvs.vtp'.
[2026-06-04 20:28:50.785] [warning] Couldn't find file 'index_proximal_lvs.vtp'.
[2026-06-04 20:28:50.786] [warning] Couldn't find file 'index_medial_lvs.vtp'.
[2026-06-04 20:28:50.786] [warning] Couldn't find file 'index_distal_lvs.vtp'.
[2026-06-04 20:28:50.786] [warning] Couldn't find file 'metacarpal3_lvs.vtp'.
[2026-06-04 20:28:50.786] [warning] Couldn't find file 'middle_proximal_lvs.vtp'.
[2026-06-04 20:28:50.786] [warning] Couldn't find file 'middle_medial_lvs.vtp'.
[2026-06-04 20:28:50.786] [warning] Couldn't find file 'middle_distal_lvs.vtp'.
[2026-06-04 20:28:50.786] [warning] Couldn't find file 'metacarpal4_lvs.vtp'.
[2026-06-04 20:28:50.786] [warning] Couldn't find file 'ring_proximal_lvs.vtp'.
[2026-06-04 20:28:50.786] [warning] Couldn't find file 'ring_medial_lvs.vtp'.
[2026-06-04 20:28:50.786] [warning] Couldn't find file 'ring_distal_lvs.vtp'.
[2026-06-04 20:28:50.786] [warning] Couldn't find file 'metacarpal5_lvs.vtp'.
[2026-06-04 20:28:50.786] [warning] Couldn't find file 'little_proximal_lvs.vtp'.
[2026-06-04 20:28:50.786] [warning] Couldn't find file 'little_medial_lvs.vtp'.
[2026-06-04 20:28:50.786] [warning] Couldn't find file 'little_distal_lvs.vtp'.
[2026-06-04 20:28:50.786] [warning] Couldn't find file 'metacarpal1_lvs.vtp'.
[2026-06-04 20:28:50.786] [warning] Couldn't find file 'thumb_proximal_lvs.vtp'.
[2026-06-04 20:28:50.786] [warning] Couldn't find file 'thumb_distal_lvs.vtp'.
[2026-06-04 20:28:51.051] [info] Loaded model Full_Body_Walking_Model-Scaled_Adjusted from file ..\UF_Subject_4_Scaled_JMP_inactiveMuscles.osim
[2026-06-04 20:28:51.051] [warning] Couldn't find file 'r_pelvis.vtp'.
[2026-06-04 20:28:51.051] [warning] Couldn't find file 'l_pelvis.vtp'.
[2026-06-04 20:28:51.051] [warning] Couldn't find file 'sacrum.vtp'.
[2026-06-04 20:28:51.051] [warning] Couldn't find file 'r_femur.vtp'.
[2026-06-04 20:28:51.051] [warning] Couldn't find file 'r_patella.vtp'.
[2026-06-04 20:28:51.051] [warning] Couldn't find file 'r_tibia.vtp'.
[2026-06-04 20:28:51.052] [warning] Couldn't find file 'r_fibula.vtp'.
[2026-06-04 20:28:51.052] [warning] Couldn't find file 'r_talus.stl'.
[2026-06-04 20:28:51.052] [warning] Couldn't find file 'r_foot.vtp'.
[2026-06-04 20:28:51.052] [warning] Couldn't find file 'r_bofoot.vtp'.
[2026-06-04 20:28:51.052] [warning] Couldn't find file 'l_femur.vtp'.
[2026-06-04 20:28:51.052] [warning] Couldn't find file 'l_patella.vtp'.
[2026-06-04 20:28:51.052] [warning] Couldn't find file 'l_tibia.vtp'.
[2026-06-04 20:28:51.052] [warning] Couldn't find file 'l_fibula.vtp'.
[2026-06-04 20:28:51.052] [warning] Couldn't find file 'l_talus.stl'.
[2026-06-04 20:28:51.052] [warning] Couldn't find file 'l_foot.vtp'.
[2026-06-04 20:28:51.052] [warning] Couldn't find file 'l_bofoot.vtp'.
[2026-06-04 20:28:51.052] [warning] Couldn't find file 'hat_spine.vtp'.
[2026-06-04 20:28:51.052] [warning] Couldn't find file 'hat_jaw.vtp'.
[2026-06-04 20:28:51.052] [warning] Couldn't find file 'hat_skull.vtp'.
[2026-06-04 20:28:51.052] [warning] Couldn't find file 'hat_ribs_scap.vtp'.
[2026-06-04 20:28:51.052] [warning] Couldn't find file 'humerus_rv.vtp'.
[2026-06-04 20:28:51.052] [warning] Couldn't find file 'ulna_rv.vtp'.
[2026-06-04 20:28:51.052] [warning] Couldn't find file 'radius_rv.vtp'.
[2026-06-04 20:28:51.053] [warning] Couldn't find file 'pisiform_rvs.vtp'.
[2026-06-04 20:28:51.053] [warning] Couldn't find file 'lunate_rvs.vtp'.
[2026-06-04 20:28:51.053] [warning] Couldn't find file 'scaphoid_rvs.vtp'.
[2026-06-04 20:28:51.053] [warning] Couldn't find file 'triquetrum_rvs.vtp'.
[2026-06-04 20:28:51.053] [warning] Couldn't find file 'hamate_rvs.vtp'.
[2026-06-04 20:28:51.053] [warning] Couldn't find file 'capitate_rvs.vtp'.
[2026-06-04 20:28:51.053] [warning] Couldn't find file 'trapezoid_rvs.vtp'.
[2026-06-04 20:28:51.053] [warning] Couldn't find file 'trapezium_rvs.vtp'.
[2026-06-04 20:28:51.053] [warning] Couldn't find file 'metacarpal2_rvs.vtp'.
[2026-06-04 20:28:51.053] [warning] Couldn't find file 'index_proximal_rvs.vtp'.
[2026-06-04 20:28:51.053] [warning] Couldn't find file 'index_medial_rvs.vtp'.
[2026-06-04 20:28:51.053] [warning] Couldn't find file 'index_distal_rvs.vtp'.
[2026-06-04 20:28:51.053] [warning] Couldn't find file 'metacarpal3_rvs.vtp'.
[2026-06-04 20:28:51.053] [warning] Couldn't find file 'middle_proximal_rvs.vtp'.
[2026-06-04 20:28:51.053] [warning] Couldn't find file 'middle_medial_rvs.vtp'.
[2026-06-04 20:28:51.053] [warning] Couldn't find file 'middle_distal_rvs.vtp'.
[2026-06-04 20:28:51.053] [warning] Couldn't find file 'metacarpal4_rvs.vtp'.
[2026-06-04 20:28:51.053] [warning] Couldn't find file 'ring_proximal_rvs.vtp'.
[2026-06-04 20:28:51.053] [warning] Couldn't find file 'ring_medial_rvs.vtp'.
[2026-06-04 20:28:51.053] [warning] Couldn't find file 'ring_distal_rvs.vtp'.
[2026-06-04 20:28:51.053] [warning] Couldn't find file 'metacarpal5_rvs.vtp'.
[2026-06-04 20:28:51.054] [warning] Couldn't find file 'little_proximal_rvs.vtp'.
[2026-06-04 20:28:51.054] [warning] Couldn't find file 'little_medial_rvs.vtp'.
[2026-06-04 20:28:51.054] [warning] Couldn't find file 'little_distal_rvs.vtp'.
[2026-06-04 20:28:51.054] [warning] Couldn't find file 'metacarpal1_rvs.vtp'.
[2026-06-04 20:28:51.054] [warning] Couldn't find file 'thumb_proximal_rvs.vtp'.
[2026-06-04 20:28:51.054] [warning] Couldn't find file 'thumb_distal_rvs.vtp'.
[2026-06-04 20:28:51.054] [warning] Couldn't find file 'humerus_lv.vtp'.
[2026-06-04 20:28:51.054] [warning] Couldn't find file 'ulna_lv.vtp'.
[2026-06-04 20:28:51.054] [warning] Couldn't find file 'radius_lv.vtp'.
[2026-06-04 20:28:51.054] [warning] Couldn't find file 'pisiform_lvs.vtp'.
[2026-06-04 20:28:51.054] [warning] Couldn't find file 'lunate_lvs.vtp'.
[2026-06-04 20:28:51.054] [warning] Couldn't find file 'scaphoid_lvs.vtp'.
[2026-06-04 20:28:51.054] [warning] Couldn't find file 'triquetrum_lvs.vtp'.
[2026-06-04 20:28:51.054] [warning] Couldn't find file 'hamate_lvs.vtp'.
[2026-06-04 20:28:51.054] [warning] Couldn't find file 'capitate_lvs.vtp'.
[2026-06-04 20:28:51.054] [warning] Couldn't find file 'trapezoid_lvs.vtp'.
[2026-06-04 20:28:51.054] [warning] Couldn't find file 'trapezium_lvs.vtp'.
[2026-06-04 20:28:51.054] [warning] Couldn't find file 'metacarpal2_lvs.vtp'.
[2026-06-04 20:28:51.054] [warning] Couldn't find file 'index_proximal_lvs.vtp'.
[2026-06-04 20:28:51.054] [warning] Couldn't find file 'index_medial_lvs.vtp'.
[2026-06-04 20:28:51.055] [warning] Couldn't find file 'index_distal_lvs.vtp'.
[2026-06-04 20:28:51.055] [warning] Couldn't find file 'metacarpal3_lvs.vtp'.
[2026-06-04 20:28:51.055] [warning] Couldn't find file 'middle_proximal_lvs.vtp'.
[2026-06-04 20:28:51.055] [warning] Couldn't find file 'middle_medial_lvs.vtp'.
[2026-06-04 20:28:51.055] [warning] Couldn't find file 'middle_distal_lvs.vtp'.
[2026-06-04 20:28:51.055] [warning] Couldn't find file 'metacarpal4_lvs.vtp'.
[2026-06-04 20:28:51.055] [warning] Couldn't find file 'ring_proximal_lvs.vtp'.
[2026-06-04 20:28:51.055] [warning] Couldn't find file 'ring_medial_lvs.vtp'.
[2026-06-04 20:28:51.055] [warning] Couldn't find file 'ring_distal_lvs.vtp'.
[2026-06-04 20:28:51.055] [warning] Couldn't find file 'metacarpal5_lvs.vtp'.
[2026-06-04 20:28:51.055] [warning] Couldn't find file 'little_proximal_lvs.vtp'.
[2026-06-04 20:28:51.055] [warning] Couldn't find file 'little_medial_lvs.vtp'.
[2026-06-04 20:28:51.055] [warning] Couldn't find file 'little_distal_lvs.vtp'.
[2026-06-04 20:28:51.055] [warning] Couldn't find file 'metacarpal1_lvs.vtp'.
[2026-06-04 20:28:51.055] [warning] Couldn't find file 'thumb_proximal_lvs.vtp'.
[2026-06-04 20:28:51.055] [warning] Couldn't find file 'thumb_distal_lvs.vtp'.
[2026-06-04 20:28:51.091] [info] Loaded model Full_Body_Walking_Model-Scaled_Adjusted from file ..\UF_Subject_4_Scaled_JMP_inactiveMuscles.osim
[2026-06-04 20:28:51.091] [warning] Couldn't find file 'r_pelvis.vtp'.
[2026-06-04 20:28:51.091] [warning] Couldn't find file 'l_pelvis.vtp'.
[2026-06-04 20:28:51.091] [warning] Couldn't find file 'sacrum.vtp'.
[2026-06-04 20:28:51.091] [warning] Couldn't find file 'r_femur.vtp'.
[2026-06-04 20:28:51.091] [warning] Couldn't find file 'r_patella.vtp'.
[2026-06-04 20:28:51.092] [warning] Couldn't find file 'r_tibia.vtp'.
[2026-06-04 20:28:51.092] [warning] Couldn't find file 'r_fibula.vtp'.
[2026-06-04 20:28:51.092] [warning] Couldn't find file 'r_talus.stl'.
[2026-06-04 20:28:51.092] [warning] Couldn't find file 'r_foot.vtp'.
[2026-06-04 20:28:51.092] [warning] Couldn't find file 'r_bofoot.vtp'.
[2026-06-04 20:28:51.092] [warning] Couldn't find file 'l_femur.vtp'.
[2026-06-04 20:28:51.092] [warning] Couldn't find file 'l_patella.vtp'.
[2026-06-04 20:28:51.092] [warning] Couldn't find file 'l_tibia.vtp'.
[2026-06-04 20:28:51.092] [warning] Couldn't find file 'l_fibula.vtp'.
[2026-06-04 20:28:51.092] [warning] Couldn't find file 'l_talus.stl'.
[2026-06-04 20:28:51.092] [warning] Couldn't find file 'l_foot.vtp'.
[2026-06-04 20:28:51.092] [warning] Couldn't find file 'l_bofoot.vtp'.
[2026-06-04 20:28:51.092] [warning] Couldn't find file 'hat_spine.vtp'.
[2026-06-04 20:28:51.092] [warning] Couldn't find file 'hat_jaw.vtp'.
[2026-06-04 20:28:51.092] [warning] Couldn't find file 'hat_skull.vtp'.
[2026-06-04 20:28:51.092] [warning] Couldn't find file 'hat_ribs_scap.vtp'.
[2026-06-04 20:28:51.092] [warning] Couldn't find file 'humerus_rv.vtp'.
[2026-06-04 20:28:51.092] [warning] Couldn't find file 'ulna_rv.vtp'.
[2026-06-04 20:28:51.093] [warning] Couldn't find file 'radius_rv.vtp'.
[2026-06-04 20:28:51.093] [warning] Couldn't find file 'pisiform_rvs.vtp'.
[2026-06-04 20:28:51.093] [warning] Couldn't find file 'lunate_rvs.vtp'.
[2026-06-04 20:28:51.093] [warning] Couldn't find file 'scaphoid_rvs.vtp'.
[2026-06-04 20:28:51.093] [warning] Couldn't find file 'triquetrum_rvs.vtp'.
[2026-06-04 20:28:51.093] [warning] Couldn't find file 'hamate_rvs.vtp'.
[2026-06-04 20:28:51.093] [warning] Couldn't find file 'capitate_rvs.vtp'.
[2026-06-04 20:28:51.093] [warning] Couldn't find file 'trapezoid_rvs.vtp'.
[2026-06-04 20:28:51.093] [warning] Couldn't find file 'trapezium_rvs.vtp'.
[2026-06-04 20:28:51.093] [warning] Couldn't find file 'metacarpal2_rvs.vtp'.
[2026-06-04 20:28:51.093] [warning] Couldn't find file 'index_proximal_rvs.vtp'.
[2026-06-04 20:28:51.093] [warning] Couldn't find file 'index_medial_rvs.vtp'.
[2026-06-04 20:28:51.093] [warning] Couldn't find file 'index_distal_rvs.vtp'.
[2026-06-04 20:28:51.093] [warning] Couldn't find file 'metacarpal3_rvs.vtp'.
[2026-06-04 20:28:51.093] [warning] Couldn't find file 'middle_proximal_rvs.vtp'.
[2026-06-04 20:28:51.093] [warning] Couldn't find file 'middle_medial_rvs.vtp'.
[2026-06-04 20:28:51.093] [warning] Couldn't find file 'middle_distal_rvs.vtp'.
[2026-06-04 20:28:51.093] [warning] Couldn't find file 'metacarpal4_rvs.vtp'.
[2026-06-04 20:28:51.093] [warning] Couldn't find file 'ring_proximal_rvs.vtp'.
[2026-06-04 20:28:51.093] [warning] Couldn't find file 'ring_medial_rvs.vtp'.
[2026-06-04 20:28:51.094] [warning] Couldn't find file 'ring_distal_rvs.vtp'.
[2026-06-04 20:28:51.094] [warning] Couldn't find file 'metacarpal5_rvs.vtp'.
[2026-06-04 20:28:51.094] [warning] Couldn't find file 'little_proximal_rvs.vtp'.
[2026-06-04 20:28:51.094] [warning] Couldn't find file 'little_medial_rvs.vtp'.
[2026-06-04 20:28:51.094] [warning] Couldn't find file 'little_distal_rvs.vtp'.
[2026-06-04 20:28:51.094] [warning] Couldn't find file 'metacarpal1_rvs.vtp'.
[2026-06-04 20:28:51.094] [warning] Couldn't find file 'thumb_proximal_rvs.vtp'.
[2026-06-04 20:28:51.094] [warning] Couldn't find file 'thumb_distal_rvs.vtp'.
[2026-06-04 20:28:51.094] [warning] Couldn't find file 'humerus_lv.vtp'.
[2026-06-04 20:28:51.094] [warning] Couldn't find file 'ulna_lv.vtp'.
[2026-06-04 20:28:51.094] [warning] Couldn't find file 'radius_lv.vtp'.
[2026-06-04 20:28:51.094] [warning] Couldn't find file 'pisiform_lvs.vtp'.
[2026-06-04 20:28:51.094] [warning] Couldn't find file 'lunate_lvs.vtp'.
[2026-06-04 20:28:51.094] [warning] Couldn't find file 'scaphoid_lvs.vtp'.
[2026-06-04 20:28:51.094] [warning] Couldn't find file 'triquetrum_lvs.vtp'.
[2026-06-04 20:28:51.094] [warning] Couldn't find file 'hamate_lvs.vtp'.
[2026-06-04 20:28:51.094] [warning] Couldn't find file 'capitate_lvs.vtp'.
[2026-06-04 20:28:51.094] [warning] Couldn't find file 'trapezoid_lvs.vtp'.
[2026-06-04 20:28:51.094] [warning] Couldn't find file 'trapezium_lvs.vtp'.
[2026-06-04 20:28:51.095] [warning] Couldn't find file 'metacarpal2_lvs.vtp'.
[2026-06-04 20:28:51.095] [warning] Couldn't find file 'index_proximal_lvs.vtp'.
[2026-06-04 20:28:51.095] [warning] Couldn't find file 'index_medial_lvs.vtp'.
[2026-06-04 20:28:51.095] [warning] Couldn't find file 'index_distal_lvs.vtp'.
[2026-06-04 20:28:51.095] [warning] Couldn't find file 'metacarpal3_lvs.vtp'.
[2026-06-04 20:28:51.095] [warning] Couldn't find file 'middle_proximal_lvs.vtp'.
[2026-06-04 20:28:51.095] [warning] Couldn't find file 'middle_medial_lvs.vtp'.
[2026-06-04 20:28:51.095] [warning] Couldn't find file 'middle_distal_lvs.vtp'.
[2026-06-04 20:28:51.095] [warning] Couldn't find file 'metacarpal4_lvs.vtp'.
[2026-06-04 20:28:51.095] [warning] Couldn't find file 'ring_proximal_lvs.vtp'.
[2026-06-04 20:28:51.095] [warning] Couldn't find file 'ring_medial_lvs.vtp'.
[2026-06-04 20:28:51.095] [warning] Couldn't find file 'ring_distal_lvs.vtp'.
[2026-06-04 20:28:51.095] [warning] Couldn't find file 'metacarpal5_lvs.vtp'.
[2026-06-04 20:28:51.095] [warning] Couldn't find file 'little_proximal_lvs.vtp'.
[2026-06-04 20:28:51.095] [warning] Couldn't find file 'little_medial_lvs.vtp'.
[2026-06-04 20:28:51.095] [warning] Couldn't find file 'little_distal_lvs.vtp'.
[2026-06-04 20:28:51.095] [warning] Couldn't find file 'metacarpal1_lvs.vtp'.
[2026-06-04 20:28:51.095] [warning] Couldn't find file 'thumb_proximal_lvs.vtp'.
[2026-06-04 20:28:51.095] [warning] Couldn't find file 'thumb_distal_lvs.vtp'.
[2026-06-04 20:28:51.131] [info] Loaded model Full_Body_Walking_Model-Scaled_Adjusted from file ..\UF_Subject_4_Scaled_JMP_inactiveMuscles.osim
[2026-06-04 20:28:51.132] [warning] Couldn't find file 'r_pelvis.vtp'.
[2026-06-04 20:28:51.132] [warning] Couldn't find file 'l_pelvis.vtp'.
[2026-06-04 20:28:51.132] [warning] Couldn't find file 'sacrum.vtp'.
[2026-06-04 20:28:51.132] [warning] Couldn't find file 'r_femur.vtp'.
[2026-06-04 20:28:51.132] [warning] Couldn't find file 'r_patella.vtp'.
[2026-06-04 20:28:51.132] [warning] Couldn't find file 'r_tibia.vtp'.
[2026-06-04 20:28:51.132] [warning] Couldn't find file 'r_fibula.vtp'.
[2026-06-04 20:28:51.132] [warning] Couldn't find file 'r_talus.stl'.
[2026-06-04 20:28:51.132] [warning] Couldn't find file 'r_foot.vtp'.
[2026-06-04 20:28:51.132] [warning] Couldn't find file 'r_bofoot.vtp'.
[2026-06-04 20:28:51.132] [warning] Couldn't find file 'l_femur.vtp'.
[2026-06-04 20:28:51.132] [warning] Couldn't find file 'l_patella.vtp'.
[2026-06-04 20:28:51.133] [warning] Couldn't find file 'l_tibia.vtp'.
[2026-06-04 20:28:51.133] [warning] Couldn't find file 'l_fibula.vtp'.
[2026-06-04 20:28:51.133] [warning] Couldn't find file 'l_talus.stl'.
[2026-06-04 20:28:51.133] [warning] Couldn't find file 'l_foot.vtp'.
[2026-06-04 20:28:51.133] [warning] Couldn't find file 'l_bofoot.vtp'.
[2026-06-04 20:28:51.133] [warning] Couldn't find file 'hat_spine.vtp'.
[2026-06-04 20:28:51.133] [warning] Couldn't find file 'hat_jaw.vtp'.
[2026-06-04 20:28:51.133] [warning] Couldn't find file 'hat_skull.vtp'.
[2026-06-04 20:28:51.133] [warning] Couldn't find file 'hat_ribs_scap.vtp'.
[2026-06-04 20:28:51.133] [warning] Couldn't find file 'humerus_rv.vtp'.
[2026-06-04 20:28:51.133] [warning] Couldn't find file 'ulna_rv.vtp'.
[2026-06-04 20:28:51.133] [warning] Couldn't find file 'radius_rv.vtp'.
[2026-06-04 20:28:51.133] [warning] Couldn't find file 'pisiform_rvs.vtp'.
[2026-06-04 20:28:51.133] [warning] Couldn't find file 'lunate_rvs.vtp'.
[2026-06-04 20:28:51.133] [warning] Couldn't find file 'scaphoid_rvs.vtp'.
[2026-06-04 20:28:51.133] [warning] Couldn't find file 'triquetrum_rvs.vtp'.
[2026-06-04 20:28:51.133] [warning] Couldn't find file 'hamate_rvs.vtp'.
[2026-06-04 20:28:51.133] [warning] Couldn't find file 'capitate_rvs.vtp'.
[2026-06-04 20:28:51.133] [warning] Couldn't find file 'trapezoid_rvs.vtp'.
[2026-06-04 20:28:51.133] [warning] Couldn't find file 'trapezium_rvs.vtp'.
[2026-06-04 20:28:51.134] [warning] Couldn't find file 'metacarpal2_rvs.vtp'.
[2026-06-04 20:28:51.134] [warning] Couldn't find file 'index_proximal_rvs.vtp'.
[2026-06-04 20:28:51.134] [warning] Couldn't find file 'index_medial_rvs.vtp'.
[2026-06-04 20:28:51.134] [warning] Couldn't find file 'index_distal_rvs.vtp'.
[2026-06-04 20:28:51.134] [warning] Couldn't find file 'metacarpal3_rvs.vtp'.
[2026-06-04 20:28:51.134] [warning] Couldn't find file 'middle_proximal_rvs.vtp'.
[2026-06-04 20:28:51.134] [warning] Couldn't find file 'middle_medial_rvs.vtp'.
[2026-06-04 20:28:51.134] [warning] Couldn't find file 'middle_distal_rvs.vtp'.
[2026-06-04 20:28:51.134] [warning] Couldn't find file 'metacarpal4_rvs.vtp'.
[2026-06-04 20:28:51.134] [warning] Couldn't find file 'ring_proximal_rvs.vtp'.
[2026-06-04 20:28:51.134] [warning] Couldn't find file 'ring_medial_rvs.vtp'.
[2026-06-04 20:28:51.134] [warning] Couldn't find file 'ring_distal_rvs.vtp'.
[2026-06-04 20:28:51.134] [warning] Couldn't find file 'metacarpal5_rvs.vtp'.
[2026-06-04 20:28:51.134] [warning] Couldn't find file 'little_proximal_rvs.vtp'.
[2026-06-04 20:28:51.134] [warning] Couldn't find file 'little_medial_rvs.vtp'.
[2026-06-04 20:28:51.134] [warning] Couldn't find file 'little_distal_rvs.vtp'.
[2026-06-04 20:28:51.134] [warning] Couldn't find file 'metacarpal1_rvs.vtp'.
[2026-06-04 20:28:51.134] [warning] Couldn't find file 'thumb_proximal_rvs.vtp'.
[2026-06-04 20:28:51.134] [warning] Couldn't find file 'thumb_distal_rvs.vtp'.
[2026-06-04 20:28:51.134] [warning] Couldn't find file 'humerus_lv.vtp'.
[2026-06-04 20:28:51.135] [warning] Couldn't find file 'ulna_lv.vtp'.
[2026-06-04 20:28:51.135] [warning] Couldn't find file 'radius_lv.vtp'.
[2026-06-04 20:28:51.135] [warning] Couldn't find file 'pisiform_lvs.vtp'.
[2026-06-04 20:28:51.135] [warning] Couldn't find file 'lunate_lvs.vtp'.
[2026-06-04 20:28:51.135] [warning] Couldn't find file 'scaphoid_lvs.vtp'.
[2026-06-04 20:28:51.135] [warning] Couldn't find file 'triquetrum_lvs.vtp'.
[2026-06-04 20:28:51.135] [warning] Couldn't find file 'hamate_lvs.vtp'.
[2026-06-04 20:28:51.135] [warning] Couldn't find file 'capitate_lvs.vtp'.
[2026-06-04 20:28:51.135] [warning] Couldn't find file 'trapezoid_lvs.vtp'.
[2026-06-04 20:28:51.135] [warning] Couldn't find file 'trapezium_lvs.vtp'.
[2026-06-04 20:28:51.135] [warning] Couldn't find file 'metacarpal2_lvs.vtp'.
[2026-06-04 20:28:51.135] [warning] Couldn't find file 'index_proximal_lvs.vtp'.
[2026-06-04 20:28:51.135] [warning] Couldn't find file 'index_medial_lvs.vtp'.
[2026-06-04 20:28:51.135] [warning] Couldn't find file 'index_distal_lvs.vtp'.
[2026-06-04 20:28:51.135] [warning] Couldn't find file 'metacarpal3_lvs.vtp'.
[2026-06-04 20:28:51.135] [warning] Couldn't find file 'middle_proximal_lvs.vtp'.
[2026-06-04 20:28:51.135] [warning] Couldn't find file 'middle_medial_lvs.vtp'.
[2026-06-04 20:28:51.135] [warning] Couldn't find file 'middle_distal_lvs.vtp'.
[2026-06-04 20:28:51.135] [warning] Couldn't find file 'metacarpal4_lvs.vtp'.
[2026-06-04 20:28:51.135] [warning] Couldn't find file 'ring_proximal_lvs.vtp'.
[2026-06-04 20:28:51.136] [warning] Couldn't find file 'ring_medial_lvs.vtp'.
[2026-06-04 20:28:51.136] [warning] Couldn't find file 'ring_distal_lvs.vtp'.
[2026-06-04 20:28:51.136] [warning] Couldn't find file 'metacarpal5_lvs.vtp'.
[2026-06-04 20:28:51.136] [warning] Couldn't find file 'little_proximal_lvs.vtp'.
[2026-06-04 20:28:51.136] [warning] Couldn't find file 'little_medial_lvs.vtp'.
[2026-06-04 20:28:51.136] [warning] Couldn't find file 'little_distal_lvs.vtp'.
[2026-06-04 20:28:51.136] [warning] Couldn't find file 'metacarpal1_lvs.vtp'.
[2026-06-04 20:28:51.136] [warning] Couldn't find file 'thumb_proximal_lvs.vtp'.
[2026-06-04 20:28:51.136] [warning] Couldn't find file 'thumb_distal_lvs.vtp'.
[2026-06-04 20:28:51.172] [info] Loaded model Full_Body_Walking_Model-Scaled_Adjusted from file ..\UF_Subject_4_Scaled_JMP_inactiveMuscles.osim
[2026-06-04 20:28:51.173] [warning] Couldn't find file 'r_pelvis.vtp'.
[2026-06-04 20:28:51.173] [warning] Couldn't find file 'l_pelvis.vtp'.
[2026-06-04 20:28:51.173] [warning] Couldn't find file 'sacrum.vtp'.
[2026-06-04 20:28:51.173] [warning] Couldn't find file 'r_femur.vtp'.
[2026-06-04 20:28:51.173] [warning] Couldn't find file 'r_patella.vtp'.
[2026-06-04 20:28:51.173] [warning] Couldn't find file 'r_tibia.vtp'.
[2026-06-04 20:28:51.173] [warning] Couldn't find file 'r_fibula.vtp'.
[2026-06-04 20:28:51.173] [warning] Couldn't find file 'r_talus.stl'.
[2026-06-04 20:28:51.173] [warning] Couldn't find file 'r_foot.vtp'.
[2026-06-04 20:28:51.173] [warning] Couldn't find file 'r_bofoot.vtp'.
[2026-06-04 20:28:51.173] [warning] Couldn't find file 'l_femur.vtp'.
[2026-06-04 20:28:51.173] [warning] Couldn't find file 'l_patella.vtp'.
[2026-06-04 20:28:51.173] [warning] Couldn't find file 'l_tibia.vtp'.
[2026-06-04 20:28:51.173] [warning] Couldn't find file 'l_fibula.vtp'.
[2026-06-04 20:28:51.173] [warning] Couldn't find file 'l_talus.stl'.
[2026-06-04 20:28:51.173] [warning] Couldn't find file 'l_foot.vtp'.
[2026-06-04 20:28:51.174] [warning] Couldn't find file 'l_bofoot.vtp'.
[2026-06-04 20:28:51.174] [warning] Couldn't find file 'hat_spine.vtp'.
[2026-06-04 20:28:51.174] [warning] Couldn't find file 'hat_jaw.vtp'.
[2026-06-04 20:28:51.174] [warning] Couldn't find file 'hat_skull.vtp'.
[2026-06-04 20:28:51.174] [warning] Couldn't find file 'hat_ribs_scap.vtp'.
[2026-06-04 20:28:51.174] [warning] Couldn't find file 'humerus_rv.vtp'.
[2026-06-04 20:28:51.174] [warning] Couldn't find file 'ulna_rv.vtp'.
[2026-06-04 20:28:51.174] [warning] Couldn't find file 'radius_rv.vtp'.
[2026-06-04 20:28:51.174] [warning] Couldn't find file 'pisiform_rvs.vtp'.
[2026-06-04 20:28:51.174] [warning] Couldn't find file 'lunate_rvs.vtp'.
[2026-06-04 20:28:51.174] [warning] Couldn't find file 'scaphoid_rvs.vtp'.
[2026-06-04 20:28:51.174] [warning] Couldn't find file 'triquetrum_rvs.vtp'.
[2026-06-04 20:28:51.174] [warning] Couldn't find file 'hamate_rvs.vtp'.
[2026-06-04 20:28:51.174] [warning] Couldn't find file 'capitate_rvs.vtp'.
[2026-06-04 20:28:51.174] [warning] Couldn't find file 'trapezoid_rvs.vtp'.
[2026-06-04 20:28:51.174] [warning] Couldn't find file 'trapezium_rvs.vtp'.
[2026-06-04 20:28:51.174] [warning] Couldn't find file 'metacarpal2_rvs.vtp'.
[2026-06-04 20:28:51.174] [warning] Couldn't find file 'index_proximal_rvs.vtp'.
[2026-06-04 20:28:51.174] [warning] Couldn't find file 'index_medial_rvs.vtp'.
[2026-06-04 20:28:51.175] [warning] Couldn't find file 'index_distal_rvs.vtp'.
[2026-06-04 20:28:51.175] [warning] Couldn't find file 'metacarpal3_rvs.vtp'.
[2026-06-04 20:28:51.175] [warning] Couldn't find file 'middle_proximal_rvs.vtp'.
[2026-06-04 20:28:51.175] [warning] Couldn't find file 'middle_medial_rvs.vtp'.
[2026-06-04 20:28:51.175] [warning] Couldn't find file 'middle_distal_rvs.vtp'.
[2026-06-04 20:28:51.175] [warning] Couldn't find file 'metacarpal4_rvs.vtp'.
[2026-06-04 20:28:51.175] [warning] Couldn't find file 'ring_proximal_rvs.vtp'.
[2026-06-04 20:28:51.175] [warning] Couldn't find file 'ring_medial_rvs.vtp'.
[2026-06-04 20:28:51.175] [warning] Couldn't find file 'ring_distal_rvs.vtp'.
[2026-06-04 20:28:51.175] [warning] Couldn't find file 'metacarpal5_rvs.vtp'.
[2026-06-04 20:28:51.175] [warning] Couldn't find file 'little_proximal_rvs.vtp'.
[2026-06-04 20:28:51.175] [warning] Couldn't find file 'little_medial_rvs.vtp'.
[2026-06-04 20:28:51.175] [warning] Couldn't find file 'little_distal_rvs.vtp'.
[2026-06-04 20:28:51.175] [warning] Couldn't find file 'metacarpal1_rvs.vtp'.
[2026-06-04 20:28:51.175] [warning] Couldn't find file 'thumb_proximal_rvs.vtp'.
[2026-06-04 20:28:51.175] [warning] Couldn't find file 'thumb_distal_rvs.vtp'.
[2026-06-04 20:28:51.175] [warning] Couldn't find file 'humerus_lv.vtp'.
[2026-06-04 20:28:51.175] [warning] Couldn't find file 'ulna_lv.vtp'.
[2026-06-04 20:28:51.175] [warning] Couldn't find file 'radius_lv.vtp'.
[2026-06-04 20:28:51.175] [warning] Couldn't find file 'pisiform_lvs.vtp'.
[2026-06-04 20:28:51.176] [warning] Couldn't find file 'lunate_lvs.vtp'.
[2026-06-04 20:28:51.176] [warning] Couldn't find file 'scaphoid_lvs.vtp'.
[2026-06-04 20:28:51.176] [warning] Couldn't find file 'triquetrum_lvs.vtp'.
[2026-06-04 20:28:51.176] [warning] Couldn't find file 'hamate_lvs.vtp'.
[2026-06-04 20:28:51.176] [warning] Couldn't find file 'capitate_lvs.vtp'.
[2026-06-04 20:28:51.176] [warning] Couldn't find file 'trapezoid_lvs.vtp'.
[2026-06-04 20:28:51.176] [warning] Couldn't find file 'trapezium_lvs.vtp'.
[2026-06-04 20:28:51.176] [warning] Couldn't find file 'metacarpal2_lvs.vtp'.
[2026-06-04 20:28:51.176] [warning] Couldn't find file 'index_proximal_lvs.vtp'.
[2026-06-04 20:28:51.176] [warning] Couldn't find file 'index_medial_lvs.vtp'.
[2026-06-04 20:28:51.176] [warning] Couldn't find file 'index_distal_lvs.vtp'.
[2026-06-04 20:28:51.176] [warning] Couldn't find file 'metacarpal3_lvs.vtp'.
[2026-06-04 20:28:51.176] [warning] Couldn't find file 'middle_proximal_lvs.vtp'.
[2026-06-04 20:28:51.176] [warning] Couldn't find file 'middle_medial_lvs.vtp'.
[2026-06-04 20:28:51.176] [warning] Couldn't find file 'middle_distal_lvs.vtp'.
[2026-06-04 20:28:51.176] [warning] Couldn't find file 'metacarpal4_lvs.vtp'.
[2026-06-04 20:28:51.176] [warning] Couldn't find file 'ring_proximal_lvs.vtp'.
[2026-06-04 20:28:51.176] [warning] Couldn't find file 'ring_medial_lvs.vtp'.
[2026-06-04 20:28:51.177] [warning] Couldn't find file 'ring_distal_lvs.vtp'.
[2026-06-04 20:28:51.177] [warning] Couldn't find file 'metacarpal5_lvs.vtp'.
[2026-06-04 20:28:51.177] [warning] Couldn't find file 'little_proximal_lvs.vtp'.
[2026-06-04 20:28:51.177] [warning] Couldn't find file 'little_medial_lvs.vtp'.
[2026-06-04 20:28:51.177] [warning] Couldn't find file 'little_distal_lvs.vtp'.
[2026-06-04 20:28:51.177] [warning] Couldn't find file 'metacarpal1_lvs.vtp'.
[2026-06-04 20:28:51.177] [warning] Couldn't find file 'thumb_proximal_lvs.vtp'.
[2026-06-04 20:28:51.177] [warning] Couldn't find file 'thumb_distal_lvs.vtp'.
[2026-06-04 20:28:51.213] [info] Loaded model Full_Body_Walking_Model-Scaled_Adjusted from file ..\UF_Subject_4_Scaled_JMP_inactiveMuscles.osim
[2026-06-04 20:28:51.214] [warning] Couldn't find file 'r_pelvis.vtp'.
[2026-06-04 20:28:51.214] [warning] Couldn't find file 'l_pelvis.vtp'.
[2026-06-04 20:28:51.214] [warning] Couldn't find file 'sacrum.vtp'.
[2026-06-04 20:28:51.214] [warning] Couldn't find file 'r_femur.vtp'.
[2026-06-04 20:28:51.214] [warning] Couldn't find file 'r_patella.vtp'.
[2026-06-04 20:28:51.214] [warning] Couldn't find file 'r_tibia.vtp'.
[2026-06-04 20:28:51.214] [warning] Couldn't find file 'r_fibula.vtp'.
[2026-06-04 20:28:51.214] [warning] Couldn't find file 'r_talus.stl'.
[2026-06-04 20:28:51.214] [warning] Couldn't find file 'r_foot.vtp'.
[2026-06-04 20:28:51.214] [warning] Couldn't find file 'r_bofoot.vtp'.
[2026-06-04 20:28:51.214] [warning] Couldn't find file 'l_femur.vtp'.
[2026-06-04 20:28:51.214] [warning] Couldn't find file 'l_patella.vtp'.
[2026-06-04 20:28:51.214] [warning] Couldn't find file 'l_tibia.vtp'.
[2026-06-04 20:28:51.214] [warning] Couldn't find file 'l_fibula.vtp'.
[2026-06-04 20:28:51.215] [warning] Couldn't find file 'l_talus.stl'.
[2026-06-04 20:28:51.215] [warning] Couldn't find file 'l_foot.vtp'.
[2026-06-04 20:28:51.215] [warning] Couldn't find file 'l_bofoot.vtp'.
[2026-06-04 20:28:51.215] [warning] Couldn't find file 'hat_spine.vtp'.
[2026-06-04 20:28:51.215] [warning] Couldn't find file 'hat_jaw.vtp'.
[2026-06-04 20:28:51.215] [warning] Couldn't find file 'hat_skull.vtp'.
[2026-06-04 20:28:51.215] [warning] Couldn't find file 'hat_ribs_scap.vtp'.
[2026-06-04 20:28:51.215] [warning] Couldn't find file 'humerus_rv.vtp'.
[2026-06-04 20:28:51.215] [warning] Couldn't find file 'ulna_rv.vtp'.
[2026-06-04 20:28:51.215] [warning] Couldn't find file 'radius_rv.vtp'.
[2026-06-04 20:28:51.215] [warning] Couldn't find file 'pisiform_rvs.vtp'.
[2026-06-04 20:28:51.215] [warning] Couldn't find file 'lunate_rvs.vtp'.
[2026-06-04 20:28:51.215] [warning] Couldn't find file 'scaphoid_rvs.vtp'.
[2026-06-04 20:28:51.215] [warning] Couldn't find file 'triquetrum_rvs.vtp'.
[2026-06-04 20:28:51.215] [warning] Couldn't find file 'hamate_rvs.vtp'.
[2026-06-04 20:28:51.215] [warning] Couldn't find file 'capitate_rvs.vtp'.
[2026-06-04 20:28:51.215] [warning] Couldn't find file 'trapezoid_rvs.vtp'.
[2026-06-04 20:28:51.215] [warning] Couldn't find file 'trapezium_rvs.vtp'.
[2026-06-04 20:28:51.215] [warning] Couldn't find file 'metacarpal2_rvs.vtp'.
[2026-06-04 20:28:51.215] [warning] Couldn't find file 'index_proximal_rvs.vtp'.
[2026-06-04 20:28:51.216] [warning] Couldn't find file 'index_medial_rvs.vtp'.
[2026-06-04 20:28:51.216] [warning] Couldn't find file 'index_distal_rvs.vtp'.
[2026-06-04 20:28:51.216] [warning] Couldn't find file 'metacarpal3_rvs.vtp'.
[2026-06-04 20:28:51.216] [warning] Couldn't find file 'middle_proximal_rvs.vtp'.
[2026-06-04 20:28:51.216] [warning] Couldn't find file 'middle_medial_rvs.vtp'.
[2026-06-04 20:28:51.216] [warning] Couldn't find file 'middle_distal_rvs.vtp'.
[2026-06-04 20:28:51.216] [warning] Couldn't find file 'metacarpal4_rvs.vtp'.
[2026-06-04 20:28:51.216] [warning] Couldn't find file 'ring_proximal_rvs.vtp'.
[2026-06-04 20:28:51.216] [warning] Couldn't find file 'ring_medial_rvs.vtp'.
[2026-06-04 20:28:51.216] [warning] Couldn't find file 'ring_distal_rvs.vtp'.
[2026-06-04 20:28:51.216] [warning] Couldn't find file 'metacarpal5_rvs.vtp'.
[2026-06-04 20:28:51.216] [warning] Couldn't find file 'little_proximal_rvs.vtp'.
[2026-06-04 20:28:51.216] [warning] Couldn't find file 'little_medial_rvs.vtp'.
[2026-06-04 20:28:51.216] [warning] Couldn't find file 'little_distal_rvs.vtp'.
[2026-06-04 20:28:51.216] [warning] Couldn't find file 'metacarpal1_rvs.vtp'.
[2026-06-04 20:28:51.216] [warning] Couldn't find file 'thumb_proximal_rvs.vtp'.
[2026-06-04 20:28:51.216] [warning] Couldn't find file 'thumb_distal_rvs.vtp'.
[2026-06-04 20:28:51.216] [warning] Couldn't find file 'humerus_lv.vtp'.
[2026-06-04 20:28:51.217] [warning] Couldn't find file 'ulna_lv.vtp'.
[2026-06-04 20:28:51.217] [warning] Couldn't find file 'radius_lv.vtp'.
[2026-06-04 20:28:51.217] [warning] Couldn't find file 'pisiform_lvs.vtp'.
[2026-06-04 20:28:51.217] [warning] Couldn't find file 'lunate_lvs.vtp'.
[2026-06-04 20:28:51.217] [warning] Couldn't find file 'scaphoid_lvs.vtp'.
[2026-06-04 20:28:51.217] [warning] Couldn't find file 'triquetrum_lvs.vtp'.
[2026-06-04 20:28:51.217] [warning] Couldn't find file 'hamate_lvs.vtp'.
[2026-06-04 20:28:51.217] [warning] Couldn't find file 'capitate_lvs.vtp'.
[2026-06-04 20:28:51.217] [warning] Couldn't find file 'trapezoid_lvs.vtp'.
[2026-06-04 20:28:51.217] [warning] Couldn't find file 'trapezium_lvs.vtp'.
[2026-06-04 20:28:51.217] [warning] Couldn't find file 'metacarpal2_lvs.vtp'.
[2026-06-04 20:28:51.217] [warning] Couldn't find file 'index_proximal_lvs.vtp'.
[2026-06-04 20:28:51.217] [warning] Couldn't find file 'index_medial_lvs.vtp'.
[2026-06-04 20:28:51.217] [warning] Couldn't find file 'index_distal_lvs.vtp'.
[2026-06-04 20:28:51.217] [warning] Couldn't find file 'metacarpal3_lvs.vtp'.
[2026-06-04 20:28:51.217] [warning] Couldn't find file 'middle_proximal_lvs.vtp'.
[2026-06-04 20:28:51.217] [warning] Couldn't find file 'middle_medial_lvs.vtp'.
[2026-06-04 20:28:51.217] [warning] Couldn't find file 'middle_distal_lvs.vtp'.
[2026-06-04 20:28:51.217] [warning] Couldn't find file 'metacarpal4_lvs.vtp'.
[2026-06-04 20:28:51.217] [warning] Couldn't find file 'ring_proximal_lvs.vtp'.
[2026-06-04 20:28:51.218] [warning] Couldn't find file 'ring_medial_lvs.vtp'.
[2026-06-04 20:28:51.218] [warning] Couldn't find file 'ring_distal_lvs.vtp'.
[2026-06-04 20:28:51.218] [warning] Couldn't find file 'metacarpal5_lvs.vtp'.
[2026-06-04 20:28:51.218] [warning] Couldn't find file 'little_proximal_lvs.vtp'.
[2026-06-04 20:28:51.218] [warning] Couldn't find file 'little_medial_lvs.vtp'.
[2026-06-04 20:28:51.218] [warning] Couldn't find file 'little_distal_lvs.vtp'.
[2026-06-04 20:28:51.218] [warning] Couldn't find file 'metacarpal1_lvs.vtp'.
[2026-06-04 20:28:51.218] [warning] Couldn't find file 'thumb_proximal_lvs.vtp'.
[2026-06-04 20:28:51.218] [warning] Couldn't find file 'thumb_distal_lvs.vtp'.
[2026-06-04 20:28:51.252] [info] Loaded model Full_Body_Walking_Model-Scaled_Adjusted from file ..\UF_Subject_4_Scaled_JMP_inactiveMuscles.osim
[2026-06-04 20:28:51.253] [warning] Couldn't find file 'r_pelvis.vtp'.
[2026-06-04 20:28:51.253] [warning] Couldn't find file 'l_pelvis.vtp'.
[2026-06-04 20:28:51.253] [warning] Couldn't find file 'sacrum.vtp'.
[2026-06-04 20:28:51.253] [warning] Couldn't find file 'r_femur.vtp'.
[2026-06-04 20:28:51.253] [warning] Couldn't find file 'r_patella.vtp'.
[2026-06-04 20:28:51.253] [warning] Couldn't find file 'r_tibia.vtp'.
[2026-06-04 20:28:51.253] [warning] Couldn't find file 'r_fibula.vtp'.
[2026-06-04 20:28:51.253] [warning] Couldn't find file 'r_talus.stl'.
[2026-06-04 20:28:51.253] [warning] Couldn't find file 'r_foot.vtp'.
[2026-06-04 20:28:51.253] [warning] Couldn't find file 'r_bofoot.vtp'.
[2026-06-04 20:28:51.253] [warning] Couldn't find file 'l_femur.vtp'.
[2026-06-04 20:28:51.253] [warning] Couldn't find file 'l_patella.vtp'.
[2026-06-04 20:28:51.254] [warning] Couldn't find file 'l_tibia.vtp'.
[2026-06-04 20:28:51.254] [warning] Couldn't find file 'l_fibula.vtp'.
[2026-06-04 20:28:51.254] [warning] Couldn't find file 'l_talus.stl'.
[2026-06-04 20:28:51.254] [warning] Couldn't find file 'l_foot.vtp'.
[2026-06-04 20:28:51.254] [warning] Couldn't find file 'l_bofoot.vtp'.
[2026-06-04 20:28:51.254] [warning] Couldn't find file 'hat_spine.vtp'.
[2026-06-04 20:28:51.254] [warning] Couldn't find file 'hat_jaw.vtp'.
[2026-06-04 20:28:51.254] [warning] Couldn't find file 'hat_skull.vtp'.
[2026-06-04 20:28:51.254] [warning] Couldn't find file 'hat_ribs_scap.vtp'.
[2026-06-04 20:28:51.254] [warning] Couldn't find file 'humerus_rv.vtp'.
[2026-06-04 20:28:51.254] [warning] Couldn't find file 'ulna_rv.vtp'.
[2026-06-04 20:28:51.254] [warning] Couldn't find file 'radius_rv.vtp'.
[2026-06-04 20:28:51.254] [warning] Couldn't find file 'pisiform_rvs.vtp'.
[2026-06-04 20:28:51.254] [warning] Couldn't find file 'lunate_rvs.vtp'.
[2026-06-04 20:28:51.254] [warning] Couldn't find file 'scaphoid_rvs.vtp'.
[2026-06-04 20:28:51.254] [warning] Couldn't find file 'triquetrum_rvs.vtp'.
[2026-06-04 20:28:51.254] [warning] Couldn't find file 'hamate_rvs.vtp'.
[2026-06-04 20:28:51.255] [warning] Couldn't find file 'capitate_rvs.vtp'.
[2026-06-04 20:28:51.255] [warning] Couldn't find file 'trapezoid_rvs.vtp'.
[2026-06-04 20:28:51.255] [warning] Couldn't find file 'trapezium_rvs.vtp'.
[2026-06-04 20:28:51.255] [warning] Couldn't find file 'metacarpal2_rvs.vtp'.
[2026-06-04 20:28:51.255] [warning] Couldn't find file 'index_proximal_rvs.vtp'.
[2026-06-04 20:28:51.255] [warning] Couldn't find file 'index_medial_rvs.vtp'.
[2026-06-04 20:28:51.255] [warning] Couldn't find file 'index_distal_rvs.vtp'.
[2026-06-04 20:28:51.255] [warning] Couldn't find file 'metacarpal3_rvs.vtp'.
[2026-06-04 20:28:51.255] [warning] Couldn't find file 'middle_proximal_rvs.vtp'.
[2026-06-04 20:28:51.255] [warning] Couldn't find file 'middle_medial_rvs.vtp'.
[2026-06-04 20:28:51.255] [warning] Couldn't find file 'middle_distal_rvs.vtp'.
[2026-06-04 20:28:51.255] [warning] Couldn't find file 'metacarpal4_rvs.vtp'.
[2026-06-04 20:28:51.255] [warning] Couldn't find file 'ring_proximal_rvs.vtp'.
[2026-06-04 20:28:51.255] [warning] Couldn't find file 'ring_medial_rvs.vtp'.
[2026-06-04 20:28:51.255] [warning] Couldn't find file 'ring_distal_rvs.vtp'.
[2026-06-04 20:28:51.255] [warning] Couldn't find file 'metacarpal5_rvs.vtp'.
[2026-06-04 20:28:51.255] [warning] Couldn't find file 'little_proximal_rvs.vtp'.
[2026-06-04 20:28:51.255] [warning] Couldn't find file 'little_medial_rvs.vtp'.
[2026-06-04 20:28:51.255] [warning] Couldn't find file 'little_distal_rvs.vtp'.
[2026-06-04 20:28:51.255] [warning] Couldn't find file 'metacarpal1_rvs.vtp'.
[2026-06-04 20:28:51.255] [warning] Couldn't find file 'thumb_proximal_rvs.vtp'.
[2026-06-04 20:28:51.256] [warning] Couldn't find file 'thumb_distal_rvs.vtp'.
[2026-06-04 20:28:51.256] [warning] Couldn't find file 'humerus_lv.vtp'.
[2026-06-04 20:28:51.256] [warning] Couldn't find file 'ulna_lv.vtp'.
[2026-06-04 20:28:51.256] [warning] Couldn't find file 'radius_lv.vtp'.
[2026-06-04 20:28:51.256] [warning] Couldn't find file 'pisiform_lvs.vtp'.
[2026-06-04 20:28:51.256] [warning] Couldn't find file 'lunate_lvs.vtp'.
[2026-06-04 20:28:51.256] [warning] Couldn't find file 'scaphoid_lvs.vtp'.
[2026-06-04 20:28:51.256] [warning] Couldn't find file 'triquetrum_lvs.vtp'.
[2026-06-04 20:28:51.256] [warning] Couldn't find file 'hamate_lvs.vtp'.
[2026-06-04 20:28:51.256] [warning] Couldn't find file 'capitate_lvs.vtp'.
[2026-06-04 20:28:51.256] [warning] Couldn't find file 'trapezoid_lvs.vtp'.
[2026-06-04 20:28:51.256] [warning] Couldn't find file 'trapezium_lvs.vtp'.
[2026-06-04 20:28:51.256] [warning] Couldn't find file 'metacarpal2_lvs.vtp'.
[2026-06-04 20:28:51.256] [warning] Couldn't find file 'index_proximal_lvs.vtp'.
[2026-06-04 20:28:51.256] [warning] Couldn't find file 'index_medial_lvs.vtp'.
[2026-06-04 20:28:51.256] [warning] Couldn't find file 'index_distal_lvs.vtp'.
[2026-06-04 20:28:51.256] [warning] Couldn't find file 'metacarpal3_lvs.vtp'.
[2026-06-04 20:28:51.256] [warning] Couldn't find file 'middle_proximal_lvs.vtp'.
[2026-06-04 20:28:51.256] [warning] Couldn't find file 'middle_medial_lvs.vtp'.
[2026-06-04 20:28:51.256] [warning] Couldn't find file 'middle_distal_lvs.vtp'.
[2026-06-04 20:28:51.257] [warning] Couldn't find file 'metacarpal4_lvs.vtp'.
[2026-06-04 20:28:51.257] [warning] Couldn't find file 'ring_proximal_lvs.vtp'.
[2026-06-04 20:28:51.257] [warning] Couldn't find file 'ring_medial_lvs.vtp'.
[2026-06-04 20:28:51.257] [warning] Couldn't find file 'ring_distal_lvs.vtp'.
[2026-06-04 20:28:51.257] [warning] Couldn't find file 'metacarpal5_lvs.vtp'.
[2026-06-04 20:28:51.257] [warning] Couldn't find file 'little_proximal_lvs.vtp'.
[2026-06-04 20:28:51.257] [warning] Couldn't find file 'little_medial_lvs.vtp'.
[2026-06-04 20:28:51.257] [warning] Couldn't find file 'little_distal_lvs.vtp'.
[2026-06-04 20:28:51.257] [warning] Couldn't find file 'metacarpal1_lvs.vtp'.
[2026-06-04 20:28:51.257] [warning] Couldn't find file 'thumb_proximal_lvs.vtp'.
[2026-06-04 20:28:51.257] [warning] Couldn't find file 'thumb_distal_lvs.vtp'.
[2026-06-04 20:28:51.291] [info] Loaded model Full_Body_Walking_Model-Scaled_Adjusted from file ..\UF_Subject_4_Scaled_JMP_inactiveMuscles.osim
[2026-06-04 20:28:51.291] [warning] Couldn't find file 'r_pelvis.vtp'.
[2026-06-04 20:28:51.291] [warning] Couldn't find file 'l_pelvis.vtp'.
[2026-06-04 20:28:51.292] [warning] Couldn't find file 'sacrum.vtp'.
[2026-06-04 20:28:51.292] [warning] Couldn't find file 'r_femur.vtp'.
[2026-06-04 20:28:51.292] [warning] Couldn't find file 'r_patella.vtp'.
[2026-06-04 20:28:51.292] [warning] Couldn't find file 'r_tibia.vtp'.
[2026-06-04 20:28:51.292] [warning] Couldn't find file 'r_fibula.vtp'.
[2026-06-04 20:28:51.292] [warning] Couldn't find file 'r_talus.stl'.
[2026-06-04 20:28:51.292] [warning] Couldn't find file 'r_foot.vtp'.
[2026-06-04 20:28:51.292] [warning] Couldn't find file 'r_bofoot.vtp'.
[2026-06-04 20:28:51.292] [warning] Couldn't find file 'l_femur.vtp'.
[2026-06-04 20:28:51.292] [warning] Couldn't find file 'l_patella.vtp'.
[2026-06-04 20:28:51.292] [warning] Couldn't find file 'l_tibia.vtp'.
[2026-06-04 20:28:51.292] [warning] Couldn't find file 'l_fibula.vtp'.
[2026-06-04 20:28:51.292] [warning] Couldn't find file 'l_talus.stl'.
[2026-06-04 20:28:51.292] [warning] Couldn't find file 'l_foot.vtp'.
[2026-06-04 20:28:51.292] [warning] Couldn't find file 'l_bofoot.vtp'.
[2026-06-04 20:28:51.292] [warning] Couldn't find file 'hat_spine.vtp'.
[2026-06-04 20:28:51.292] [warning] Couldn't find file 'hat_jaw.vtp'.
[2026-06-04 20:28:51.292] [warning] Couldn't find file 'hat_skull.vtp'.
[2026-06-04 20:28:51.293] [warning] Couldn't find file 'hat_ribs_scap.vtp'.
[2026-06-04 20:28:51.293] [warning] Couldn't find file 'humerus_rv.vtp'.
[2026-06-04 20:28:51.293] [warning] Couldn't find file 'ulna_rv.vtp'.
[2026-06-04 20:28:51.293] [warning] Couldn't find file 'radius_rv.vtp'.
[2026-06-04 20:28:51.293] [warning] Couldn't find file 'pisiform_rvs.vtp'.
[2026-06-04 20:28:51.293] [warning] Couldn't find file 'lunate_rvs.vtp'.
[2026-06-04 20:28:51.293] [warning] Couldn't find file 'scaphoid_rvs.vtp'.
[2026-06-04 20:28:51.293] [warning] Couldn't find file 'triquetrum_rvs.vtp'.
[2026-06-04 20:28:51.293] [warning] Couldn't find file 'hamate_rvs.vtp'.
[2026-06-04 20:28:51.293] [warning] Couldn't find file 'capitate_rvs.vtp'.
[2026-06-04 20:28:51.293] [warning] Couldn't find file 'trapezoid_rvs.vtp'.
[2026-06-04 20:28:51.293] [warning] Couldn't find file 'trapezium_rvs.vtp'.
[2026-06-04 20:28:51.293] [warning] Couldn't find file 'metacarpal2_rvs.vtp'.
[2026-06-04 20:28:51.293] [warning] Couldn't find file 'index_proximal_rvs.vtp'.
[2026-06-04 20:28:51.293] [warning] Couldn't find file 'index_medial_rvs.vtp'.
[2026-06-04 20:28:51.293] [warning] Couldn't find file 'index_distal_rvs.vtp'.
[2026-06-04 20:28:51.293] [warning] Couldn't find file 'metacarpal3_rvs.vtp'.
[2026-06-04 20:28:51.293] [warning] Couldn't find file 'middle_proximal_rvs.vtp'.
[2026-06-04 20:28:51.293] [warning] Couldn't find file 'middle_medial_rvs.vtp'.
[2026-06-04 20:28:51.293] [warning] Couldn't find file 'middle_distal_rvs.vtp'.
[2026-06-04 20:28:51.294] [warning] Couldn't find file 'metacarpal4_rvs.vtp'.
[2026-06-04 20:28:51.294] [warning] Couldn't find file 'ring_proximal_rvs.vtp'.
[2026-06-04 20:28:51.294] [warning] Couldn't find file 'ring_medial_rvs.vtp'.
[2026-06-04 20:28:51.294] [warning] Couldn't find file 'ring_distal_rvs.vtp'.
[2026-06-04 20:28:51.294] [warning] Couldn't find file 'metacarpal5_rvs.vtp'.
[2026-06-04 20:28:51.294] [warning] Couldn't find file 'little_proximal_rvs.vtp'.
[2026-06-04 20:28:51.294] [warning] Couldn't find file 'little_medial_rvs.vtp'.
[2026-06-04 20:28:51.294] [warning] Couldn't find file 'little_distal_rvs.vtp'.
[2026-06-04 20:28:51.294] [warning] Couldn't find file 'metacarpal1_rvs.vtp'.
[2026-06-04 20:28:51.294] [warning] Couldn't find file 'thumb_proximal_rvs.vtp'.
[2026-06-04 20:28:51.294] [warning] Couldn't find file 'thumb_distal_rvs.vtp'.
[2026-06-04 20:28:51.294] [warning] Couldn't find file 'humerus_lv.vtp'.
[2026-06-04 20:28:51.294] [warning] Couldn't find file 'ulna_lv.vtp'.
[2026-06-04 20:28:51.294] [warning] Couldn't find file 'radius_lv.vtp'.
[2026-06-04 20:28:51.294] [warning] Couldn't find file 'pisiform_lvs.vtp'.
[2026-06-04 20:28:51.294] [warning] Couldn't find file 'lunate_lvs.vtp'.
[2026-06-04 20:28:51.294] [warning] Couldn't find file 'scaphoid_lvs.vtp'.
[2026-06-04 20:28:51.294] [warning] Couldn't find file 'triquetrum_lvs.vtp'.
[2026-06-04 20:28:51.294] [warning] Couldn't find file 'hamate_lvs.vtp'.
[2026-06-04 20:28:51.295] [warning] Couldn't find file 'capitate_lvs.vtp'.
[2026-06-04 20:28:51.295] [warning] Couldn't find file 'trapezoid_lvs.vtp'.
[2026-06-04 20:28:51.295] [warning] Couldn't find file 'trapezium_lvs.vtp'.
[2026-06-04 20:28:51.295] [warning] Couldn't find file 'metacarpal2_lvs.vtp'.
[2026-06-04 20:28:51.295] [warning] Couldn't find file 'index_proximal_lvs.vtp'.
[2026-06-04 20:28:51.295] [warning] Couldn't find file 'index_medial_lvs.vtp'.
[2026-06-04 20:28:51.295] [warning] Couldn't find file 'index_distal_lvs.vtp'.
[2026-06-04 20:28:51.295] [warning] Couldn't find file 'metacarpal3_lvs.vtp'.
[2026-06-04 20:28:51.295] [warning] Couldn't find file 'middle_proximal_lvs.vtp'.
[2026-06-04 20:28:51.295] [warning] Couldn't find file 'middle_medial_lvs.vtp'.
[2026-06-04 20:28:51.295] [warning] Couldn't find file 'middle_distal_lvs.vtp'.
[2026-06-04 20:28:51.295] [warning] Couldn't find file 'metacarpal4_lvs.vtp'.
[2026-06-04 20:28:51.295] [warning] Couldn't find file 'ring_proximal_lvs.vtp'.
[2026-06-04 20:28:51.295] [warning] Couldn't find file 'ring_medial_lvs.vtp'.
[2026-06-04 20:28:51.295] [warning] Couldn't find file 'ring_distal_lvs.vtp'.
[2026-06-04 20:28:51.295] [warning] Couldn't find file 'metacarpal5_lvs.vtp'.
[2026-06-04 20:28:51.295] [warning] Couldn't find file 'little_proximal_lvs.vtp'.
[2026-06-04 20:28:51.295] [warning] Couldn't find file 'little_medial_lvs.vtp'.
[2026-06-04 20:28:51.295] [warning] Couldn't find file 'little_distal_lvs.vtp'.
[2026-06-04 20:28:51.295] [warning] Couldn't find file 'metacarpal1_lvs.vtp'.
[2026-06-04 20:28:51.295] [warning] Couldn't find file 'thumb_proximal_lvs.vtp'.
[2026-06-04 20:28:51.296] [warning] Couldn't find file 'thumb_distal_lvs.vtp'.
[2026-06-04 20:28:51.329] [info] Loaded model Full_Body_Walking_Model-Scaled_Adjusted from file ..\UF_Subject_4_Scaled_JMP_inactiveMuscles.osim
[2026-06-04 20:28:51.330] [warning] Couldn't find file 'r_pelvis.vtp'.
[2026-06-04 20:28:51.330] [warning] Couldn't find file 'l_pelvis.vtp'.
[2026-06-04 20:28:51.330] [warning] Couldn't find file 'sacrum.vtp'.
[2026-06-04 20:28:51.330] [warning] Couldn't find file 'r_femur.vtp'.
[2026-06-04 20:28:51.330] [warning] Couldn't find file 'r_patella.vtp'.
[2026-06-04 20:28:51.330] [warning] Couldn't find file 'r_tibia.vtp'.
[2026-06-04 20:28:51.330] [warning] Couldn't find file 'r_fibula.vtp'.
[2026-06-04 20:28:51.330] [warning] Couldn't find file 'r_talus.stl'.
[2026-06-04 20:28:51.330] [warning] Couldn't find file 'r_foot.vtp'.
[2026-06-04 20:28:51.330] [warning] Couldn't find file 'r_bofoot.vtp'.
[2026-06-04 20:28:51.330] [warning] Couldn't find file 'l_femur.vtp'.
[2026-06-04 20:28:51.330] [warning] Couldn't find file 'l_patella.vtp'.
[2026-06-04 20:28:51.330] [warning] Couldn't find file 'l_tibia.vtp'.
[2026-06-04 20:28:51.330] [warning] Couldn't find file 'l_fibula.vtp'.
[2026-06-04 20:28:51.331] [warning] Couldn't find file 'l_talus.stl'.
[2026-06-04 20:28:51.331] [warning] Couldn't find file 'l_foot.vtp'.
[2026-06-04 20:28:51.331] [warning] Couldn't find file 'l_bofoot.vtp'.
[2026-06-04 20:28:51.331] [warning] Couldn't find file 'hat_spine.vtp'.
[2026-06-04 20:28:51.331] [warning] Couldn't find file 'hat_jaw.vtp'.
[2026-06-04 20:28:51.331] [warning] Couldn't find file 'hat_skull.vtp'.
[2026-06-04 20:28:51.331] [warning] Couldn't find file 'hat_ribs_scap.vtp'.
[2026-06-04 20:28:51.331] [warning] Couldn't find file 'humerus_rv.vtp'.
[2026-06-04 20:28:51.331] [warning] Couldn't find file 'ulna_rv.vtp'.
[2026-06-04 20:28:51.331] [warning] Couldn't find file 'radius_rv.vtp'.
[2026-06-04 20:28:51.331] [warning] Couldn't find file 'pisiform_rvs.vtp'.
[2026-06-04 20:28:51.331] [warning] Couldn't find file 'lunate_rvs.vtp'.
[2026-06-04 20:28:51.331] [warning] Couldn't find file 'scaphoid_rvs.vtp'.
[2026-06-04 20:28:51.331] [warning] Couldn't find file 'triquetrum_rvs.vtp'.
[2026-06-04 20:28:51.331] [warning] Couldn't find file 'hamate_rvs.vtp'.
[2026-06-04 20:28:51.331] [warning] Couldn't find file 'capitate_rvs.vtp'.
[2026-06-04 20:28:51.331] [warning] Couldn't find file 'trapezoid_rvs.vtp'.
[2026-06-04 20:28:51.331] [warning] Couldn't find file 'trapezium_rvs.vtp'.
[2026-06-04 20:28:51.331] [warning] Couldn't find file 'metacarpal2_rvs.vtp'.
[2026-06-04 20:28:51.331] [warning] Couldn't find file 'index_proximal_rvs.vtp'.
[2026-06-04 20:28:51.332] [warning] Couldn't find file 'index_medial_rvs.vtp'.
[2026-06-04 20:28:51.332] [warning] Couldn't find file 'index_distal_rvs.vtp'.
[2026-06-04 20:28:51.332] [warning] Couldn't find file 'metacarpal3_rvs.vtp'.
[2026-06-04 20:28:51.332] [warning] Couldn't find file 'middle_proximal_rvs.vtp'.
[2026-06-04 20:28:51.332] [warning] Couldn't find file 'middle_medial_rvs.vtp'.
[2026-06-04 20:28:51.332] [warning] Couldn't find file 'middle_distal_rvs.vtp'.
[2026-06-04 20:28:51.332] [warning] Couldn't find file 'metacarpal4_rvs.vtp'.
[2026-06-04 20:28:51.332] [warning] Couldn't find file 'ring_proximal_rvs.vtp'.
[2026-06-04 20:28:51.332] [warning] Couldn't find file 'ring_medial_rvs.vtp'.
[2026-06-04 20:28:51.332] [warning] Couldn't find file 'ring_distal_rvs.vtp'.
[2026-06-04 20:28:51.332] [warning] Couldn't find file 'metacarpal5_rvs.vtp'.
[2026-06-04 20:28:51.332] [warning] Couldn't find file 'little_proximal_rvs.vtp'.
[2026-06-04 20:28:51.332] [warning] Couldn't find file 'little_medial_rvs.vtp'.
[2026-06-04 20:28:51.332] [warning] Couldn't find file 'little_distal_rvs.vtp'.
[2026-06-04 20:28:51.332] [warning] Couldn't find file 'metacarpal1_rvs.vtp'.
[2026-06-04 20:28:51.332] [warning] Couldn't find file 'thumb_proximal_rvs.vtp'.
[2026-06-04 20:28:51.332] [warning] Couldn't find file 'thumb_distal_rvs.vtp'.
[2026-06-04 20:28:51.332] [warning] Couldn't find file 'humerus_lv.vtp'.
[2026-06-04 20:28:51.332] [warning] Couldn't find file 'ulna_lv.vtp'.
[2026-06-04 20:28:51.333] [warning] Couldn't find file 'radius_lv.vtp'.
[2026-06-04 20:28:51.333] [warning] Couldn't find file 'pisiform_lvs.vtp'.
[2026-06-04 20:28:51.333] [warning] Couldn't find file 'lunate_lvs.vtp'.
[2026-06-04 20:28:51.333] [warning] Couldn't find file 'scaphoid_lvs.vtp'.
[2026-06-04 20:28:51.333] [warning] Couldn't find file 'triquetrum_lvs.vtp'.
[2026-06-04 20:28:51.333] [warning] Couldn't find file 'hamate_lvs.vtp'.
[2026-06-04 20:28:51.333] [warning] Couldn't find file 'capitate_lvs.vtp'.
[2026-06-04 20:28:51.333] [warning] Couldn't find file 'trapezoid_lvs.vtp'.
[2026-06-04 20:28:51.333] [warning] Couldn't find file 'trapezium_lvs.vtp'.
[2026-06-04 20:28:51.333] [warning] Couldn't find file 'metacarpal2_lvs.vtp'.
[2026-06-04 20:28:51.333] [warning] Couldn't find file 'index_proximal_lvs.vtp'.
[2026-06-04 20:28:51.333] [warning] Couldn't find file 'index_medial_lvs.vtp'.
[2026-06-04 20:28:51.333] [warning] Couldn't find file 'index_distal_lvs.vtp'.
[2026-06-04 20:28:51.333] [warning] Couldn't find file 'metacarpal3_lvs.vtp'.
[2026-06-04 20:28:51.333] [warning] Couldn't find file 'middle_proximal_lvs.vtp'.
[2026-06-04 20:28:51.333] [warning] Couldn't find file 'middle_medial_lvs.vtp'.
[2026-06-04 20:28:51.333] [warning] Couldn't find file 'middle_distal_lvs.vtp'.
[2026-06-04 20:28:51.333] [warning] Couldn't find file 'metacarpal4_lvs.vtp'.
[2026-06-04 20:28:51.333] [warning] Couldn't find file 'ring_proximal_lvs.vtp'.
[2026-06-04 20:28:51.333] [warning] Couldn't find file 'ring_medial_lvs.vtp'.
[2026-06-04 20:28:51.333] [warning] Couldn't find file 'ring_distal_lvs.vtp'.
[2026-06-04 20:28:51.334] [warning] Couldn't find file 'metacarpal5_lvs.vtp'.
[2026-06-04 20:28:51.334] [warning] Couldn't find file 'little_proximal_lvs.vtp'.
[2026-06-04 20:28:51.334] [warning] Couldn't find file 'little_medial_lvs.vtp'.
[2026-06-04 20:28:51.334] [warning] Couldn't find file 'little_distal_lvs.vtp'.
[2026-06-04 20:28:51.334] [warning] Couldn't find file 'metacarpal1_lvs.vtp'.
[2026-06-04 20:28:51.334] [warning] Couldn't find file 'thumb_proximal_lvs.vtp'.
[2026-06-04 20:28:51.334] [warning] Couldn't find file 'thumb_distal_lvs.vtp'.
[2026-06-04 20:28:51.368] [info] Loaded model Full_Body_Walking_Model-Scaled_Adjusted from file ..\UF_Subject_4_Scaled_JMP_inactiveMuscles.osim
[2026-06-04 20:28:51.368] [warning] Couldn't find file 'r_pelvis.vtp'.
[2026-06-04 20:28:51.368] [warning] Couldn't find file 'l_pelvis.vtp'.
[2026-06-04 20:28:51.368] [warning] Couldn't find file 'sacrum.vtp'.
[2026-06-04 20:28:51.368] [warning] Couldn't find file 'r_femur.vtp'.
[2026-06-04 20:28:51.368] [warning] Couldn't find file 'r_patella.vtp'.
[2026-06-04 20:28:51.368] [warning] Couldn't find file 'r_tibia.vtp'.
[2026-06-04 20:28:51.368] [warning] Couldn't find file 'r_fibula.vtp'.
[2026-06-04 20:28:51.368] [warning] Couldn't find file 'r_talus.stl'.
[2026-06-04 20:28:51.369] [warning] Couldn't find file 'r_foot.vtp'.
[2026-06-04 20:28:51.369] [warning] Couldn't find file 'r_bofoot.vtp'.
[2026-06-04 20:28:51.369] [warning] Couldn't find file 'l_femur.vtp'.
[2026-06-04 20:28:51.369] [warning] Couldn't find file 'l_patella.vtp'.
[2026-06-04 20:28:51.369] [warning] Couldn't find file 'l_tibia.vtp'.
[2026-06-04 20:28:51.369] [warning] Couldn't find file 'l_fibula.vtp'.
[2026-06-04 20:28:51.369] [warning] Couldn't find file 'l_talus.stl'.
[2026-06-04 20:28:51.369] [warning] Couldn't find file 'l_foot.vtp'.
[2026-06-04 20:28:51.369] [warning] Couldn't find file 'l_bofoot.vtp'.
[2026-06-04 20:28:51.369] [warning] Couldn't find file 'hat_spine.vtp'.
[2026-06-04 20:28:51.369] [warning] Couldn't find file 'hat_jaw.vtp'.
[2026-06-04 20:28:51.369] [warning] Couldn't find file 'hat_skull.vtp'.
[2026-06-04 20:28:51.369] [warning] Couldn't find file 'hat_ribs_scap.vtp'.
[2026-06-04 20:28:51.369] [warning] Couldn't find file 'humerus_rv.vtp'.
[2026-06-04 20:28:51.369] [warning] Couldn't find file 'ulna_rv.vtp'.
[2026-06-04 20:28:51.369] [warning] Couldn't find file 'radius_rv.vtp'.
[2026-06-04 20:28:51.369] [warning] Couldn't find file 'pisiform_rvs.vtp'.
[2026-06-04 20:28:51.369] [warning] Couldn't find file 'lunate_rvs.vtp'.
[2026-06-04 20:28:51.370] [warning] Couldn't find file 'scaphoid_rvs.vtp'.
[2026-06-04 20:28:51.370] [warning] Couldn't find file 'triquetrum_rvs.vtp'.
[2026-06-04 20:28:51.370] [warning] Couldn't find file 'hamate_rvs.vtp'.
[2026-06-04 20:28:51.370] [warning] Couldn't find file 'capitate_rvs.vtp'.
[2026-06-04 20:28:51.370] [warning] Couldn't find file 'trapezoid_rvs.vtp'.
[2026-06-04 20:28:51.370] [warning] Couldn't find file 'trapezium_rvs.vtp'.
[2026-06-04 20:28:51.370] [warning] Couldn't find file 'metacarpal2_rvs.vtp'.
[2026-06-04 20:28:51.370] [warning] Couldn't find file 'index_proximal_rvs.vtp'.
[2026-06-04 20:28:51.370] [warning] Couldn't find file 'index_medial_rvs.vtp'.
[2026-06-04 20:28:51.370] [warning] Couldn't find file 'index_distal_rvs.vtp'.
[2026-06-04 20:28:51.370] [warning] Couldn't find file 'metacarpal3_rvs.vtp'.
[2026-06-04 20:28:51.370] [warning] Couldn't find file 'middle_proximal_rvs.vtp'.
[2026-06-04 20:28:51.370] [warning] Couldn't find file 'middle_medial_rvs.vtp'.
[2026-06-04 20:28:51.370] [warning] Couldn't find file 'middle_distal_rvs.vtp'.
[2026-06-04 20:28:51.370] [warning] Couldn't find file 'metacarpal4_rvs.vtp'.
[2026-06-04 20:28:51.370] [warning] Couldn't find file 'ring_proximal_rvs.vtp'.
[2026-06-04 20:28:51.370] [warning] Couldn't find file 'ring_medial_rvs.vtp'.
[2026-06-04 20:28:51.370] [warning] Couldn't find file 'ring_distal_rvs.vtp'.
[2026-06-04 20:28:51.370] [warning] Couldn't find file 'metacarpal5_rvs.vtp'.
[2026-06-04 20:28:51.370] [warning] Couldn't find file 'little_proximal_rvs.vtp'.
[2026-06-04 20:28:51.370] [warning] Couldn't find file 'little_medial_rvs.vtp'.
[2026-06-04 20:28:51.371] [warning] Couldn't find file 'little_distal_rvs.vtp'.
[2026-06-04 20:28:51.371] [warning] Couldn't find file 'metacarpal1_rvs.vtp'.
[2026-06-04 20:28:51.371] [warning] Couldn't find file 'thumb_proximal_rvs.vtp'.
[2026-06-04 20:28:51.371] [warning] Couldn't find file 'thumb_distal_rvs.vtp'.
[2026-06-04 20:28:51.371] [warning] Couldn't find file 'humerus_lv.vtp'.
[2026-06-04 20:28:51.371] [warning] Couldn't find file 'ulna_lv.vtp'.
[2026-06-04 20:28:51.371] [warning] Couldn't find file 'radius_lv.vtp'.
[2026-06-04 20:28:51.371] [warning] Couldn't find file 'pisiform_lvs.vtp'.
[2026-06-04 20:28:51.371] [warning] Couldn't find file 'lunate_lvs.vtp'.
[2026-06-04 20:28:51.371] [warning] Couldn't find file 'scaphoid_lvs.vtp'.
[2026-06-04 20:28:51.371] [warning] Couldn't find file 'triquetrum_lvs.vtp'.
[2026-06-04 20:28:51.371] [warning] Couldn't find file 'hamate_lvs.vtp'.
[2026-06-04 20:28:51.371] [warning] Couldn't find file 'capitate_lvs.vtp'.
[2026-06-04 20:28:51.371] [warning] Couldn't find file 'trapezoid_lvs.vtp'.
[2026-06-04 20:28:51.371] [warning] Couldn't find file 'trapezium_lvs.vtp'.
[2026-06-04 20:28:51.371] [warning] Couldn't find file 'metacarpal2_lvs.vtp'.
[2026-06-04 20:28:51.371] [warning] Couldn't find file 'index_proximal_lvs.vtp'.
[2026-06-04 20:28:51.371] [warning] Couldn't find file 'index_medial_lvs.vtp'.
[2026-06-04 20:28:51.371] [warning] Couldn't find file 'index_distal_lvs.vtp'.
[2026-06-04 20:28:51.371] [warning] Couldn't find file 'metacarpal3_lvs.vtp'.
[2026-06-04 20:28:51.372] [warning] Couldn't find file 'middle_proximal_lvs.vtp'.
[2026-06-04 20:28:51.372] [warning] Couldn't find file 'middle_medial_lvs.vtp'.
[2026-06-04 20:28:51.372] [warning] Couldn't find file 'middle_distal_lvs.vtp'.
[2026-06-04 20:28:51.372] [warning] Couldn't find file 'metacarpal4_lvs.vtp'.
[2026-06-04 20:28:51.372] [warning] Couldn't find file 'ring_proximal_lvs.vtp'.
[2026-06-04 20:28:51.372] [warning] Couldn't find file 'ring_medial_lvs.vtp'.
[2026-06-04 20:28:51.372] [warning] Couldn't find file 'ring_distal_lvs.vtp'.
[2026-06-04 20:28:51.372] [warning] Couldn't find file 'metacarpal5_lvs.vtp'.
[2026-06-04 20:28:51.372] [warning] Couldn't find file 'little_proximal_lvs.vtp'.
[2026-06-04 20:28:51.372] [warning] Couldn't find file 'little_medial_lvs.vtp'.
[2026-06-04 20:28:51.372] [warning] Couldn't find file 'little_distal_lvs.vtp'.
[2026-06-04 20:28:51.372] [warning] Couldn't find file 'metacarpal1_lvs.vtp'.
[2026-06-04 20:28:51.372] [warning] Couldn't find file 'thumb_proximal_lvs.vtp'.
[2026-06-04 20:28:51.372] [warning] Couldn't find file 'thumb_distal_lvs.vtp'.
[2026-06-04 20:28:51.406] [info] Loaded model Full_Body_Walking_Model-Scaled_Adjusted from file ..\UF_Subject_4_Scaled_JMP_inactiveMuscles.osim
[2026-06-04 20:28:51.406] [warning] Couldn't find file 'r_pelvis.vtp'.
[2026-06-04 20:28:51.406] [warning] Couldn't find file 'l_pelvis.vtp'.
[2026-06-04 20:28:51.407] [warning] Couldn't find file 'sacrum.vtp'.
[2026-06-04 20:28:51.407] [warning] Couldn't find file 'r_femur.vtp'.
[2026-06-04 20:28:51.407] [warning] Couldn't find file 'r_patella.vtp'.
[2026-06-04 20:28:51.407] [warning] Couldn't find file 'r_tibia.vtp'.
[2026-06-04 20:28:51.407] [warning] Couldn't find file 'r_fibula.vtp'.
[2026-06-04 20:28:51.407] [warning] Couldn't find file 'r_talus.stl'.
[2026-06-04 20:28:51.407] [warning] Couldn't find file 'r_foot.vtp'.
[2026-06-04 20:28:51.407] [warning] Couldn't find file 'r_bofoot.vtp'.
[2026-06-04 20:28:51.407] [warning] Couldn't find file 'l_femur.vtp'.
[2026-06-04 20:28:51.407] [warning] Couldn't find file 'l_patella.vtp'.
[2026-06-04 20:28:51.407] [warning] Couldn't find file 'l_tibia.vtp'.
[2026-06-04 20:28:51.407] [warning] Couldn't find file 'l_fibula.vtp'.
[2026-06-04 20:28:51.407] [warning] Couldn't find file 'l_talus.stl'.
[2026-06-04 20:28:51.407] [warning] Couldn't find file 'l_foot.vtp'.
[2026-06-04 20:28:51.407] [warning] Couldn't find file 'l_bofoot.vtp'.
[2026-06-04 20:28:51.407] [warning] Couldn't find file 'hat_spine.vtp'.
[2026-06-04 20:28:51.407] [warning] Couldn't find file 'hat_jaw.vtp'.
[2026-06-04 20:28:51.407] [warning] Couldn't find file 'hat_skull.vtp'.
[2026-06-04 20:28:51.407] [warning] Couldn't find file 'hat_ribs_scap.vtp'.
[2026-06-04 20:28:51.408] [warning] Couldn't find file 'humerus_rv.vtp'.
[2026-06-04 20:28:51.408] [warning] Couldn't find file 'ulna_rv.vtp'.
[2026-06-04 20:28:51.408] [warning] Couldn't find file 'radius_rv.vtp'.
[2026-06-04 20:28:51.408] [warning] Couldn't find file 'pisiform_rvs.vtp'.
[2026-06-04 20:28:51.408] [warning] Couldn't find file 'lunate_rvs.vtp'.
[2026-06-04 20:28:51.408] [warning] Couldn't find file 'scaphoid_rvs.vtp'.
[2026-06-04 20:28:51.408] [warning] Couldn't find file 'triquetrum_rvs.vtp'.
[2026-06-04 20:28:51.408] [warning] Couldn't find file 'hamate_rvs.vtp'.
[2026-06-04 20:28:51.408] [warning] Couldn't find file 'capitate_rvs.vtp'.
[2026-06-04 20:28:51.408] [warning] Couldn't find file 'trapezoid_rvs.vtp'.
[2026-06-04 20:28:51.408] [warning] Couldn't find file 'trapezium_rvs.vtp'.
[2026-06-04 20:28:51.408] [warning] Couldn't find file 'metacarpal2_rvs.vtp'.
[2026-06-04 20:28:51.408] [warning] Couldn't find file 'index_proximal_rvs.vtp'.
[2026-06-04 20:28:51.408] [warning] Couldn't find file 'index_medial_rvs.vtp'.
[2026-06-04 20:28:51.408] [warning] Couldn't find file 'index_distal_rvs.vtp'.
[2026-06-04 20:28:51.408] [warning] Couldn't find file 'metacarpal3_rvs.vtp'.
[2026-06-04 20:28:51.408] [warning] Couldn't find file 'middle_proximal_rvs.vtp'.
[2026-06-04 20:28:51.408] [warning] Couldn't find file 'middle_medial_rvs.vtp'.
[2026-06-04 20:28:51.408] [warning] Couldn't find file 'middle_distal_rvs.vtp'.
[2026-06-04 20:28:51.408] [warning] Couldn't find file 'metacarpal4_rvs.vtp'.
[2026-06-04 20:28:51.409] [warning] Couldn't find file 'ring_proximal_rvs.vtp'.
[2026-06-04 20:28:51.409] [warning] Couldn't find file 'ring_medial_rvs.vtp'.
[2026-06-04 20:28:51.409] [warning] Couldn't find file 'ring_distal_rvs.vtp'.
[2026-06-04 20:28:51.409] [warning] Couldn't find file 'metacarpal5_rvs.vtp'.
[2026-06-04 20:28:51.409] [warning] Couldn't find file 'little_proximal_rvs.vtp'.
[2026-06-04 20:28:51.409] [warning] Couldn't find file 'little_medial_rvs.vtp'.
[2026-06-04 20:28:51.409] [warning] Couldn't find file 'little_distal_rvs.vtp'.
[2026-06-04 20:28:51.409] [warning] Couldn't find file 'metacarpal1_rvs.vtp'.
[2026-06-04 20:28:51.409] [warning] Couldn't find file 'thumb_proximal_rvs.vtp'.
[2026-06-04 20:28:51.409] [warning] Couldn't find file 'thumb_distal_rvs.vtp'.
[2026-06-04 20:28:51.409] [warning] Couldn't find file 'humerus_lv.vtp'.
[2026-06-04 20:28:51.409] [warning] Couldn't find file 'ulna_lv.vtp'.
[2026-06-04 20:28:51.409] [warning] Couldn't find file 'radius_lv.vtp'.
[2026-06-04 20:28:51.409] [warning] Couldn't find file 'pisiform_lvs.vtp'.
[2026-06-04 20:28:51.409] [warning] Couldn't find file 'lunate_lvs.vtp'.
[2026-06-04 20:28:51.409] [warning] Couldn't find file 'scaphoid_lvs.vtp'.
[2026-06-04 20:28:51.409] [warning] Couldn't find file 'triquetrum_lvs.vtp'.
[2026-06-04 20:28:51.409] [warning] Couldn't find file 'hamate_lvs.vtp'.
[2026-06-04 20:28:51.409] [warning] Couldn't find file 'capitate_lvs.vtp'.
[2026-06-04 20:28:51.409] [warning] Couldn't find file 'trapezoid_lvs.vtp'.
[2026-06-04 20:28:51.410] [warning] Couldn't find file 'trapezium_lvs.vtp'.
[2026-06-04 20:28:51.410] [warning] Couldn't find file 'metacarpal2_lvs.vtp'.
[2026-06-04 20:28:51.410] [warning] Couldn't find file 'index_proximal_lvs.vtp'.
[2026-06-04 20:28:51.410] [warning] Couldn't find file 'index_medial_lvs.vtp'.
[2026-06-04 20:28:51.410] [warning] Couldn't find file 'index_distal_lvs.vtp'.
[2026-06-04 20:28:51.410] [warning] Couldn't find file 'metacarpal3_lvs.vtp'.
[2026-06-04 20:28:51.410] [warning] Couldn't find file 'middle_proximal_lvs.vtp'.
[2026-06-04 20:28:51.410] [warning] Couldn't find file 'middle_medial_lvs.vtp'.
[2026-06-04 20:28:51.410] [warning] Couldn't find file 'middle_distal_lvs.vtp'.
[2026-06-04 20:28:51.410] [warning] Couldn't find file 'metacarpal4_lvs.vtp'.
[2026-06-04 20:28:51.410] [warning] Couldn't find file 'ring_proximal_lvs.vtp'.
[2026-06-04 20:28:51.410] [warning] Couldn't find file 'ring_medial_lvs.vtp'.
[2026-06-04 20:28:51.410] [warning] Couldn't find file 'ring_distal_lvs.vtp'.
[2026-06-04 20:28:51.410] [warning] Couldn't find file 'metacarpal5_lvs.vtp'.
[2026-06-04 20:28:51.410] [warning] Couldn't find file 'little_proximal_lvs.vtp'.
[2026-06-04 20:28:51.410] [warning] Couldn't find file 'little_medial_lvs.vtp'.
[2026-06-04 20:28:51.410] [warning] Couldn't find file 'little_distal_lvs.vtp'.
[2026-06-04 20:28:51.410] [warning] Couldn't find file 'metacarpal1_lvs.vtp'.
[2026-06-04 20:28:51.410] [warning] Couldn't find file 'thumb_proximal_lvs.vtp'.
[2026-06-04 20:28:51.410] [warning] Couldn't find file 'thumb_distal_lvs.vtp'.
[2026-06-04 20:28:51.445] [info] Loaded model Full_Body_Walking_Model-Scaled_Adjusted from file ..\UF_Subject_4_Scaled_JMP_inactiveMuscles.osim
[2026-06-04 20:28:51.445] [warning] Couldn't find file 'r_pelvis.vtp'.
[2026-06-04 20:28:51.445] [warning] Couldn't find file 'l_pelvis.vtp'.
[2026-06-04 20:28:51.445] [warning] Couldn't find file 'sacrum.vtp'.
[2026-06-04 20:28:51.445] [warning] Couldn't find file 'r_femur.vtp'.
[2026-06-04 20:28:51.445] [warning] Couldn't find file 'r_patella.vtp'.
[2026-06-04 20:28:51.445] [warning] Couldn't find file 'r_tibia.vtp'.
[2026-06-04 20:28:51.445] [warning] Couldn't find file 'r_fibula.vtp'.
[2026-06-04 20:28:51.445] [warning] Couldn't find file 'r_talus.stl'.
[2026-06-04 20:28:51.446] [warning] Couldn't find file 'r_foot.vtp'.
[2026-06-04 20:28:51.446] [warning] Couldn't find file 'r_bofoot.vtp'.
[2026-06-04 20:28:51.446] [warning] Couldn't find file 'l_femur.vtp'.
[2026-06-04 20:28:51.446] [warning] Couldn't find file 'l_patella.vtp'.
[2026-06-04 20:28:51.446] [warning] Couldn't find file 'l_tibia.vtp'.
[2026-06-04 20:28:51.446] [warning] Couldn't find file 'l_fibula.vtp'.
[2026-06-04 20:28:51.446] [warning] Couldn't find file 'l_talus.stl'.
[2026-06-04 20:28:51.446] [warning] Couldn't find file 'l_foot.vtp'.
[2026-06-04 20:28:51.446] [warning] Couldn't find file 'l_bofoot.vtp'.
[2026-06-04 20:28:51.446] [warning] Couldn't find file 'hat_spine.vtp'.
[2026-06-04 20:28:51.446] [warning] Couldn't find file 'hat_jaw.vtp'.
[2026-06-04 20:28:51.446] [warning] Couldn't find file 'hat_skull.vtp'.
[2026-06-04 20:28:51.446] [warning] Couldn't find file 'hat_ribs_scap.vtp'.
[2026-06-04 20:28:51.446] [warning] Couldn't find file 'humerus_rv.vtp'.
[2026-06-04 20:28:51.446] [warning] Couldn't find file 'ulna_rv.vtp'.
[2026-06-04 20:28:51.446] [warning] Couldn't find file 'radius_rv.vtp'.
[2026-06-04 20:28:51.446] [warning] Couldn't find file 'pisiform_rvs.vtp'.
[2026-06-04 20:28:51.446] [warning] Couldn't find file 'lunate_rvs.vtp'.
[2026-06-04 20:28:51.446] [warning] Couldn't find file 'scaphoid_rvs.vtp'.
[2026-06-04 20:28:51.447] [warning] Couldn't find file 'triquetrum_rvs.vtp'.
[2026-06-04 20:28:51.447] [warning] Couldn't find file 'hamate_rvs.vtp'.
[2026-06-04 20:28:51.447] [warning] Couldn't find file 'capitate_rvs.vtp'.
[2026-06-04 20:28:51.447] [warning] Couldn't find file 'trapezoid_rvs.vtp'.
[2026-06-04 20:28:51.447] [warning] Couldn't find file 'trapezium_rvs.vtp'.
[2026-06-04 20:28:51.447] [warning] Couldn't find file 'metacarpal2_rvs.vtp'.
[2026-06-04 20:28:51.447] [warning] Couldn't find file 'index_proximal_rvs.vtp'.
[2026-06-04 20:28:51.447] [warning] Couldn't find file 'index_medial_rvs.vtp'.
[2026-06-04 20:28:51.447] [warning] Couldn't find file 'index_distal_rvs.vtp'.
[2026-06-04 20:28:51.447] [warning] Couldn't find file 'metacarpal3_rvs.vtp'.
[2026-06-04 20:28:51.447] [warning] Couldn't find file 'middle_proximal_rvs.vtp'.
[2026-06-04 20:28:51.447] [warning] Couldn't find file 'middle_medial_rvs.vtp'.
[2026-06-04 20:28:51.447] [warning] Couldn't find file 'middle_distal_rvs.vtp'.
[2026-06-04 20:28:51.447] [warning] Couldn't find file 'metacarpal4_rvs.vtp'.
[2026-06-04 20:28:51.447] [warning] Couldn't find file 'ring_proximal_rvs.vtp'.
[2026-06-04 20:28:51.447] [warning] Couldn't find file 'ring_medial_rvs.vtp'.
[2026-06-04 20:28:51.447] [warning] Couldn't find file 'ring_distal_rvs.vtp'.
[2026-06-04 20:28:51.447] [warning] Couldn't find file 'metacarpal5_rvs.vtp'.
[2026-06-04 20:28:51.447] [warning] Couldn't find file 'little_proximal_rvs.vtp'.
[2026-06-04 20:28:51.447] [warning] Couldn't find file 'little_medial_rvs.vtp'.
[2026-06-04 20:28:51.448] [warning] Couldn't find file 'little_distal_rvs.vtp'.
[2026-06-04 20:28:51.448] [warning] Couldn't find file 'metacarpal1_rvs.vtp'.
[2026-06-04 20:28:51.448] [warning] Couldn't find file 'thumb_proximal_rvs.vtp'.
[2026-06-04 20:28:51.448] [warning] Couldn't find file 'thumb_distal_rvs.vtp'.
[2026-06-04 20:28:51.448] [warning] Couldn't find file 'humerus_lv.vtp'.
[2026-06-04 20:28:51.448] [warning] Couldn't find file 'ulna_lv.vtp'.
[2026-06-04 20:28:51.448] [warning] Couldn't find file 'radius_lv.vtp'.
[2026-06-04 20:28:51.448] [warning] Couldn't find file 'pisiform_lvs.vtp'.
[2026-06-04 20:28:51.448] [warning] Couldn't find file 'lunate_lvs.vtp'.
[2026-06-04 20:28:51.448] [warning] Couldn't find file 'scaphoid_lvs.vtp'.
[2026-06-04 20:28:51.448] [warning] Couldn't find file 'triquetrum_lvs.vtp'.
[2026-06-04 20:28:51.448] [warning] Couldn't find file 'hamate_lvs.vtp'.
[2026-06-04 20:28:51.448] [warning] Couldn't find file 'capitate_lvs.vtp'.
[2026-06-04 20:28:51.448] [warning] Couldn't find file 'trapezoid_lvs.vtp'.
[2026-06-04 20:28:51.448] [warning] Couldn't find file 'trapezium_lvs.vtp'.
[2026-06-04 20:28:51.448] [warning] Couldn't find file 'metacarpal2_lvs.vtp'.
[2026-06-04 20:28:51.448] [warning] Couldn't find file 'index_proximal_lvs.vtp'.
[2026-06-04 20:28:51.448] [warning] Couldn't find file 'index_medial_lvs.vtp'.
[2026-06-04 20:28:51.448] [warning] Couldn't find file 'index_distal_lvs.vtp'.
[2026-06-04 20:28:51.448] [warning] Couldn't find file 'metacarpal3_lvs.vtp'.
[2026-06-04 20:28:51.449] [warning] Couldn't find file 'middle_proximal_lvs.vtp'.
[2026-06-04 20:28:51.449] [warning] Couldn't find file 'middle_medial_lvs.vtp'.
[2026-06-04 20:28:51.449] [warning] Couldn't find file 'middle_distal_lvs.vtp'.
[2026-06-04 20:28:51.449] [warning] Couldn't find file 'metacarpal4_lvs.vtp'.
[2026-06-04 20:28:51.449] [warning] Couldn't find file 'ring_proximal_lvs.vtp'.
[2026-06-04 20:28:51.449] [warning] Couldn't find file 'ring_medial_lvs.vtp'.
[2026-06-04 20:28:51.449] [warning] Couldn't find file 'ring_distal_lvs.vtp'.
[2026-06-04 20:28:51.449] [warning] Couldn't find file 'metacarpal5_lvs.vtp'.
[2026-06-04 20:28:51.449] [warning] Couldn't find file 'little_proximal_lvs.vtp'.
[2026-06-04 20:28:51.449] [warning] Couldn't find file 'little_medial_lvs.vtp'.
[2026-06-04 20:28:51.449] [warning] Couldn't find file 'little_distal_lvs.vtp'.
[2026-06-04 20:28:51.449] [warning] Couldn't find file 'metacarpal1_lvs.vtp'.
[2026-06-04 20:28:51.449] [warning] Couldn't find file 'thumb_proximal_lvs.vtp'.
[2026-06-04 20:28:51.449] [warning] Couldn't find file 'thumb_distal_lvs.vtp'.
[2026-06-04 20:28:51.483] [info] Loaded model Full_Body_Walking_Model-Scaled_Adjusted from file ..\UF_Subject_4_Scaled_JMP_inactiveMuscles.osim
[2026-06-04 20:28:51.484] [warning] Couldn't find file 'r_pelvis.vtp'.
[2026-06-04 20:28:51.484] [warning] Couldn't find file 'l_pelvis.vtp'.
[2026-06-04 20:28:51.484] [warning] Couldn't find file 'sacrum.vtp'.
[2026-06-04 20:28:51.484] [warning] Couldn't find file 'r_femur.vtp'.
[2026-06-04 20:28:51.484] [warning] Couldn't find file 'r_patella.vtp'.
[2026-06-04 20:28:51.484] [warning] Couldn't find file 'r_tibia.vtp'.
[2026-06-04 20:28:51.484] [warning] Couldn't find file 'r_fibula.vtp'.
[2026-06-04 20:28:51.484] [warning] Couldn't find file 'r_talus.stl'.
[2026-06-04 20:28:51.484] [warning] Couldn't find file 'r_foot.vtp'.
[2026-06-04 20:28:51.484] [warning] Couldn't find file 'r_bofoot.vtp'.
[2026-06-04 20:28:51.484] [warning] Couldn't find file 'l_femur.vtp'.
[2026-06-04 20:28:51.484] [warning] Couldn't find file 'l_patella.vtp'.
[2026-06-04 20:28:51.484] [warning] Couldn't find file 'l_tibia.vtp'.
[2026-06-04 20:28:51.484] [warning] Couldn't find file 'l_fibula.vtp'.
[2026-06-04 20:28:51.484] [warning] Couldn't find file 'l_talus.stl'.
[2026-06-04 20:28:51.484] [warning] Couldn't find file 'l_foot.vtp'.
[2026-06-04 20:28:51.485] [warning] Couldn't find file 'l_bofoot.vtp'.
[2026-06-04 20:28:51.485] [warning] Couldn't find file 'hat_spine.vtp'.
[2026-06-04 20:28:51.485] [warning] Couldn't find file 'hat_jaw.vtp'.
[2026-06-04 20:28:51.485] [warning] Couldn't find file 'hat_skull.vtp'.
[2026-06-04 20:28:51.485] [warning] Couldn't find file 'hat_ribs_scap.vtp'.
[2026-06-04 20:28:51.485] [warning] Couldn't find file 'humerus_rv.vtp'.
[2026-06-04 20:28:51.485] [warning] Couldn't find file 'ulna_rv.vtp'.
[2026-06-04 20:28:51.485] [warning] Couldn't find file 'radius_rv.vtp'.
[2026-06-04 20:28:51.485] [warning] Couldn't find file 'pisiform_rvs.vtp'.
[2026-06-04 20:28:51.485] [warning] Couldn't find file 'lunate_rvs.vtp'.
[2026-06-04 20:28:51.485] [warning] Couldn't find file 'scaphoid_rvs.vtp'.
[2026-06-04 20:28:51.485] [warning] Couldn't find file 'triquetrum_rvs.vtp'.
[2026-06-04 20:28:51.485] [warning] Couldn't find file 'hamate_rvs.vtp'.
[2026-06-04 20:28:51.485] [warning] Couldn't find file 'capitate_rvs.vtp'.
[2026-06-04 20:28:51.485] [warning] Couldn't find file 'trapezoid_rvs.vtp'.
[2026-06-04 20:28:51.485] [warning] Couldn't find file 'trapezium_rvs.vtp'.
[2026-06-04 20:28:51.485] [warning] Couldn't find file 'metacarpal2_rvs.vtp'.
[2026-06-04 20:28:51.485] [warning] Couldn't find file 'index_proximal_rvs.vtp'.
[2026-06-04 20:28:51.485] [warning] Couldn't find file 'index_medial_rvs.vtp'.
[2026-06-04 20:28:51.486] [warning] Couldn't find file 'index_distal_rvs.vtp'.
[2026-06-04 20:28:51.486] [warning] Couldn't find file 'metacarpal3_rvs.vtp'.
[2026-06-04 20:28:51.486] [warning] Couldn't find file 'middle_proximal_rvs.vtp'.
[2026-06-04 20:28:51.486] [warning] Couldn't find file 'middle_medial_rvs.vtp'.
[2026-06-04 20:28:51.486] [warning] Couldn't find file 'middle_distal_rvs.vtp'.
[2026-06-04 20:28:51.486] [warning] Couldn't find file 'metacarpal4_rvs.vtp'.
[2026-06-04 20:28:51.486] [warning] Couldn't find file 'ring_proximal_rvs.vtp'.
[2026-06-04 20:28:51.486] [warning] Couldn't find file 'ring_medial_rvs.vtp'.
[2026-06-04 20:28:51.486] [warning] Couldn't find file 'ring_distal_rvs.vtp'.
[2026-06-04 20:28:51.486] [warning] Couldn't find file 'metacarpal5_rvs.vtp'.
[2026-06-04 20:28:51.486] [warning] Couldn't find file 'little_proximal_rvs.vtp'.
[2026-06-04 20:28:51.486] [warning] Couldn't find file 'little_medial_rvs.vtp'.
[2026-06-04 20:28:51.486] [warning] Couldn't find file 'little_distal_rvs.vtp'.
[2026-06-04 20:28:51.486] [warning] Couldn't find file 'metacarpal1_rvs.vtp'.
[2026-06-04 20:28:51.486] [warning] Couldn't find file 'thumb_proximal_rvs.vtp'.
[2026-06-04 20:28:51.486] [warning] Couldn't find file 'thumb_distal_rvs.vtp'.
[2026-06-04 20:28:51.486] [warning] Couldn't find file 'humerus_lv.vtp'.
[2026-06-04 20:28:51.486] [warning] Couldn't find file 'ulna_lv.vtp'.
[2026-06-04 20:28:51.486] [warning] Couldn't find file 'radius_lv.vtp'.
[2026-06-04 20:28:51.486] [warning] Couldn't find file 'pisiform_lvs.vtp'.
[2026-06-04 20:28:51.487] [warning] Couldn't find file 'lunate_lvs.vtp'.
[2026-06-04 20:28:51.487] [warning] Couldn't find file 'scaphoid_lvs.vtp'.
[2026-06-04 20:28:51.487] [warning] Couldn't find file 'triquetrum_lvs.vtp'.
[2026-06-04 20:28:51.487] [warning] Couldn't find file 'hamate_lvs.vtp'.
[2026-06-04 20:28:51.487] [warning] Couldn't find file 'capitate_lvs.vtp'.
[2026-06-04 20:28:51.487] [warning] Couldn't find file 'trapezoid_lvs.vtp'.
[2026-06-04 20:28:51.487] [warning] Couldn't find file 'trapezium_lvs.vtp'.
[2026-06-04 20:28:51.487] [warning] Couldn't find file 'metacarpal2_lvs.vtp'.
[2026-06-04 20:28:51.487] [warning] Couldn't find file 'index_proximal_lvs.vtp'.
[2026-06-04 20:28:51.487] [warning] Couldn't find file 'index_medial_lvs.vtp'.
[2026-06-04 20:28:51.487] [warning] Couldn't find file 'index_distal_lvs.vtp'.
[2026-06-04 20:28:51.487] [warning] Couldn't find file 'metacarpal3_lvs.vtp'.
[2026-06-04 20:28:51.487] [warning] Couldn't find file 'middle_proximal_lvs.vtp'.
[2026-06-04 20:28:51.487] [warning] Couldn't find file 'middle_medial_lvs.vtp'.
[2026-06-04 20:28:51.487] [warning] Couldn't find file 'middle_distal_lvs.vtp'.
[2026-06-04 20:28:51.487] [warning] Couldn't find file 'metacarpal4_lvs.vtp'.
[2026-06-04 20:28:51.487] [warning] Couldn't find file 'ring_proximal_lvs.vtp'.
[2026-06-04 20:28:51.487] [warning] Couldn't find file 'ring_medial_lvs.vtp'.
[2026-06-04 20:28:51.487] [warning] Couldn't find file 'ring_distal_lvs.vtp'.
[2026-06-04 20:28:51.487] [warning] Couldn't find file 'metacarpal5_lvs.vtp'.
[2026-06-04 20:28:51.488] [warning] Couldn't find file 'little_proximal_lvs.vtp'.
[2026-06-04 20:28:51.488] [warning] Couldn't find file 'little_medial_lvs.vtp'.
[2026-06-04 20:28:51.488] [warning] Couldn't find file 'little_distal_lvs.vtp'.
[2026-06-04 20:28:51.488] [warning] Couldn't find file 'metacarpal1_lvs.vtp'.
[2026-06-04 20:28:51.488] [warning] Couldn't find file 'thumb_proximal_lvs.vtp'.
[2026-06-04 20:28:51.488] [warning] Couldn't find file 'thumb_distal_lvs.vtp'.
[2026-06-04 20:28:51.523] [info] Loaded model Full_Body_Walking_Model-Scaled_Adjusted from file ..\UF_Subject_4_Scaled_JMP_inactiveMuscles.osim
[2026-06-04 20:28:51.523] [warning] Couldn't find file 'r_pelvis.vtp'.
[2026-06-04 20:28:51.523] [warning] Couldn't find file 'l_pelvis.vtp'.
[2026-06-04 20:28:51.523] [warning] Couldn't find file 'sacrum.vtp'.
[2026-06-04 20:28:51.523] [warning] Couldn't find file 'r_femur.vtp'.
[2026-06-04 20:28:51.523] [warning] Couldn't find file 'r_patella.vtp'.
[2026-06-04 20:28:51.523] [warning] Couldn't find file 'r_tibia.vtp'.
[2026-06-04 20:28:51.523] [warning] Couldn't find file 'r_fibula.vtp'.
[2026-06-04 20:28:51.524] [warning] Couldn't find file 'r_talus.stl'.
[2026-06-04 20:28:51.524] [warning] Couldn't find file 'r_foot.vtp'.
[2026-06-04 20:28:51.524] [warning] Couldn't find file 'r_bofoot.vtp'.
[2026-06-04 20:28:51.524] [warning] Couldn't find file 'l_femur.vtp'.
[2026-06-04 20:28:51.524] [warning] Couldn't find file 'l_patella.vtp'.
[2026-06-04 20:28:51.524] [warning] Couldn't find file 'l_tibia.vtp'.
[2026-06-04 20:28:51.524] [warning] Couldn't find file 'l_fibula.vtp'.
[2026-06-04 20:28:51.524] [warning] Couldn't find file 'l_talus.stl'.
[2026-06-04 20:28:51.524] [warning] Couldn't find file 'l_foot.vtp'.
[2026-06-04 20:28:51.524] [warning] Couldn't find file 'l_bofoot.vtp'.
[2026-06-04 20:28:51.524] [warning] Couldn't find file 'hat_spine.vtp'.
[2026-06-04 20:28:51.524] [warning] Couldn't find file 'hat_jaw.vtp'.
[2026-06-04 20:28:51.524] [warning] Couldn't find file 'hat_skull.vtp'.
[2026-06-04 20:28:51.524] [warning] Couldn't find file 'hat_ribs_scap.vtp'.
[2026-06-04 20:28:51.524] [warning] Couldn't find file 'humerus_rv.vtp'.
[2026-06-04 20:28:51.524] [warning] Couldn't find file 'ulna_rv.vtp'.
[2026-06-04 20:28:51.524] [warning] Couldn't find file 'radius_rv.vtp'.
[2026-06-04 20:28:51.524] [warning] Couldn't find file 'pisiform_rvs.vtp'.
[2026-06-04 20:28:51.524] [warning] Couldn't find file 'lunate_rvs.vtp'.
[2026-06-04 20:28:51.525] [warning] Couldn't find file 'scaphoid_rvs.vtp'.
[2026-06-04 20:28:51.525] [warning] Couldn't find file 'triquetrum_rvs.vtp'.
[2026-06-04 20:28:51.525] [warning] Couldn't find file 'hamate_rvs.vtp'.
[2026-06-04 20:28:51.525] [warning] Couldn't find file 'capitate_rvs.vtp'.
[2026-06-04 20:28:51.525] [warning] Couldn't find file 'trapezoid_rvs.vtp'.
[2026-06-04 20:28:51.525] [warning] Couldn't find file 'trapezium_rvs.vtp'.
[2026-06-04 20:28:51.525] [warning] Couldn't find file 'metacarpal2_rvs.vtp'.
[2026-06-04 20:28:51.525] [warning] Couldn't find file 'index_proximal_rvs.vtp'.
[2026-06-04 20:28:51.525] [warning] Couldn't find file 'index_medial_rvs.vtp'.
[2026-06-04 20:28:51.525] [warning] Couldn't find file 'index_distal_rvs.vtp'.
[2026-06-04 20:28:51.525] [warning] Couldn't find file 'metacarpal3_rvs.vtp'.
[2026-06-04 20:28:51.525] [warning] Couldn't find file 'middle_proximal_rvs.vtp'.
[2026-06-04 20:28:51.525] [warning] Couldn't find file 'middle_medial_rvs.vtp'.
[2026-06-04 20:28:51.525] [warning] Couldn't find file 'middle_distal_rvs.vtp'.
[2026-06-04 20:28:51.525] [warning] Couldn't find file 'metacarpal4_rvs.vtp'.
[2026-06-04 20:28:51.525] [warning] Couldn't find file 'ring_proximal_rvs.vtp'.
[2026-06-04 20:28:51.525] [warning] Couldn't find file 'ring_medial_rvs.vtp'.
[2026-06-04 20:28:51.525] [warning] Couldn't find file 'ring_distal_rvs.vtp'.
[2026-06-04 20:28:51.525] [warning] Couldn't find file 'metacarpal5_rvs.vtp'.
[2026-06-04 20:28:51.525] [warning] Couldn't find file 'little_proximal_rvs.vtp'.
[2026-06-04 20:28:51.526] [warning] Couldn't find file 'little_medial_rvs.vtp'.
[2026-06-04 20:28:51.526] [warning] Couldn't find file 'little_distal_rvs.vtp'.
[2026-06-04 20:28:51.526] [warning] Couldn't find file 'metacarpal1_rvs.vtp'.
[2026-06-04 20:28:51.526] [warning] Couldn't find file 'thumb_proximal_rvs.vtp'.
[2026-06-04 20:28:51.526] [warning] Couldn't find file 'thumb_distal_rvs.vtp'.
[2026-06-04 20:28:51.526] [warning] Couldn't find file 'humerus_lv.vtp'.
[2026-06-04 20:28:51.526] [warning] Couldn't find file 'ulna_lv.vtp'.
[2026-06-04 20:28:51.526] [warning] Couldn't find file 'radius_lv.vtp'.
[2026-06-04 20:28:51.526] [warning] Couldn't find file 'pisiform_lvs.vtp'.
[2026-06-04 20:28:51.526] [warning] Couldn't find file 'lunate_lvs.vtp'.
[2026-06-04 20:28:51.526] [warning] Couldn't find file 'scaphoid_lvs.vtp'.
[2026-06-04 20:28:51.526] [warning] Couldn't find file 'triquetrum_lvs.vtp'.
[2026-06-04 20:28:51.526] [warning] Couldn't find file 'hamate_lvs.vtp'.
[2026-06-04 20:28:51.526] [warning] Couldn't find file 'capitate_lvs.vtp'.
[2026-06-04 20:28:51.526] [warning] Couldn't find file 'trapezoid_lvs.vtp'.
[2026-06-04 20:28:51.526] [warning] Couldn't find file 'trapezium_lvs.vtp'.
[2026-06-04 20:28:51.526] [warning] Couldn't find file 'metacarpal2_lvs.vtp'.
[2026-06-04 20:28:51.526] [warning] Couldn't find file 'index_proximal_lvs.vtp'.
[2026-06-04 20:28:51.526] [warning] Couldn't find file 'index_medial_lvs.vtp'.
[2026-06-04 20:28:51.526] [warning] Couldn't find file 'index_distal_lvs.vtp'.
[2026-06-04 20:28:51.527] [warning] Couldn't find file 'metacarpal3_lvs.vtp'.
[2026-06-04 20:28:51.527] [warning] Couldn't find file 'middle_proximal_lvs.vtp'.
[2026-06-04 20:28:51.527] [warning] Couldn't find file 'middle_medial_lvs.vtp'.
[2026-06-04 20:28:51.527] [warning] Couldn't find file 'middle_distal_lvs.vtp'.
[2026-06-04 20:28:51.527] [warning] Couldn't find file 'metacarpal4_lvs.vtp'.
[2026-06-04 20:28:51.527] [warning] Couldn't find file 'ring_proximal_lvs.vtp'.
[2026-06-04 20:28:51.527] [warning] Couldn't find file 'ring_medial_lvs.vtp'.
[2026-06-04 20:28:51.527] [warning] Couldn't find file 'ring_distal_lvs.vtp'.
[2026-06-04 20:28:51.527] [warning] Couldn't find file 'metacarpal5_lvs.vtp'.
[2026-06-04 20:28:51.527] [warning] Couldn't find file 'little_proximal_lvs.vtp'.
[2026-06-04 20:28:51.527] [warning] Couldn't find file 'little_medial_lvs.vtp'.
[2026-06-04 20:28:51.527] [warning] Couldn't find file 'little_distal_lvs.vtp'.
[2026-06-04 20:28:51.527] [warning] Couldn't find file 'metacarpal1_lvs.vtp'.
[2026-06-04 20:28:51.527] [warning] Couldn't find file 'thumb_proximal_lvs.vtp'.
[2026-06-04 20:28:51.527] [warning] Couldn't find file 'thumb_distal_lvs.vtp'.
[2026-06-04 20:28:51.562] [info] Loaded model Full_Body_Walking_Model-Scaled_Adjusted from file ..\UF_Subject_4_Scaled_JMP_inactiveMuscles.osim
[2026-06-04 20:28:51.563] [warning] Couldn't find file 'r_pelvis.vtp'.
[2026-06-04 20:28:51.563] [warning] Couldn't find file 'l_pelvis.vtp'.
[2026-06-04 20:28:51.563] [warning] Couldn't find file 'sacrum.vtp'.
[2026-06-04 20:28:51.563] [warning] Couldn't find file 'r_femur.vtp'.
[2026-06-04 20:28:51.563] [warning] Couldn't find file 'r_patella.vtp'.
[2026-06-04 20:28:51.563] [warning] Couldn't find file 'r_tibia.vtp'.
[2026-06-04 20:28:51.563] [warning] Couldn't find file 'r_fibula.vtp'.
[2026-06-04 20:28:51.563] [warning] Couldn't find file 'r_talus.stl'.
[2026-06-04 20:28:51.563] [warning] Couldn't find file 'r_foot.vtp'.
[2026-06-04 20:28:51.563] [warning] Couldn't find file 'r_bofoot.vtp'.
[2026-06-04 20:28:51.563] [warning] Couldn't find file 'l_femur.vtp'.
[2026-06-04 20:28:51.563] [warning] Couldn't find file 'l_patella.vtp'.
[2026-06-04 20:28:51.563] [warning] Couldn't find file 'l_tibia.vtp'.
[2026-06-04 20:28:51.563] [warning] Couldn't find file 'l_fibula.vtp'.
[2026-06-04 20:28:51.563] [warning] Couldn't find file 'l_talus.stl'.
[2026-06-04 20:28:51.564] [warning] Couldn't find file 'l_foot.vtp'.
[2026-06-04 20:28:51.564] [warning] Couldn't find file 'l_bofoot.vtp'.
[2026-06-04 20:28:51.564] [warning] Couldn't find file 'hat_spine.vtp'.
[2026-06-04 20:28:51.564] [warning] Couldn't find file 'hat_jaw.vtp'.
[2026-06-04 20:28:51.564] [warning] Couldn't find file 'hat_skull.vtp'.
[2026-06-04 20:28:51.564] [warning] Couldn't find file 'hat_ribs_scap.vtp'.
[2026-06-04 20:28:51.564] [warning] Couldn't find file 'humerus_rv.vtp'.
[2026-06-04 20:28:51.564] [warning] Couldn't find file 'ulna_rv.vtp'.
[2026-06-04 20:28:51.564] [warning] Couldn't find file 'radius_rv.vtp'.
[2026-06-04 20:28:51.564] [warning] Couldn't find file 'pisiform_rvs.vtp'.
[2026-06-04 20:28:51.564] [warning] Couldn't find file 'lunate_rvs.vtp'.
[2026-06-04 20:28:51.564] [warning] Couldn't find file 'scaphoid_rvs.vtp'.
[2026-06-04 20:28:51.564] [warning] Couldn't find file 'triquetrum_rvs.vtp'.
[2026-06-04 20:28:51.564] [warning] Couldn't find file 'hamate_rvs.vtp'.
[2026-06-04 20:28:51.564] [warning] Couldn't find file 'capitate_rvs.vtp'.
[2026-06-04 20:28:51.564] [warning] Couldn't find file 'trapezoid_rvs.vtp'.
[2026-06-04 20:28:51.564] [warning] Couldn't find file 'trapezium_rvs.vtp'.
[2026-06-04 20:28:51.564] [warning] Couldn't find file 'metacarpal2_rvs.vtp'.
[2026-06-04 20:28:51.564] [warning] Couldn't find file 'index_proximal_rvs.vtp'.
[2026-06-04 20:28:51.564] [warning] Couldn't find file 'index_medial_rvs.vtp'.
[2026-06-04 20:28:51.564] [warning] Couldn't find file 'index_distal_rvs.vtp'.
[2026-06-04 20:28:51.565] [warning] Couldn't find file 'metacarpal3_rvs.vtp'.
[2026-06-04 20:28:51.565] [warning] Couldn't find file 'middle_proximal_rvs.vtp'.
[2026-06-04 20:28:51.565] [warning] Couldn't find file 'middle_medial_rvs.vtp'.
[2026-06-04 20:28:51.565] [warning] Couldn't find file 'middle_distal_rvs.vtp'.
[2026-06-04 20:28:51.565] [warning] Couldn't find file 'metacarpal4_rvs.vtp'.
[2026-06-04 20:28:51.565] [warning] Couldn't find file 'ring_proximal_rvs.vtp'.
[2026-06-04 20:28:51.565] [warning] Couldn't find file 'ring_medial_rvs.vtp'.
[2026-06-04 20:28:51.565] [warning] Couldn't find file 'ring_distal_rvs.vtp'.
[2026-06-04 20:28:51.565] [warning] Couldn't find file 'metacarpal5_rvs.vtp'.
[2026-06-04 20:28:51.565] [warning] Couldn't find file 'little_proximal_rvs.vtp'.
[2026-06-04 20:28:51.565] [warning] Couldn't find file 'little_medial_rvs.vtp'.
[2026-06-04 20:28:51.565] [warning] Couldn't find file 'little_distal_rvs.vtp'.
[2026-06-04 20:28:51.565] [warning] Couldn't find file 'metacarpal1_rvs.vtp'.
[2026-06-04 20:28:51.565] [warning] Couldn't find file 'thumb_proximal_rvs.vtp'.
[2026-06-04 20:28:51.565] [warning] Couldn't find file 'thumb_distal_rvs.vtp'.
[2026-06-04 20:28:51.565] [warning] Couldn't find file 'humerus_lv.vtp'.
[2026-06-04 20:28:51.565] [warning] Couldn't find file 'ulna_lv.vtp'.
[2026-06-04 20:28:51.565] [warning] Couldn't find file 'radius_lv.vtp'.
[2026-06-04 20:28:51.565] [warning] Couldn't find file 'pisiform_lvs.vtp'.
[2026-06-04 20:28:51.565] [warning] Couldn't find file 'lunate_lvs.vtp'.
[2026-06-04 20:28:51.566] [warning] Couldn't find file 'scaphoid_lvs.vtp'.
[2026-06-04 20:28:51.566] [warning] Couldn't find file 'triquetrum_lvs.vtp'.
[2026-06-04 20:28:51.566] [warning] Couldn't find file 'hamate_lvs.vtp'.
[2026-06-04 20:28:51.566] [warning] Couldn't find file 'capitate_lvs.vtp'.
[2026-06-04 20:28:51.566] [warning] Couldn't find file 'trapezoid_lvs.vtp'.
[2026-06-04 20:28:51.566] [warning] Couldn't find file 'trapezium_lvs.vtp'.
[2026-06-04 20:28:51.566] [warning] Couldn't find file 'metacarpal2_lvs.vtp'.
[2026-06-04 20:28:51.566] [warning] Couldn't find file 'index_proximal_lvs.vtp'.
[2026-06-04 20:28:51.566] [warning] Couldn't find file 'index_medial_lvs.vtp'.
[2026-06-04 20:28:51.566] [warning] Couldn't find file 'index_distal_lvs.vtp'.
[2026-06-04 20:28:51.566] [warning] Couldn't find file 'metacarpal3_lvs.vtp'.
[2026-06-04 20:28:51.566] [warning] Couldn't find file 'middle_proximal_lvs.vtp'.
[2026-06-04 20:28:51.566] [warning] Couldn't find file 'middle_medial_lvs.vtp'.
[2026-06-04 20:28:51.566] [warning] Couldn't find file 'middle_distal_lvs.vtp'.
[2026-06-04 20:28:51.566] [warning] Couldn't find file 'metacarpal4_lvs.vtp'.
[2026-06-04 20:28:51.566] [warning] Couldn't find file 'ring_proximal_lvs.vtp'.
[2026-06-04 20:28:51.566] [warning] Couldn't find file 'ring_medial_lvs.vtp'.
[2026-06-04 20:28:51.566] [warning] Couldn't find file 'ring_distal_lvs.vtp'.
[2026-06-04 20:28:51.566] [warning] Couldn't find file 'metacarpal5_lvs.vtp'.
[2026-06-04 20:28:51.566] [warning] Couldn't find file 'little_proximal_lvs.vtp'.
[2026-06-04 20:28:51.566] [warning] Couldn't find file 'little_medial_lvs.vtp'.
[2026-06-04 20:28:51.567] [warning] Couldn't find file 'little_distal_lvs.vtp'.
[2026-06-04 20:28:51.567] [warning] Couldn't find file 'metacarpal1_lvs.vtp'.
[2026-06-04 20:28:51.567] [warning] Couldn't find file 'thumb_proximal_lvs.vtp'.
[2026-06-04 20:28:51.567] [warning] Couldn't find file 'thumb_distal_lvs.vtp'.
[2026-06-04 20:28:51.603] [info] Loaded model Full_Body_Walking_Model-Scaled_Adjusted from file ..\UF_Subject_4_Scaled_JMP_inactiveMuscles.osim
[2026-06-04 20:28:51.603] [warning] Couldn't find file 'r_pelvis.vtp'.
[2026-06-04 20:28:51.603] [warning] Couldn't find file 'l_pelvis.vtp'.
[2026-06-04 20:28:51.603] [warning] Couldn't find file 'sacrum.vtp'.
[2026-06-04 20:28:51.604] [warning] Couldn't find file 'r_femur.vtp'.
[2026-06-04 20:28:51.604] [warning] Couldn't find file 'r_patella.vtp'.
[2026-06-04 20:28:51.604] [warning] Couldn't find file 'r_tibia.vtp'.
[2026-06-04 20:28:51.604] [warning] Couldn't find file 'r_fibula.vtp'.
[2026-06-04 20:28:51.604] [warning] Couldn't find file 'r_talus.stl'.
[2026-06-04 20:28:51.604] [warning] Couldn't find file 'r_foot.vtp'.
[2026-06-04 20:28:51.604] [warning] Couldn't find file 'r_bofoot.vtp'.
[2026-06-04 20:28:51.604] [warning] Couldn't find file 'l_femur.vtp'.
[2026-06-04 20:28:51.604] [warning] Couldn't find file 'l_patella.vtp'.
[2026-06-04 20:28:51.604] [warning] Couldn't find file 'l_tibia.vtp'.
[2026-06-04 20:28:51.604] [warning] Couldn't find file 'l_fibula.vtp'.
[2026-06-04 20:28:51.604] [warning] Couldn't find file 'l_talus.stl'.
[2026-06-04 20:28:51.604] [warning] Couldn't find file 'l_foot.vtp'.
[2026-06-04 20:28:51.604] [warning] Couldn't find file 'l_bofoot.vtp'.
[2026-06-04 20:28:51.604] [warning] Couldn't find file 'hat_spine.vtp'.
[2026-06-04 20:28:51.604] [warning] Couldn't find file 'hat_jaw.vtp'.
[2026-06-04 20:28:51.604] [warning] Couldn't find file 'hat_skull.vtp'.
[2026-06-04 20:28:51.604] [warning] Couldn't find file 'hat_ribs_scap.vtp'.
[2026-06-04 20:28:51.605] [warning] Couldn't find file 'humerus_rv.vtp'.
[2026-06-04 20:28:51.605] [warning] Couldn't find file 'ulna_rv.vtp'.
[2026-06-04 20:28:51.605] [warning] Couldn't find file 'radius_rv.vtp'.
[2026-06-04 20:28:51.605] [warning] Couldn't find file 'pisiform_rvs.vtp'.
[2026-06-04 20:28:51.605] [warning] Couldn't find file 'lunate_rvs.vtp'.
[2026-06-04 20:28:51.605] [warning] Couldn't find file 'scaphoid_rvs.vtp'.
[2026-06-04 20:28:51.605] [warning] Couldn't find file 'triquetrum_rvs.vtp'.
[2026-06-04 20:28:51.605] [warning] Couldn't find file 'hamate_rvs.vtp'.
[2026-06-04 20:28:51.605] [warning] Couldn't find file 'capitate_rvs.vtp'.
[2026-06-04 20:28:51.605] [warning] Couldn't find file 'trapezoid_rvs.vtp'.
[2026-06-04 20:28:51.605] [warning] Couldn't find file 'trapezium_rvs.vtp'.
[2026-06-04 20:28:51.605] [warning] Couldn't find file 'metacarpal2_rvs.vtp'.
[2026-06-04 20:28:51.605] [warning] Couldn't find file 'index_proximal_rvs.vtp'.
[2026-06-04 20:28:51.605] [warning] Couldn't find file 'index_medial_rvs.vtp'.
[2026-06-04 20:28:51.605] [warning] Couldn't find file 'index_distal_rvs.vtp'.
[2026-06-04 20:28:51.605] [warning] Couldn't find file 'metacarpal3_rvs.vtp'.
[2026-06-04 20:28:51.605] [warning] Couldn't find file 'middle_proximal_rvs.vtp'.
[2026-06-04 20:28:51.605] [warning] Couldn't find file 'middle_medial_rvs.vtp'.
[2026-06-04 20:28:51.605] [warning] Couldn't find file 'middle_distal_rvs.vtp'.
[2026-06-04 20:28:51.605] [warning] Couldn't find file 'metacarpal4_rvs.vtp'.
[2026-06-04 20:28:51.606] [warning] Couldn't find file 'ring_proximal_rvs.vtp'.
[2026-06-04 20:28:51.606] [warning] Couldn't find file 'ring_medial_rvs.vtp'.
[2026-06-04 20:28:51.606] [warning] Couldn't find file 'ring_distal_rvs.vtp'.
[2026-06-04 20:28:51.606] [warning] Couldn't find file 'metacarpal5_rvs.vtp'.
[2026-06-04 20:28:51.606] [warning] Couldn't find file 'little_proximal_rvs.vtp'.
[2026-06-04 20:28:51.606] [warning] Couldn't find file 'little_medial_rvs.vtp'.
[2026-06-04 20:28:51.606] [warning] Couldn't find file 'little_distal_rvs.vtp'.
[2026-06-04 20:28:51.606] [warning] Couldn't find file 'metacarpal1_rvs.vtp'.
[2026-06-04 20:28:51.606] [warning] Couldn't find file 'thumb_proximal_rvs.vtp'.
[2026-06-04 20:28:51.606] [warning] Couldn't find file 'thumb_distal_rvs.vtp'.
[2026-06-04 20:28:51.606] [warning] Couldn't find file 'humerus_lv.vtp'.
[2026-06-04 20:28:51.606] [warning] Couldn't find file 'ulna_lv.vtp'.
[2026-06-04 20:28:51.606] [warning] Couldn't find file 'radius_lv.vtp'.
[2026-06-04 20:28:51.606] [warning] Couldn't find file 'pisiform_lvs.vtp'.
[2026-06-04 20:28:51.606] [warning] Couldn't find file 'lunate_lvs.vtp'.
[2026-06-04 20:28:51.606] [warning] Couldn't find file 'scaphoid_lvs.vtp'.
[2026-06-04 20:28:51.606] [warning] Couldn't find file 'triquetrum_lvs.vtp'.
[2026-06-04 20:28:51.606] [warning] Couldn't find file 'hamate_lvs.vtp'.
[2026-06-04 20:28:51.606] [warning] Couldn't find file 'capitate_lvs.vtp'.
[2026-06-04 20:28:51.607] [warning] Couldn't find file 'trapezoid_lvs.vtp'.
[2026-06-04 20:28:51.607] [warning] Couldn't find file 'trapezium_lvs.vtp'.
[2026-06-04 20:28:51.607] [warning] Couldn't find file 'metacarpal2_lvs.vtp'.
[2026-06-04 20:28:51.607] [warning] Couldn't find file 'index_proximal_lvs.vtp'.
[2026-06-04 20:28:51.607] [warning] Couldn't find file 'index_medial_lvs.vtp'.
[2026-06-04 20:28:51.607] [warning] Couldn't find file 'index_distal_lvs.vtp'.
[2026-06-04 20:28:51.607] [warning] Couldn't find file 'metacarpal3_lvs.vtp'.
[2026-06-04 20:28:51.607] [warning] Couldn't find file 'middle_proximal_lvs.vtp'.
[2026-06-04 20:28:51.607] [warning] Couldn't find file 'middle_medial_lvs.vtp'.
[2026-06-04 20:28:51.607] [warning] Couldn't find file 'middle_distal_lvs.vtp'.
[2026-06-04 20:28:51.607] [warning] Couldn't find file 'metacarpal4_lvs.vtp'.
[2026-06-04 20:28:51.607] [warning] Couldn't find file 'ring_proximal_lvs.vtp'.
[2026-06-04 20:28:51.607] [warning] Couldn't find file 'ring_medial_lvs.vtp'.
[2026-06-04 20:28:51.607] [warning] Couldn't find file 'ring_distal_lvs.vtp'.
[2026-06-04 20:28:51.607] [warning] Couldn't find file 'metacarpal5_lvs.vtp'.
[2026-06-04 20:28:51.607] [warning] Couldn't find file 'little_proximal_lvs.vtp'.
[2026-06-04 20:28:51.607] [warning] Couldn't find file 'little_medial_lvs.vtp'.
[2026-06-04 20:28:51.607] [warning] Couldn't find file 'little_distal_lvs.vtp'.
[2026-06-04 20:28:51.607] [warning] Couldn't find file 'metacarpal1_lvs.vtp'.
[2026-06-04 20:28:51.607] [warning] Couldn't find file 'thumb_proximal_lvs.vtp'.
[2026-06-04 20:28:51.607] [warning] Couldn't find file 'thumb_distal_lvs.vtp'.
[2026-06-04 20:28:51.642] [info] Loaded model Full_Body_Walking_Model-Scaled_Adjusted from file ..\UF_Subject_4_Scaled_JMP_inactiveMuscles.osim
[2026-06-04 20:28:51.643] [warning] Couldn't find file 'r_pelvis.vtp'.
[2026-06-04 20:28:51.643] [warning] Couldn't find file 'l_pelvis.vtp'.
[2026-06-04 20:28:51.643] [warning] Couldn't find file 'sacrum.vtp'.
[2026-06-04 20:28:51.643] [warning] Couldn't find file 'r_femur.vtp'.
[2026-06-04 20:28:51.643] [warning] Couldn't find file 'r_patella.vtp'.
[2026-06-04 20:28:51.643] [warning] Couldn't find file 'r_tibia.vtp'.
[2026-06-04 20:28:51.643] [warning] Couldn't find file 'r_fibula.vtp'.
[2026-06-04 20:28:51.643] [warning] Couldn't find file 'r_talus.stl'.
[2026-06-04 20:28:51.643] [warning] Couldn't find file 'r_foot.vtp'.
[2026-06-04 20:28:51.643] [warning] Couldn't find file 'r_bofoot.vtp'.
[2026-06-04 20:28:51.643] [warning] Couldn't find file 'l_femur.vtp'.
[2026-06-04 20:28:51.643] [warning] Couldn't find file 'l_patella.vtp'.
[2026-06-04 20:28:51.644] [warning] Couldn't find file 'l_tibia.vtp'.
[2026-06-04 20:28:51.644] [warning] Couldn't find file 'l_fibula.vtp'.
[2026-06-04 20:28:51.644] [warning] Couldn't find file 'l_talus.stl'.
[2026-06-04 20:28:51.644] [warning] Couldn't find file 'l_foot.vtp'.
[2026-06-04 20:28:51.644] [warning] Couldn't find file 'l_bofoot.vtp'.
[2026-06-04 20:28:51.644] [warning] Couldn't find file 'hat_spine.vtp'.
[2026-06-04 20:28:51.644] [warning] Couldn't find file 'hat_jaw.vtp'.
[2026-06-04 20:28:51.644] [warning] Couldn't find file 'hat_skull.vtp'.
[2026-06-04 20:28:51.644] [warning] Couldn't find file 'hat_ribs_scap.vtp'.
[2026-06-04 20:28:51.644] [warning] Couldn't find file 'humerus_rv.vtp'.
[2026-06-04 20:28:51.644] [warning] Couldn't find file 'ulna_rv.vtp'.
[2026-06-04 20:28:51.644] [warning] Couldn't find file 'radius_rv.vtp'.
[2026-06-04 20:28:51.644] [warning] Couldn't find file 'pisiform_rvs.vtp'.
[2026-06-04 20:28:51.644] [warning] Couldn't find file 'lunate_rvs.vtp'.
[2026-06-04 20:28:51.644] [warning] Couldn't find file 'scaphoid_rvs.vtp'.
[2026-06-04 20:28:51.644] [warning] Couldn't find file 'triquetrum_rvs.vtp'.
[2026-06-04 20:28:51.644] [warning] Couldn't find file 'hamate_rvs.vtp'.
[2026-06-04 20:28:51.644] [warning] Couldn't find file 'capitate_rvs.vtp'.
[2026-06-04 20:28:51.644] [warning] Couldn't find file 'trapezoid_rvs.vtp'.
[2026-06-04 20:28:51.645] [warning] Couldn't find file 'trapezium_rvs.vtp'.
[2026-06-04 20:28:51.645] [warning] Couldn't find file 'metacarpal2_rvs.vtp'.
[2026-06-04 20:28:51.645] [warning] Couldn't find file 'index_proximal_rvs.vtp'.
[2026-06-04 20:28:51.645] [warning] Couldn't find file 'index_medial_rvs.vtp'.
[2026-06-04 20:28:51.645] [warning] Couldn't find file 'index_distal_rvs.vtp'.
[2026-06-04 20:28:51.645] [warning] Couldn't find file 'metacarpal3_rvs.vtp'.
[2026-06-04 20:28:51.645] [warning] Couldn't find file 'middle_proximal_rvs.vtp'.
[2026-06-04 20:28:51.645] [warning] Couldn't find file 'middle_medial_rvs.vtp'.
[2026-06-04 20:28:51.645] [warning] Couldn't find file 'middle_distal_rvs.vtp'.
[2026-06-04 20:28:51.645] [warning] Couldn't find file 'metacarpal4_rvs.vtp'.
[2026-06-04 20:28:51.645] [warning] Couldn't find file 'ring_proximal_rvs.vtp'.
[2026-06-04 20:28:51.645] [warning] Couldn't find file 'ring_medial_rvs.vtp'.
[2026-06-04 20:28:51.645] [warning] Couldn't find file 'ring_distal_rvs.vtp'.
[2026-06-04 20:28:51.645] [warning] Couldn't find file 'metacarpal5_rvs.vtp'.
[2026-06-04 20:28:51.645] [warning] Couldn't find file 'little_proximal_rvs.vtp'.
[2026-06-04 20:28:51.645] [warning] Couldn't find file 'little_medial_rvs.vtp'.
[2026-06-04 20:28:51.645] [warning] Couldn't find file 'little_distal_rvs.vtp'.
[2026-06-04 20:28:51.645] [warning] Couldn't find file 'metacarpal1_rvs.vtp'.
[2026-06-04 20:28:51.645] [warning] Couldn't find file 'thumb_proximal_rvs.vtp'.
[2026-06-04 20:28:51.645] [warning] Couldn't find file 'thumb_distal_rvs.vtp'.
[2026-06-04 20:28:51.646] [warning] Couldn't find file 'humerus_lv.vtp'.
[2026-06-04 20:28:51.646] [warning] Couldn't find file 'ulna_lv.vtp'.
[2026-06-04 20:28:51.646] [warning] Couldn't find file 'radius_lv.vtp'.
[2026-06-04 20:28:51.646] [warning] Couldn't find file 'pisiform_lvs.vtp'.
[2026-06-04 20:28:51.646] [warning] Couldn't find file 'lunate_lvs.vtp'.
[2026-06-04 20:28:51.646] [warning] Couldn't find file 'scaphoid_lvs.vtp'.
[2026-06-04 20:28:51.646] [warning] Couldn't find file 'triquetrum_lvs.vtp'.
[2026-06-04 20:28:51.646] [warning] Couldn't find file 'hamate_lvs.vtp'.
[2026-06-04 20:28:51.646] [warning] Couldn't find file 'capitate_lvs.vtp'.
[2026-06-04 20:28:51.646] [warning] Couldn't find file 'trapezoid_lvs.vtp'.
[2026-06-04 20:28:51.646] [warning] Couldn't find file 'trapezium_lvs.vtp'.
[2026-06-04 20:28:51.646] [warning] Couldn't find file 'metacarpal2_lvs.vtp'.
[2026-06-04 20:28:51.646] [warning] Couldn't find file 'index_proximal_lvs.vtp'.
[2026-06-04 20:28:51.646] [warning] Couldn't find file 'index_medial_lvs.vtp'.
[2026-06-04 20:28:51.646] [warning] Couldn't find file 'index_distal_lvs.vtp'.
[2026-06-04 20:28:51.646] [warning] Couldn't find file 'metacarpal3_lvs.vtp'.
[2026-06-04 20:28:51.646] [warning] Couldn't find file 'middle_proximal_lvs.vtp'.
[2026-06-04 20:28:51.646] [warning] Couldn't find file 'middle_medial_lvs.vtp'.
[2026-06-04 20:28:51.646] [warning] Couldn't find file 'middle_distal_lvs.vtp'.
[2026-06-04 20:28:51.646] [warning] Couldn't find file 'metacarpal4_lvs.vtp'.
[2026-06-04 20:28:51.647] [warning] Couldn't find file 'ring_proximal_lvs.vtp'.
[2026-06-04 20:28:51.647] [warning] Couldn't find file 'ring_medial_lvs.vtp'.
[2026-06-04 20:28:51.647] [warning] Couldn't find file 'ring_distal_lvs.vtp'.
[2026-06-04 20:28:51.647] [warning] Couldn't find file 'metacarpal5_lvs.vtp'.
[2026-06-04 20:28:51.647] [warning] Couldn't find file 'little_proximal_lvs.vtp'.
[2026-06-04 20:28:51.647] [warning] Couldn't find file 'little_medial_lvs.vtp'.
[2026-06-04 20:28:51.647] [warning] Couldn't find file 'little_distal_lvs.vtp'.
[2026-06-04 20:28:51.647] [warning] Couldn't find file 'metacarpal1_lvs.vtp'.
[2026-06-04 20:28:51.647] [warning] Couldn't find file 'thumb_proximal_lvs.vtp'.
[2026-06-04 20:28:51.647] [warning] Couldn't find file 'thumb_distal_lvs.vtp'.
[2026-06-04 20:28:51.683] [info] Loaded model Full_Body_Walking_Model-Scaled_Adjusted from file ..\UF_Subject_4_Scaled_JMP_inactiveMuscles.osim
[2026-06-04 20:28:51.683] [warning] Couldn't find file 'r_pelvis.vtp'.
[2026-06-04 20:28:51.683] [warning] Couldn't find file 'l_pelvis.vtp'.
[2026-06-04 20:28:51.683] [warning] Couldn't find file 'sacrum.vtp'.
[2026-06-04 20:28:51.684] [warning] Couldn't find file 'r_femur.vtp'.
[2026-06-04 20:28:51.684] [warning] Couldn't find file 'r_patella.vtp'.
[2026-06-04 20:28:51.684] [warning] Couldn't find file 'r_tibia.vtp'.
[2026-06-04 20:28:51.684] [warning] Couldn't find file 'r_fibula.vtp'.
[2026-06-04 20:28:51.684] [warning] Couldn't find file 'r_talus.stl'.
[2026-06-04 20:28:51.684] [warning] Couldn't find file 'r_foot.vtp'.
[2026-06-04 20:28:51.684] [warning] Couldn't find file 'r_bofoot.vtp'.
[2026-06-04 20:28:51.684] [warning] Couldn't find file 'l_femur.vtp'.
[2026-06-04 20:28:51.684] [warning] Couldn't find file 'l_patella.vtp'.
[2026-06-04 20:28:51.684] [warning] Couldn't find file 'l_tibia.vtp'.
[2026-06-04 20:28:51.684] [warning] Couldn't find file 'l_fibula.vtp'.
[2026-06-04 20:28:51.684] [warning] Couldn't find file 'l_talus.stl'.
[2026-06-04 20:28:51.684] [warning] Couldn't find file 'l_foot.vtp'.
[2026-06-04 20:28:51.684] [warning] Couldn't find file 'l_bofoot.vtp'.
[2026-06-04 20:28:51.684] [warning] Couldn't find file 'hat_spine.vtp'.
[2026-06-04 20:28:51.684] [warning] Couldn't find file 'hat_jaw.vtp'.
[2026-06-04 20:28:51.684] [warning] Couldn't find file 'hat_skull.vtp'.
[2026-06-04 20:28:51.685] [warning] Couldn't find file 'hat_ribs_scap.vtp'.
[2026-06-04 20:28:51.685] [warning] Couldn't find file 'humerus_rv.vtp'.
[2026-06-04 20:28:51.685] [warning] Couldn't find file 'ulna_rv.vtp'.
[2026-06-04 20:28:51.685] [warning] Couldn't find file 'radius_rv.vtp'.
[2026-06-04 20:28:51.685] [warning] Couldn't find file 'pisiform_rvs.vtp'.
[2026-06-04 20:28:51.685] [warning] Couldn't find file 'lunate_rvs.vtp'.
[2026-06-04 20:28:51.685] [warning] Couldn't find file 'scaphoid_rvs.vtp'.
[2026-06-04 20:28:51.685] [warning] Couldn't find file 'triquetrum_rvs.vtp'.
[2026-06-04 20:28:51.685] [warning] Couldn't find file 'hamate_rvs.vtp'.
[2026-06-04 20:28:51.685] [warning] Couldn't find file 'capitate_rvs.vtp'.
[2026-06-04 20:28:51.685] [warning] Couldn't find file 'trapezoid_rvs.vtp'.
[2026-06-04 20:28:51.685] [warning] Couldn't find file 'trapezium_rvs.vtp'.
[2026-06-04 20:28:51.685] [warning] Couldn't find file 'metacarpal2_rvs.vtp'.
[2026-06-04 20:28:51.685] [warning] Couldn't find file 'index_proximal_rvs.vtp'.
[2026-06-04 20:28:51.685] [warning] Couldn't find file 'index_medial_rvs.vtp'.
[2026-06-04 20:28:51.685] [warning] Couldn't find file 'index_distal_rvs.vtp'.
[2026-06-04 20:28:51.685] [warning] Couldn't find file 'metacarpal3_rvs.vtp'.
[2026-06-04 20:28:51.685] [warning] Couldn't find file 'middle_proximal_rvs.vtp'.
[2026-06-04 20:28:51.685] [warning] Couldn't find file 'middle_medial_rvs.vtp'.
[2026-06-04 20:28:51.685] [warning] Couldn't find file 'middle_distal_rvs.vtp'.
[2026-06-04 20:28:51.686] [warning] Couldn't find file 'metacarpal4_rvs.vtp'.
[2026-06-04 20:28:51.686] [warning] Couldn't find file 'ring_proximal_rvs.vtp'.
[2026-06-04 20:28:51.686] [warning] Couldn't find file 'ring_medial_rvs.vtp'.
[2026-06-04 20:28:51.686] [warning] Couldn't find file 'ring_distal_rvs.vtp'.
[2026-06-04 20:28:51.686] [warning] Couldn't find file 'metacarpal5_rvs.vtp'.
[2026-06-04 20:28:51.686] [warning] Couldn't find file 'little_proximal_rvs.vtp'.
[2026-06-04 20:28:51.686] [warning] Couldn't find file 'little_medial_rvs.vtp'.
[2026-06-04 20:28:51.686] [warning] Couldn't find file 'little_distal_rvs.vtp'.
[2026-06-04 20:28:51.686] [warning] Couldn't find file 'metacarpal1_rvs.vtp'.
[2026-06-04 20:28:51.686] [warning] Couldn't find file 'thumb_proximal_rvs.vtp'.
[2026-06-04 20:28:51.686] [warning] Couldn't find file 'thumb_distal_rvs.vtp'.
[2026-06-04 20:28:51.686] [warning] Couldn't find file 'humerus_lv.vtp'.
[2026-06-04 20:28:51.686] [warning] Couldn't find file 'ulna_lv.vtp'.
[2026-06-04 20:28:51.686] [warning] Couldn't find file 'radius_lv.vtp'.
[2026-06-04 20:28:51.686] [warning] Couldn't find file 'pisiform_lvs.vtp'.
[2026-06-04 20:28:51.686] [warning] Couldn't find file 'lunate_lvs.vtp'.
[2026-06-04 20:28:51.686] [warning] Couldn't find file 'scaphoid_lvs.vtp'.
[2026-06-04 20:28:51.686] [warning] Couldn't find file 'triquetrum_lvs.vtp'.
[2026-06-04 20:28:51.686] [warning] Couldn't find file 'hamate_lvs.vtp'.
[2026-06-04 20:28:51.686] [warning] Couldn't find file 'capitate_lvs.vtp'.
[2026-06-04 20:28:51.687] [warning] Couldn't find file 'trapezoid_lvs.vtp'.
[2026-06-04 20:28:51.687] [warning] Couldn't find file 'trapezium_lvs.vtp'.
[2026-06-04 20:28:51.687] [warning] Couldn't find file 'metacarpal2_lvs.vtp'.
[2026-06-04 20:28:51.687] [warning] Couldn't find file 'index_proximal_lvs.vtp'.
[2026-06-04 20:28:51.687] [warning] Couldn't find file 'index_medial_lvs.vtp'.
[2026-06-04 20:28:51.687] [warning] Couldn't find file 'index_distal_lvs.vtp'.
[2026-06-04 20:28:51.687] [warning] Couldn't find file 'metacarpal3_lvs.vtp'.
[2026-06-04 20:28:51.687] [warning] Couldn't find file 'middle_proximal_lvs.vtp'.
[2026-06-04 20:28:51.687] [warning] Couldn't find file 'middle_medial_lvs.vtp'.
[2026-06-04 20:28:51.687] [warning] Couldn't find file 'middle_distal_lvs.vtp'.
[2026-06-04 20:28:51.687] [warning] Couldn't find file 'metacarpal4_lvs.vtp'.
[2026-06-04 20:28:51.687] [warning] Couldn't find file 'ring_proximal_lvs.vtp'.
[2026-06-04 20:28:51.687] [warning] Couldn't find file 'ring_medial_lvs.vtp'.
[2026-06-04 20:28:51.687] [warning] Couldn't find file 'ring_distal_lvs.vtp'.
[2026-06-04 20:28:51.687] [warning] Couldn't find file 'metacarpal5_lvs.vtp'.
[2026-06-04 20:28:51.687] [warning] Couldn't find file 'little_proximal_lvs.vtp'.
[2026-06-04 20:28:51.687] [warning] Couldn't find file 'little_medial_lvs.vtp'.
[2026-06-04 20:28:51.687] [warning] Couldn't find file 'little_distal_lvs.vtp'.
[2026-06-04 20:28:51.687] [warning] Couldn't find file 'metacarpal1_lvs.vtp'.
[2026-06-04 20:28:51.687] [warning] Couldn't find file 'thumb_proximal_lvs.vtp'.
[2026-06-04 20:28:51.687] [warning] Couldn't find file 'thumb_distal_lvs.vtp'.
[2026-06-04 20:28:51.725] [info] Loaded model Full_Body_Walking_Model-Scaled_Adjusted from file ..\UF_Subject_4_Scaled_JMP_inactiveMuscles.osim
[2026-06-04 20:28:51.726] [warning] Couldn't find file 'r_pelvis.vtp'.
[2026-06-04 20:28:51.726] [warning] Couldn't find file 'l_pelvis.vtp'.
[2026-06-04 20:28:51.726] [warning] Couldn't find file 'sacrum.vtp'.
[2026-06-04 20:28:51.726] [warning] Couldn't find file 'r_femur.vtp'.
[2026-06-04 20:28:51.726] [warning] Couldn't find file 'r_patella.vtp'.
[2026-06-04 20:28:51.726] [warning] Couldn't find file 'r_tibia.vtp'.
[2026-06-04 20:28:51.726] [warning] Couldn't find file 'r_fibula.vtp'.
[2026-06-04 20:28:51.726] [warning] Couldn't find file 'r_talus.stl'.
[2026-06-04 20:28:51.726] [warning] Couldn't find file 'r_foot.vtp'.
[2026-06-04 20:28:51.726] [warning] Couldn't find file 'r_bofoot.vtp'.
[2026-06-04 20:28:51.726] [warning] Couldn't find file 'l_femur.vtp'.
[2026-06-04 20:28:51.726] [warning] Couldn't find file 'l_patella.vtp'.
[2026-06-04 20:28:51.726] [warning] Couldn't find file 'l_tibia.vtp'.
[2026-06-04 20:28:51.726] [warning] Couldn't find file 'l_fibula.vtp'.
[2026-06-04 20:28:51.726] [warning] Couldn't find file 'l_talus.stl'.
[2026-06-04 20:28:51.727] [warning] Couldn't find file 'l_foot.vtp'.
[2026-06-04 20:28:51.727] [warning] Couldn't find file 'l_bofoot.vtp'.
[2026-06-04 20:28:51.727] [warning] Couldn't find file 'hat_spine.vtp'.
[2026-06-04 20:28:51.727] [warning] Couldn't find file 'hat_jaw.vtp'.
[2026-06-04 20:28:51.727] [warning] Couldn't find file 'hat_skull.vtp'.
[2026-06-04 20:28:51.727] [warning] Couldn't find file 'hat_ribs_scap.vtp'.
[2026-06-04 20:28:51.727] [warning] Couldn't find file 'humerus_rv.vtp'.
[2026-06-04 20:28:51.727] [warning] Couldn't find file 'ulna_rv.vtp'.
[2026-06-04 20:28:51.727] [warning] Couldn't find file 'radius_rv.vtp'.
[2026-06-04 20:28:51.727] [warning] Couldn't find file 'pisiform_rvs.vtp'.
[2026-06-04 20:28:51.727] [warning] Couldn't find file 'lunate_rvs.vtp'.
[2026-06-04 20:28:51.727] [warning] Couldn't find file 'scaphoid_rvs.vtp'.
[2026-06-04 20:28:51.727] [warning] Couldn't find file 'triquetrum_rvs.vtp'.
[2026-06-04 20:28:51.727] [warning] Couldn't find file 'hamate_rvs.vtp'.
[2026-06-04 20:28:51.727] [warning] Couldn't find file 'capitate_rvs.vtp'.
[2026-06-04 20:28:51.727] [warning] Couldn't find file 'trapezoid_rvs.vtp'.
[2026-06-04 20:28:51.727] [warning] Couldn't find file 'trapezium_rvs.vtp'.
[2026-06-04 20:28:51.727] [warning] Couldn't find file 'metacarpal2_rvs.vtp'.
[2026-06-04 20:28:51.727] [warning] Couldn't find file 'index_proximal_rvs.vtp'.
[2026-06-04 20:28:51.727] [warning] Couldn't find file 'index_medial_rvs.vtp'.
[2026-06-04 20:28:51.728] [warning] Couldn't find file 'index_distal_rvs.vtp'.
[2026-06-04 20:28:51.728] [warning] Couldn't find file 'metacarpal3_rvs.vtp'.
[2026-06-04 20:28:51.728] [warning] Couldn't find file 'middle_proximal_rvs.vtp'.
[2026-06-04 20:28:51.728] [warning] Couldn't find file 'middle_medial_rvs.vtp'.
[2026-06-04 20:28:51.728] [warning] Couldn't find file 'middle_distal_rvs.vtp'.
[2026-06-04 20:28:51.728] [warning] Couldn't find file 'metacarpal4_rvs.vtp'.
[2026-06-04 20:28:51.728] [warning] Couldn't find file 'ring_proximal_rvs.vtp'.
[2026-06-04 20:28:51.728] [warning] Couldn't find file 'ring_medial_rvs.vtp'.
[2026-06-04 20:28:51.728] [warning] Couldn't find file 'ring_distal_rvs.vtp'.
[2026-06-04 20:28:51.728] [warning] Couldn't find file 'metacarpal5_rvs.vtp'.
[2026-06-04 20:28:51.728] [warning] Couldn't find file 'little_proximal_rvs.vtp'.
[2026-06-04 20:28:51.728] [warning] Couldn't find file 'little_medial_rvs.vtp'.
[2026-06-04 20:28:51.728] [warning] Couldn't find file 'little_distal_rvs.vtp'.
[2026-06-04 20:28:51.728] [warning] Couldn't find file 'metacarpal1_rvs.vtp'.
[2026-06-04 20:28:51.728] [warning] Couldn't find file 'thumb_proximal_rvs.vtp'.
[2026-06-04 20:28:51.728] [warning] Couldn't find file 'thumb_distal_rvs.vtp'.
[2026-06-04 20:28:51.728] [warning] Couldn't find file 'humerus_lv.vtp'.
[2026-06-04 20:28:51.728] [warning] Couldn't find file 'ulna_lv.vtp'.
[2026-06-04 20:28:51.728] [warning] Couldn't find file 'radius_lv.vtp'.
[2026-06-04 20:28:51.728] [warning] Couldn't find file 'pisiform_lvs.vtp'.
[2026-06-04 20:28:51.729] [warning] Couldn't find file 'lunate_lvs.vtp'.
[2026-06-04 20:28:51.729] [warning] Couldn't find file 'scaphoid_lvs.vtp'.
[2026-06-04 20:28:51.729] [warning] Couldn't find file 'triquetrum_lvs.vtp'.
[2026-06-04 20:28:51.729] [warning] Couldn't find file 'hamate_lvs.vtp'.
[2026-06-04 20:28:51.729] [warning] Couldn't find file 'capitate_lvs.vtp'.
[2026-06-04 20:28:51.729] [warning] Couldn't find file 'trapezoid_lvs.vtp'.
[2026-06-04 20:28:51.729] [warning] Couldn't find file 'trapezium_lvs.vtp'.
[2026-06-04 20:28:51.729] [warning] Couldn't find file 'metacarpal2_lvs.vtp'.
[2026-06-04 20:28:51.729] [warning] Couldn't find file 'index_proximal_lvs.vtp'.
[2026-06-04 20:28:51.729] [warning] Couldn't find file 'index_medial_lvs.vtp'.
[2026-06-04 20:28:51.729] [warning] Couldn't find file 'index_distal_lvs.vtp'.
[2026-06-04 20:28:51.729] [warning] Couldn't find file 'metacarpal3_lvs.vtp'.
[2026-06-04 20:28:51.729] [warning] Couldn't find file 'middle_proximal_lvs.vtp'.
[2026-06-04 20:28:51.729] [warning] Couldn't find file 'middle_medial_lvs.vtp'.
[2026-06-04 20:28:51.729] [warning] Couldn't find file 'middle_distal_lvs.vtp'.
[2026-06-04 20:28:51.729] [warning] Couldn't find file 'metacarpal4_lvs.vtp'.
[2026-06-04 20:28:51.729] [warning] Couldn't find file 'ring_proximal_lvs.vtp'.
[2026-06-04 20:28:51.729] [warning] Couldn't find file 'ring_medial_lvs.vtp'.
[2026-06-04 20:28:51.729] [warning] Couldn't find file 'ring_distal_lvs.vtp'.
[2026-06-04 20:28:51.729] [warning] Couldn't find file 'metacarpal5_lvs.vtp'.
[2026-06-04 20:28:51.729] [warning] Couldn't find file 'little_proximal_lvs.vtp'.
[2026-06-04 20:28:51.730] [warning] Couldn't find file 'little_medial_lvs.vtp'.
[2026-06-04 20:28:51.730] [warning] Couldn't find file 'little_distal_lvs.vtp'.
[2026-06-04 20:28:51.730] [warning] Couldn't find file 'metacarpal1_lvs.vtp'.
[2026-06-04 20:28:51.730] [warning] Couldn't find file 'thumb_proximal_lvs.vtp'.
[2026-06-04 20:28:51.730] [warning] Couldn't find file 'thumb_distal_lvs.vtp'.
[2026-06-04 20:28:51.766] [info] Loaded model Full_Body_Walking_Model-Scaled_Adjusted from file ..\UF_Subject_4_Scaled_JMP_inactiveMuscles.osim
[2026-06-04 20:28:51.767] [warning] Couldn't find file 'r_pelvis.vtp'.
[2026-06-04 20:28:51.767] [warning] Couldn't find file 'l_pelvis.vtp'.
[2026-06-04 20:28:51.767] [warning] Couldn't find file 'sacrum.vtp'.
[2026-06-04 20:28:51.767] [warning] Couldn't find file 'r_femur.vtp'.
[2026-06-04 20:28:51.767] [warning] Couldn't find file 'r_patella.vtp'.
[2026-06-04 20:28:51.767] [warning] Couldn't find file 'r_tibia.vtp'.
[2026-06-04 20:28:51.767] [warning] Couldn't find file 'r_fibula.vtp'.
[2026-06-04 20:28:51.767] [warning] Couldn't find file 'r_talus.stl'.
[2026-06-04 20:28:51.767] [warning] Couldn't find file 'r_foot.vtp'.
[2026-06-04 20:28:51.767] [warning] Couldn't find file 'r_bofoot.vtp'.
[2026-06-04 20:28:51.767] [warning] Couldn't find file 'l_femur.vtp'.
[2026-06-04 20:28:51.767] [warning] Couldn't find file 'l_patella.vtp'.
[2026-06-04 20:28:51.767] [warning] Couldn't find file 'l_tibia.vtp'.
[2026-06-04 20:28:51.767] [warning] Couldn't find file 'l_fibula.vtp'.
[2026-06-04 20:28:51.768] [warning] Couldn't find file 'l_talus.stl'.
[2026-06-04 20:28:51.768] [warning] Couldn't find file 'l_foot.vtp'.
[2026-06-04 20:28:51.768] [warning] Couldn't find file 'l_bofoot.vtp'.
[2026-06-04 20:28:51.768] [warning] Couldn't find file 'hat_spine.vtp'.
[2026-06-04 20:28:51.768] [warning] Couldn't find file 'hat_jaw.vtp'.
[2026-06-04 20:28:51.768] [warning] Couldn't find file 'hat_skull.vtp'.
[2026-06-04 20:28:51.768] [warning] Couldn't find file 'hat_ribs_scap.vtp'.
[2026-06-04 20:28:51.768] [warning] Couldn't find file 'humerus_rv.vtp'.
[2026-06-04 20:28:51.768] [warning] Couldn't find file 'ulna_rv.vtp'.
[2026-06-04 20:28:51.768] [warning] Couldn't find file 'radius_rv.vtp'.
[2026-06-04 20:28:51.768] [warning] Couldn't find file 'pisiform_rvs.vtp'.
[2026-06-04 20:28:51.768] [warning] Couldn't find file 'lunate_rvs.vtp'.
[2026-06-04 20:28:51.768] [warning] Couldn't find file 'scaphoid_rvs.vtp'.
[2026-06-04 20:28:51.768] [warning] Couldn't find file 'triquetrum_rvs.vtp'.
[2026-06-04 20:28:51.768] [warning] Couldn't find file 'hamate_rvs.vtp'.
[2026-06-04 20:28:51.768] [warning] Couldn't find file 'capitate_rvs.vtp'.
[2026-06-04 20:28:51.768] [warning] Couldn't find file 'trapezoid_rvs.vtp'.
[2026-06-04 20:28:51.768] [warning] Couldn't find file 'trapezium_rvs.vtp'.
[2026-06-04 20:28:51.768] [warning] Couldn't find file 'metacarpal2_rvs.vtp'.
[2026-06-04 20:28:51.768] [warning] Couldn't find file 'index_proximal_rvs.vtp'.
[2026-06-04 20:28:51.769] [warning] Couldn't find file 'index_medial_rvs.vtp'.
[2026-06-04 20:28:51.769] [warning] Couldn't find file 'index_distal_rvs.vtp'.
[2026-06-04 20:28:51.769] [warning] Couldn't find file 'metacarpal3_rvs.vtp'.
[2026-06-04 20:28:51.769] [warning] Couldn't find file 'middle_proximal_rvs.vtp'.
[2026-06-04 20:28:51.769] [warning] Couldn't find file 'middle_medial_rvs.vtp'.
[2026-06-04 20:28:51.769] [warning] Couldn't find file 'middle_distal_rvs.vtp'.
[2026-06-04 20:28:51.769] [warning] Couldn't find file 'metacarpal4_rvs.vtp'.
[2026-06-04 20:28:51.769] [warning] Couldn't find file 'ring_proximal_rvs.vtp'.
[2026-06-04 20:28:51.769] [warning] Couldn't find file 'ring_medial_rvs.vtp'.
[2026-06-04 20:28:51.769] [warning] Couldn't find file 'ring_distal_rvs.vtp'.
[2026-06-04 20:28:51.769] [warning] Couldn't find file 'metacarpal5_rvs.vtp'.
[2026-06-04 20:28:51.769] [warning] Couldn't find file 'little_proximal_rvs.vtp'.
[2026-06-04 20:28:51.769] [warning] Couldn't find file 'little_medial_rvs.vtp'.
[2026-06-04 20:28:51.769] [warning] Couldn't find file 'little_distal_rvs.vtp'.
[2026-06-04 20:28:51.769] [warning] Couldn't find file 'metacarpal1_rvs.vtp'.
[2026-06-04 20:28:51.769] [warning] Couldn't find file 'thumb_proximal_rvs.vtp'.
[2026-06-04 20:28:51.769] [warning] Couldn't find file 'thumb_distal_rvs.vtp'.
[2026-06-04 20:28:51.769] [warning] Couldn't find file 'humerus_lv.vtp'.
[2026-06-04 20:28:51.770] [warning] Couldn't find file 'ulna_lv.vtp'.
[2026-06-04 20:28:51.770] [warning] Couldn't find file 'radius_lv.vtp'.
[2026-06-04 20:28:51.770] [warning] Couldn't find file 'pisiform_lvs.vtp'.
[2026-06-04 20:28:51.770] [warning] Couldn't find file 'lunate_lvs.vtp'.
[2026-06-04 20:28:51.770] [warning] Couldn't find file 'scaphoid_lvs.vtp'.
[2026-06-04 20:28:51.770] [warning] Couldn't find file 'triquetrum_lvs.vtp'.
[2026-06-04 20:28:51.770] [warning] Couldn't find file 'hamate_lvs.vtp'.
[2026-06-04 20:28:51.770] [warning] Couldn't find file 'capitate_lvs.vtp'.
[2026-06-04 20:28:51.770] [warning] Couldn't find file 'trapezoid_lvs.vtp'.
[2026-06-04 20:28:51.770] [warning] Couldn't find file 'trapezium_lvs.vtp'.
[2026-06-04 20:28:51.770] [warning] Couldn't find file 'metacarpal2_lvs.vtp'.
[2026-06-04 20:28:51.770] [warning] Couldn't find file 'index_proximal_lvs.vtp'.
[2026-06-04 20:28:51.770] [warning] Couldn't find file 'index_medial_lvs.vtp'.
[2026-06-04 20:28:51.770] [warning] Couldn't find file 'index_distal_lvs.vtp'.
[2026-06-04 20:28:51.770] [warning] Couldn't find file 'metacarpal3_lvs.vtp'.
[2026-06-04 20:28:51.770] [warning] Couldn't find file 'middle_proximal_lvs.vtp'.
[2026-06-04 20:28:51.770] [warning] Couldn't find file 'middle_medial_lvs.vtp'.
[2026-06-04 20:28:51.770] [warning] Couldn't find file 'middle_distal_lvs.vtp'.
[2026-06-04 20:28:51.770] [warning] Couldn't find file 'metacarpal4_lvs.vtp'.
[2026-06-04 20:28:51.770] [warning] Couldn't find file 'ring_proximal_lvs.vtp'.
[2026-06-04 20:28:51.770] [warning] Couldn't find file 'ring_medial_lvs.vtp'.
[2026-06-04 20:28:51.771] [warning] Couldn't find file 'ring_distal_lvs.vtp'.
[2026-06-04 20:28:51.771] [warning] Couldn't find file 'metacarpal5_lvs.vtp'.
[2026-06-04 20:28:51.771] [warning] Couldn't find file 'little_proximal_lvs.vtp'.
[2026-06-04 20:28:51.771] [warning] Couldn't find file 'little_medial_lvs.vtp'.
[2026-06-04 20:28:51.771] [warning] Couldn't find file 'little_distal_lvs.vtp'.
[2026-06-04 20:28:51.771] [warning] Couldn't find file 'metacarpal1_lvs.vtp'.
[2026-06-04 20:28:51.771] [warning] Couldn't find file 'thumb_proximal_lvs.vtp'.
[2026-06-04 20:28:51.771] [warning] Couldn't find file 'thumb_distal_lvs.vtp'.
[2026-06-04 20:28:51.807] [info] Loaded model Full_Body_Walking_Model-Scaled_Adjusted from file ..\UF_Subject_4_Scaled_JMP_inactiveMuscles.osim
[2026-06-04 20:28:51.807] [warning] Couldn't find file 'r_pelvis.vtp'.
[2026-06-04 20:28:51.807] [warning] Couldn't find file 'l_pelvis.vtp'.
[2026-06-04 20:28:51.807] [warning] Couldn't find file 'sacrum.vtp'.
[2026-06-04 20:28:51.807] [warning] Couldn't find file 'r_femur.vtp'.
[2026-06-04 20:28:51.808] [warning] Couldn't find file 'r_patella.vtp'.
[2026-06-04 20:28:51.808] [warning] Couldn't find file 'r_tibia.vtp'.
[2026-06-04 20:28:51.808] [warning] Couldn't find file 'r_fibula.vtp'.
[2026-06-04 20:28:51.808] [warning] Couldn't find file 'r_talus.stl'.
[2026-06-04 20:28:51.808] [warning] Couldn't find file 'r_foot.vtp'.
[2026-06-04 20:28:51.808] [warning] Couldn't find file 'r_bofoot.vtp'.
[2026-06-04 20:28:51.808] [warning] Couldn't find file 'l_femur.vtp'.
[2026-06-04 20:28:51.808] [warning] Couldn't find file 'l_patella.vtp'.
[2026-06-04 20:28:51.808] [warning] Couldn't find file 'l_tibia.vtp'.
[2026-06-04 20:28:51.808] [warning] Couldn't find file 'l_fibula.vtp'.
[2026-06-04 20:28:51.808] [warning] Couldn't find file 'l_talus.stl'.
[2026-06-04 20:28:51.808] [warning] Couldn't find file 'l_foot.vtp'.
[2026-06-04 20:28:51.808] [warning] Couldn't find file 'l_bofoot.vtp'.
[2026-06-04 20:28:51.808] [warning] Couldn't find file 'hat_spine.vtp'.
[2026-06-04 20:28:51.808] [warning] Couldn't find file 'hat_jaw.vtp'.
[2026-06-04 20:28:51.808] [warning] Couldn't find file 'hat_skull.vtp'.
[2026-06-04 20:28:51.808] [warning] Couldn't find file 'hat_ribs_scap.vtp'.
[2026-06-04 20:28:51.808] [warning] Couldn't find file 'humerus_rv.vtp'.
[2026-06-04 20:28:51.808] [warning] Couldn't find file 'ulna_rv.vtp'.
[2026-06-04 20:28:51.809] [warning] Couldn't find file 'radius_rv.vtp'.
[2026-06-04 20:28:51.809] [warning] Couldn't find file 'pisiform_rvs.vtp'.
[2026-06-04 20:28:51.809] [warning] Couldn't find file 'lunate_rvs.vtp'.
[2026-06-04 20:28:51.809] [warning] Couldn't find file 'scaphoid_rvs.vtp'.
[2026-06-04 20:28:51.809] [warning] Couldn't find file 'triquetrum_rvs.vtp'.
[2026-06-04 20:28:51.809] [warning] Couldn't find file 'hamate_rvs.vtp'.
[2026-06-04 20:28:51.809] [warning] Couldn't find file 'capitate_rvs.vtp'.
[2026-06-04 20:28:51.809] [warning] Couldn't find file 'trapezoid_rvs.vtp'.
[2026-06-04 20:28:51.809] [warning] Couldn't find file 'trapezium_rvs.vtp'.
[2026-06-04 20:28:51.809] [warning] Couldn't find file 'metacarpal2_rvs.vtp'.
[2026-06-04 20:28:51.809] [warning] Couldn't find file 'index_proximal_rvs.vtp'.
[2026-06-04 20:28:51.809] [warning] Couldn't find file 'index_medial_rvs.vtp'.
[2026-06-04 20:28:51.809] [warning] Couldn't find file 'index_distal_rvs.vtp'.
[2026-06-04 20:28:51.809] [warning] Couldn't find file 'metacarpal3_rvs.vtp'.
[2026-06-04 20:28:51.809] [warning] Couldn't find file 'middle_proximal_rvs.vtp'.
[2026-06-04 20:28:51.809] [warning] Couldn't find file 'middle_medial_rvs.vtp'.
[2026-06-04 20:28:51.809] [warning] Couldn't find file 'middle_distal_rvs.vtp'.
[2026-06-04 20:28:51.809] [warning] Couldn't find file 'metacarpal4_rvs.vtp'.
[2026-06-04 20:28:51.809] [warning] Couldn't find file 'ring_proximal_rvs.vtp'.
[2026-06-04 20:28:51.809] [warning] Couldn't find file 'ring_medial_rvs.vtp'.
[2026-06-04 20:28:51.810] [warning] Couldn't find file 'ring_distal_rvs.vtp'.
[2026-06-04 20:28:51.810] [warning] Couldn't find file 'metacarpal5_rvs.vtp'.
[2026-06-04 20:28:51.810] [warning] Couldn't find file 'little_proximal_rvs.vtp'.
[2026-06-04 20:28:51.810] [warning] Couldn't find file 'little_medial_rvs.vtp'.
[2026-06-04 20:28:51.810] [warning] Couldn't find file 'little_distal_rvs.vtp'.
[2026-06-04 20:28:51.810] [warning] Couldn't find file 'metacarpal1_rvs.vtp'.
[2026-06-04 20:28:51.810] [warning] Couldn't find file 'thumb_proximal_rvs.vtp'.
[2026-06-04 20:28:51.810] [warning] Couldn't find file 'thumb_distal_rvs.vtp'.
[2026-06-04 20:28:51.810] [warning] Couldn't find file 'humerus_lv.vtp'.
[2026-06-04 20:28:51.810] [warning] Couldn't find file 'ulna_lv.vtp'.
[2026-06-04 20:28:51.810] [warning] Couldn't find file 'radius_lv.vtp'.
[2026-06-04 20:28:51.810] [warning] Couldn't find file 'pisiform_lvs.vtp'.
[2026-06-04 20:28:51.810] [warning] Couldn't find file 'lunate_lvs.vtp'.
[2026-06-04 20:28:51.810] [warning] Couldn't find file 'scaphoid_lvs.vtp'.
[2026-06-04 20:28:51.810] [warning] Couldn't find file 'triquetrum_lvs.vtp'.
[2026-06-04 20:28:51.810] [warning] Couldn't find file 'hamate_lvs.vtp'.
[2026-06-04 20:28:51.810] [warning] Couldn't find file 'capitate_lvs.vtp'.
[2026-06-04 20:28:51.810] [warning] Couldn't find file 'trapezoid_lvs.vtp'.
[2026-06-04 20:28:51.810] [warning] Couldn't find file 'trapezium_lvs.vtp'.
[2026-06-04 20:28:51.811] [warning] Couldn't find file 'metacarpal2_lvs.vtp'.
[2026-06-04 20:28:51.811] [warning] Couldn't find file 'index_proximal_lvs.vtp'.
[2026-06-04 20:28:51.811] [warning] Couldn't find file 'index_medial_lvs.vtp'.
[2026-06-04 20:28:51.811] [warning] Couldn't find file 'index_distal_lvs.vtp'.
[2026-06-04 20:28:51.811] [warning] Couldn't find file 'metacarpal3_lvs.vtp'.
[2026-06-04 20:28:51.811] [warning] Couldn't find file 'middle_proximal_lvs.vtp'.
[2026-06-04 20:28:51.811] [warning] Couldn't find file 'middle_medial_lvs.vtp'.
[2026-06-04 20:28:51.811] [warning] Couldn't find file 'middle_distal_lvs.vtp'.
[2026-06-04 20:28:51.811] [warning] Couldn't find file 'metacarpal4_lvs.vtp'.
[2026-06-04 20:28:51.811] [warning] Couldn't find file 'ring_proximal_lvs.vtp'.
[2026-06-04 20:28:51.811] [warning] Couldn't find file 'ring_medial_lvs.vtp'.
[2026-06-04 20:28:51.811] [warning] Couldn't find file 'ring_distal_lvs.vtp'.
[2026-06-04 20:28:51.811] [warning] Couldn't find file 'metacarpal5_lvs.vtp'.
[2026-06-04 20:28:51.811] [warning] Couldn't find file 'little_proximal_lvs.vtp'.
[2026-06-04 20:28:51.811] [warning] Couldn't find file 'little_medial_lvs.vtp'.
[2026-06-04 20:28:51.811] [warning] Couldn't find file 'little_distal_lvs.vtp'.
[2026-06-04 20:28:51.811] [warning] Couldn't find file 'metacarpal1_lvs.vtp'.
[2026-06-04 20:28:51.811] [warning] Couldn't find file 'thumb_proximal_lvs.vtp'.
[2026-06-04 20:28:51.811] [warning] Couldn't find file 'thumb_distal_lvs.vtp'.
[2026-06-04 20:28:54.321] [warning] Coordinate.setValue:  coordinate knee_adduction_r is locked. Unable to change its value.
[2026-06-04 20:28:54.322] [warning] Coordinate.setValue:  coordinate knee_adduction_l is locked. Unable to change its value.
[2026-06-04 20:28:54.322] [warning] Coordinate.setValue:  coordinate pro_sup_r is locked. Unable to change its value.
[2026-06-04 20:28:54.322] [warning] Coordinate.setValue:  coordinate pro_sup_l is locked. Unable to change its value.
[2026-06-04 20:28:54.322] [warning] Coordinate.setValue:  coordinate knee_adduction_r is locked. Unable to change its value.
[2026-06-04 20:28:54.322] [warning] Coordinate.setValue:  coordinate knee_adduction_r is locked. Unable to change its value.
[2026-06-04 20:28:54.322] [warning] Coordinate.setValue:  coordinate knee_adduction_r is locked. Unable to change its value.
[2026-06-04 20:28:54.322] [warning] Coordinate.setValue:  coordinate knee_adduction_r is locked. Unable to change its value.
[2026-06-04 20:28:54.322] [warning] Coordinate.setValue:  coordinate knee_adduction_r is locked. Unable to change its value.
[2026-06-04 20:28:54.322] [warning] Coordinate.setValue:  coordinate knee_adduction_r is locked. Unable to change its value.
[2026-06-04 20:28:54.322] [warning] Coordinate.setValue:  coordinate knee_adduction_r is locked. Unable to change its value.
[2026-06-04 20:28:54.322] [warning] Coordinate.setValue:  coordinate knee_adduction_r is locked. Unable to change its value.
[2026-06-04 20:28:54.322] [warning] Coordinate.setValue:  coordinate knee_adduction_r is locked. Unable to change its value.
[2026-06-04 20:28:54.322] [warning] Coordinate.setValue:  coordinate knee_adduction_r is locked. Unable to change its value.
[2026-06-04 20:28:54.322] [warning] Coordinate.setValue:  coordinate knee_adduction_r is locked. Unable to change its value.
[2026-06-04 20:28:54.322] [warning] Coordinate.setValue:  coordinate knee_adduction_r is locked. Unable to change its value.
[2026-06-04 20:28:54.322] [warning] Coordinate.setValue:  coordinate knee_adduction_r is locked. Unable to change its value.
[2026-06-04 20:28:54.322] [warning] Coordinate.setValue:  coordinate knee_adduction_r is locked. Unable to change its value.
[2026-06-04 20:28:54.322] [warning] Coordinate.setValue:  coordinate knee_adduction_l is locked. Unable to change its value.
[2026-06-04 20:28:54.322] [warning] Coordinate.setValue:  coordinate knee_adduction_l is locked. Unable to change its value.
[2026-06-04 20:28:54.322] [warning] Coordinate.setValue:  coordinate knee_adduction_r is locked. Unable to change its value.
[2026-06-04 20:28:54.322] [warning] Coordinate.setValue:  coordinate knee_adduction_l is locked. Unable to change its value.
[2026-06-04 20:28:54.322] [warning] Coordinate.setValue:  coordinate knee_adduction_l is locked. Unable to change its value.
[2026-06-04 20:28:54.322] [warning] Coordinate.setValue:  coordinate knee_adduction_l is locked. Unable to change its value.
[2026-06-04 20:28:54.322] [warning] Coordinate.setValue:  coordinate knee_adduction_r is locked. Unable to change its value.
[2026-06-04 20:28:54.322] [warning] Coordinate.setValue:  coordinate knee_adduction_l is locked. Unable to change its value.
[2026-06-04 20:28:54.322] [warning] Coordinate.setValue:  coordinate knee_adduction_l is locked. Unable to change its value.
[2026-06-04 20:28:54.322] [warning] Coordinate.setValue:  coordinate knee_adduction_l is locked. Unable to change its value.
[2026-06-04 20:28:54.322] [warning] Coordinate.setValue:  coordinate pro_sup_r is locked. Unable to change its value.
[2026-06-04 20:28:54.322] [warning] Coordinate.setValue:  coordinate pro_sup_r is locked. Unable to change its value.
[2026-06-04 20:28:54.322] [warning] Coordinate.setValue:  coordinate knee_adduction_l is locked. Unable to change its value.
[2026-06-04 20:28:54.322] [warning] Coordinate.setValue:  coordinate knee_adduction_l is locked. Unable to change its value.
[2026-06-04 20:28:54.322] [warning] Coordinate.setValue:  coordinate knee_adduction_r is locked. Unable to change its value.
[2026-06-04 20:28:54.322] [warning] Coordinate.setValue:  coordinate knee_adduction_l is locked. Unable to change its value.
[2026-06-04 20:28:54.322] [warning] Coordinate.setValue:  coordinate knee_adduction_l is locked. Unable to change its value.
[2026-06-04 20:28:54.322] [warning] Coordinate.setValue:  coordinate knee_adduction_l is locked. Unable to change its value.
[2026-06-04 20:28:54.322] [warning] Coordinate.setValue:  coordinate pro_sup_r is locked. Unable to change its value.
[2026-06-04 20:28:54.322] [warning] Coordinate.setValue:  coordinate pro_sup_l is locked. Unable to change its value.
[2026-06-04 20:28:54.322] [warning] Coordinate.setValue:  coordinate pro_sup_l is locked. Unable to change its value.
[2026-06-04 20:28:54.322] [warning] Coordinate.setValue:  coordinate knee_adduction_r is locked. Unable to change its value.
[2026-06-04 20:28:54.322] [warning] Coordinate.setValue:  coordinate knee_adduction_l is locked. Unable to change its value.
[2026-06-04 20:28:54.322] [warning] Coordinate.setValue:  coordinate knee_adduction_l is locked. Unable to change its value.
[2026-06-04 20:28:54.322] [warning] Coordinate.setValue:  coordinate knee_adduction_r is locked. Unable to change its value.
[2026-06-04 20:28:54.322] [warning] Coordinate.setValue:  coordinate knee_adduction_l is locked. Unable to change its value.
[2026-06-04 20:28:54.323] [warning] Coordinate.setValue:  coordinate knee_adduction_l is locked. Unable to change its value.
[2026-06-04 20:28:54.322] [warning] Coordinate.setValue:  coordinate pro_sup_r is locked. Unable to change its value.
[2026-06-04 20:28:54.323] [warning] Coordinate.setValue:  coordinate pro_sup_r is locked. Unable to change its value.
[2026-06-04 20:28:54.322] [warning] Coordinate.setValue:  coordinate pro_sup_r is locked. Unable to change its value.
[2026-06-04 20:28:54.323] [warning] Coordinate.setValue:  coordinate pro_sup_r is locked. Unable to change its value.
[2026-06-04 20:28:54.323] [warning] Coordinate.setValue:  coordinate pro_sup_r is locked. Unable to change its value.
[2026-06-04 20:28:54.323] [warning] Coordinate.setValue:  coordinate pro_sup_r is locked. Unable to change its value.
[2026-06-04 20:28:54.322] [warning] Coordinate.setValue:  coordinate pro_sup_r is locked. Unable to change its value.
[2026-06-04 20:28:54.322] [warning] Coordinate.setValue:  coordinate pro_sup_l is locked. Unable to change its value.
[2026-06-04 20:28:54.323] [warning] Coordinate.setValue:  coordinate pro_sup_r is locked. Unable to change its value.
[2026-06-04 20:28:54.323] [warning] Coordinate.setValue:  coordinate pro_sup_r is locked. Unable to change its value.
[2026-06-04 20:28:54.323] [warning] Coordinate.setValue:  coordinate knee_adduction_l is locked. Unable to change its value.
[2026-06-04 20:28:54.323] [warning] Coordinate.setValue:  coordinate pro_sup_r is locked. Unable to change its value.
[2026-06-04 20:28:54.323] [warning] Coordinate.setValue:  coordinate pro_sup_l is locked. Unable to change its value.
[2026-06-04 20:28:54.323] [warning] Coordinate.setValue:  coordinate pro_sup_l is locked. Unable to change its value.
[2026-06-04 20:28:54.323] [warning] Coordinate.setValue:  coordinate pro_sup_r is locked. Unable to change its value.
[2026-06-04 20:28:54.323] [warning] Coordinate.setValue:  coordinate knee_adduction_l is locked. Unable to change its value.
[2026-06-04 20:28:54.323] [warning] Coordinate.setValue:  coordinate pro_sup_r is locked. Unable to change its value.
[2026-06-04 20:28:54.323] [warning] Coordinate.setValue:  coordinate pro_sup_l is locked. Unable to change its value.
[2026-06-04 20:28:54.323] [warning] Coordinate.setValue:  coordinate pro_sup_l is locked. Unable to change its value.
[2026-06-04 20:28:54.323] [warning] Coordinate.setValue:  coordinate pro_sup_l is locked. Unable to change its value.
[2026-06-04 20:28:54.323] [warning] Coordinate.setValue:  coordinate pro_sup_l is locked. Unable to change its value.
[2026-06-04 20:28:54.323] [warning] Coordinate.setValue:  coordinate pro_sup_l is locked. Unable to change its value.
[2026-06-04 20:28:54.323] [warning] Coordinate.setValue:  coordinate pro_sup_l is locked. Unable to change its value.
[2026-06-04 20:28:54.323] [warning] Coordinate.setValue:  coordinate pro_sup_r is locked. Unable to change its value.
[2026-06-04 20:28:54.323] [warning] Coordinate.setValue:  coordinate pro_sup_l is locked. Unable to change its value.
[2026-06-04 20:28:54.323] [warning] Coordinate.setValue:  coordinate pro_sup_r is locked. Unable to change its value.
[2026-06-04 20:28:54.323] [warning] Coordinate.setValue:  coordinate pro_sup_l is locked. Unable to change its value.
[2026-06-04 20:28:54.323] [warning] Coordinate.setValue:  coordinate pro_sup_r is locked. Unable to change its value.
[2026-06-04 20:28:54.323] [warning] Coordinate.setValue:  coordinate pro_sup_l is locked. Unable to change its value.
[2026-06-04 20:28:54.323] [warning] Coordinate.setValue:  coordinate pro_sup_l is locked. Unable to change its value.
[2026-06-04 20:28:54.323] [warning] Coordinate.setValue:  coordinate pro_sup_r is locked. Unable to change its value.
[2026-06-04 20:28:54.323] [warning] Coordinate.setValue:  coordinate pro_sup_l is locked. Unable to change its value.
[2026-06-04 20:28:54.323] [warning] Coordinate.setValue:  coordinate pro_sup_l is locked. Unable to change its value.
[2026-06-04 20:28:54.323] [warning] Coordinate.setValue:  coordinate pro_sup_l is locked. Unable to change its value.
[2026-06-04 20:28:54.323] [warning] Coordinate.setValue:  coordinate pro_sup_l is locked. Unable to change its value.
[2026-06-04 21:03:28.011] [info] Loaded model Full_Body_Walking_Model-Scaled_Adjusted from file ..\UF_Subject_4_Scaled_JMP.osim
[2026-06-04 21:03:28.011] [warning] Couldn't find file 'r_pelvis.vtp'.
[2026-06-04 21:03:28.011] [warning] Couldn't find file 'l_pelvis.vtp'.
[2026-06-04 21:03:28.012] [warning] Couldn't find file 'sacrum.vtp'.
[2026-06-04 21:03:28.012] [warning] Couldn't find file 'r_femur.vtp'.
[2026-06-04 21:03:28.012] [warning] Couldn't find file 'r_patella.vtp'.
[2026-06-04 21:03:28.012] [warning] Couldn't find file 'r_tibia.vtp'.
[2026-06-04 21:03:28.012] [warning] Couldn't find file 'r_fibula.vtp'.
[2026-06-04 21:03:28.012] [warning] Couldn't find file 'r_talus.stl'.
[2026-06-04 21:03:28.012] [warning] Couldn't find file 'r_foot.vtp'.
[2026-06-04 21:03:28.012] [warning] Couldn't find file 'r_bofoot.vtp'.
[2026-06-04 21:03:28.012] [warning] Couldn't find file 'l_femur.vtp'.
[2026-06-04 21:03:28.012] [warning] Couldn't find file 'l_patella.vtp'.
[2026-06-04 21:03:28.012] [warning] Couldn't find file 'l_tibia.vtp'.
[2026-06-04 21:03:28.012] [warning] Couldn't find file 'l_fibula.vtp'.
[2026-06-04 21:03:28.012] [warning] Couldn't find file 'l_talus.stl'.
[2026-06-04 21:03:28.012] [warning] Couldn't find file 'l_foot.vtp'.
[2026-06-04 21:03:28.012] [warning] Couldn't find file 'l_bofoot.vtp'.
[2026-06-04 21:03:28.012] [warning] Couldn't find file 'hat_spine.vtp'.
[2026-06-04 21:03:28.012] [warning] Couldn't find file 'hat_jaw.vtp'.
[2026-06-04 21:03:28.013] [warning] Couldn't find file 'hat_skull.vtp'.
[2026-06-04 21:03:28.013] [warning] Couldn't find file 'hat_ribs_scap.vtp'.
[2026-06-04 21:03:28.013] [warning] Couldn't find file 'humerus_rv.vtp'.
[2026-06-04 21:03:28.013] [warning] Couldn't find file 'ulna_rv.vtp'.
[2026-06-04 21:03:28.013] [warning] Couldn't find file 'radius_rv.vtp'.
[2026-06-04 21:03:28.013] [warning] Couldn't find file 'pisiform_rvs.vtp'.
[2026-06-04 21:03:28.013] [warning] Couldn't find file 'lunate_rvs.vtp'.
[2026-06-04 21:03:28.013] [warning] Couldn't find file 'scaphoid_rvs.vtp'.
[2026-06-04 21:03:28.013] [warning] Couldn't find file 'triquetrum_rvs.vtp'.
[2026-06-04 21:03:28.013] [warning] Couldn't find file 'hamate_rvs.vtp'.
[2026-06-04 21:03:28.013] [warning] Couldn't find file 'capitate_rvs.vtp'.
[2026-06-04 21:03:28.013] [warning] Couldn't find file 'trapezoid_rvs.vtp'.
[2026-06-04 21:03:28.013] [warning] Couldn't find file 'trapezium_rvs.vtp'.
[2026-06-04 21:03:28.013] [warning] Couldn't find file 'metacarpal2_rvs.vtp'.
[2026-06-04 21:03:28.013] [warning] Couldn't find file 'index_proximal_rvs.vtp'.
[2026-06-04 21:03:28.013] [warning] Couldn't find file 'index_medial_rvs.vtp'.
[2026-06-04 21:03:28.013] [warning] Couldn't find file 'index_distal_rvs.vtp'.
[2026-06-04 21:03:28.013] [warning] Couldn't find file 'metacarpal3_rvs.vtp'.
[2026-06-04 21:03:28.013] [warning] Couldn't find file 'middle_proximal_rvs.vtp'.
[2026-06-04 21:03:28.014] [warning] Couldn't find file 'middle_medial_rvs.vtp'.
[2026-06-04 21:03:28.014] [warning] Couldn't find file 'middle_distal_rvs.vtp'.
[2026-06-04 21:03:28.014] [warning] Couldn't find file 'metacarpal4_rvs.vtp'.
[2026-06-04 21:03:28.014] [warning] Couldn't find file 'ring_proximal_rvs.vtp'.
[2026-06-04 21:03:28.014] [warning] Couldn't find file 'ring_medial_rvs.vtp'.
[2026-06-04 21:03:28.014] [warning] Couldn't find file 'ring_distal_rvs.vtp'.
[2026-06-04 21:03:28.014] [warning] Couldn't find file 'metacarpal5_rvs.vtp'.
[2026-06-04 21:03:28.014] [warning] Couldn't find file 'little_proximal_rvs.vtp'.
[2026-06-04 21:03:28.014] [warning] Couldn't find file 'little_medial_rvs.vtp'.
[2026-06-04 21:03:28.014] [warning] Couldn't find file 'little_distal_rvs.vtp'.
[2026-06-04 21:03:28.014] [warning] Couldn't find file 'metacarpal1_rvs.vtp'.
[2026-06-04 21:03:28.014] [warning] Couldn't find file 'thumb_proximal_rvs.vtp'.
[2026-06-04 21:03:28.014] [warning] Couldn't find file 'thumb_distal_rvs.vtp'.
[2026-06-04 21:03:28.014] [warning] Couldn't find file 'humerus_lv.vtp'.
[2026-06-04 21:03:28.014] [warning] Couldn't find file 'ulna_lv.vtp'.
[2026-06-04 21:03:28.014] [warning] Couldn't find file 'radius_lv.vtp'.
[2026-06-04 21:03:28.014] [warning] Couldn't find file 'pisiform_lvs.vtp'.
[2026-06-04 21:03:28.014] [warning] Couldn't find file 'lunate_lvs.vtp'.
[2026-06-04 21:03:28.015] [warning] Couldn't find file 'scaphoid_lvs.vtp'.
[2026-06-04 21:03:28.015] [warning] Couldn't find file 'triquetrum_lvs.vtp'.
[2026-06-04 21:03:28.015] [warning] Couldn't find file 'hamate_lvs.vtp'.
[2026-06-04 21:03:28.015] [warning] Couldn't find file 'capitate_lvs.vtp'.
[2026-06-04 21:03:28.015] [warning] Couldn't find file 'trapezoid_lvs.vtp'.
[2026-06-04 21:03:28.015] [warning] Couldn't find file 'trapezium_lvs.vtp'.
[2026-06-04 21:03:28.015] [warning] Couldn't find file 'metacarpal2_lvs.vtp'.
[2026-06-04 21:03:28.015] [warning] Couldn't find file 'index_proximal_lvs.vtp'.
[2026-06-04 21:03:28.015] [warning] Couldn't find file 'index_medial_lvs.vtp'.
[2026-06-04 21:03:28.015] [warning] Couldn't find file 'index_distal_lvs.vtp'.
[2026-06-04 21:03:28.015] [warning] Couldn't find file 'metacarpal3_lvs.vtp'.
[2026-06-04 21:03:28.015] [warning] Couldn't find file 'middle_proximal_lvs.vtp'.
[2026-06-04 21:03:28.015] [warning] Couldn't find file 'middle_medial_lvs.vtp'.
[2026-06-04 21:03:28.015] [warning] Couldn't find file 'middle_distal_lvs.vtp'.
[2026-06-04 21:03:28.015] [warning] Couldn't find file 'metacarpal4_lvs.vtp'.
[2026-06-04 21:03:28.015] [warning] Couldn't find file 'ring_proximal_lvs.vtp'.
[2026-06-04 21:03:28.015] [warning] Couldn't find file 'ring_medial_lvs.vtp'.
[2026-06-04 21:03:28.015] [warning] Couldn't find file 'ring_distal_lvs.vtp'.
[2026-06-04 21:03:28.015] [warning] Couldn't find file 'metacarpal5_lvs.vtp'.
[2026-06-04 21:03:28.015] [warning] Couldn't find file 'little_proximal_lvs.vtp'.
[2026-06-04 21:03:28.016] [warning] Couldn't find file 'little_medial_lvs.vtp'.
[2026-06-04 21:03:28.016] [warning] Couldn't find file 'little_distal_lvs.vtp'.
[2026-06-04 21:03:28.016] [warning] Couldn't find file 'metacarpal1_lvs.vtp'.
[2026-06-04 21:03:28.016] [warning] Couldn't find file 'thumb_proximal_lvs.vtp'.
[2026-06-04 21:03:28.016] [warning] Couldn't find file 'thumb_distal_lvs.vtp'.
[2026-06-04 21:03:28.480] [info] Loaded model Full_Body_Walking_Model-Scaled_Adjusted from file ..\UF_Subject_4_Scaled_JMP.osim
[2026-06-04 21:03:28.480] [warning] Couldn't find file 'r_pelvis.vtp'.
[2026-06-04 21:03:28.480] [warning] Couldn't find file 'l_pelvis.vtp'.
[2026-06-04 21:03:28.480] [warning] Couldn't find file 'sacrum.vtp'.
[2026-06-04 21:03:28.480] [warning] Couldn't find file 'r_femur.vtp'.
[2026-06-04 21:03:28.480] [warning] Couldn't find file 'r_patella.vtp'.
[2026-06-04 21:03:28.480] [warning] Couldn't find file 'r_tibia.vtp'.
[2026-06-04 21:03:28.480] [warning] Couldn't find file 'r_fibula.vtp'.
[2026-06-04 21:03:28.480] [warning] Couldn't find file 'r_talus.stl'.
[2026-06-04 21:03:28.480] [warning] Couldn't find file 'r_foot.vtp'.
[2026-06-04 21:03:28.481] [warning] Couldn't find file 'r_bofoot.vtp'.
[2026-06-04 21:03:28.481] [warning] Couldn't find file 'l_femur.vtp'.
[2026-06-04 21:03:28.481] [warning] Couldn't find file 'l_patella.vtp'.
[2026-06-04 21:03:28.481] [warning] Couldn't find file 'l_tibia.vtp'.
[2026-06-04 21:03:28.481] [warning] Couldn't find file 'l_fibula.vtp'.
[2026-06-04 21:03:28.481] [warning] Couldn't find file 'l_talus.stl'.
[2026-06-04 21:03:28.481] [warning] Couldn't find file 'l_foot.vtp'.
[2026-06-04 21:03:28.481] [warning] Couldn't find file 'l_bofoot.vtp'.
[2026-06-04 21:03:28.481] [warning] Couldn't find file 'hat_spine.vtp'.
[2026-06-04 21:03:28.481] [warning] Couldn't find file 'hat_jaw.vtp'.
[2026-06-04 21:03:28.481] [warning] Couldn't find file 'hat_skull.vtp'.
[2026-06-04 21:03:28.481] [warning] Couldn't find file 'hat_ribs_scap.vtp'.
[2026-06-04 21:03:28.481] [warning] Couldn't find file 'humerus_rv.vtp'.
[2026-06-04 21:03:28.481] [warning] Couldn't find file 'ulna_rv.vtp'.
[2026-06-04 21:03:28.481] [warning] Couldn't find file 'radius_rv.vtp'.
[2026-06-04 21:03:28.481] [warning] Couldn't find file 'pisiform_rvs.vtp'.
[2026-06-04 21:03:28.481] [warning] Couldn't find file 'lunate_rvs.vtp'.
[2026-06-04 21:03:28.481] [warning] Couldn't find file 'scaphoid_rvs.vtp'.
[2026-06-04 21:03:28.482] [warning] Couldn't find file 'triquetrum_rvs.vtp'.
[2026-06-04 21:03:28.482] [warning] Couldn't find file 'hamate_rvs.vtp'.
[2026-06-04 21:03:28.482] [warning] Couldn't find file 'capitate_rvs.vtp'.
[2026-06-04 21:03:28.482] [warning] Couldn't find file 'trapezoid_rvs.vtp'.
[2026-06-04 21:03:28.482] [warning] Couldn't find file 'trapezium_rvs.vtp'.
[2026-06-04 21:03:28.482] [warning] Couldn't find file 'metacarpal2_rvs.vtp'.
[2026-06-04 21:03:28.482] [warning] Couldn't find file 'index_proximal_rvs.vtp'.
[2026-06-04 21:03:28.482] [warning] Couldn't find file 'index_medial_rvs.vtp'.
[2026-06-04 21:03:28.482] [warning] Couldn't find file 'index_distal_rvs.vtp'.
[2026-06-04 21:03:28.482] [warning] Couldn't find file 'metacarpal3_rvs.vtp'.
[2026-06-04 21:03:28.482] [warning] Couldn't find file 'middle_proximal_rvs.vtp'.
[2026-06-04 21:03:28.482] [warning] Couldn't find file 'middle_medial_rvs.vtp'.
[2026-06-04 21:03:28.482] [warning] Couldn't find file 'middle_distal_rvs.vtp'.
[2026-06-04 21:03:28.482] [warning] Couldn't find file 'metacarpal4_rvs.vtp'.
[2026-06-04 21:03:28.482] [warning] Couldn't find file 'ring_proximal_rvs.vtp'.
[2026-06-04 21:03:28.482] [warning] Couldn't find file 'ring_medial_rvs.vtp'.
[2026-06-04 21:03:28.482] [warning] Couldn't find file 'ring_distal_rvs.vtp'.
[2026-06-04 21:03:28.482] [warning] Couldn't find file 'metacarpal5_rvs.vtp'.
[2026-06-04 21:03:28.482] [warning] Couldn't find file 'little_proximal_rvs.vtp'.
[2026-06-04 21:03:28.483] [warning] Couldn't find file 'little_medial_rvs.vtp'.
[2026-06-04 21:03:28.483] [warning] Couldn't find file 'little_distal_rvs.vtp'.
[2026-06-04 21:03:28.483] [warning] Couldn't find file 'metacarpal1_rvs.vtp'.
[2026-06-04 21:03:28.483] [warning] Couldn't find file 'thumb_proximal_rvs.vtp'.
[2026-06-04 21:03:28.483] [warning] Couldn't find file 'thumb_distal_rvs.vtp'.
[2026-06-04 21:03:28.483] [warning] Couldn't find file 'humerus_lv.vtp'.
[2026-06-04 21:03:28.483] [warning] Couldn't find file 'ulna_lv.vtp'.
[2026-06-04 21:03:28.483] [warning] Couldn't find file 'radius_lv.vtp'.
[2026-06-04 21:03:28.483] [warning] Couldn't find file 'pisiform_lvs.vtp'.
[2026-06-04 21:03:28.483] [warning] Couldn't find file 'lunate_lvs.vtp'.
[2026-06-04 21:03:28.483] [warning] Couldn't find file 'scaphoid_lvs.vtp'.
[2026-06-04 21:03:28.483] [warning] Couldn't find file 'triquetrum_lvs.vtp'.
[2026-06-04 21:03:28.483] [warning] Couldn't find file 'hamate_lvs.vtp'.
[2026-06-04 21:03:28.483] [warning] Couldn't find file 'capitate_lvs.vtp'.
[2026-06-04 21:03:28.483] [warning] Couldn't find file 'trapezoid_lvs.vtp'.
[2026-06-04 21:03:28.483] [warning] Couldn't find file 'trapezium_lvs.vtp'.
[2026-06-04 21:03:28.483] [warning] Couldn't find file 'metacarpal2_lvs.vtp'.
[2026-06-04 21:03:28.483] [warning] Couldn't find file 'index_proximal_lvs.vtp'.
[2026-06-04 21:03:28.483] [warning] Couldn't find file 'index_medial_lvs.vtp'.
[2026-06-04 21:03:28.484] [warning] Couldn't find file 'index_distal_lvs.vtp'.
[2026-06-04 21:03:28.484] [warning] Couldn't find file 'metacarpal3_lvs.vtp'.
[2026-06-04 21:03:28.484] [warning] Couldn't find file 'middle_proximal_lvs.vtp'.
[2026-06-04 21:03:28.484] [warning] Couldn't find file 'middle_medial_lvs.vtp'.
[2026-06-04 21:03:28.484] [warning] Couldn't find file 'middle_distal_lvs.vtp'.
[2026-06-04 21:03:28.484] [warning] Couldn't find file 'metacarpal4_lvs.vtp'.
[2026-06-04 21:03:28.484] [warning] Couldn't find file 'ring_proximal_lvs.vtp'.
[2026-06-04 21:03:28.484] [warning] Couldn't find file 'ring_medial_lvs.vtp'.
[2026-06-04 21:03:28.484] [warning] Couldn't find file 'ring_distal_lvs.vtp'.
[2026-06-04 21:03:28.484] [warning] Couldn't find file 'metacarpal5_lvs.vtp'.
[2026-06-04 21:03:28.484] [warning] Couldn't find file 'little_proximal_lvs.vtp'.
[2026-06-04 21:03:28.484] [warning] Couldn't find file 'little_medial_lvs.vtp'.
[2026-06-04 21:03:28.484] [warning] Couldn't find file 'little_distal_lvs.vtp'.
[2026-06-04 21:03:28.484] [warning] Couldn't find file 'metacarpal1_lvs.vtp'.
[2026-06-04 21:03:28.484] [warning] Couldn't find file 'thumb_proximal_lvs.vtp'.
[2026-06-04 21:03:28.484] [warning] Couldn't find file 'thumb_distal_lvs.vtp'.
[2026-06-04 21:03:28.847] [info] Loaded model Full_Body_Walking_Model-Scaled_Adjusted from file ..\UF_Subject_4_Scaled_JMP.osim
[2026-06-04 21:03:28.848] [warning] Couldn't find file 'r_pelvis.vtp'.
[2026-06-04 21:03:28.848] [warning] Couldn't find file 'l_pelvis.vtp'.
[2026-06-04 21:03:28.848] [warning] Couldn't find file 'sacrum.vtp'.
[2026-06-04 21:03:28.848] [warning] Couldn't find file 'r_femur.vtp'.
[2026-06-04 21:03:28.848] [warning] Couldn't find file 'r_patella.vtp'.
[2026-06-04 21:03:28.848] [warning] Couldn't find file 'r_tibia.vtp'.
[2026-06-04 21:03:28.848] [warning] Couldn't find file 'r_fibula.vtp'.
[2026-06-04 21:03:28.848] [warning] Couldn't find file 'r_talus.stl'.
[2026-06-04 21:03:28.848] [warning] Couldn't find file 'r_foot.vtp'.
[2026-06-04 21:03:28.848] [warning] Couldn't find file 'r_bofoot.vtp'.
[2026-06-04 21:03:28.848] [warning] Couldn't find file 'l_femur.vtp'.
[2026-06-04 21:03:28.848] [warning] Couldn't find file 'l_patella.vtp'.
[2026-06-04 21:03:28.848] [warning] Couldn't find file 'l_tibia.vtp'.
[2026-06-04 21:03:28.848] [warning] Couldn't find file 'l_fibula.vtp'.
[2026-06-04 21:03:28.848] [warning] Couldn't find file 'l_talus.stl'.
[2026-06-04 21:03:28.848] [warning] Couldn't find file 'l_foot.vtp'.
[2026-06-04 21:03:28.848] [warning] Couldn't find file 'l_bofoot.vtp'.
[2026-06-04 21:03:28.849] [warning] Couldn't find file 'hat_spine.vtp'.
[2026-06-04 21:03:28.849] [warning] Couldn't find file 'hat_jaw.vtp'.
[2026-06-04 21:03:28.849] [warning] Couldn't find file 'hat_skull.vtp'.
[2026-06-04 21:03:28.849] [warning] Couldn't find file 'hat_ribs_scap.vtp'.
[2026-06-04 21:03:28.849] [warning] Couldn't find file 'humerus_rv.vtp'.
[2026-06-04 21:03:28.849] [warning] Couldn't find file 'ulna_rv.vtp'.
[2026-06-04 21:03:28.849] [warning] Couldn't find file 'radius_rv.vtp'.
[2026-06-04 21:03:28.849] [warning] Couldn't find file 'pisiform_rvs.vtp'.
[2026-06-04 21:03:28.849] [warning] Couldn't find file 'lunate_rvs.vtp'.
[2026-06-04 21:03:28.849] [warning] Couldn't find file 'scaphoid_rvs.vtp'.
[2026-06-04 21:03:28.849] [warning] Couldn't find file 'triquetrum_rvs.vtp'.
[2026-06-04 21:03:28.849] [warning] Couldn't find file 'hamate_rvs.vtp'.
[2026-06-04 21:03:28.849] [warning] Couldn't find file 'capitate_rvs.vtp'.
[2026-06-04 21:03:28.849] [warning] Couldn't find file 'trapezoid_rvs.vtp'.
[2026-06-04 21:03:28.849] [warning] Couldn't find file 'trapezium_rvs.vtp'.
[2026-06-04 21:03:28.849] [warning] Couldn't find file 'metacarpal2_rvs.vtp'.
[2026-06-04 21:03:28.849] [warning] Couldn't find file 'index_proximal_rvs.vtp'.
[2026-06-04 21:03:28.849] [warning] Couldn't find file 'index_medial_rvs.vtp'.
[2026-06-04 21:03:28.849] [warning] Couldn't find file 'index_distal_rvs.vtp'.
[2026-06-04 21:03:28.850] [warning] Couldn't find file 'metacarpal3_rvs.vtp'.
[2026-06-04 21:03:28.850] [warning] Couldn't find file 'middle_proximal_rvs.vtp'.
[2026-06-04 21:03:28.850] [warning] Couldn't find file 'middle_medial_rvs.vtp'.
[2026-06-04 21:03:28.850] [warning] Couldn't find file 'middle_distal_rvs.vtp'.
[2026-06-04 21:03:28.850] [warning] Couldn't find file 'metacarpal4_rvs.vtp'.
[2026-06-04 21:03:28.850] [warning] Couldn't find file 'ring_proximal_rvs.vtp'.
[2026-06-04 21:03:28.850] [warning] Couldn't find file 'ring_medial_rvs.vtp'.
[2026-06-04 21:03:28.850] [warning] Couldn't find file 'ring_distal_rvs.vtp'.
[2026-06-04 21:03:28.850] [warning] Couldn't find file 'metacarpal5_rvs.vtp'.
[2026-06-04 21:03:28.850] [warning] Couldn't find file 'little_proximal_rvs.vtp'.
[2026-06-04 21:03:28.850] [warning] Couldn't find file 'little_medial_rvs.vtp'.
[2026-06-04 21:03:28.850] [warning] Couldn't find file 'little_distal_rvs.vtp'.
[2026-06-04 21:03:28.850] [warning] Couldn't find file 'metacarpal1_rvs.vtp'.
[2026-06-04 21:03:28.850] [warning] Couldn't find file 'thumb_proximal_rvs.vtp'.
[2026-06-04 21:03:28.850] [warning] Couldn't find file 'thumb_distal_rvs.vtp'.
[2026-06-04 21:03:28.850] [warning] Couldn't find file 'humerus_lv.vtp'.
[2026-06-04 21:03:28.850] [warning] Couldn't find file 'ulna_lv.vtp'.
[2026-06-04 21:03:28.850] [warning] Couldn't find file 'radius_lv.vtp'.
[2026-06-04 21:03:28.850] [warning] Couldn't find file 'pisiform_lvs.vtp'.
[2026-06-04 21:03:28.850] [warning] Couldn't find file 'lunate_lvs.vtp'.
[2026-06-04 21:03:28.851] [warning] Couldn't find file 'scaphoid_lvs.vtp'.
[2026-06-04 21:03:28.851] [warning] Couldn't find file 'triquetrum_lvs.vtp'.
[2026-06-04 21:03:28.851] [warning] Couldn't find file 'hamate_lvs.vtp'.
[2026-06-04 21:03:28.851] [warning] Couldn't find file 'capitate_lvs.vtp'.
[2026-06-04 21:03:28.851] [warning] Couldn't find file 'trapezoid_lvs.vtp'.
[2026-06-04 21:03:28.851] [warning] Couldn't find file 'trapezium_lvs.vtp'.
[2026-06-04 21:03:28.851] [warning] Couldn't find file 'metacarpal2_lvs.vtp'.
[2026-06-04 21:03:28.851] [warning] Couldn't find file 'index_proximal_lvs.vtp'.
[2026-06-04 21:03:28.851] [warning] Couldn't find file 'index_medial_lvs.vtp'.
[2026-06-04 21:03:28.851] [warning] Couldn't find file 'index_distal_lvs.vtp'.
[2026-06-04 21:03:28.851] [warning] Couldn't find file 'metacarpal3_lvs.vtp'.
[2026-06-04 21:03:28.851] [warning] Couldn't find file 'middle_proximal_lvs.vtp'.
[2026-06-04 21:03:28.851] [warning] Couldn't find file 'middle_medial_lvs.vtp'.
[2026-06-04 21:03:28.851] [warning] Couldn't find file 'middle_distal_lvs.vtp'.
[2026-06-04 21:03:28.851] [warning] Couldn't find file 'metacarpal4_lvs.vtp'.
[2026-06-04 21:03:28.851] [warning] Couldn't find file 'ring_proximal_lvs.vtp'.
[2026-06-04 21:03:28.851] [warning] Couldn't find file 'ring_medial_lvs.vtp'.
[2026-06-04 21:03:28.851] [warning] Couldn't find file 'ring_distal_lvs.vtp'.
[2026-06-04 21:03:28.851] [warning] Couldn't find file 'metacarpal5_lvs.vtp'.
[2026-06-04 21:03:28.851] [warning] Couldn't find file 'little_proximal_lvs.vtp'.
[2026-06-04 21:03:28.852] [warning] Couldn't find file 'little_medial_lvs.vtp'.
[2026-06-04 21:03:28.852] [warning] Couldn't find file 'little_distal_lvs.vtp'.
[2026-06-04 21:03:28.852] [warning] Couldn't find file 'metacarpal1_lvs.vtp'.
[2026-06-04 21:03:28.852] [warning] Couldn't find file 'thumb_proximal_lvs.vtp'.
[2026-06-04 21:03:28.852] [warning] Couldn't find file 'thumb_distal_lvs.vtp'.
[2026-06-04 21:03:30.240] [info] Loaded model Full_Body_Walking_Model-Scaled_Adjusted from file ..\UF_Subject_4_Scaled_JMP.osim
[2026-06-04 21:03:30.241] [warning] Couldn't find file 'r_pelvis.vtp'.
[2026-06-04 21:03:30.241] [warning] Couldn't find file 'l_pelvis.vtp'.
[2026-06-04 21:03:30.241] [warning] Couldn't find file 'sacrum.vtp'.
[2026-06-04 21:03:30.241] [warning] Couldn't find file 'r_femur.vtp'.
[2026-06-04 21:03:30.241] [warning] Couldn't find file 'r_patella.vtp'.
[2026-06-04 21:03:30.241] [warning] Couldn't find file 'r_tibia.vtp'.
[2026-06-04 21:03:30.241] [warning] Couldn't find file 'r_fibula.vtp'.
[2026-06-04 21:03:30.241] [warning] Couldn't find file 'r_talus.stl'.
[2026-06-04 21:03:30.241] [warning] Couldn't find file 'r_foot.vtp'.
[2026-06-04 21:03:30.241] [warning] Couldn't find file 'r_bofoot.vtp'.
[2026-06-04 21:03:30.241] [warning] Couldn't find file 'l_femur.vtp'.
[2026-06-04 21:03:30.241] [warning] Couldn't find file 'l_patella.vtp'.
[2026-06-04 21:03:30.241] [warning] Couldn't find file 'l_tibia.vtp'.
[2026-06-04 21:03:30.241] [warning] Couldn't find file 'l_fibula.vtp'.
[2026-06-04 21:03:30.242] [warning] Couldn't find file 'l_talus.stl'.
[2026-06-04 21:03:30.242] [warning] Couldn't find file 'l_foot.vtp'.
[2026-06-04 21:03:30.242] [warning] Couldn't find file 'l_bofoot.vtp'.
[2026-06-04 21:03:30.242] [warning] Couldn't find file 'hat_spine.vtp'.
[2026-06-04 21:03:30.242] [warning] Couldn't find file 'hat_jaw.vtp'.
[2026-06-04 21:03:30.242] [warning] Couldn't find file 'hat_skull.vtp'.
[2026-06-04 21:03:30.242] [warning] Couldn't find file 'hat_ribs_scap.vtp'.
[2026-06-04 21:03:30.242] [warning] Couldn't find file 'humerus_rv.vtp'.
[2026-06-04 21:03:30.242] [warning] Couldn't find file 'ulna_rv.vtp'.
[2026-06-04 21:03:30.242] [warning] Couldn't find file 'radius_rv.vtp'.
[2026-06-04 21:03:30.242] [warning] Couldn't find file 'pisiform_rvs.vtp'.
[2026-06-04 21:03:30.242] [warning] Couldn't find file 'lunate_rvs.vtp'.
[2026-06-04 21:03:30.242] [warning] Couldn't find file 'scaphoid_rvs.vtp'.
[2026-06-04 21:03:30.242] [warning] Couldn't find file 'triquetrum_rvs.vtp'.
[2026-06-04 21:03:30.242] [warning] Couldn't find file 'hamate_rvs.vtp'.
[2026-06-04 21:03:30.242] [warning] Couldn't find file 'capitate_rvs.vtp'.
[2026-06-04 21:03:30.242] [warning] Couldn't find file 'trapezoid_rvs.vtp'.
[2026-06-04 21:03:30.242] [warning] Couldn't find file 'trapezium_rvs.vtp'.
[2026-06-04 21:03:30.242] [warning] Couldn't find file 'metacarpal2_rvs.vtp'.
[2026-06-04 21:03:30.243] [warning] Couldn't find file 'index_proximal_rvs.vtp'.
[2026-06-04 21:03:30.243] [warning] Couldn't find file 'index_medial_rvs.vtp'.
[2026-06-04 21:03:30.243] [warning] Couldn't find file 'index_distal_rvs.vtp'.
[2026-06-04 21:03:30.243] [warning] Couldn't find file 'metacarpal3_rvs.vtp'.
[2026-06-04 21:03:30.243] [warning] Couldn't find file 'middle_proximal_rvs.vtp'.
[2026-06-04 21:03:30.243] [warning] Couldn't find file 'middle_medial_rvs.vtp'.
[2026-06-04 21:03:30.243] [warning] Couldn't find file 'middle_distal_rvs.vtp'.
[2026-06-04 21:03:30.243] [warning] Couldn't find file 'metacarpal4_rvs.vtp'.
[2026-06-04 21:03:30.243] [warning] Couldn't find file 'ring_proximal_rvs.vtp'.
[2026-06-04 21:03:30.243] [warning] Couldn't find file 'ring_medial_rvs.vtp'.
[2026-06-04 21:03:30.243] [warning] Couldn't find file 'ring_distal_rvs.vtp'.
[2026-06-04 21:03:30.243] [warning] Couldn't find file 'metacarpal5_rvs.vtp'.
[2026-06-04 21:03:30.243] [warning] Couldn't find file 'little_proximal_rvs.vtp'.
[2026-06-04 21:03:30.243] [warning] Couldn't find file 'little_medial_rvs.vtp'.
[2026-06-04 21:03:30.243] [warning] Couldn't find file 'little_distal_rvs.vtp'.
[2026-06-04 21:03:30.243] [warning] Couldn't find file 'metacarpal1_rvs.vtp'.
[2026-06-04 21:03:30.243] [warning] Couldn't find file 'thumb_proximal_rvs.vtp'.
[2026-06-04 21:03:30.243] [warning] Couldn't find file 'thumb_distal_rvs.vtp'.
[2026-06-04 21:03:30.243] [warning] Couldn't find file 'humerus_lv.vtp'.
[2026-06-04 21:03:30.243] [warning] Couldn't find file 'ulna_lv.vtp'.
[2026-06-04 21:03:30.244] [warning] Couldn't find file 'radius_lv.vtp'.
[2026-06-04 21:03:30.244] [warning] Couldn't find file 'pisiform_lvs.vtp'.
[2026-06-04 21:03:30.244] [warning] Couldn't find file 'lunate_lvs.vtp'.
[2026-06-04 21:03:30.244] [warning] Couldn't find file 'scaphoid_lvs.vtp'.
[2026-06-04 21:03:30.244] [warning] Couldn't find file 'triquetrum_lvs.vtp'.
[2026-06-04 21:03:30.244] [warning] Couldn't find file 'hamate_lvs.vtp'.
[2026-06-04 21:03:30.244] [warning] Couldn't find file 'capitate_lvs.vtp'.
[2026-06-04 21:03:30.244] [warning] Couldn't find file 'trapezoid_lvs.vtp'.
[2026-06-04 21:03:30.244] [warning] Couldn't find file 'trapezium_lvs.vtp'.
[2026-06-04 21:03:30.244] [warning] Couldn't find file 'metacarpal2_lvs.vtp'.
[2026-06-04 21:03:30.244] [warning] Couldn't find file 'index_proximal_lvs.vtp'.
[2026-06-04 21:03:30.244] [warning] Couldn't find file 'index_medial_lvs.vtp'.
[2026-06-04 21:03:30.244] [warning] Couldn't find file 'index_distal_lvs.vtp'.
[2026-06-04 21:03:30.244] [warning] Couldn't find file 'metacarpal3_lvs.vtp'.
[2026-06-04 21:03:30.244] [warning] Couldn't find file 'middle_proximal_lvs.vtp'.
[2026-06-04 21:03:30.244] [warning] Couldn't find file 'middle_medial_lvs.vtp'.
[2026-06-04 21:03:30.244] [warning] Couldn't find file 'middle_distal_lvs.vtp'.
[2026-06-04 21:03:30.244] [warning] Couldn't find file 'metacarpal4_lvs.vtp'.
[2026-06-04 21:03:30.244] [warning] Couldn't find file 'ring_proximal_lvs.vtp'.
[2026-06-04 21:03:30.245] [warning] Couldn't find file 'ring_medial_lvs.vtp'.
[2026-06-04 21:03:30.245] [warning] Couldn't find file 'ring_distal_lvs.vtp'.
[2026-06-04 21:03:30.245] [warning] Couldn't find file 'metacarpal5_lvs.vtp'.
[2026-06-04 21:03:30.245] [warning] Couldn't find file 'little_proximal_lvs.vtp'.
[2026-06-04 21:03:30.245] [warning] Couldn't find file 'little_medial_lvs.vtp'.
[2026-06-04 21:03:30.245] [warning] Couldn't find file 'little_distal_lvs.vtp'.
[2026-06-04 21:03:30.245] [warning] Couldn't find file 'metacarpal1_lvs.vtp'.
[2026-06-04 21:03:30.245] [warning] Couldn't find file 'thumb_proximal_lvs.vtp'.
[2026-06-04 21:03:30.245] [warning] Couldn't find file 'thumb_distal_lvs.vtp'.
[2026-06-04 21:03:30.280] [info] Loaded model Full_Body_Walking_Model-Scaled_Adjusted from file ..\UF_Subject_4_Scaled_JMP.osim
[2026-06-04 21:03:30.280] [warning] Couldn't find file 'r_pelvis.vtp'.
[2026-06-04 21:03:30.281] [warning] Couldn't find file 'l_pelvis.vtp'.
[2026-06-04 21:03:30.281] [warning] Couldn't find file 'sacrum.vtp'.
[2026-06-04 21:03:30.281] [warning] Couldn't find file 'r_femur.vtp'.
[2026-06-04 21:03:30.281] [warning] Couldn't find file 'r_patella.vtp'.
[2026-06-04 21:03:30.281] [warning] Couldn't find file 'r_tibia.vtp'.
[2026-06-04 21:03:30.281] [warning] Couldn't find file 'r_fibula.vtp'.
[2026-06-04 21:03:30.281] [warning] Couldn't find file 'r_talus.stl'.
[2026-06-04 21:03:30.281] [warning] Couldn't find file 'r_foot.vtp'.
[2026-06-04 21:03:30.281] [warning] Couldn't find file 'r_bofoot.vtp'.
[2026-06-04 21:03:30.281] [warning] Couldn't find file 'l_femur.vtp'.
[2026-06-04 21:03:30.281] [warning] Couldn't find file 'l_patella.vtp'.
[2026-06-04 21:03:30.281] [warning] Couldn't find file 'l_tibia.vtp'.
[2026-06-04 21:03:30.281] [warning] Couldn't find file 'l_fibula.vtp'.
[2026-06-04 21:03:30.281] [warning] Couldn't find file 'l_talus.stl'.
[2026-06-04 21:03:30.281] [warning] Couldn't find file 'l_foot.vtp'.
[2026-06-04 21:03:30.281] [warning] Couldn't find file 'l_bofoot.vtp'.
[2026-06-04 21:03:30.281] [warning] Couldn't find file 'hat_spine.vtp'.
[2026-06-04 21:03:30.281] [warning] Couldn't find file 'hat_jaw.vtp'.
[2026-06-04 21:03:30.282] [warning] Couldn't find file 'hat_skull.vtp'.
[2026-06-04 21:03:30.282] [warning] Couldn't find file 'hat_ribs_scap.vtp'.
[2026-06-04 21:03:30.282] [warning] Couldn't find file 'humerus_rv.vtp'.
[2026-06-04 21:03:30.282] [warning] Couldn't find file 'ulna_rv.vtp'.
[2026-06-04 21:03:30.282] [warning] Couldn't find file 'radius_rv.vtp'.
[2026-06-04 21:03:30.282] [warning] Couldn't find file 'pisiform_rvs.vtp'.
[2026-06-04 21:03:30.282] [warning] Couldn't find file 'lunate_rvs.vtp'.
[2026-06-04 21:03:30.282] [warning] Couldn't find file 'scaphoid_rvs.vtp'.
[2026-06-04 21:03:30.282] [warning] Couldn't find file 'triquetrum_rvs.vtp'.
[2026-06-04 21:03:30.282] [warning] Couldn't find file 'hamate_rvs.vtp'.
[2026-06-04 21:03:30.282] [warning] Couldn't find file 'capitate_rvs.vtp'.
[2026-06-04 21:03:30.282] [warning] Couldn't find file 'trapezoid_rvs.vtp'.
[2026-06-04 21:03:30.282] [warning] Couldn't find file 'trapezium_rvs.vtp'.
[2026-06-04 21:03:30.282] [warning] Couldn't find file 'metacarpal2_rvs.vtp'.
[2026-06-04 21:03:30.282] [warning] Couldn't find file 'index_proximal_rvs.vtp'.
[2026-06-04 21:03:30.282] [warning] Couldn't find file 'index_medial_rvs.vtp'.
[2026-06-04 21:03:30.282] [warning] Couldn't find file 'index_distal_rvs.vtp'.
[2026-06-04 21:03:30.282] [warning] Couldn't find file 'metacarpal3_rvs.vtp'.
[2026-06-04 21:03:30.282] [warning] Couldn't find file 'middle_proximal_rvs.vtp'.
[2026-06-04 21:03:30.283] [warning] Couldn't find file 'middle_medial_rvs.vtp'.
[2026-06-04 21:03:30.283] [warning] Couldn't find file 'middle_distal_rvs.vtp'.
[2026-06-04 21:03:30.283] [warning] Couldn't find file 'metacarpal4_rvs.vtp'.
[2026-06-04 21:03:30.283] [warning] Couldn't find file 'ring_proximal_rvs.vtp'.
[2026-06-04 21:03:30.283] [warning] Couldn't find file 'ring_medial_rvs.vtp'.
[2026-06-04 21:03:30.283] [warning] Couldn't find file 'ring_distal_rvs.vtp'.
[2026-06-04 21:03:30.283] [warning] Couldn't find file 'metacarpal5_rvs.vtp'.
[2026-06-04 21:03:30.283] [warning] Couldn't find file 'little_proximal_rvs.vtp'.
[2026-06-04 21:03:30.283] [warning] Couldn't find file 'little_medial_rvs.vtp'.
[2026-06-04 21:03:30.283] [warning] Couldn't find file 'little_distal_rvs.vtp'.
[2026-06-04 21:03:30.283] [warning] Couldn't find file 'metacarpal1_rvs.vtp'.
[2026-06-04 21:03:30.283] [warning] Couldn't find file 'thumb_proximal_rvs.vtp'.
[2026-06-04 21:03:30.283] [warning] Couldn't find file 'thumb_distal_rvs.vtp'.
[2026-06-04 21:03:30.283] [warning] Couldn't find file 'humerus_lv.vtp'.
[2026-06-04 21:03:30.283] [warning] Couldn't find file 'ulna_lv.vtp'.
[2026-06-04 21:03:30.283] [warning] Couldn't find file 'radius_lv.vtp'.
[2026-06-04 21:03:30.283] [warning] Couldn't find file 'pisiform_lvs.vtp'.
[2026-06-04 21:03:30.283] [warning] Couldn't find file 'lunate_lvs.vtp'.
[2026-06-04 21:03:30.283] [warning] Couldn't find file 'scaphoid_lvs.vtp'.
[2026-06-04 21:03:30.284] [warning] Couldn't find file 'triquetrum_lvs.vtp'.
[2026-06-04 21:03:30.284] [warning] Couldn't find file 'hamate_lvs.vtp'.
[2026-06-04 21:03:30.284] [warning] Couldn't find file 'capitate_lvs.vtp'.
[2026-06-04 21:03:30.284] [warning] Couldn't find file 'trapezoid_lvs.vtp'.
[2026-06-04 21:03:30.284] [warning] Couldn't find file 'trapezium_lvs.vtp'.
[2026-06-04 21:03:30.284] [warning] Couldn't find file 'metacarpal2_lvs.vtp'.
[2026-06-04 21:03:30.284] [warning] Couldn't find file 'index_proximal_lvs.vtp'.
[2026-06-04 21:03:30.284] [warning] Couldn't find file 'index_medial_lvs.vtp'.
[2026-06-04 21:03:30.284] [warning] Couldn't find file 'index_distal_lvs.vtp'.
[2026-06-04 21:03:30.284] [warning] Couldn't find file 'metacarpal3_lvs.vtp'.
[2026-06-04 21:03:30.284] [warning] Couldn't find file 'middle_proximal_lvs.vtp'.
[2026-06-04 21:03:30.284] [warning] Couldn't find file 'middle_medial_lvs.vtp'.
[2026-06-04 21:03:30.284] [warning] Couldn't find file 'middle_distal_lvs.vtp'.
[2026-06-04 21:03:30.284] [warning] Couldn't find file 'metacarpal4_lvs.vtp'.
[2026-06-04 21:03:30.284] [warning] Couldn't find file 'ring_proximal_lvs.vtp'.
[2026-06-04 21:03:30.284] [warning] Couldn't find file 'ring_medial_lvs.vtp'.
[2026-06-04 21:03:30.284] [warning] Couldn't find file 'ring_distal_lvs.vtp'.
[2026-06-04 21:03:30.284] [warning] Couldn't find file 'metacarpal5_lvs.vtp'.
[2026-06-04 21:03:30.284] [warning] Couldn't find file 'little_proximal_lvs.vtp'.
[2026-06-04 21:03:30.284] [warning] Couldn't find file 'little_medial_lvs.vtp'.
[2026-06-04 21:03:30.284] [warning] Couldn't find file 'little_distal_lvs.vtp'.
[2026-06-04 21:03:30.285] [warning] Couldn't find file 'metacarpal1_lvs.vtp'.
[2026-06-04 21:03:30.285] [warning] Couldn't find file 'thumb_proximal_lvs.vtp'.
[2026-06-04 21:03:30.285] [warning] Couldn't find file 'thumb_distal_lvs.vtp'.
[2026-06-04 21:19:28.722] [info] Loaded model Full_Body_Walking_Model-Scaled_Adjusted from file ..\UF_Subject_4_Scaled_JMP.osim
[2026-06-04 21:19:28.723] [warning] Couldn't find file 'r_pelvis.vtp'.
[2026-06-04 21:19:28.723] [warning] Couldn't find file 'l_pelvis.vtp'.
[2026-06-04 21:19:28.723] [warning] Couldn't find file 'sacrum.vtp'.
[2026-06-04 21:19:28.723] [warning] Couldn't find file 'r_femur.vtp'.
[2026-06-04 21:19:28.723] [warning] Couldn't find file 'r_patella.vtp'.
[2026-06-04 21:19:28.723] [warning] Couldn't find file 'r_tibia.vtp'.
[2026-06-04 21:19:28.723] [warning] Couldn't find file 'r_fibula.vtp'.
[2026-06-04 21:19:28.723] [warning] Couldn't find file 'r_talus.stl'.
[2026-06-04 21:19:28.723] [warning] Couldn't find file 'r_foot.vtp'.
[2026-06-04 21:19:28.723] [warning] Couldn't find file 'r_bofoot.vtp'.
[2026-06-04 21:19:28.723] [warning] Couldn't find file 'l_femur.vtp'.
[2026-06-04 21:19:28.723] [warning] Couldn't find file 'l_patella.vtp'.
[2026-06-04 21:19:28.723] [warning] Couldn't find file 'l_tibia.vtp'.
[2026-06-04 21:19:28.724] [warning] Couldn't find file 'l_fibula.vtp'.
[2026-06-04 21:19:28.724] [warning] Couldn't find file 'l_talus.stl'.
[2026-06-04 21:19:28.724] [warning] Couldn't find file 'l_foot.vtp'.
[2026-06-04 21:19:28.724] [warning] Couldn't find file 'l_bofoot.vtp'.
[2026-06-04 21:19:28.724] [warning] Couldn't find file 'hat_spine.vtp'.
[2026-06-04 21:19:28.724] [warning] Couldn't find file 'hat_jaw.vtp'.
[2026-06-04 21:19:28.724] [warning] Couldn't find file 'hat_skull.vtp'.
[2026-06-04 21:19:28.724] [warning] Couldn't find file 'hat_ribs_scap.vtp'.
[2026-06-04 21:19:28.724] [warning] Couldn't find file 'humerus_rv.vtp'.
[2026-06-04 21:19:28.724] [warning] Couldn't find file 'ulna_rv.vtp'.
[2026-06-04 21:19:28.724] [warning] Couldn't find file 'radius_rv.vtp'.
[2026-06-04 21:19:28.724] [warning] Couldn't find file 'pisiform_rvs.vtp'.
[2026-06-04 21:19:28.724] [warning] Couldn't find file 'lunate_rvs.vtp'.
[2026-06-04 21:19:28.724] [warning] Couldn't find file 'scaphoid_rvs.vtp'.
[2026-06-04 21:19:28.724] [warning] Couldn't find file 'triquetrum_rvs.vtp'.
[2026-06-04 21:19:28.724] [warning] Couldn't find file 'hamate_rvs.vtp'.
[2026-06-04 21:19:28.724] [warning] Couldn't find file 'capitate_rvs.vtp'.
[2026-06-04 21:19:28.724] [warning] Couldn't find file 'trapezoid_rvs.vtp'.
[2026-06-04 21:19:28.724] [warning] Couldn't find file 'trapezium_rvs.vtp'.
[2026-06-04 21:19:28.725] [warning] Couldn't find file 'metacarpal2_rvs.vtp'.
[2026-06-04 21:19:28.725] [warning] Couldn't find file 'index_proximal_rvs.vtp'.
[2026-06-04 21:19:28.725] [warning] Couldn't find file 'index_medial_rvs.vtp'.
[2026-06-04 21:19:28.725] [warning] Couldn't find file 'index_distal_rvs.vtp'.
[2026-06-04 21:19:28.725] [warning] Couldn't find file 'metacarpal3_rvs.vtp'.
[2026-06-04 21:19:28.725] [warning] Couldn't find file 'middle_proximal_rvs.vtp'.
[2026-06-04 21:19:28.725] [warning] Couldn't find file 'middle_medial_rvs.vtp'.
[2026-06-04 21:19:28.725] [warning] Couldn't find file 'middle_distal_rvs.vtp'.
[2026-06-04 21:19:28.725] [warning] Couldn't find file 'metacarpal4_rvs.vtp'.
[2026-06-04 21:19:28.725] [warning] Couldn't find file 'ring_proximal_rvs.vtp'.
[2026-06-04 21:19:28.725] [warning] Couldn't find file 'ring_medial_rvs.vtp'.
[2026-06-04 21:19:28.725] [warning] Couldn't find file 'ring_distal_rvs.vtp'.
[2026-06-04 21:19:28.725] [warning] Couldn't find file 'metacarpal5_rvs.vtp'.
[2026-06-04 21:19:28.725] [warning] Couldn't find file 'little_proximal_rvs.vtp'.
[2026-06-04 21:19:28.725] [warning] Couldn't find file 'little_medial_rvs.vtp'.
[2026-06-04 21:19:28.725] [warning] Couldn't find file 'little_distal_rvs.vtp'.
[2026-06-04 21:19:28.725] [warning] Couldn't find file 'metacarpal1_rvs.vtp'.
[2026-06-04 21:19:28.725] [warning] Couldn't find file 'thumb_proximal_rvs.vtp'.
[2026-06-04 21:19:28.725] [warning] Couldn't find file 'thumb_distal_rvs.vtp'.
[2026-06-04 21:19:28.726] [warning] Couldn't find file 'humerus_lv.vtp'.
[2026-06-04 21:19:28.726] [warning] Couldn't find file 'ulna_lv.vtp'.
[2026-06-04 21:19:28.726] [warning] Couldn't find file 'radius_lv.vtp'.
[2026-06-04 21:19:28.726] [warning] Couldn't find file 'pisiform_lvs.vtp'.
[2026-06-04 21:19:28.726] [warning] Couldn't find file 'lunate_lvs.vtp'.
[2026-06-04 21:19:28.726] [warning] Couldn't find file 'scaphoid_lvs.vtp'.
[2026-06-04 21:19:28.726] [warning] Couldn't find file 'triquetrum_lvs.vtp'.
[2026-06-04 21:19:28.726] [warning] Couldn't find file 'hamate_lvs.vtp'.
[2026-06-04 21:19:28.726] [warning] Couldn't find file 'capitate_lvs.vtp'.
[2026-06-04 21:19:28.726] [warning] Couldn't find file 'trapezoid_lvs.vtp'.
[2026-06-04 21:19:28.726] [warning] Couldn't find file 'trapezium_lvs.vtp'.
[2026-06-04 21:19:28.726] [warning] Couldn't find file 'metacarpal2_lvs.vtp'.
[2026-06-04 21:19:28.726] [warning] Couldn't find file 'index_proximal_lvs.vtp'.
[2026-06-04 21:19:28.726] [warning] Couldn't find file 'index_medial_lvs.vtp'.
[2026-06-04 21:19:28.726] [warning] Couldn't find file 'index_distal_lvs.vtp'.
[2026-06-04 21:19:28.726] [warning] Couldn't find file 'metacarpal3_lvs.vtp'.
[2026-06-04 21:19:28.726] [warning] Couldn't find file 'middle_proximal_lvs.vtp'.
[2026-06-04 21:19:28.726] [warning] Couldn't find file 'middle_medial_lvs.vtp'.
[2026-06-04 21:19:28.726] [warning] Couldn't find file 'middle_distal_lvs.vtp'.
[2026-06-04 21:19:28.726] [warning] Couldn't find file 'metacarpal4_lvs.vtp'.
[2026-06-04 21:19:28.727] [warning] Couldn't find file 'ring_proximal_lvs.vtp'.
[2026-06-04 21:19:28.727] [warning] Couldn't find file 'ring_medial_lvs.vtp'.
[2026-06-04 21:19:28.727] [warning] Couldn't find file 'ring_distal_lvs.vtp'.
[2026-06-04 21:19:28.727] [warning] Couldn't find file 'metacarpal5_lvs.vtp'.
[2026-06-04 21:19:28.727] [warning] Couldn't find file 'little_proximal_lvs.vtp'.
[2026-06-04 21:19:28.727] [warning] Couldn't find file 'little_medial_lvs.vtp'.
[2026-06-04 21:19:28.727] [warning] Couldn't find file 'little_distal_lvs.vtp'.
[2026-06-04 21:19:28.727] [warning] Couldn't find file 'metacarpal1_lvs.vtp'.
[2026-06-04 21:19:28.727] [warning] Couldn't find file 'thumb_proximal_lvs.vtp'.
[2026-06-04 21:19:28.727] [warning] Couldn't find file 'thumb_distal_lvs.vtp'.
[2026-06-04 21:19:31.372] [info] Storage: read data file = ..\TrackingOptimization\surrogateData\MAData\gait_1\gait_1_MuscleAnalysis_MomentArm_hip_flexion_r.sto (nr=2525 nc=87)
[2026-06-04 21:19:31.501] [info] Storage: read data file = ..\TrackingOptimization\surrogateData\MAData\gait_1\gait_1_MuscleAnalysis_MomentArm_hip_flexion_r.sto (nr=2525 nc=87)
[2026-06-04 21:19:31.557] [info] Storage: read data file = ..\TrackingOptimization\surrogateData\MAData\gait_1\gait_1_MuscleAnalysis_MomentArm_hip_adduction_r.sto (nr=2525 nc=87)
[2026-06-04 21:19:31.687] [info] Storage: read data file = ..\TrackingOptimization\surrogateData\MAData\gait_1\gait_1_MuscleAnalysis_MomentArm_hip_rotation_r.sto (nr=2525 nc=87)
[2026-06-04 21:19:31.817] [info] Storage: read data file = ..\TrackingOptimization\surrogateData\MAData\gait_1\gait_1_MuscleAnalysis_MomentArm_knee_angle_r.sto (nr=2525 nc=87)
[2026-06-04 21:19:31.941] [info] Storage: read data file = ..\TrackingOptimization\surrogateData\MAData\gait_1\gait_1_MuscleAnalysis_MomentArm_ankle_angle_r.sto (nr=2525 nc=87)
[2026-06-04 21:19:32.068] [info] Storage: read data file = ..\TrackingOptimization\surrogateData\MAData\gait_1\gait_1_MuscleAnalysis_MomentArm_subtalar_angle_r.sto (nr=2525 nc=87)
[2026-06-04 21:19:32.190] [info] Storage: read data file = ..\TrackingOptimization\surrogateData\MAData\gait_1\gait_1_MuscleAnalysis_MomentArm_mtp_angle_r.sto (nr=2525 nc=87)
[2026-06-04 21:19:32.310] [info] Storage: read data file = ..\TrackingOptimization\surrogateData\MAData\gait_1\gait_1_MuscleAnalysis_MomentArm_hip_flexion_l.sto (nr=2525 nc=87)
[2026-06-04 21:19:32.441] [info] Storage: read data file = ..\TrackingOptimization\surrogateData\MAData\gait_1\gait_1_MuscleAnalysis_MomentArm_hip_adduction_l.sto (nr=2525 nc=87)
[2026-06-04 21:19:32.571] [info] Storage: read data file = ..\TrackingOptimization\surrogateData\MAData\gait_1\gait_1_MuscleAnalysis_MomentArm_hip_rotation_l.sto (nr=2525 nc=87)
[2026-06-04 21:19:32.702] [info] Storage: read data file = ..\TrackingOptimization\surrogateData\MAData\gait_1\gait_1_MuscleAnalysis_MomentArm_knee_angle_l.sto (nr=2525 nc=87)
[2026-06-04 21:19:32.826] [info] Storage: read data file = ..\TrackingOptimization\surrogateData\MAData\gait_1\gait_1_MuscleAnalysis_MomentArm_ankle_angle_l.sto (nr=2525 nc=87)
[2026-06-04 21:19:32.949] [info] Storage: read data file = ..\TrackingOptimization\surrogateData\MAData\gait_1\gait_1_MuscleAnalysis_MomentArm_subtalar_angle_l.sto (nr=2525 nc=87)
[2026-06-04 21:19:33.073] [info] Storage: read data file = ..\TrackingOptimization\surrogateData\MAData\gait_1\gait_1_MuscleAnalysis_MomentArm_mtp_angle_l.sto (nr=2525 nc=87)
[2026-06-04 21:19:33.209] [info] Storage: read data file = ..\TrackingOptimization\surrogateData\MAData\gait_1\gait_1_MuscleAnalysis_Length.sto (nr=2525 nc=87)
[2026-06-04 21:19:33.358] [info] Storage: read data file = ..\TrackingOptimization\surrogateData\MAData\gait_1\gait_1_MuscleAnalysis_Length.sto (nr=2525 nc=87)
[2026-06-04 21:19:33.974] [info] Loaded model Full_Body_Walking_Model-Scaled_Adjusted from file ..\UF_Subject_4_Scaled_JMP.osim
[2026-06-04 21:19:33.975] [warning] Couldn't find file 'r_pelvis.vtp'.
[2026-06-04 21:19:33.975] [warning] Couldn't find file 'l_pelvis.vtp'.
[2026-06-04 21:19:33.975] [warning] Couldn't find file 'sacrum.vtp'.
[2026-06-04 21:19:33.975] [warning] Couldn't find file 'r_femur.vtp'.
[2026-06-04 21:19:33.975] [warning] Couldn't find file 'r_patella.vtp'.
[2026-06-04 21:19:33.975] [warning] Couldn't find file 'r_tibia.vtp'.
[2026-06-04 21:19:33.976] [warning] Couldn't find file 'r_fibula.vtp'.
[2026-06-04 21:19:33.976] [warning] Couldn't find file 'r_talus.stl'.
[2026-06-04 21:19:33.976] [warning] Couldn't find file 'r_foot.vtp'.
[2026-06-04 21:19:33.976] [warning] Couldn't find file 'r_bofoot.vtp'.
[2026-06-04 21:19:33.976] [warning] Couldn't find file 'l_femur.vtp'.
[2026-06-04 21:19:33.976] [warning] Couldn't find file 'l_patella.vtp'.
[2026-06-04 21:19:33.976] [warning] Couldn't find file 'l_tibia.vtp'.
[2026-06-04 21:19:33.976] [warning] Couldn't find file 'l_fibula.vtp'.
[2026-06-04 21:19:33.976] [warning] Couldn't find file 'l_talus.stl'.
[2026-06-04 21:19:33.976] [warning] Couldn't find file 'l_foot.vtp'.
[2026-06-04 21:19:33.976] [warning] Couldn't find file 'l_bofoot.vtp'.
[2026-06-04 21:19:33.976] [warning] Couldn't find file 'hat_spine.vtp'.
[2026-06-04 21:19:33.976] [warning] Couldn't find file 'hat_jaw.vtp'.
[2026-06-04 21:19:33.976] [warning] Couldn't find file 'hat_skull.vtp'.
[2026-06-04 21:19:33.976] [warning] Couldn't find file 'hat_ribs_scap.vtp'.
[2026-06-04 21:19:33.976] [warning] Couldn't find file 'humerus_rv.vtp'.
[2026-06-04 21:19:33.977] [warning] Couldn't find file 'ulna_rv.vtp'.
[2026-06-04 21:19:33.977] [warning] Couldn't find file 'radius_rv.vtp'.
[2026-06-04 21:19:33.977] [warning] Couldn't find file 'pisiform_rvs.vtp'.
[2026-06-04 21:19:33.977] [warning] Couldn't find file 'lunate_rvs.vtp'.
[2026-06-04 21:19:33.977] [warning] Couldn't find file 'scaphoid_rvs.vtp'.
[2026-06-04 21:19:33.977] [warning] Couldn't find file 'triquetrum_rvs.vtp'.
[2026-06-04 21:19:33.977] [warning] Couldn't find file 'hamate_rvs.vtp'.
[2026-06-04 21:19:33.977] [warning] Couldn't find file 'capitate_rvs.vtp'.
[2026-06-04 21:19:33.977] [warning] Couldn't find file 'trapezoid_rvs.vtp'.
[2026-06-04 21:19:33.977] [warning] Couldn't find file 'trapezium_rvs.vtp'.
[2026-06-04 21:19:33.977] [warning] Couldn't find file 'metacarpal2_rvs.vtp'.
[2026-06-04 21:19:33.977] [warning] Couldn't find file 'index_proximal_rvs.vtp'.
[2026-06-04 21:19:33.977] [warning] Couldn't find file 'index_medial_rvs.vtp'.
[2026-06-04 21:19:33.977] [warning] Couldn't find file 'index_distal_rvs.vtp'.
[2026-06-04 21:19:33.977] [warning] Couldn't find file 'metacarpal3_rvs.vtp'.
[2026-06-04 21:19:33.977] [warning] Couldn't find file 'middle_proximal_rvs.vtp'.
[2026-06-04 21:19:33.977] [warning] Couldn't find file 'middle_medial_rvs.vtp'.
[2026-06-04 21:19:33.977] [warning] Couldn't find file 'middle_distal_rvs.vtp'.
[2026-06-04 21:19:33.978] [warning] Couldn't find file 'metacarpal4_rvs.vtp'.
[2026-06-04 21:19:33.978] [warning] Couldn't find file 'ring_proximal_rvs.vtp'.
[2026-06-04 21:19:33.978] [warning] Couldn't find file 'ring_medial_rvs.vtp'.
[2026-06-04 21:19:33.978] [warning] Couldn't find file 'ring_distal_rvs.vtp'.
[2026-06-04 21:19:33.978] [warning] Couldn't find file 'metacarpal5_rvs.vtp'.
[2026-06-04 21:19:33.978] [warning] Couldn't find file 'little_proximal_rvs.vtp'.
[2026-06-04 21:19:33.978] [warning] Couldn't find file 'little_medial_rvs.vtp'.
[2026-06-04 21:19:33.978] [warning] Couldn't find file 'little_distal_rvs.vtp'.
[2026-06-04 21:19:33.978] [warning] Couldn't find file 'metacarpal1_rvs.vtp'.
[2026-06-04 21:19:33.978] [warning] Couldn't find file 'thumb_proximal_rvs.vtp'.
[2026-06-04 21:19:33.978] [warning] Couldn't find file 'thumb_distal_rvs.vtp'.
[2026-06-04 21:19:33.978] [warning] Couldn't find file 'humerus_lv.vtp'.
[2026-06-04 21:19:33.978] [warning] Couldn't find file 'ulna_lv.vtp'.
[2026-06-04 21:19:33.978] [warning] Couldn't find file 'radius_lv.vtp'.
[2026-06-04 21:19:33.978] [warning] Couldn't find file 'pisiform_lvs.vtp'.
[2026-06-04 21:19:33.978] [warning] Couldn't find file 'lunate_lvs.vtp'.
[2026-06-04 21:19:33.978] [warning] Couldn't find file 'scaphoid_lvs.vtp'.
[2026-06-04 21:19:33.978] [warning] Couldn't find file 'triquetrum_lvs.vtp'.
[2026-06-04 21:19:33.979] [warning] Couldn't find file 'hamate_lvs.vtp'.
[2026-06-04 21:19:33.979] [warning] Couldn't find file 'capitate_lvs.vtp'.
[2026-06-04 21:19:33.979] [warning] Couldn't find file 'trapezoid_lvs.vtp'.
[2026-06-04 21:19:33.979] [warning] Couldn't find file 'trapezium_lvs.vtp'.
[2026-06-04 21:19:33.979] [warning] Couldn't find file 'metacarpal2_lvs.vtp'.
[2026-06-04 21:19:33.979] [warning] Couldn't find file 'index_proximal_lvs.vtp'.
[2026-06-04 21:19:33.979] [warning] Couldn't find file 'index_medial_lvs.vtp'.
[2026-06-04 21:19:33.979] [warning] Couldn't find file 'index_distal_lvs.vtp'.
[2026-06-04 21:19:33.979] [warning] Couldn't find file 'metacarpal3_lvs.vtp'.
[2026-06-04 21:19:33.979] [warning] Couldn't find file 'middle_proximal_lvs.vtp'.
[2026-06-04 21:19:33.979] [warning] Couldn't find file 'middle_medial_lvs.vtp'.
[2026-06-04 21:19:33.979] [warning] Couldn't find file 'middle_distal_lvs.vtp'.
[2026-06-04 21:19:33.979] [warning] Couldn't find file 'metacarpal4_lvs.vtp'.
[2026-06-04 21:19:33.979] [warning] Couldn't find file 'ring_proximal_lvs.vtp'.
[2026-06-04 21:19:33.979] [warning] Couldn't find file 'ring_medial_lvs.vtp'.
[2026-06-04 21:19:33.979] [warning] Couldn't find file 'ring_distal_lvs.vtp'.
[2026-06-04 21:19:33.979] [warning] Couldn't find file 'metacarpal5_lvs.vtp'.
[2026-06-04 21:19:33.979] [warning] Couldn't find file 'little_proximal_lvs.vtp'.
[2026-06-04 21:19:33.980] [warning] Couldn't find file 'little_medial_lvs.vtp'.
[2026-06-04 21:19:33.980] [warning] Couldn't find file 'little_distal_lvs.vtp'.
[2026-06-04 21:19:33.980] [warning] Couldn't find file 'metacarpal1_lvs.vtp'.
[2026-06-04 21:19:33.980] [warning] Couldn't find file 'thumb_proximal_lvs.vtp'.
[2026-06-04 21:19:33.980] [warning] Couldn't find file 'thumb_distal_lvs.vtp'.
[2026-06-04 21:19:34.079] [warning] ForceSet 'forceset' has subcomponents with duplicate name 'pointactuator'. The duplicate is being renamed to 'pointactuator_0'.
[2026-06-04 21:19:34.083] [warning] ForceSet 'forceset' has subcomponents with duplicate name 'pointactuator'. The duplicate is being renamed to 'pointactuator_1'.
[2026-06-04 21:19:34.086] [warning] ForceSet 'forceset' has subcomponents with duplicate name 'pointactuator'. The duplicate is being renamed to 'pointactuator_2'.
[2026-06-04 21:19:34.089] [warning] ForceSet 'forceset' has subcomponents with duplicate name 'pointactuator'. The duplicate is being renamed to 'pointactuator_3'.
[2026-06-04 21:19:34.091] [warning] ForceSet 'forceset' has subcomponents with duplicate name 'pointactuator'. The duplicate is being renamed to 'pointactuator_4'.
[2026-06-04 21:19:34.096] [warning] ForceSet 'forceset' has subcomponents with duplicate name 'torqueactuator'. The duplicate is being renamed to 'torqueactuator_0'.
[2026-06-04 21:19:34.098] [warning] ForceSet 'forceset' has subcomponents with duplicate name 'torqueactuator'. The duplicate is being renamed to 'torqueactuator_1'.
[2026-06-04 21:19:34.101] [warning] ForceSet 'forceset' has subcomponents with duplicate name 'torqueactuator'. The duplicate is being renamed to 'torqueactuator_2'.
[2026-06-04 21:19:34.103] [warning] ForceSet 'forceset' has subcomponents with duplicate name 'torqueactuator'. The duplicate is being renamed to 'torqueactuator_3'.
[2026-06-04 21:19:34.106] [warning] ForceSet 'forceset' has subcomponents with duplicate name 'torqueactuator'. The duplicate is being renamed to 'torqueactuator_4'.
[2026-06-04 21:19:34.109] [warning] ForceSet 'forceset' has subcomponents with duplicate name 'pointactuator'. The duplicate is being renamed to 'pointactuator_5'.
[2026-06-04 21:19:34.111] [warning] ForceSet 'forceset' has subcomponents with duplicate name 'pointactuator'. The duplicate is being renamed to 'pointactuator_6'.
[2026-06-04 21:19:34.113] [warning] ForceSet 'forceset' has subcomponents with duplicate name 'pointactuator'. The duplicate is being renamed to 'pointactuator_7'.
[2026-06-04 21:19:34.115] [warning] ForceSet 'forceset' has subcomponents with duplicate name 'pointactuator'. The duplicate is being renamed to 'pointactuator_8'.
[2026-06-04 21:19:34.117] [warning] ForceSet 'forceset' has subcomponents with duplicate name 'pointactuator'. The duplicate is being renamed to 'pointactuator_9'.
[2026-06-04 21:19:34.119] [warning] ForceSet 'forceset' has subcomponents with duplicate name 'pointactuator'. The duplicate is being renamed to 'pointactuator_10'.
[2026-06-04 21:19:34.122] [warning] ForceSet 'forceset' has subcomponents with duplicate name 'torqueactuator'. The duplicate is being renamed to 'torqueactuator_5'.
[2026-06-04 21:19:34.124] [warning] ForceSet 'forceset' has subcomponents with duplicate name 'torqueactuator'. The duplicate is being renamed to 'torqueactuator_6'.
[2026-06-04 21:19:34.126] [warning] ForceSet 'forceset' has subcomponents with duplicate name 'torqueactuator'. The duplicate is being renamed to 'torqueactuator_7'.
[2026-06-04 21:19:34.128] [warning] ForceSet 'forceset' has subcomponents with duplicate name 'torqueactuator'. The duplicate is being renamed to 'torqueactuator_8'.
[2026-06-04 21:19:34.130] [warning] ForceSet 'forceset' has subcomponents with duplicate name 'torqueactuator'. The duplicate is being renamed to 'torqueactuator_9'.
[2026-06-04 21:19:34.132] [warning] ForceSet 'forceset' has subcomponents with duplicate name 'torqueactuator'. The duplicate is being renamed to 'torqueactuator_10'.
[2026-06-04 21:19:34.199] [info] Loaded model Full_Body_Walking_Model-Scaled_Adjusted from file ..\UF_Subject_4_Scaled_JMP_inactiveMuscles.osim
[2026-06-04 21:19:34.200] [warning] Couldn't find file 'r_pelvis.vtp'.
[2026-06-04 21:19:34.200] [warning] Couldn't find file 'l_pelvis.vtp'.
[2026-06-04 21:19:34.200] [warning] Couldn't find file 'sacrum.vtp'.
[2026-06-04 21:19:34.200] [warning] Couldn't find file 'r_femur.vtp'.
[2026-06-04 21:19:34.200] [warning] Couldn't find file 'r_patella.vtp'.
[2026-06-04 21:19:34.200] [warning] Couldn't find file 'r_tibia.vtp'.
[2026-06-04 21:19:34.200] [warning] Couldn't find file 'r_fibula.vtp'.
[2026-06-04 21:19:34.200] [warning] Couldn't find file 'r_talus.stl'.
[2026-06-04 21:19:34.200] [warning] Couldn't find file 'r_foot.vtp'.
[2026-06-04 21:19:34.200] [warning] Couldn't find file 'r_bofoot.vtp'.
[2026-06-04 21:19:34.201] [warning] Couldn't find file 'l_femur.vtp'.
[2026-06-04 21:19:34.201] [warning] Couldn't find file 'l_patella.vtp'.
[2026-06-04 21:19:34.201] [warning] Couldn't find file 'l_tibia.vtp'.
[2026-06-04 21:19:34.201] [warning] Couldn't find file 'l_fibula.vtp'.
[2026-06-04 21:19:34.201] [warning] Couldn't find file 'l_talus.stl'.
[2026-06-04 21:19:34.201] [warning] Couldn't find file 'l_foot.vtp'.
[2026-06-04 21:19:34.201] [warning] Couldn't find file 'l_bofoot.vtp'.
[2026-06-04 21:19:34.201] [warning] Couldn't find file 'hat_spine.vtp'.
[2026-06-04 21:19:34.201] [warning] Couldn't find file 'hat_jaw.vtp'.
[2026-06-04 21:19:34.201] [warning] Couldn't find file 'hat_skull.vtp'.
[2026-06-04 21:19:34.201] [warning] Couldn't find file 'hat_ribs_scap.vtp'.
[2026-06-04 21:19:34.201] [warning] Couldn't find file 'humerus_rv.vtp'.
[2026-06-04 21:19:34.201] [warning] Couldn't find file 'ulna_rv.vtp'.
[2026-06-04 21:19:34.201] [warning] Couldn't find file 'radius_rv.vtp'.
[2026-06-04 21:19:34.201] [warning] Couldn't find file 'pisiform_rvs.vtp'.
[2026-06-04 21:19:34.201] [warning] Couldn't find file 'lunate_rvs.vtp'.
[2026-06-04 21:19:34.201] [warning] Couldn't find file 'scaphoid_rvs.vtp'.
[2026-06-04 21:19:34.201] [warning] Couldn't find file 'triquetrum_rvs.vtp'.
[2026-06-04 21:19:34.202] [warning] Couldn't find file 'hamate_rvs.vtp'.
[2026-06-04 21:19:34.202] [warning] Couldn't find file 'capitate_rvs.vtp'.
[2026-06-04 21:19:34.202] [warning] Couldn't find file 'trapezoid_rvs.vtp'.
[2026-06-04 21:19:34.202] [warning] Couldn't find file 'trapezium_rvs.vtp'.
[2026-06-04 21:19:34.202] [warning] Couldn't find file 'metacarpal2_rvs.vtp'.
[2026-06-04 21:19:34.202] [warning] Couldn't find file 'index_proximal_rvs.vtp'.
[2026-06-04 21:19:34.202] [warning] Couldn't find file 'index_medial_rvs.vtp'.
[2026-06-04 21:19:34.202] [warning] Couldn't find file 'index_distal_rvs.vtp'.
[2026-06-04 21:19:34.202] [warning] Couldn't find file 'metacarpal3_rvs.vtp'.
[2026-06-04 21:19:34.202] [warning] Couldn't find file 'middle_proximal_rvs.vtp'.
[2026-06-04 21:19:34.202] [warning] Couldn't find file 'middle_medial_rvs.vtp'.
[2026-06-04 21:19:34.202] [warning] Couldn't find file 'middle_distal_rvs.vtp'.
[2026-06-04 21:19:34.202] [warning] Couldn't find file 'metacarpal4_rvs.vtp'.
[2026-06-04 21:19:34.202] [warning] Couldn't find file 'ring_proximal_rvs.vtp'.
[2026-06-04 21:19:34.202] [warning] Couldn't find file 'ring_medial_rvs.vtp'.
[2026-06-04 21:19:34.202] [warning] Couldn't find file 'ring_distal_rvs.vtp'.
[2026-06-04 21:19:34.202] [warning] Couldn't find file 'metacarpal5_rvs.vtp'.
[2026-06-04 21:19:34.202] [warning] Couldn't find file 'little_proximal_rvs.vtp'.
[2026-06-04 21:19:34.202] [warning] Couldn't find file 'little_medial_rvs.vtp'.
[2026-06-04 21:19:34.202] [warning] Couldn't find file 'little_distal_rvs.vtp'.
[2026-06-04 21:19:34.203] [warning] Couldn't find file 'metacarpal1_rvs.vtp'.
[2026-06-04 21:19:34.203] [warning] Couldn't find file 'thumb_proximal_rvs.vtp'.
[2026-06-04 21:19:34.203] [warning] Couldn't find file 'thumb_distal_rvs.vtp'.
[2026-06-04 21:19:34.203] [warning] Couldn't find file 'humerus_lv.vtp'.
[2026-06-04 21:19:34.203] [warning] Couldn't find file 'ulna_lv.vtp'.
[2026-06-04 21:19:34.203] [warning] Couldn't find file 'radius_lv.vtp'.
[2026-06-04 21:19:34.203] [warning] Couldn't find file 'pisiform_lvs.vtp'.
[2026-06-04 21:19:34.203] [warning] Couldn't find file 'lunate_lvs.vtp'.
[2026-06-04 21:19:34.203] [warning] Couldn't find file 'scaphoid_lvs.vtp'.
[2026-06-04 21:19:34.203] [warning] Couldn't find file 'triquetrum_lvs.vtp'.
[2026-06-04 21:19:34.203] [warning] Couldn't find file 'hamate_lvs.vtp'.
[2026-06-04 21:19:34.203] [warning] Couldn't find file 'capitate_lvs.vtp'.
[2026-06-04 21:19:34.203] [warning] Couldn't find file 'trapezoid_lvs.vtp'.
[2026-06-04 21:19:34.203] [warning] Couldn't find file 'trapezium_lvs.vtp'.
[2026-06-04 21:19:34.203] [warning] Couldn't find file 'metacarpal2_lvs.vtp'.
[2026-06-04 21:19:34.203] [warning] Couldn't find file 'index_proximal_lvs.vtp'.
[2026-06-04 21:19:34.203] [warning] Couldn't find file 'index_medial_lvs.vtp'.
[2026-06-04 21:19:34.203] [warning] Couldn't find file 'index_distal_lvs.vtp'.
[2026-06-04 21:19:34.203] [warning] Couldn't find file 'metacarpal3_lvs.vtp'.
[2026-06-04 21:19:34.203] [warning] Couldn't find file 'middle_proximal_lvs.vtp'.
[2026-06-04 21:19:34.204] [warning] Couldn't find file 'middle_medial_lvs.vtp'.
[2026-06-04 21:19:34.204] [warning] Couldn't find file 'middle_distal_lvs.vtp'.
[2026-06-04 21:19:34.204] [warning] Couldn't find file 'metacarpal4_lvs.vtp'.
[2026-06-04 21:19:34.204] [warning] Couldn't find file 'ring_proximal_lvs.vtp'.
[2026-06-04 21:19:34.204] [warning] Couldn't find file 'ring_medial_lvs.vtp'.
[2026-06-04 21:19:34.204] [warning] Couldn't find file 'ring_distal_lvs.vtp'.
[2026-06-04 21:19:34.204] [warning] Couldn't find file 'metacarpal5_lvs.vtp'.
[2026-06-04 21:19:34.204] [warning] Couldn't find file 'little_proximal_lvs.vtp'.
[2026-06-04 21:19:34.204] [warning] Couldn't find file 'little_medial_lvs.vtp'.
[2026-06-04 21:19:34.204] [warning] Couldn't find file 'little_distal_lvs.vtp'.
[2026-06-04 21:19:34.204] [warning] Couldn't find file 'metacarpal1_lvs.vtp'.
[2026-06-04 21:19:34.204] [warning] Couldn't find file 'thumb_proximal_lvs.vtp'.
[2026-06-04 21:19:34.204] [warning] Couldn't find file 'thumb_distal_lvs.vtp'.
[2026-06-04 21:19:34.252] [info] Loaded model Full_Body_Walking_Model-Scaled_Adjusted from file ..\UF_Subject_4_Scaled_JMP_inactiveMuscles.osim
[2026-06-04 21:19:34.253] [warning] Couldn't find file 'r_pelvis.vtp'.
[2026-06-04 21:19:34.253] [warning] Couldn't find file 'l_pelvis.vtp'.
[2026-06-04 21:19:34.253] [warning] Couldn't find file 'sacrum.vtp'.
[2026-06-04 21:19:34.253] [warning] Couldn't find file 'r_femur.vtp'.
[2026-06-04 21:19:34.253] [warning] Couldn't find file 'r_patella.vtp'.
[2026-06-04 21:19:34.253] [warning] Couldn't find file 'r_tibia.vtp'.
[2026-06-04 21:19:34.253] [warning] Couldn't find file 'r_fibula.vtp'.
[2026-06-04 21:19:34.253] [warning] Couldn't find file 'r_talus.stl'.
[2026-06-04 21:19:34.253] [warning] Couldn't find file 'r_foot.vtp'.
[2026-06-04 21:19:34.253] [warning] Couldn't find file 'r_bofoot.vtp'.
[2026-06-04 21:19:34.253] [warning] Couldn't find file 'l_femur.vtp'.
[2026-06-04 21:19:34.253] [warning] Couldn't find file 'l_patella.vtp'.
[2026-06-04 21:19:34.253] [warning] Couldn't find file 'l_tibia.vtp'.
[2026-06-04 21:19:34.254] [warning] Couldn't find file 'l_fibula.vtp'.
[2026-06-04 21:19:34.254] [warning] Couldn't find file 'l_talus.stl'.
[2026-06-04 21:19:34.254] [warning] Couldn't find file 'l_foot.vtp'.
[2026-06-04 21:19:34.254] [warning] Couldn't find file 'l_bofoot.vtp'.
[2026-06-04 21:19:34.254] [warning] Couldn't find file 'hat_spine.vtp'.
[2026-06-04 21:19:34.254] [warning] Couldn't find file 'hat_jaw.vtp'.
[2026-06-04 21:19:34.254] [warning] Couldn't find file 'hat_skull.vtp'.
[2026-06-04 21:19:34.254] [warning] Couldn't find file 'hat_ribs_scap.vtp'.
[2026-06-04 21:19:34.254] [warning] Couldn't find file 'humerus_rv.vtp'.
[2026-06-04 21:19:34.254] [warning] Couldn't find file 'ulna_rv.vtp'.
[2026-06-04 21:19:34.254] [warning] Couldn't find file 'radius_rv.vtp'.
[2026-06-04 21:19:34.254] [warning] Couldn't find file 'pisiform_rvs.vtp'.
[2026-06-04 21:19:34.254] [warning] Couldn't find file 'lunate_rvs.vtp'.
[2026-06-04 21:19:34.254] [warning] Couldn't find file 'scaphoid_rvs.vtp'.
[2026-06-04 21:19:34.254] [warning] Couldn't find file 'triquetrum_rvs.vtp'.
[2026-06-04 21:19:34.254] [warning] Couldn't find file 'hamate_rvs.vtp'.
[2026-06-04 21:19:34.254] [warning] Couldn't find file 'capitate_rvs.vtp'.
[2026-06-04 21:19:34.254] [warning] Couldn't find file 'trapezoid_rvs.vtp'.
[2026-06-04 21:19:34.254] [warning] Couldn't find file 'trapezium_rvs.vtp'.
[2026-06-04 21:19:34.255] [warning] Couldn't find file 'metacarpal2_rvs.vtp'.
[2026-06-04 21:19:34.255] [warning] Couldn't find file 'index_proximal_rvs.vtp'.
[2026-06-04 21:19:34.255] [warning] Couldn't find file 'index_medial_rvs.vtp'.
[2026-06-04 21:19:34.255] [warning] Couldn't find file 'index_distal_rvs.vtp'.
[2026-06-04 21:19:34.255] [warning] Couldn't find file 'metacarpal3_rvs.vtp'.
[2026-06-04 21:19:34.255] [warning] Couldn't find file 'middle_proximal_rvs.vtp'.
[2026-06-04 21:19:34.255] [warning] Couldn't find file 'middle_medial_rvs.vtp'.
[2026-06-04 21:19:34.255] [warning] Couldn't find file 'middle_distal_rvs.vtp'.
[2026-06-04 21:19:34.255] [warning] Couldn't find file 'metacarpal4_rvs.vtp'.
[2026-06-04 21:19:34.255] [warning] Couldn't find file 'ring_proximal_rvs.vtp'.
[2026-06-04 21:19:34.255] [warning] Couldn't find file 'ring_medial_rvs.vtp'.
[2026-06-04 21:19:34.255] [warning] Couldn't find file 'ring_distal_rvs.vtp'.
[2026-06-04 21:19:34.255] [warning] Couldn't find file 'metacarpal5_rvs.vtp'.
[2026-06-04 21:19:34.255] [warning] Couldn't find file 'little_proximal_rvs.vtp'.
[2026-06-04 21:19:34.255] [warning] Couldn't find file 'little_medial_rvs.vtp'.
[2026-06-04 21:19:34.255] [warning] Couldn't find file 'little_distal_rvs.vtp'.
[2026-06-04 21:19:34.255] [warning] Couldn't find file 'metacarpal1_rvs.vtp'.
[2026-06-04 21:19:34.255] [warning] Couldn't find file 'thumb_proximal_rvs.vtp'.
[2026-06-04 21:19:34.255] [warning] Couldn't find file 'thumb_distal_rvs.vtp'.
[2026-06-04 21:19:34.255] [warning] Couldn't find file 'humerus_lv.vtp'.
[2026-06-04 21:19:34.256] [warning] Couldn't find file 'ulna_lv.vtp'.
[2026-06-04 21:19:34.256] [warning] Couldn't find file 'radius_lv.vtp'.
[2026-06-04 21:19:34.256] [warning] Couldn't find file 'pisiform_lvs.vtp'.
[2026-06-04 21:19:34.256] [warning] Couldn't find file 'lunate_lvs.vtp'.
[2026-06-04 21:19:34.256] [warning] Couldn't find file 'scaphoid_lvs.vtp'.
[2026-06-04 21:19:34.256] [warning] Couldn't find file 'triquetrum_lvs.vtp'.
[2026-06-04 21:19:34.256] [warning] Couldn't find file 'hamate_lvs.vtp'.
[2026-06-04 21:19:34.256] [warning] Couldn't find file 'capitate_lvs.vtp'.
[2026-06-04 21:19:34.256] [warning] Couldn't find file 'trapezoid_lvs.vtp'.
[2026-06-04 21:19:34.256] [warning] Couldn't find file 'trapezium_lvs.vtp'.
[2026-06-04 21:19:34.256] [warning] Couldn't find file 'metacarpal2_lvs.vtp'.
[2026-06-04 21:19:34.256] [warning] Couldn't find file 'index_proximal_lvs.vtp'.
[2026-06-04 21:19:34.256] [warning] Couldn't find file 'index_medial_lvs.vtp'.
[2026-06-04 21:19:34.256] [warning] Couldn't find file 'index_distal_lvs.vtp'.
[2026-06-04 21:19:34.256] [warning] Couldn't find file 'metacarpal3_lvs.vtp'.
[2026-06-04 21:19:34.256] [warning] Couldn't find file 'middle_proximal_lvs.vtp'.
[2026-06-04 21:19:34.256] [warning] Couldn't find file 'middle_medial_lvs.vtp'.
[2026-06-04 21:19:34.256] [warning] Couldn't find file 'middle_distal_lvs.vtp'.
[2026-06-04 21:19:34.256] [warning] Couldn't find file 'metacarpal4_lvs.vtp'.
[2026-06-04 21:19:34.256] [warning] Couldn't find file 'ring_proximal_lvs.vtp'.
[2026-06-04 21:19:34.256] [warning] Couldn't find file 'ring_medial_lvs.vtp'.
[2026-06-04 21:19:34.257] [warning] Couldn't find file 'ring_distal_lvs.vtp'.
[2026-06-04 21:19:34.257] [warning] Couldn't find file 'metacarpal5_lvs.vtp'.
[2026-06-04 21:19:34.257] [warning] Couldn't find file 'little_proximal_lvs.vtp'.
[2026-06-04 21:19:34.257] [warning] Couldn't find file 'little_medial_lvs.vtp'.
[2026-06-04 21:19:34.257] [warning] Couldn't find file 'little_distal_lvs.vtp'.
[2026-06-04 21:19:34.257] [warning] Couldn't find file 'metacarpal1_lvs.vtp'.
[2026-06-04 21:19:34.257] [warning] Couldn't find file 'thumb_proximal_lvs.vtp'.
[2026-06-04 21:19:34.257] [warning] Couldn't find file 'thumb_distal_lvs.vtp'.
[2026-06-04 21:19:34.505] [info] Loaded model Full_Body_Walking_Model-Scaled_Adjusted from file ..\UF_Subject_4_Scaled_JMP_inactiveMuscles.osim
[2026-06-04 21:19:34.506] [warning] Couldn't find file 'r_pelvis.vtp'.
[2026-06-04 21:19:34.506] [warning] Couldn't find file 'l_pelvis.vtp'.
[2026-06-04 21:19:34.506] [warning] Couldn't find file 'sacrum.vtp'.
[2026-06-04 21:19:34.506] [warning] Couldn't find file 'r_femur.vtp'.
[2026-06-04 21:19:34.506] [warning] Couldn't find file 'r_patella.vtp'.
[2026-06-04 21:19:34.506] [warning] Couldn't find file 'r_tibia.vtp'.
[2026-06-04 21:19:34.506] [warning] Couldn't find file 'r_fibula.vtp'.
[2026-06-04 21:19:34.506] [warning] Couldn't find file 'r_talus.stl'.
[2026-06-04 21:19:34.506] [warning] Couldn't find file 'r_foot.vtp'.
[2026-06-04 21:19:34.506] [warning] Couldn't find file 'r_bofoot.vtp'.
[2026-06-04 21:19:34.506] [warning] Couldn't find file 'l_femur.vtp'.
[2026-06-04 21:19:34.506] [warning] Couldn't find file 'l_patella.vtp'.
[2026-06-04 21:19:34.506] [warning] Couldn't find file 'l_tibia.vtp'.
[2026-06-04 21:19:34.507] [warning] Couldn't find file 'l_fibula.vtp'.
[2026-06-04 21:19:34.507] [warning] Couldn't find file 'l_talus.stl'.
[2026-06-04 21:19:34.507] [warning] Couldn't find file 'l_foot.vtp'.
[2026-06-04 21:19:34.507] [warning] Couldn't find file 'l_bofoot.vtp'.
[2026-06-04 21:19:34.507] [warning] Couldn't find file 'hat_spine.vtp'.
[2026-06-04 21:19:34.507] [warning] Couldn't find file 'hat_jaw.vtp'.
[2026-06-04 21:19:34.507] [warning] Couldn't find file 'hat_skull.vtp'.
[2026-06-04 21:19:34.507] [warning] Couldn't find file 'hat_ribs_scap.vtp'.
[2026-06-04 21:19:34.507] [warning] Couldn't find file 'humerus_rv.vtp'.
[2026-06-04 21:19:34.507] [warning] Couldn't find file 'ulna_rv.vtp'.
[2026-06-04 21:19:34.507] [warning] Couldn't find file 'radius_rv.vtp'.
[2026-06-04 21:19:34.507] [warning] Couldn't find file 'pisiform_rvs.vtp'.
[2026-06-04 21:19:34.507] [warning] Couldn't find file 'lunate_rvs.vtp'.
[2026-06-04 21:19:34.507] [warning] Couldn't find file 'scaphoid_rvs.vtp'.
[2026-06-04 21:19:34.507] [warning] Couldn't find file 'triquetrum_rvs.vtp'.
[2026-06-04 21:19:34.507] [warning] Couldn't find file 'hamate_rvs.vtp'.
[2026-06-04 21:19:34.507] [warning] Couldn't find file 'capitate_rvs.vtp'.
[2026-06-04 21:19:34.507] [warning] Couldn't find file 'trapezoid_rvs.vtp'.
[2026-06-04 21:19:34.508] [warning] Couldn't find file 'trapezium_rvs.vtp'.
[2026-06-04 21:19:34.508] [warning] Couldn't find file 'metacarpal2_rvs.vtp'.
[2026-06-04 21:19:34.508] [warning] Couldn't find file 'index_proximal_rvs.vtp'.
[2026-06-04 21:19:34.508] [warning] Couldn't find file 'index_medial_rvs.vtp'.
[2026-06-04 21:19:34.508] [warning] Couldn't find file 'index_distal_rvs.vtp'.
[2026-06-04 21:19:34.508] [warning] Couldn't find file 'metacarpal3_rvs.vtp'.
[2026-06-04 21:19:34.508] [warning] Couldn't find file 'middle_proximal_rvs.vtp'.
[2026-06-04 21:19:34.508] [warning] Couldn't find file 'middle_medial_rvs.vtp'.
[2026-06-04 21:19:34.508] [warning] Couldn't find file 'middle_distal_rvs.vtp'.
[2026-06-04 21:19:34.508] [warning] Couldn't find file 'metacarpal4_rvs.vtp'.
[2026-06-04 21:19:34.508] [warning] Couldn't find file 'ring_proximal_rvs.vtp'.
[2026-06-04 21:19:34.508] [warning] Couldn't find file 'ring_medial_rvs.vtp'.
[2026-06-04 21:19:34.508] [warning] Couldn't find file 'ring_distal_rvs.vtp'.
[2026-06-04 21:19:34.508] [warning] Couldn't find file 'metacarpal5_rvs.vtp'.
[2026-06-04 21:19:34.508] [warning] Couldn't find file 'little_proximal_rvs.vtp'.
[2026-06-04 21:19:34.508] [warning] Couldn't find file 'little_medial_rvs.vtp'.
[2026-06-04 21:19:34.508] [warning] Couldn't find file 'little_distal_rvs.vtp'.
[2026-06-04 21:19:34.508] [warning] Couldn't find file 'metacarpal1_rvs.vtp'.
[2026-06-04 21:19:34.508] [warning] Couldn't find file 'thumb_proximal_rvs.vtp'.
[2026-06-04 21:19:34.508] [warning] Couldn't find file 'thumb_distal_rvs.vtp'.
[2026-06-04 21:19:34.509] [warning] Couldn't find file 'humerus_lv.vtp'.
[2026-06-04 21:19:34.509] [warning] Couldn't find file 'ulna_lv.vtp'.
[2026-06-04 21:19:34.509] [warning] Couldn't find file 'radius_lv.vtp'.
[2026-06-04 21:19:34.509] [warning] Couldn't find file 'pisiform_lvs.vtp'.
[2026-06-04 21:19:34.509] [warning] Couldn't find file 'lunate_lvs.vtp'.
[2026-06-04 21:19:34.509] [warning] Couldn't find file 'scaphoid_lvs.vtp'.
[2026-06-04 21:19:34.509] [warning] Couldn't find file 'triquetrum_lvs.vtp'.
[2026-06-04 21:19:34.509] [warning] Couldn't find file 'hamate_lvs.vtp'.
[2026-06-04 21:19:34.509] [warning] Couldn't find file 'capitate_lvs.vtp'.
[2026-06-04 21:19:34.509] [warning] Couldn't find file 'trapezoid_lvs.vtp'.
[2026-06-04 21:19:34.509] [warning] Couldn't find file 'trapezium_lvs.vtp'.
[2026-06-04 21:19:34.509] [warning] Couldn't find file 'metacarpal2_lvs.vtp'.
[2026-06-04 21:19:34.509] [warning] Couldn't find file 'index_proximal_lvs.vtp'.
[2026-06-04 21:19:34.509] [warning] Couldn't find file 'index_medial_lvs.vtp'.
[2026-06-04 21:19:34.509] [warning] Couldn't find file 'index_distal_lvs.vtp'.
[2026-06-04 21:19:34.509] [warning] Couldn't find file 'metacarpal3_lvs.vtp'.
[2026-06-04 21:19:34.509] [warning] Couldn't find file 'middle_proximal_lvs.vtp'.
[2026-06-04 21:19:34.509] [warning] Couldn't find file 'middle_medial_lvs.vtp'.
[2026-06-04 21:19:34.509] [warning] Couldn't find file 'middle_distal_lvs.vtp'.
[2026-06-04 21:19:34.509] [warning] Couldn't find file 'metacarpal4_lvs.vtp'.
[2026-06-04 21:19:34.510] [warning] Couldn't find file 'ring_proximal_lvs.vtp'.
[2026-06-04 21:19:34.510] [warning] Couldn't find file 'ring_medial_lvs.vtp'.
[2026-06-04 21:19:34.510] [warning] Couldn't find file 'ring_distal_lvs.vtp'.
[2026-06-04 21:19:34.510] [warning] Couldn't find file 'metacarpal5_lvs.vtp'.
[2026-06-04 21:19:34.510] [warning] Couldn't find file 'little_proximal_lvs.vtp'.
[2026-06-04 21:19:34.510] [warning] Couldn't find file 'little_medial_lvs.vtp'.
[2026-06-04 21:19:34.510] [warning] Couldn't find file 'little_distal_lvs.vtp'.
[2026-06-04 21:19:34.510] [warning] Couldn't find file 'metacarpal1_lvs.vtp'.
[2026-06-04 21:19:34.510] [warning] Couldn't find file 'thumb_proximal_lvs.vtp'.
[2026-06-04 21:19:34.510] [warning] Couldn't find file 'thumb_distal_lvs.vtp'.
[2026-06-04 21:19:34.546] [info] Loaded model Full_Body_Walking_Model-Scaled_Adjusted from file ..\UF_Subject_4_Scaled_JMP_inactiveMuscles.osim
[2026-06-04 21:19:34.547] [warning] Couldn't find file 'r_pelvis.vtp'.
[2026-06-04 21:19:34.547] [warning] Couldn't find file 'l_pelvis.vtp'.
[2026-06-04 21:19:34.547] [warning] Couldn't find file 'sacrum.vtp'.
[2026-06-04 21:19:34.547] [warning] Couldn't find file 'r_femur.vtp'.
[2026-06-04 21:19:34.547] [warning] Couldn't find file 'r_patella.vtp'.
[2026-06-04 21:19:34.547] [warning] Couldn't find file 'r_tibia.vtp'.
[2026-06-04 21:19:34.547] [warning] Couldn't find file 'r_fibula.vtp'.
[2026-06-04 21:19:34.547] [warning] Couldn't find file 'r_talus.stl'.
[2026-06-04 21:19:34.547] [warning] Couldn't find file 'r_foot.vtp'.
[2026-06-04 21:19:34.547] [warning] Couldn't find file 'r_bofoot.vtp'.
[2026-06-04 21:19:34.547] [warning] Couldn't find file 'l_femur.vtp'.
[2026-06-04 21:19:34.547] [warning] Couldn't find file 'l_patella.vtp'.
[2026-06-04 21:19:34.547] [warning] Couldn't find file 'l_tibia.vtp'.
[2026-06-04 21:19:34.547] [warning] Couldn't find file 'l_fibula.vtp'.
[2026-06-04 21:19:34.548] [warning] Couldn't find file 'l_talus.stl'.
[2026-06-04 21:19:34.548] [warning] Couldn't find file 'l_foot.vtp'.
[2026-06-04 21:19:34.548] [warning] Couldn't find file 'l_bofoot.vtp'.
[2026-06-04 21:19:34.548] [warning] Couldn't find file 'hat_spine.vtp'.
[2026-06-04 21:19:34.548] [warning] Couldn't find file 'hat_jaw.vtp'.
[2026-06-04 21:19:34.548] [warning] Couldn't find file 'hat_skull.vtp'.
[2026-06-04 21:19:34.548] [warning] Couldn't find file 'hat_ribs_scap.vtp'.
[2026-06-04 21:19:34.548] [warning] Couldn't find file 'humerus_rv.vtp'.
[2026-06-04 21:19:34.548] [warning] Couldn't find file 'ulna_rv.vtp'.
[2026-06-04 21:19:34.548] [warning] Couldn't find file 'radius_rv.vtp'.
[2026-06-04 21:19:34.548] [warning] Couldn't find file 'pisiform_rvs.vtp'.
[2026-06-04 21:19:34.548] [warning] Couldn't find file 'lunate_rvs.vtp'.
[2026-06-04 21:19:34.548] [warning] Couldn't find file 'scaphoid_rvs.vtp'.
[2026-06-04 21:19:34.548] [warning] Couldn't find file 'triquetrum_rvs.vtp'.
[2026-06-04 21:19:34.548] [warning] Couldn't find file 'hamate_rvs.vtp'.
[2026-06-04 21:19:34.548] [warning] Couldn't find file 'capitate_rvs.vtp'.
[2026-06-04 21:19:34.548] [warning] Couldn't find file 'trapezoid_rvs.vtp'.
[2026-06-04 21:19:34.548] [warning] Couldn't find file 'trapezium_rvs.vtp'.
[2026-06-04 21:19:34.548] [warning] Couldn't find file 'metacarpal2_rvs.vtp'.
[2026-06-04 21:19:34.549] [warning] Couldn't find file 'index_proximal_rvs.vtp'.
[2026-06-04 21:19:34.549] [warning] Couldn't find file 'index_medial_rvs.vtp'.
[2026-06-04 21:19:34.549] [warning] Couldn't find file 'index_distal_rvs.vtp'.
[2026-06-04 21:19:34.549] [warning] Couldn't find file 'metacarpal3_rvs.vtp'.
[2026-06-04 21:19:34.549] [warning] Couldn't find file 'middle_proximal_rvs.vtp'.
[2026-06-04 21:19:34.549] [warning] Couldn't find file 'middle_medial_rvs.vtp'.
[2026-06-04 21:19:34.549] [warning] Couldn't find file 'middle_distal_rvs.vtp'.
[2026-06-04 21:19:34.549] [warning] Couldn't find file 'metacarpal4_rvs.vtp'.
[2026-06-04 21:19:34.549] [warning] Couldn't find file 'ring_proximal_rvs.vtp'.
[2026-06-04 21:19:34.549] [warning] Couldn't find file 'ring_medial_rvs.vtp'.
[2026-06-04 21:19:34.549] [warning] Couldn't find file 'ring_distal_rvs.vtp'.
[2026-06-04 21:19:34.549] [warning] Couldn't find file 'metacarpal5_rvs.vtp'.
[2026-06-04 21:19:34.549] [warning] Couldn't find file 'little_proximal_rvs.vtp'.
[2026-06-04 21:19:34.549] [warning] Couldn't find file 'little_medial_rvs.vtp'.
[2026-06-04 21:19:34.549] [warning] Couldn't find file 'little_distal_rvs.vtp'.
[2026-06-04 21:19:34.549] [warning] Couldn't find file 'metacarpal1_rvs.vtp'.
[2026-06-04 21:19:34.549] [warning] Couldn't find file 'thumb_proximal_rvs.vtp'.
[2026-06-04 21:19:34.549] [warning] Couldn't find file 'thumb_distal_rvs.vtp'.
[2026-06-04 21:19:34.549] [warning] Couldn't find file 'humerus_lv.vtp'.
[2026-06-04 21:19:34.549] [warning] Couldn't find file 'ulna_lv.vtp'.
[2026-06-04 21:19:34.550] [warning] Couldn't find file 'radius_lv.vtp'.
[2026-06-04 21:19:34.550] [warning] Couldn't find file 'pisiform_lvs.vtp'.
[2026-06-04 21:19:34.550] [warning] Couldn't find file 'lunate_lvs.vtp'.
[2026-06-04 21:19:34.550] [warning] Couldn't find file 'scaphoid_lvs.vtp'.
[2026-06-04 21:19:34.550] [warning] Couldn't find file 'triquetrum_lvs.vtp'.
[2026-06-04 21:19:34.550] [warning] Couldn't find file 'hamate_lvs.vtp'.
[2026-06-04 21:19:34.550] [warning] Couldn't find file 'capitate_lvs.vtp'.
[2026-06-04 21:19:34.550] [warning] Couldn't find file 'trapezoid_lvs.vtp'.
[2026-06-04 21:19:34.550] [warning] Couldn't find file 'trapezium_lvs.vtp'.
[2026-06-04 21:19:34.550] [warning] Couldn't find file 'metacarpal2_lvs.vtp'.
[2026-06-04 21:19:34.550] [warning] Couldn't find file 'index_proximal_lvs.vtp'.
[2026-06-04 21:19:34.550] [warning] Couldn't find file 'index_medial_lvs.vtp'.
[2026-06-04 21:19:34.550] [warning] Couldn't find file 'index_distal_lvs.vtp'.
[2026-06-04 21:19:34.550] [warning] Couldn't find file 'metacarpal3_lvs.vtp'.
[2026-06-04 21:19:34.550] [warning] Couldn't find file 'middle_proximal_lvs.vtp'.
[2026-06-04 21:19:34.550] [warning] Couldn't find file 'middle_medial_lvs.vtp'.
[2026-06-04 21:19:34.550] [warning] Couldn't find file 'middle_distal_lvs.vtp'.
[2026-06-04 21:19:34.550] [warning] Couldn't find file 'metacarpal4_lvs.vtp'.
[2026-06-04 21:19:34.550] [warning] Couldn't find file 'ring_proximal_lvs.vtp'.
[2026-06-04 21:19:34.550] [warning] Couldn't find file 'ring_medial_lvs.vtp'.
[2026-06-04 21:19:34.550] [warning] Couldn't find file 'ring_distal_lvs.vtp'.
[2026-06-04 21:19:34.551] [warning] Couldn't find file 'metacarpal5_lvs.vtp'.
[2026-06-04 21:19:34.551] [warning] Couldn't find file 'little_proximal_lvs.vtp'.
[2026-06-04 21:19:34.551] [warning] Couldn't find file 'little_medial_lvs.vtp'.
[2026-06-04 21:19:34.551] [warning] Couldn't find file 'little_distal_lvs.vtp'.
[2026-06-04 21:19:34.551] [warning] Couldn't find file 'metacarpal1_lvs.vtp'.
[2026-06-04 21:19:34.551] [warning] Couldn't find file 'thumb_proximal_lvs.vtp'.
[2026-06-04 21:19:34.551] [warning] Couldn't find file 'thumb_distal_lvs.vtp'.
[2026-06-04 21:19:34.586] [info] Loaded model Full_Body_Walking_Model-Scaled_Adjusted from file ..\UF_Subject_4_Scaled_JMP_inactiveMuscles.osim
[2026-06-04 21:19:34.586] [warning] Couldn't find file 'r_pelvis.vtp'.
[2026-06-04 21:19:34.586] [warning] Couldn't find file 'l_pelvis.vtp'.
[2026-06-04 21:19:34.586] [warning] Couldn't find file 'sacrum.vtp'.
[2026-06-04 21:19:34.586] [warning] Couldn't find file 'r_femur.vtp'.
[2026-06-04 21:19:34.586] [warning] Couldn't find file 'r_patella.vtp'.
[2026-06-04 21:19:34.586] [warning] Couldn't find file 'r_tibia.vtp'.
[2026-06-04 21:19:34.586] [warning] Couldn't find file 'r_fibula.vtp'.
[2026-06-04 21:19:34.586] [warning] Couldn't find file 'r_talus.stl'.
[2026-06-04 21:19:34.586] [warning] Couldn't find file 'r_foot.vtp'.
[2026-06-04 21:19:34.587] [warning] Couldn't find file 'r_bofoot.vtp'.
[2026-06-04 21:19:34.587] [warning] Couldn't find file 'l_femur.vtp'.
[2026-06-04 21:19:34.587] [warning] Couldn't find file 'l_patella.vtp'.
[2026-06-04 21:19:34.587] [warning] Couldn't find file 'l_tibia.vtp'.
[2026-06-04 21:19:34.587] [warning] Couldn't find file 'l_fibula.vtp'.
[2026-06-04 21:19:34.587] [warning] Couldn't find file 'l_talus.stl'.
[2026-06-04 21:19:34.587] [warning] Couldn't find file 'l_foot.vtp'.
[2026-06-04 21:19:34.587] [warning] Couldn't find file 'l_bofoot.vtp'.
[2026-06-04 21:19:34.587] [warning] Couldn't find file 'hat_spine.vtp'.
[2026-06-04 21:19:34.587] [warning] Couldn't find file 'hat_jaw.vtp'.
[2026-06-04 21:19:34.587] [warning] Couldn't find file 'hat_skull.vtp'.
[2026-06-04 21:19:34.587] [warning] Couldn't find file 'hat_ribs_scap.vtp'.
[2026-06-04 21:19:34.587] [warning] Couldn't find file 'humerus_rv.vtp'.
[2026-06-04 21:19:34.587] [warning] Couldn't find file 'ulna_rv.vtp'.
[2026-06-04 21:19:34.587] [warning] Couldn't find file 'radius_rv.vtp'.
[2026-06-04 21:19:34.587] [warning] Couldn't find file 'pisiform_rvs.vtp'.
[2026-06-04 21:19:34.587] [warning] Couldn't find file 'lunate_rvs.vtp'.
[2026-06-04 21:19:34.587] [warning] Couldn't find file 'scaphoid_rvs.vtp'.
[2026-06-04 21:19:34.587] [warning] Couldn't find file 'triquetrum_rvs.vtp'.
[2026-06-04 21:19:34.588] [warning] Couldn't find file 'hamate_rvs.vtp'.
[2026-06-04 21:19:34.588] [warning] Couldn't find file 'capitate_rvs.vtp'.
[2026-06-04 21:19:34.588] [warning] Couldn't find file 'trapezoid_rvs.vtp'.
[2026-06-04 21:19:34.588] [warning] Couldn't find file 'trapezium_rvs.vtp'.
[2026-06-04 21:19:34.588] [warning] Couldn't find file 'metacarpal2_rvs.vtp'.
[2026-06-04 21:19:34.588] [warning] Couldn't find file 'index_proximal_rvs.vtp'.
[2026-06-04 21:19:34.588] [warning] Couldn't find file 'index_medial_rvs.vtp'.
[2026-06-04 21:19:34.588] [warning] Couldn't find file 'index_distal_rvs.vtp'.
[2026-06-04 21:19:34.588] [warning] Couldn't find file 'metacarpal3_rvs.vtp'.
[2026-06-04 21:19:34.588] [warning] Couldn't find file 'middle_proximal_rvs.vtp'.
[2026-06-04 21:19:34.588] [warning] Couldn't find file 'middle_medial_rvs.vtp'.
[2026-06-04 21:19:34.588] [warning] Couldn't find file 'middle_distal_rvs.vtp'.
[2026-06-04 21:19:34.588] [warning] Couldn't find file 'metacarpal4_rvs.vtp'.
[2026-06-04 21:19:34.588] [warning] Couldn't find file 'ring_proximal_rvs.vtp'.
[2026-06-04 21:19:34.588] [warning] Couldn't find file 'ring_medial_rvs.vtp'.
[2026-06-04 21:19:34.588] [warning] Couldn't find file 'ring_distal_rvs.vtp'.
[2026-06-04 21:19:34.588] [warning] Couldn't find file 'metacarpal5_rvs.vtp'.
[2026-06-04 21:19:34.588] [warning] Couldn't find file 'little_proximal_rvs.vtp'.
[2026-06-04 21:19:34.588] [warning] Couldn't find file 'little_medial_rvs.vtp'.
[2026-06-04 21:19:34.588] [warning] Couldn't find file 'little_distal_rvs.vtp'.
[2026-06-04 21:19:34.589] [warning] Couldn't find file 'metacarpal1_rvs.vtp'.
[2026-06-04 21:19:34.589] [warning] Couldn't find file 'thumb_proximal_rvs.vtp'.
[2026-06-04 21:19:34.589] [warning] Couldn't find file 'thumb_distal_rvs.vtp'.
[2026-06-04 21:19:34.589] [warning] Couldn't find file 'humerus_lv.vtp'.
[2026-06-04 21:19:34.589] [warning] Couldn't find file 'ulna_lv.vtp'.
[2026-06-04 21:19:34.589] [warning] Couldn't find file 'radius_lv.vtp'.
[2026-06-04 21:19:34.589] [warning] Couldn't find file 'pisiform_lvs.vtp'.
[2026-06-04 21:19:34.589] [warning] Couldn't find file 'lunate_lvs.vtp'.
[2026-06-04 21:19:34.589] [warning] Couldn't find file 'scaphoid_lvs.vtp'.
[2026-06-04 21:19:34.589] [warning] Couldn't find file 'triquetrum_lvs.vtp'.
[2026-06-04 21:19:34.589] [warning] Couldn't find file 'hamate_lvs.vtp'.
[2026-06-04 21:19:34.589] [warning] Couldn't find file 'capitate_lvs.vtp'.
[2026-06-04 21:19:34.589] [warning] Couldn't find file 'trapezoid_lvs.vtp'.
[2026-06-04 21:19:34.589] [warning] Couldn't find file 'trapezium_lvs.vtp'.
[2026-06-04 21:19:34.589] [warning] Couldn't find file 'metacarpal2_lvs.vtp'.
[2026-06-04 21:19:34.589] [warning] Couldn't find file 'index_proximal_lvs.vtp'.
[2026-06-04 21:19:34.589] [warning] Couldn't find file 'index_medial_lvs.vtp'.
[2026-06-04 21:19:34.589] [warning] Couldn't find file 'index_distal_lvs.vtp'.
[2026-06-04 21:19:34.589] [warning] Couldn't find file 'metacarpal3_lvs.vtp'.
[2026-06-04 21:19:34.589] [warning] Couldn't find file 'middle_proximal_lvs.vtp'.
[2026-06-04 21:19:34.589] [warning] Couldn't find file 'middle_medial_lvs.vtp'.
[2026-06-04 21:19:34.590] [warning] Couldn't find file 'middle_distal_lvs.vtp'.
[2026-06-04 21:19:34.590] [warning] Couldn't find file 'metacarpal4_lvs.vtp'.
[2026-06-04 21:19:34.590] [warning] Couldn't find file 'ring_proximal_lvs.vtp'.
[2026-06-04 21:19:34.590] [warning] Couldn't find file 'ring_medial_lvs.vtp'.
[2026-06-04 21:19:34.590] [warning] Couldn't find file 'ring_distal_lvs.vtp'.
[2026-06-04 21:19:34.590] [warning] Couldn't find file 'metacarpal5_lvs.vtp'.
[2026-06-04 21:19:34.590] [warning] Couldn't find file 'little_proximal_lvs.vtp'.
[2026-06-04 21:19:34.590] [warning] Couldn't find file 'little_medial_lvs.vtp'.
[2026-06-04 21:19:34.590] [warning] Couldn't find file 'little_distal_lvs.vtp'.
[2026-06-04 21:19:34.590] [warning] Couldn't find file 'metacarpal1_lvs.vtp'.
[2026-06-04 21:19:34.590] [warning] Couldn't find file 'thumb_proximal_lvs.vtp'.
[2026-06-04 21:19:34.590] [warning] Couldn't find file 'thumb_distal_lvs.vtp'.
[2026-06-04 21:19:34.624] [info] Loaded model Full_Body_Walking_Model-Scaled_Adjusted from file ..\UF_Subject_4_Scaled_JMP_inactiveMuscles.osim
[2026-06-04 21:19:34.625] [warning] Couldn't find file 'r_pelvis.vtp'.
[2026-06-04 21:19:34.625] [warning] Couldn't find file 'l_pelvis.vtp'.
[2026-06-04 21:19:34.625] [warning] Couldn't find file 'sacrum.vtp'.
[2026-06-04 21:19:34.625] [warning] Couldn't find file 'r_femur.vtp'.
[2026-06-04 21:19:34.625] [warning] Couldn't find file 'r_patella.vtp'.
[2026-06-04 21:19:34.625] [warning] Couldn't find file 'r_tibia.vtp'.
[2026-06-04 21:19:34.625] [warning] Couldn't find file 'r_fibula.vtp'.
[2026-06-04 21:19:34.625] [warning] Couldn't find file 'r_talus.stl'.
[2026-06-04 21:19:34.625] [warning] Couldn't find file 'r_foot.vtp'.
[2026-06-04 21:19:34.625] [warning] Couldn't find file 'r_bofoot.vtp'.
[2026-06-04 21:19:34.625] [warning] Couldn't find file 'l_femur.vtp'.
[2026-06-04 21:19:34.625] [warning] Couldn't find file 'l_patella.vtp'.
[2026-06-04 21:19:34.625] [warning] Couldn't find file 'l_tibia.vtp'.
[2026-06-04 21:19:34.625] [warning] Couldn't find file 'l_fibula.vtp'.
[2026-06-04 21:19:34.625] [warning] Couldn't find file 'l_talus.stl'.
[2026-06-04 21:19:34.626] [warning] Couldn't find file 'l_foot.vtp'.
[2026-06-04 21:19:34.626] [warning] Couldn't find file 'l_bofoot.vtp'.
[2026-06-04 21:19:34.626] [warning] Couldn't find file 'hat_spine.vtp'.
[2026-06-04 21:19:34.626] [warning] Couldn't find file 'hat_jaw.vtp'.
[2026-06-04 21:19:34.626] [warning] Couldn't find file 'hat_skull.vtp'.
[2026-06-04 21:19:34.626] [warning] Couldn't find file 'hat_ribs_scap.vtp'.
[2026-06-04 21:19:34.626] [warning] Couldn't find file 'humerus_rv.vtp'.
[2026-06-04 21:19:34.626] [warning] Couldn't find file 'ulna_rv.vtp'.
[2026-06-04 21:19:34.626] [warning] Couldn't find file 'radius_rv.vtp'.
[2026-06-04 21:19:34.626] [warning] Couldn't find file 'pisiform_rvs.vtp'.
[2026-06-04 21:19:34.626] [warning] Couldn't find file 'lunate_rvs.vtp'.
[2026-06-04 21:19:34.626] [warning] Couldn't find file 'scaphoid_rvs.vtp'.
[2026-06-04 21:19:34.626] [warning] Couldn't find file 'triquetrum_rvs.vtp'.
[2026-06-04 21:19:34.626] [warning] Couldn't find file 'hamate_rvs.vtp'.
[2026-06-04 21:19:34.626] [warning] Couldn't find file 'capitate_rvs.vtp'.
[2026-06-04 21:19:34.626] [warning] Couldn't find file 'trapezoid_rvs.vtp'.
[2026-06-04 21:19:34.626] [warning] Couldn't find file 'trapezium_rvs.vtp'.
[2026-06-04 21:19:34.626] [warning] Couldn't find file 'metacarpal2_rvs.vtp'.
[2026-06-04 21:19:34.626] [warning] Couldn't find file 'index_proximal_rvs.vtp'.
[2026-06-04 21:19:34.626] [warning] Couldn't find file 'index_medial_rvs.vtp'.
[2026-06-04 21:19:34.627] [warning] Couldn't find file 'index_distal_rvs.vtp'.
[2026-06-04 21:19:34.627] [warning] Couldn't find file 'metacarpal3_rvs.vtp'.
[2026-06-04 21:19:34.627] [warning] Couldn't find file 'middle_proximal_rvs.vtp'.
[2026-06-04 21:19:34.627] [warning] Couldn't find file 'middle_medial_rvs.vtp'.
[2026-06-04 21:19:34.627] [warning] Couldn't find file 'middle_distal_rvs.vtp'.
[2026-06-04 21:19:34.627] [warning] Couldn't find file 'metacarpal4_rvs.vtp'.
[2026-06-04 21:19:34.627] [warning] Couldn't find file 'ring_proximal_rvs.vtp'.
[2026-06-04 21:19:34.627] [warning] Couldn't find file 'ring_medial_rvs.vtp'.
[2026-06-04 21:19:34.627] [warning] Couldn't find file 'ring_distal_rvs.vtp'.
[2026-06-04 21:19:34.627] [warning] Couldn't find file 'metacarpal5_rvs.vtp'.
[2026-06-04 21:19:34.627] [warning] Couldn't find file 'little_proximal_rvs.vtp'.
[2026-06-04 21:19:34.627] [warning] Couldn't find file 'little_medial_rvs.vtp'.
[2026-06-04 21:19:34.627] [warning] Couldn't find file 'little_distal_rvs.vtp'.
[2026-06-04 21:19:34.627] [warning] Couldn't find file 'metacarpal1_rvs.vtp'.
[2026-06-04 21:19:34.627] [warning] Couldn't find file 'thumb_proximal_rvs.vtp'.
[2026-06-04 21:19:34.627] [warning] Couldn't find file 'thumb_distal_rvs.vtp'.
[2026-06-04 21:19:34.627] [warning] Couldn't find file 'humerus_lv.vtp'.
[2026-06-04 21:19:34.627] [warning] Couldn't find file 'ulna_lv.vtp'.
[2026-06-04 21:19:34.627] [warning] Couldn't find file 'radius_lv.vtp'.
[2026-06-04 21:19:34.627] [warning] Couldn't find file 'pisiform_lvs.vtp'.
[2026-06-04 21:19:34.628] [warning] Couldn't find file 'lunate_lvs.vtp'.
[2026-06-04 21:19:34.628] [warning] Couldn't find file 'scaphoid_lvs.vtp'.
[2026-06-04 21:19:34.628] [warning] Couldn't find file 'triquetrum_lvs.vtp'.
[2026-06-04 21:19:34.628] [warning] Couldn't find file 'hamate_lvs.vtp'.
[2026-06-04 21:19:34.628] [warning] Couldn't find file 'capitate_lvs.vtp'.
[2026-06-04 21:19:34.628] [warning] Couldn't find file 'trapezoid_lvs.vtp'.
[2026-06-04 21:19:34.628] [warning] Couldn't find file 'trapezium_lvs.vtp'.
[2026-06-04 21:19:34.628] [warning] Couldn't find file 'metacarpal2_lvs.vtp'.
[2026-06-04 21:19:34.628] [warning] Couldn't find file 'index_proximal_lvs.vtp'.
[2026-06-04 21:19:34.628] [warning] Couldn't find file 'index_medial_lvs.vtp'.
[2026-06-04 21:19:34.628] [warning] Couldn't find file 'index_distal_lvs.vtp'.
[2026-06-04 21:19:34.628] [warning] Couldn't find file 'metacarpal3_lvs.vtp'.
[2026-06-04 21:19:34.628] [warning] Couldn't find file 'middle_proximal_lvs.vtp'.
[2026-06-04 21:19:34.628] [warning] Couldn't find file 'middle_medial_lvs.vtp'.
[2026-06-04 21:19:34.628] [warning] Couldn't find file 'middle_distal_lvs.vtp'.
[2026-06-04 21:19:34.628] [warning] Couldn't find file 'metacarpal4_lvs.vtp'.
[2026-06-04 21:19:34.628] [warning] Couldn't find file 'ring_proximal_lvs.vtp'.
[2026-06-04 21:19:34.628] [warning] Couldn't find file 'ring_medial_lvs.vtp'.
[2026-06-04 21:19:34.628] [warning] Couldn't find file 'ring_distal_lvs.vtp'.
[2026-06-04 21:19:34.628] [warning] Couldn't find file 'metacarpal5_lvs.vtp'.
[2026-06-04 21:19:34.628] [warning] Couldn't find file 'little_proximal_lvs.vtp'.
[2026-06-04 21:19:34.629] [warning] Couldn't find file 'little_medial_lvs.vtp'.
[2026-06-04 21:19:34.629] [warning] Couldn't find file 'little_distal_lvs.vtp'.
[2026-06-04 21:19:34.629] [warning] Couldn't find file 'metacarpal1_lvs.vtp'.
[2026-06-04 21:19:34.629] [warning] Couldn't find file 'thumb_proximal_lvs.vtp'.
[2026-06-04 21:19:34.629] [warning] Couldn't find file 'thumb_distal_lvs.vtp'.
[2026-06-04 21:19:34.664] [info] Loaded model Full_Body_Walking_Model-Scaled_Adjusted from file ..\UF_Subject_4_Scaled_JMP_inactiveMuscles.osim
[2026-06-04 21:19:34.664] [warning] Couldn't find file 'r_pelvis.vtp'.
[2026-06-04 21:19:34.664] [warning] Couldn't find file 'l_pelvis.vtp'.
[2026-06-04 21:19:34.664] [warning] Couldn't find file 'sacrum.vtp'.
[2026-06-04 21:19:34.664] [warning] Couldn't find file 'r_femur.vtp'.
[2026-06-04 21:19:34.664] [warning] Couldn't find file 'r_patella.vtp'.
[2026-06-04 21:19:34.664] [warning] Couldn't find file 'r_tibia.vtp'.
[2026-06-04 21:19:34.664] [warning] Couldn't find file 'r_fibula.vtp'.
[2026-06-04 21:19:34.664] [warning] Couldn't find file 'r_talus.stl'.
[2026-06-04 21:19:34.664] [warning] Couldn't find file 'r_foot.vtp'.
[2026-06-04 21:19:34.665] [warning] Couldn't find file 'r_bofoot.vtp'.
[2026-06-04 21:19:34.665] [warning] Couldn't find file 'l_femur.vtp'.
[2026-06-04 21:19:34.665] [warning] Couldn't find file 'l_patella.vtp'.
[2026-06-04 21:19:34.665] [warning] Couldn't find file 'l_tibia.vtp'.
[2026-06-04 21:19:34.665] [warning] Couldn't find file 'l_fibula.vtp'.
[2026-06-04 21:19:34.665] [warning] Couldn't find file 'l_talus.stl'.
[2026-06-04 21:19:34.665] [warning] Couldn't find file 'l_foot.vtp'.
[2026-06-04 21:19:34.665] [warning] Couldn't find file 'l_bofoot.vtp'.
[2026-06-04 21:19:34.665] [warning] Couldn't find file 'hat_spine.vtp'.
[2026-06-04 21:19:34.665] [warning] Couldn't find file 'hat_jaw.vtp'.
[2026-06-04 21:19:34.665] [warning] Couldn't find file 'hat_skull.vtp'.
[2026-06-04 21:19:34.665] [warning] Couldn't find file 'hat_ribs_scap.vtp'.
[2026-06-04 21:19:34.665] [warning] Couldn't find file 'humerus_rv.vtp'.
[2026-06-04 21:19:34.665] [warning] Couldn't find file 'ulna_rv.vtp'.
[2026-06-04 21:19:34.665] [warning] Couldn't find file 'radius_rv.vtp'.
[2026-06-04 21:19:34.665] [warning] Couldn't find file 'pisiform_rvs.vtp'.
[2026-06-04 21:19:34.665] [warning] Couldn't find file 'lunate_rvs.vtp'.
[2026-06-04 21:19:34.665] [warning] Couldn't find file 'scaphoid_rvs.vtp'.
[2026-06-04 21:19:34.665] [warning] Couldn't find file 'triquetrum_rvs.vtp'.
[2026-06-04 21:19:34.665] [warning] Couldn't find file 'hamate_rvs.vtp'.
[2026-06-04 21:19:34.666] [warning] Couldn't find file 'capitate_rvs.vtp'.
[2026-06-04 21:19:34.666] [warning] Couldn't find file 'trapezoid_rvs.vtp'.
[2026-06-04 21:19:34.666] [warning] Couldn't find file 'trapezium_rvs.vtp'.
[2026-06-04 21:19:34.666] [warning] Couldn't find file 'metacarpal2_rvs.vtp'.
[2026-06-04 21:19:34.666] [warning] Couldn't find file 'index_proximal_rvs.vtp'.
[2026-06-04 21:19:34.666] [warning] Couldn't find file 'index_medial_rvs.vtp'.
[2026-06-04 21:19:34.666] [warning] Couldn't find file 'index_distal_rvs.vtp'.
[2026-06-04 21:19:34.666] [warning] Couldn't find file 'metacarpal3_rvs.vtp'.
[2026-06-04 21:19:34.666] [warning] Couldn't find file 'middle_proximal_rvs.vtp'.
[2026-06-04 21:19:34.666] [warning] Couldn't find file 'middle_medial_rvs.vtp'.
[2026-06-04 21:19:34.666] [warning] Couldn't find file 'middle_distal_rvs.vtp'.
[2026-06-04 21:19:34.666] [warning] Couldn't find file 'metacarpal4_rvs.vtp'.
[2026-06-04 21:19:34.666] [warning] Couldn't find file 'ring_proximal_rvs.vtp'.
[2026-06-04 21:19:34.666] [warning] Couldn't find file 'ring_medial_rvs.vtp'.
[2026-06-04 21:19:34.666] [warning] Couldn't find file 'ring_distal_rvs.vtp'.
[2026-06-04 21:19:34.666] [warning] Couldn't find file 'metacarpal5_rvs.vtp'.
[2026-06-04 21:19:34.666] [warning] Couldn't find file 'little_proximal_rvs.vtp'.
[2026-06-04 21:19:34.666] [warning] Couldn't find file 'little_medial_rvs.vtp'.
[2026-06-04 21:19:34.666] [warning] Couldn't find file 'little_distal_rvs.vtp'.
[2026-06-04 21:19:34.666] [warning] Couldn't find file 'metacarpal1_rvs.vtp'.
[2026-06-04 21:19:34.667] [warning] Couldn't find file 'thumb_proximal_rvs.vtp'.
[2026-06-04 21:19:34.667] [warning] Couldn't find file 'thumb_distal_rvs.vtp'.
[2026-06-04 21:19:34.667] [warning] Couldn't find file 'humerus_lv.vtp'.
[2026-06-04 21:19:34.667] [warning] Couldn't find file 'ulna_lv.vtp'.
[2026-06-04 21:19:34.667] [warning] Couldn't find file 'radius_lv.vtp'.
[2026-06-04 21:19:34.667] [warning] Couldn't find file 'pisiform_lvs.vtp'.
[2026-06-04 21:19:34.667] [warning] Couldn't find file 'lunate_lvs.vtp'.
[2026-06-04 21:19:34.667] [warning] Couldn't find file 'scaphoid_lvs.vtp'.
[2026-06-04 21:19:34.667] [warning] Couldn't find file 'triquetrum_lvs.vtp'.
[2026-06-04 21:19:34.667] [warning] Couldn't find file 'hamate_lvs.vtp'.
[2026-06-04 21:19:34.667] [warning] Couldn't find file 'capitate_lvs.vtp'.
[2026-06-04 21:19:34.667] [warning] Couldn't find file 'trapezoid_lvs.vtp'.
[2026-06-04 21:19:34.667] [warning] Couldn't find file 'trapezium_lvs.vtp'.
[2026-06-04 21:19:34.667] [warning] Couldn't find file 'metacarpal2_lvs.vtp'.
[2026-06-04 21:19:34.667] [warning] Couldn't find file 'index_proximal_lvs.vtp'.
[2026-06-04 21:19:34.667] [warning] Couldn't find file 'index_medial_lvs.vtp'.
[2026-06-04 21:19:34.667] [warning] Couldn't find file 'index_distal_lvs.vtp'.
[2026-06-04 21:19:34.667] [warning] Couldn't find file 'metacarpal3_lvs.vtp'.
[2026-06-04 21:19:34.667] [warning] Couldn't find file 'middle_proximal_lvs.vtp'.
[2026-06-04 21:19:34.667] [warning] Couldn't find file 'middle_medial_lvs.vtp'.
[2026-06-04 21:19:34.668] [warning] Couldn't find file 'middle_distal_lvs.vtp'.
[2026-06-04 21:19:34.668] [warning] Couldn't find file 'metacarpal4_lvs.vtp'.
[2026-06-04 21:19:34.668] [warning] Couldn't find file 'ring_proximal_lvs.vtp'.
[2026-06-04 21:19:34.668] [warning] Couldn't find file 'ring_medial_lvs.vtp'.
[2026-06-04 21:19:34.668] [warning] Couldn't find file 'ring_distal_lvs.vtp'.
[2026-06-04 21:19:34.668] [warning] Couldn't find file 'metacarpal5_lvs.vtp'.
[2026-06-04 21:19:34.668] [warning] Couldn't find file 'little_proximal_lvs.vtp'.
[2026-06-04 21:19:34.668] [warning] Couldn't find file 'little_medial_lvs.vtp'.
[2026-06-04 21:19:34.668] [warning] Couldn't find file 'little_distal_lvs.vtp'.
[2026-06-04 21:19:34.668] [warning] Couldn't find file 'metacarpal1_lvs.vtp'.
[2026-06-04 21:19:34.668] [warning] Couldn't find file 'thumb_proximal_lvs.vtp'.
[2026-06-04 21:19:34.668] [warning] Couldn't find file 'thumb_distal_lvs.vtp'.
[2026-06-04 21:19:34.704] [info] Loaded model Full_Body_Walking_Model-Scaled_Adjusted from file ..\UF_Subject_4_Scaled_JMP_inactiveMuscles.osim
[2026-06-04 21:19:34.705] [warning] Couldn't find file 'r_pelvis.vtp'.
[2026-06-04 21:19:34.705] [warning] Couldn't find file 'l_pelvis.vtp'.
[2026-06-04 21:19:34.705] [warning] Couldn't find file 'sacrum.vtp'.
[2026-06-04 21:19:34.705] [warning] Couldn't find file 'r_femur.vtp'.
[2026-06-04 21:19:34.705] [warning] Couldn't find file 'r_patella.vtp'.
[2026-06-04 21:19:34.705] [warning] Couldn't find file 'r_tibia.vtp'.
[2026-06-04 21:19:34.705] [warning] Couldn't find file 'r_fibula.vtp'.
[2026-06-04 21:19:34.705] [warning] Couldn't find file 'r_talus.stl'.
[2026-06-04 21:19:34.705] [warning] Couldn't find file 'r_foot.vtp'.
[2026-06-04 21:19:34.705] [warning] Couldn't find file 'r_bofoot.vtp'.
[2026-06-04 21:19:34.705] [warning] Couldn't find file 'l_femur.vtp'.
[2026-06-04 21:19:34.705] [warning] Couldn't find file 'l_patella.vtp'.
[2026-06-04 21:19:34.705] [warning] Couldn't find file 'l_tibia.vtp'.
[2026-06-04 21:19:34.705] [warning] Couldn't find file 'l_fibula.vtp'.
[2026-06-04 21:19:34.706] [warning] Couldn't find file 'l_talus.stl'.
[2026-06-04 21:19:34.706] [warning] Couldn't find file 'l_foot.vtp'.
[2026-06-04 21:19:34.706] [warning] Couldn't find file 'l_bofoot.vtp'.
[2026-06-04 21:19:34.706] [warning] Couldn't find file 'hat_spine.vtp'.
[2026-06-04 21:19:34.706] [warning] Couldn't find file 'hat_jaw.vtp'.
[2026-06-04 21:19:34.706] [warning] Couldn't find file 'hat_skull.vtp'.
[2026-06-04 21:19:34.706] [warning] Couldn't find file 'hat_ribs_scap.vtp'.
[2026-06-04 21:19:34.706] [warning] Couldn't find file 'humerus_rv.vtp'.
[2026-06-04 21:19:34.706] [warning] Couldn't find file 'ulna_rv.vtp'.
[2026-06-04 21:19:34.706] [warning] Couldn't find file 'radius_rv.vtp'.
[2026-06-04 21:19:34.706] [warning] Couldn't find file 'pisiform_rvs.vtp'.
[2026-06-04 21:19:34.706] [warning] Couldn't find file 'lunate_rvs.vtp'.
[2026-06-04 21:19:34.706] [warning] Couldn't find file 'scaphoid_rvs.vtp'.
[2026-06-04 21:19:34.706] [warning] Couldn't find file 'triquetrum_rvs.vtp'.
[2026-06-04 21:19:34.706] [warning] Couldn't find file 'hamate_rvs.vtp'.
[2026-06-04 21:19:34.706] [warning] Couldn't find file 'capitate_rvs.vtp'.
[2026-06-04 21:19:34.706] [warning] Couldn't find file 'trapezoid_rvs.vtp'.
[2026-06-04 21:19:34.706] [warning] Couldn't find file 'trapezium_rvs.vtp'.
[2026-06-04 21:19:34.706] [warning] Couldn't find file 'metacarpal2_rvs.vtp'.
[2026-06-04 21:19:34.707] [warning] Couldn't find file 'index_proximal_rvs.vtp'.
[2026-06-04 21:19:34.707] [warning] Couldn't find file 'index_medial_rvs.vtp'.
[2026-06-04 21:19:34.707] [warning] Couldn't find file 'index_distal_rvs.vtp'.
[2026-06-04 21:19:34.707] [warning] Couldn't find file 'metacarpal3_rvs.vtp'.
[2026-06-04 21:19:34.707] [warning] Couldn't find file 'middle_proximal_rvs.vtp'.
[2026-06-04 21:19:34.707] [warning] Couldn't find file 'middle_medial_rvs.vtp'.
[2026-06-04 21:19:34.707] [warning] Couldn't find file 'middle_distal_rvs.vtp'.
[2026-06-04 21:19:34.707] [warning] Couldn't find file 'metacarpal4_rvs.vtp'.
[2026-06-04 21:19:34.707] [warning] Couldn't find file 'ring_proximal_rvs.vtp'.
[2026-06-04 21:19:34.707] [warning] Couldn't find file 'ring_medial_rvs.vtp'.
[2026-06-04 21:19:34.707] [warning] Couldn't find file 'ring_distal_rvs.vtp'.
[2026-06-04 21:19:34.707] [warning] Couldn't find file 'metacarpal5_rvs.vtp'.
[2026-06-04 21:19:34.707] [warning] Couldn't find file 'little_proximal_rvs.vtp'.
[2026-06-04 21:19:34.707] [warning] Couldn't find file 'little_medial_rvs.vtp'.
[2026-06-04 21:19:34.707] [warning] Couldn't find file 'little_distal_rvs.vtp'.
[2026-06-04 21:19:34.707] [warning] Couldn't find file 'metacarpal1_rvs.vtp'.
[2026-06-04 21:19:34.707] [warning] Couldn't find file 'thumb_proximal_rvs.vtp'.
[2026-06-04 21:19:34.707] [warning] Couldn't find file 'thumb_distal_rvs.vtp'.
[2026-06-04 21:19:34.707] [warning] Couldn't find file 'humerus_lv.vtp'.
[2026-06-04 21:19:34.707] [warning] Couldn't find file 'ulna_lv.vtp'.
[2026-06-04 21:19:34.708] [warning] Couldn't find file 'radius_lv.vtp'.
[2026-06-04 21:19:34.708] [warning] Couldn't find file 'pisiform_lvs.vtp'.
[2026-06-04 21:19:34.708] [warning] Couldn't find file 'lunate_lvs.vtp'.
[2026-06-04 21:19:34.708] [warning] Couldn't find file 'scaphoid_lvs.vtp'.
[2026-06-04 21:19:34.708] [warning] Couldn't find file 'triquetrum_lvs.vtp'.
[2026-06-04 21:19:34.708] [warning] Couldn't find file 'hamate_lvs.vtp'.
[2026-06-04 21:19:34.708] [warning] Couldn't find file 'capitate_lvs.vtp'.
[2026-06-04 21:19:34.708] [warning] Couldn't find file 'trapezoid_lvs.vtp'.
[2026-06-04 21:19:34.708] [warning] Couldn't find file 'trapezium_lvs.vtp'.
[2026-06-04 21:19:34.708] [warning] Couldn't find file 'metacarpal2_lvs.vtp'.
[2026-06-04 21:19:34.708] [warning] Couldn't find file 'index_proximal_lvs.vtp'.
[2026-06-04 21:19:34.708] [warning] Couldn't find file 'index_medial_lvs.vtp'.
[2026-06-04 21:19:34.708] [warning] Couldn't find file 'index_distal_lvs.vtp'.
[2026-06-04 21:19:34.708] [warning] Couldn't find file 'metacarpal3_lvs.vtp'.
[2026-06-04 21:19:34.708] [warning] Couldn't find file 'middle_proximal_lvs.vtp'.
[2026-06-04 21:19:34.708] [warning] Couldn't find file 'middle_medial_lvs.vtp'.
[2026-06-04 21:19:34.708] [warning] Couldn't find file 'middle_distal_lvs.vtp'.
[2026-06-04 21:19:34.708] [warning] Couldn't find file 'metacarpal4_lvs.vtp'.
[2026-06-04 21:19:34.708] [warning] Couldn't find file 'ring_proximal_lvs.vtp'.
[2026-06-04 21:19:34.708] [warning] Couldn't find file 'ring_medial_lvs.vtp'.
[2026-06-04 21:19:34.709] [warning] Couldn't find file 'ring_distal_lvs.vtp'.
[2026-06-04 21:19:34.709] [warning] Couldn't find file 'metacarpal5_lvs.vtp'.
[2026-06-04 21:19:34.709] [warning] Couldn't find file 'little_proximal_lvs.vtp'.
[2026-06-04 21:19:34.709] [warning] Couldn't find file 'little_medial_lvs.vtp'.
[2026-06-04 21:19:34.709] [warning] Couldn't find file 'little_distal_lvs.vtp'.
[2026-06-04 21:19:34.709] [warning] Couldn't find file 'metacarpal1_lvs.vtp'.
[2026-06-04 21:19:34.709] [warning] Couldn't find file 'thumb_proximal_lvs.vtp'.
[2026-06-04 21:19:34.709] [warning] Couldn't find file 'thumb_distal_lvs.vtp'.
[2026-06-04 21:19:34.746] [info] Loaded model Full_Body_Walking_Model-Scaled_Adjusted from file ..\UF_Subject_4_Scaled_JMP_inactiveMuscles.osim
[2026-06-04 21:19:34.747] [warning] Couldn't find file 'r_pelvis.vtp'.
[2026-06-04 21:19:34.747] [warning] Couldn't find file 'l_pelvis.vtp'.
[2026-06-04 21:19:34.747] [warning] Couldn't find file 'sacrum.vtp'.
[2026-06-04 21:19:34.747] [warning] Couldn't find file 'r_femur.vtp'.
[2026-06-04 21:19:34.747] [warning] Couldn't find file 'r_patella.vtp'.
[2026-06-04 21:19:34.747] [warning] Couldn't find file 'r_tibia.vtp'.
[2026-06-04 21:19:34.747] [warning] Couldn't find file 'r_fibula.vtp'.
[2026-06-04 21:19:34.747] [warning] Couldn't find file 'r_talus.stl'.
[2026-06-04 21:19:34.747] [warning] Couldn't find file 'r_foot.vtp'.
[2026-06-04 21:19:34.747] [warning] Couldn't find file 'r_bofoot.vtp'.
[2026-06-04 21:19:34.747] [warning] Couldn't find file 'l_femur.vtp'.
[2026-06-04 21:19:34.748] [warning] Couldn't find file 'l_patella.vtp'.
[2026-06-04 21:19:34.748] [warning] Couldn't find file 'l_tibia.vtp'.
[2026-06-04 21:19:34.748] [warning] Couldn't find file 'l_fibula.vtp'.
[2026-06-04 21:19:34.748] [warning] Couldn't find file 'l_talus.stl'.
[2026-06-04 21:19:34.748] [warning] Couldn't find file 'l_foot.vtp'.
[2026-06-04 21:19:34.748] [warning] Couldn't find file 'l_bofoot.vtp'.
[2026-06-04 21:19:34.748] [warning] Couldn't find file 'hat_spine.vtp'.
[2026-06-04 21:19:34.748] [warning] Couldn't find file 'hat_jaw.vtp'.
[2026-06-04 21:19:34.748] [warning] Couldn't find file 'hat_skull.vtp'.
[2026-06-04 21:19:34.748] [warning] Couldn't find file 'hat_ribs_scap.vtp'.
[2026-06-04 21:19:34.748] [warning] Couldn't find file 'humerus_rv.vtp'.
[2026-06-04 21:19:34.748] [warning] Couldn't find file 'ulna_rv.vtp'.
[2026-06-04 21:19:34.748] [warning] Couldn't find file 'radius_rv.vtp'.
[2026-06-04 21:19:34.748] [warning] Couldn't find file 'pisiform_rvs.vtp'.
[2026-06-04 21:19:34.748] [warning] Couldn't find file 'lunate_rvs.vtp'.
[2026-06-04 21:19:34.748] [warning] Couldn't find file 'scaphoid_rvs.vtp'.
[2026-06-04 21:19:34.748] [warning] Couldn't find file 'triquetrum_rvs.vtp'.
[2026-06-04 21:19:34.748] [warning] Couldn't find file 'hamate_rvs.vtp'.
[2026-06-04 21:19:34.748] [warning] Couldn't find file 'capitate_rvs.vtp'.
[2026-06-04 21:19:34.749] [warning] Couldn't find file 'trapezoid_rvs.vtp'.
[2026-06-04 21:19:34.749] [warning] Couldn't find file 'trapezium_rvs.vtp'.
[2026-06-04 21:19:34.749] [warning] Couldn't find file 'metacarpal2_rvs.vtp'.
[2026-06-04 21:19:34.749] [warning] Couldn't find file 'index_proximal_rvs.vtp'.
[2026-06-04 21:19:34.749] [warning] Couldn't find file 'index_medial_rvs.vtp'.
[2026-06-04 21:19:34.749] [warning] Couldn't find file 'index_distal_rvs.vtp'.
[2026-06-04 21:19:34.749] [warning] Couldn't find file 'metacarpal3_rvs.vtp'.
[2026-06-04 21:19:34.749] [warning] Couldn't find file 'middle_proximal_rvs.vtp'.
[2026-06-04 21:19:34.749] [warning] Couldn't find file 'middle_medial_rvs.vtp'.
[2026-06-04 21:19:34.749] [warning] Couldn't find file 'middle_distal_rvs.vtp'.
[2026-06-04 21:19:34.749] [warning] Couldn't find file 'metacarpal4_rvs.vtp'.
[2026-06-04 21:19:34.749] [warning] Couldn't find file 'ring_proximal_rvs.vtp'.
[2026-06-04 21:19:34.749] [warning] Couldn't find file 'ring_medial_rvs.vtp'.
[2026-06-04 21:19:34.749] [warning] Couldn't find file 'ring_distal_rvs.vtp'.
[2026-06-04 21:19:34.749] [warning] Couldn't find file 'metacarpal5_rvs.vtp'.
[2026-06-04 21:19:34.749] [warning] Couldn't find file 'little_proximal_rvs.vtp'.
[2026-06-04 21:19:34.749] [warning] Couldn't find file 'little_medial_rvs.vtp'.
[2026-06-04 21:19:34.749] [warning] Couldn't find file 'little_distal_rvs.vtp'.
[2026-06-04 21:19:34.749] [warning] Couldn't find file 'metacarpal1_rvs.vtp'.
[2026-06-04 21:19:34.750] [warning] Couldn't find file 'thumb_proximal_rvs.vtp'.
[2026-06-04 21:19:34.750] [warning] Couldn't find file 'thumb_distal_rvs.vtp'.
[2026-06-04 21:19:34.750] [warning] Couldn't find file 'humerus_lv.vtp'.
[2026-06-04 21:19:34.750] [warning] Couldn't find file 'ulna_lv.vtp'.
[2026-06-04 21:19:34.750] [warning] Couldn't find file 'radius_lv.vtp'.
[2026-06-04 21:19:34.750] [warning] Couldn't find file 'pisiform_lvs.vtp'.
[2026-06-04 21:19:34.750] [warning] Couldn't find file 'lunate_lvs.vtp'.
[2026-06-04 21:19:34.750] [warning] Couldn't find file 'scaphoid_lvs.vtp'.
[2026-06-04 21:19:34.750] [warning] Couldn't find file 'triquetrum_lvs.vtp'.
[2026-06-04 21:19:34.750] [warning] Couldn't find file 'hamate_lvs.vtp'.
[2026-06-04 21:19:34.750] [warning] Couldn't find file 'capitate_lvs.vtp'.
[2026-06-04 21:19:34.750] [warning] Couldn't find file 'trapezoid_lvs.vtp'.
[2026-06-04 21:19:34.750] [warning] Couldn't find file 'trapezium_lvs.vtp'.
[2026-06-04 21:19:34.750] [warning] Couldn't find file 'metacarpal2_lvs.vtp'.
[2026-06-04 21:19:34.750] [warning] Couldn't find file 'index_proximal_lvs.vtp'.
[2026-06-04 21:19:34.750] [warning] Couldn't find file 'index_medial_lvs.vtp'.
[2026-06-04 21:19:34.750] [warning] Couldn't find file 'index_distal_lvs.vtp'.
[2026-06-04 21:19:34.750] [warning] Couldn't find file 'metacarpal3_lvs.vtp'.
[2026-06-04 21:19:34.750] [warning] Couldn't find file 'middle_proximal_lvs.vtp'.
[2026-06-04 21:19:34.750] [warning] Couldn't find file 'middle_medial_lvs.vtp'.
[2026-06-04 21:19:34.750] [warning] Couldn't find file 'middle_distal_lvs.vtp'.
[2026-06-04 21:19:34.751] [warning] Couldn't find file 'metacarpal4_lvs.vtp'.
[2026-06-04 21:19:34.751] [warning] Couldn't find file 'ring_proximal_lvs.vtp'.
[2026-06-04 21:19:34.751] [warning] Couldn't find file 'ring_medial_lvs.vtp'.
[2026-06-04 21:19:34.751] [warning] Couldn't find file 'ring_distal_lvs.vtp'.
[2026-06-04 21:19:34.751] [warning] Couldn't find file 'metacarpal5_lvs.vtp'.
[2026-06-04 21:19:34.751] [warning] Couldn't find file 'little_proximal_lvs.vtp'.
[2026-06-04 21:19:34.751] [warning] Couldn't find file 'little_medial_lvs.vtp'.
[2026-06-04 21:19:34.751] [warning] Couldn't find file 'little_distal_lvs.vtp'.
[2026-06-04 21:19:34.751] [warning] Couldn't find file 'metacarpal1_lvs.vtp'.
[2026-06-04 21:19:34.751] [warning] Couldn't find file 'thumb_proximal_lvs.vtp'.
[2026-06-04 21:19:34.751] [warning] Couldn't find file 'thumb_distal_lvs.vtp'.
[2026-06-04 21:19:34.788] [info] Loaded model Full_Body_Walking_Model-Scaled_Adjusted from file ..\UF_Subject_4_Scaled_JMP_inactiveMuscles.osim
[2026-06-04 21:19:34.789] [warning] Couldn't find file 'r_pelvis.vtp'.
[2026-06-04 21:19:34.789] [warning] Couldn't find file 'l_pelvis.vtp'.
[2026-06-04 21:19:34.789] [warning] Couldn't find file 'sacrum.vtp'.
[2026-06-04 21:19:34.789] [warning] Couldn't find file 'r_femur.vtp'.
[2026-06-04 21:19:34.789] [warning] Couldn't find file 'r_patella.vtp'.
[2026-06-04 21:19:34.789] [warning] Couldn't find file 'r_tibia.vtp'.
[2026-06-04 21:19:34.789] [warning] Couldn't find file 'r_fibula.vtp'.
[2026-06-04 21:19:34.789] [warning] Couldn't find file 'r_talus.stl'.
[2026-06-04 21:19:34.789] [warning] Couldn't find file 'r_foot.vtp'.
[2026-06-04 21:19:34.789] [warning] Couldn't find file 'r_bofoot.vtp'.
[2026-06-04 21:19:34.789] [warning] Couldn't find file 'l_femur.vtp'.
[2026-06-04 21:19:34.789] [warning] Couldn't find file 'l_patella.vtp'.
[2026-06-04 21:19:34.789] [warning] Couldn't find file 'l_tibia.vtp'.
[2026-06-04 21:19:34.790] [warning] Couldn't find file 'l_fibula.vtp'.
[2026-06-04 21:19:34.790] [warning] Couldn't find file 'l_talus.stl'.
[2026-06-04 21:19:34.790] [warning] Couldn't find file 'l_foot.vtp'.
[2026-06-04 21:19:34.790] [warning] Couldn't find file 'l_bofoot.vtp'.
[2026-06-04 21:19:34.790] [warning] Couldn't find file 'hat_spine.vtp'.
[2026-06-04 21:19:34.790] [warning] Couldn't find file 'hat_jaw.vtp'.
[2026-06-04 21:19:34.790] [warning] Couldn't find file 'hat_skull.vtp'.
[2026-06-04 21:19:34.790] [warning] Couldn't find file 'hat_ribs_scap.vtp'.
[2026-06-04 21:19:34.790] [warning] Couldn't find file 'humerus_rv.vtp'.
[2026-06-04 21:19:34.790] [warning] Couldn't find file 'ulna_rv.vtp'.
[2026-06-04 21:19:34.790] [warning] Couldn't find file 'radius_rv.vtp'.
[2026-06-04 21:19:34.790] [warning] Couldn't find file 'pisiform_rvs.vtp'.
[2026-06-04 21:19:34.790] [warning] Couldn't find file 'lunate_rvs.vtp'.
[2026-06-04 21:19:34.790] [warning] Couldn't find file 'scaphoid_rvs.vtp'.
[2026-06-04 21:19:34.790] [warning] Couldn't find file 'triquetrum_rvs.vtp'.
[2026-06-04 21:19:34.790] [warning] Couldn't find file 'hamate_rvs.vtp'.
[2026-06-04 21:19:34.790] [warning] Couldn't find file 'capitate_rvs.vtp'.
[2026-06-04 21:19:34.790] [warning] Couldn't find file 'trapezoid_rvs.vtp'.
[2026-06-04 21:19:34.790] [warning] Couldn't find file 'trapezium_rvs.vtp'.
[2026-06-04 21:19:34.791] [warning] Couldn't find file 'metacarpal2_rvs.vtp'.
[2026-06-04 21:19:34.791] [warning] Couldn't find file 'index_proximal_rvs.vtp'.
[2026-06-04 21:19:34.791] [warning] Couldn't find file 'index_medial_rvs.vtp'.
[2026-06-04 21:19:34.791] [warning] Couldn't find file 'index_distal_rvs.vtp'.
[2026-06-04 21:19:34.791] [warning] Couldn't find file 'metacarpal3_rvs.vtp'.
[2026-06-04 21:19:34.791] [warning] Couldn't find file 'middle_proximal_rvs.vtp'.
[2026-06-04 21:19:34.791] [warning] Couldn't find file 'middle_medial_rvs.vtp'.
[2026-06-04 21:19:34.791] [warning] Couldn't find file 'middle_distal_rvs.vtp'.
[2026-06-04 21:19:34.791] [warning] Couldn't find file 'metacarpal4_rvs.vtp'.
[2026-06-04 21:19:34.791] [warning] Couldn't find file 'ring_proximal_rvs.vtp'.
[2026-06-04 21:19:34.791] [warning] Couldn't find file 'ring_medial_rvs.vtp'.
[2026-06-04 21:19:34.791] [warning] Couldn't find file 'ring_distal_rvs.vtp'.
[2026-06-04 21:19:34.791] [warning] Couldn't find file 'metacarpal5_rvs.vtp'.
[2026-06-04 21:19:34.791] [warning] Couldn't find file 'little_proximal_rvs.vtp'.
[2026-06-04 21:19:34.791] [warning] Couldn't find file 'little_medial_rvs.vtp'.
[2026-06-04 21:19:34.791] [warning] Couldn't find file 'little_distal_rvs.vtp'.
[2026-06-04 21:19:34.791] [warning] Couldn't find file 'metacarpal1_rvs.vtp'.
[2026-06-04 21:19:34.791] [warning] Couldn't find file 'thumb_proximal_rvs.vtp'.
[2026-06-04 21:19:34.791] [warning] Couldn't find file 'thumb_distal_rvs.vtp'.
[2026-06-04 21:19:34.791] [warning] Couldn't find file 'humerus_lv.vtp'.
[2026-06-04 21:19:34.792] [warning] Couldn't find file 'ulna_lv.vtp'.
[2026-06-04 21:19:34.792] [warning] Couldn't find file 'radius_lv.vtp'.
[2026-06-04 21:19:34.792] [warning] Couldn't find file 'pisiform_lvs.vtp'.
[2026-06-04 21:19:34.792] [warning] Couldn't find file 'lunate_lvs.vtp'.
[2026-06-04 21:19:34.792] [warning] Couldn't find file 'scaphoid_lvs.vtp'.
[2026-06-04 21:19:34.792] [warning] Couldn't find file 'triquetrum_lvs.vtp'.
[2026-06-04 21:19:34.792] [warning] Couldn't find file 'hamate_lvs.vtp'.
[2026-06-04 21:19:34.792] [warning] Couldn't find file 'capitate_lvs.vtp'.
[2026-06-04 21:19:34.792] [warning] Couldn't find file 'trapezoid_lvs.vtp'.
[2026-06-04 21:19:34.792] [warning] Couldn't find file 'trapezium_lvs.vtp'.
[2026-06-04 21:19:34.792] [warning] Couldn't find file 'metacarpal2_lvs.vtp'.
[2026-06-04 21:19:34.792] [warning] Couldn't find file 'index_proximal_lvs.vtp'.
[2026-06-04 21:19:34.792] [warning] Couldn't find file 'index_medial_lvs.vtp'.
[2026-06-04 21:19:34.792] [warning] Couldn't find file 'index_distal_lvs.vtp'.
[2026-06-04 21:19:34.792] [warning] Couldn't find file 'metacarpal3_lvs.vtp'.
[2026-06-04 21:19:34.792] [warning] Couldn't find file 'middle_proximal_lvs.vtp'.
[2026-06-04 21:19:34.792] [warning] Couldn't find file 'middle_medial_lvs.vtp'.
[2026-06-04 21:19:34.792] [warning] Couldn't find file 'middle_distal_lvs.vtp'.
[2026-06-04 21:19:34.792] [warning] Couldn't find file 'metacarpal4_lvs.vtp'.
[2026-06-04 21:19:34.792] [warning] Couldn't find file 'ring_proximal_lvs.vtp'.
[2026-06-04 21:19:34.793] [warning] Couldn't find file 'ring_medial_lvs.vtp'.
[2026-06-04 21:19:34.793] [warning] Couldn't find file 'ring_distal_lvs.vtp'.
[2026-06-04 21:19:34.793] [warning] Couldn't find file 'metacarpal5_lvs.vtp'.
[2026-06-04 21:19:34.793] [warning] Couldn't find file 'little_proximal_lvs.vtp'.
[2026-06-04 21:19:34.793] [warning] Couldn't find file 'little_medial_lvs.vtp'.
[2026-06-04 21:19:34.793] [warning] Couldn't find file 'little_distal_lvs.vtp'.
[2026-06-04 21:19:34.793] [warning] Couldn't find file 'metacarpal1_lvs.vtp'.
[2026-06-04 21:19:34.793] [warning] Couldn't find file 'thumb_proximal_lvs.vtp'.
[2026-06-04 21:19:34.793] [warning] Couldn't find file 'thumb_distal_lvs.vtp'.
[2026-06-04 21:19:34.831] [info] Loaded model Full_Body_Walking_Model-Scaled_Adjusted from file ..\UF_Subject_4_Scaled_JMP_inactiveMuscles.osim
[2026-06-04 21:19:34.831] [warning] Couldn't find file 'r_pelvis.vtp'.
[2026-06-04 21:19:34.831] [warning] Couldn't find file 'l_pelvis.vtp'.
[2026-06-04 21:19:34.831] [warning] Couldn't find file 'sacrum.vtp'.
[2026-06-04 21:19:34.831] [warning] Couldn't find file 'r_femur.vtp'.
[2026-06-04 21:19:34.831] [warning] Couldn't find file 'r_patella.vtp'.
[2026-06-04 21:19:34.831] [warning] Couldn't find file 'r_tibia.vtp'.
[2026-06-04 21:19:34.831] [warning] Couldn't find file 'r_fibula.vtp'.
[2026-06-04 21:19:34.831] [warning] Couldn't find file 'r_talus.stl'.
[2026-06-04 21:19:34.831] [warning] Couldn't find file 'r_foot.vtp'.
[2026-06-04 21:19:34.831] [warning] Couldn't find file 'r_bofoot.vtp'.
[2026-06-04 21:19:34.832] [warning] Couldn't find file 'l_femur.vtp'.
[2026-06-04 21:19:34.832] [warning] Couldn't find file 'l_patella.vtp'.
[2026-06-04 21:19:34.832] [warning] Couldn't find file 'l_tibia.vtp'.
[2026-06-04 21:19:34.832] [warning] Couldn't find file 'l_fibula.vtp'.
[2026-06-04 21:19:34.832] [warning] Couldn't find file 'l_talus.stl'.
[2026-06-04 21:19:34.832] [warning] Couldn't find file 'l_foot.vtp'.
[2026-06-04 21:19:34.832] [warning] Couldn't find file 'l_bofoot.vtp'.
[2026-06-04 21:19:34.832] [warning] Couldn't find file 'hat_spine.vtp'.
[2026-06-04 21:19:34.832] [warning] Couldn't find file 'hat_jaw.vtp'.
[2026-06-04 21:19:34.832] [warning] Couldn't find file 'hat_skull.vtp'.
[2026-06-04 21:19:34.832] [warning] Couldn't find file 'hat_ribs_scap.vtp'.
[2026-06-04 21:19:34.832] [warning] Couldn't find file 'humerus_rv.vtp'.
[2026-06-04 21:19:34.832] [warning] Couldn't find file 'ulna_rv.vtp'.
[2026-06-04 21:19:34.832] [warning] Couldn't find file 'radius_rv.vtp'.
[2026-06-04 21:19:34.832] [warning] Couldn't find file 'pisiform_rvs.vtp'.
[2026-06-04 21:19:34.832] [warning] Couldn't find file 'lunate_rvs.vtp'.
[2026-06-04 21:19:34.832] [warning] Couldn't find file 'scaphoid_rvs.vtp'.
[2026-06-04 21:19:34.832] [warning] Couldn't find file 'triquetrum_rvs.vtp'.
[2026-06-04 21:19:34.833] [warning] Couldn't find file 'hamate_rvs.vtp'.
[2026-06-04 21:19:34.833] [warning] Couldn't find file 'capitate_rvs.vtp'.
[2026-06-04 21:19:34.833] [warning] Couldn't find file 'trapezoid_rvs.vtp'.
[2026-06-04 21:19:34.833] [warning] Couldn't find file 'trapezium_rvs.vtp'.
[2026-06-04 21:19:34.833] [warning] Couldn't find file 'metacarpal2_rvs.vtp'.
[2026-06-04 21:19:34.833] [warning] Couldn't find file 'index_proximal_rvs.vtp'.
[2026-06-04 21:19:34.833] [warning] Couldn't find file 'index_medial_rvs.vtp'.
[2026-06-04 21:19:34.833] [warning] Couldn't find file 'index_distal_rvs.vtp'.
[2026-06-04 21:19:34.833] [warning] Couldn't find file 'metacarpal3_rvs.vtp'.
[2026-06-04 21:19:34.833] [warning] Couldn't find file 'middle_proximal_rvs.vtp'.
[2026-06-04 21:19:34.833] [warning] Couldn't find file 'middle_medial_rvs.vtp'.
[2026-06-04 21:19:34.833] [warning] Couldn't find file 'middle_distal_rvs.vtp'.
[2026-06-04 21:19:34.833] [warning] Couldn't find file 'metacarpal4_rvs.vtp'.
[2026-06-04 21:19:34.833] [warning] Couldn't find file 'ring_proximal_rvs.vtp'.
[2026-06-04 21:19:34.833] [warning] Couldn't find file 'ring_medial_rvs.vtp'.
[2026-06-04 21:19:34.833] [warning] Couldn't find file 'ring_distal_rvs.vtp'.
[2026-06-04 21:19:34.833] [warning] Couldn't find file 'metacarpal5_rvs.vtp'.
[2026-06-04 21:19:34.833] [warning] Couldn't find file 'little_proximal_rvs.vtp'.
[2026-06-04 21:19:34.833] [warning] Couldn't find file 'little_medial_rvs.vtp'.
[2026-06-04 21:19:34.833] [warning] Couldn't find file 'little_distal_rvs.vtp'.
[2026-06-04 21:19:34.834] [warning] Couldn't find file 'metacarpal1_rvs.vtp'.
[2026-06-04 21:19:34.834] [warning] Couldn't find file 'thumb_proximal_rvs.vtp'.
[2026-06-04 21:19:34.834] [warning] Couldn't find file 'thumb_distal_rvs.vtp'.
[2026-06-04 21:19:34.834] [warning] Couldn't find file 'humerus_lv.vtp'.
[2026-06-04 21:19:34.834] [warning] Couldn't find file 'ulna_lv.vtp'.
[2026-06-04 21:19:34.834] [warning] Couldn't find file 'radius_lv.vtp'.
[2026-06-04 21:19:34.834] [warning] Couldn't find file 'pisiform_lvs.vtp'.
[2026-06-04 21:19:34.834] [warning] Couldn't find file 'lunate_lvs.vtp'.
[2026-06-04 21:19:34.834] [warning] Couldn't find file 'scaphoid_lvs.vtp'.
[2026-06-04 21:19:34.834] [warning] Couldn't find file 'triquetrum_lvs.vtp'.
[2026-06-04 21:19:34.834] [warning] Couldn't find file 'hamate_lvs.vtp'.
[2026-06-04 21:19:34.834] [warning] Couldn't find file 'capitate_lvs.vtp'.
[2026-06-04 21:19:34.834] [warning] Couldn't find file 'trapezoid_lvs.vtp'.
[2026-06-04 21:19:34.834] [warning] Couldn't find file 'trapezium_lvs.vtp'.
[2026-06-04 21:19:34.834] [warning] Couldn't find file 'metacarpal2_lvs.vtp'.
[2026-06-04 21:19:34.834] [warning] Couldn't find file 'index_proximal_lvs.vtp'.
[2026-06-04 21:19:34.834] [warning] Couldn't find file 'index_medial_lvs.vtp'.
[2026-06-04 21:19:34.834] [warning] Couldn't find file 'index_distal_lvs.vtp'.
[2026-06-04 21:19:34.834] [warning] Couldn't find file 'metacarpal3_lvs.vtp'.
[2026-06-04 21:19:34.834] [warning] Couldn't find file 'middle_proximal_lvs.vtp'.
[2026-06-04 21:19:34.835] [warning] Couldn't find file 'middle_medial_lvs.vtp'.
[2026-06-04 21:19:34.835] [warning] Couldn't find file 'middle_distal_lvs.vtp'.
[2026-06-04 21:19:34.835] [warning] Couldn't find file 'metacarpal4_lvs.vtp'.
[2026-06-04 21:19:34.835] [warning] Couldn't find file 'ring_proximal_lvs.vtp'.
[2026-06-04 21:19:34.835] [warning] Couldn't find file 'ring_medial_lvs.vtp'.
[2026-06-04 21:19:34.835] [warning] Couldn't find file 'ring_distal_lvs.vtp'.
[2026-06-04 21:19:34.835] [warning] Couldn't find file 'metacarpal5_lvs.vtp'.
[2026-06-04 21:19:34.835] [warning] Couldn't find file 'little_proximal_lvs.vtp'.
[2026-06-04 21:19:34.835] [warning] Couldn't find file 'little_medial_lvs.vtp'.
[2026-06-04 21:19:34.835] [warning] Couldn't find file 'little_distal_lvs.vtp'.
[2026-06-04 21:19:34.835] [warning] Couldn't find file 'metacarpal1_lvs.vtp'.
[2026-06-04 21:19:34.835] [warning] Couldn't find file 'thumb_proximal_lvs.vtp'.
[2026-06-04 21:19:34.835] [warning] Couldn't find file 'thumb_distal_lvs.vtp'.
[2026-06-04 21:19:34.870] [info] Loaded model Full_Body_Walking_Model-Scaled_Adjusted from file ..\UF_Subject_4_Scaled_JMP_inactiveMuscles.osim
[2026-06-04 21:19:34.871] [warning] Couldn't find file 'r_pelvis.vtp'.
[2026-06-04 21:19:34.871] [warning] Couldn't find file 'l_pelvis.vtp'.
[2026-06-04 21:19:34.871] [warning] Couldn't find file 'sacrum.vtp'.
[2026-06-04 21:19:34.871] [warning] Couldn't find file 'r_femur.vtp'.
[2026-06-04 21:19:34.871] [warning] Couldn't find file 'r_patella.vtp'.
[2026-06-04 21:19:34.871] [warning] Couldn't find file 'r_tibia.vtp'.
[2026-06-04 21:19:34.871] [warning] Couldn't find file 'r_fibula.vtp'.
[2026-06-04 21:19:34.871] [warning] Couldn't find file 'r_talus.stl'.
[2026-06-04 21:19:34.871] [warning] Couldn't find file 'r_foot.vtp'.
[2026-06-04 21:19:34.871] [warning] Couldn't find file 'r_bofoot.vtp'.
[2026-06-04 21:19:34.871] [warning] Couldn't find file 'l_femur.vtp'.
[2026-06-04 21:19:34.871] [warning] Couldn't find file 'l_patella.vtp'.
[2026-06-04 21:19:34.871] [warning] Couldn't find file 'l_tibia.vtp'.
[2026-06-04 21:19:34.871] [warning] Couldn't find file 'l_fibula.vtp'.
[2026-06-04 21:19:34.871] [warning] Couldn't find file 'l_talus.stl'.
[2026-06-04 21:19:34.871] [warning] Couldn't find file 'l_foot.vtp'.
[2026-06-04 21:19:34.872] [warning] Couldn't find file 'l_bofoot.vtp'.
[2026-06-04 21:19:34.872] [warning] Couldn't find file 'hat_spine.vtp'.
[2026-06-04 21:19:34.872] [warning] Couldn't find file 'hat_jaw.vtp'.
[2026-06-04 21:19:34.872] [warning] Couldn't find file 'hat_skull.vtp'.
[2026-06-04 21:19:34.872] [warning] Couldn't find file 'hat_ribs_scap.vtp'.
[2026-06-04 21:19:34.872] [warning] Couldn't find file 'humerus_rv.vtp'.
[2026-06-04 21:19:34.872] [warning] Couldn't find file 'ulna_rv.vtp'.
[2026-06-04 21:19:34.872] [warning] Couldn't find file 'radius_rv.vtp'.
[2026-06-04 21:19:34.872] [warning] Couldn't find file 'pisiform_rvs.vtp'.
[2026-06-04 21:19:34.872] [warning] Couldn't find file 'lunate_rvs.vtp'.
[2026-06-04 21:19:34.872] [warning] Couldn't find file 'scaphoid_rvs.vtp'.
[2026-06-04 21:19:34.872] [warning] Couldn't find file 'triquetrum_rvs.vtp'.
[2026-06-04 21:19:34.872] [warning] Couldn't find file 'hamate_rvs.vtp'.
[2026-06-04 21:19:34.872] [warning] Couldn't find file 'capitate_rvs.vtp'.
[2026-06-04 21:19:34.872] [warning] Couldn't find file 'trapezoid_rvs.vtp'.
[2026-06-04 21:19:34.872] [warning] Couldn't find file 'trapezium_rvs.vtp'.
[2026-06-04 21:19:34.872] [warning] Couldn't find file 'metacarpal2_rvs.vtp'.
[2026-06-04 21:19:34.872] [warning] Couldn't find file 'index_proximal_rvs.vtp'.
[2026-06-04 21:19:34.872] [warning] Couldn't find file 'index_medial_rvs.vtp'.
[2026-06-04 21:19:34.872] [warning] Couldn't find file 'index_distal_rvs.vtp'.
[2026-06-04 21:19:34.873] [warning] Couldn't find file 'metacarpal3_rvs.vtp'.
[2026-06-04 21:19:34.873] [warning] Couldn't find file 'middle_proximal_rvs.vtp'.
[2026-06-04 21:19:34.873] [warning] Couldn't find file 'middle_medial_rvs.vtp'.
[2026-06-04 21:19:34.873] [warning] Couldn't find file 'middle_distal_rvs.vtp'.
[2026-06-04 21:19:34.873] [warning] Couldn't find file 'metacarpal4_rvs.vtp'.
[2026-06-04 21:19:34.873] [warning] Couldn't find file 'ring_proximal_rvs.vtp'.
[2026-06-04 21:19:34.873] [warning] Couldn't find file 'ring_medial_rvs.vtp'.
[2026-06-04 21:19:34.873] [warning] Couldn't find file 'ring_distal_rvs.vtp'.
[2026-06-04 21:19:34.873] [warning] Couldn't find file 'metacarpal5_rvs.vtp'.
[2026-06-04 21:19:34.873] [warning] Couldn't find file 'little_proximal_rvs.vtp'.
[2026-06-04 21:19:34.873] [warning] Couldn't find file 'little_medial_rvs.vtp'.
[2026-06-04 21:19:34.873] [warning] Couldn't find file 'little_distal_rvs.vtp'.
[2026-06-04 21:19:34.873] [warning] Couldn't find file 'metacarpal1_rvs.vtp'.
[2026-06-04 21:19:34.873] [warning] Couldn't find file 'thumb_proximal_rvs.vtp'.
[2026-06-04 21:19:34.873] [warning] Couldn't find file 'thumb_distal_rvs.vtp'.
[2026-06-04 21:19:34.873] [warning] Couldn't find file 'humerus_lv.vtp'.
[2026-06-04 21:19:34.873] [warning] Couldn't find file 'ulna_lv.vtp'.
[2026-06-04 21:19:34.873] [warning] Couldn't find file 'radius_lv.vtp'.
[2026-06-04 21:19:34.873] [warning] Couldn't find file 'pisiform_lvs.vtp'.
[2026-06-04 21:19:34.873] [warning] Couldn't find file 'lunate_lvs.vtp'.
[2026-06-04 21:19:34.874] [warning] Couldn't find file 'scaphoid_lvs.vtp'.
[2026-06-04 21:19:34.874] [warning] Couldn't find file 'triquetrum_lvs.vtp'.
[2026-06-04 21:19:34.874] [warning] Couldn't find file 'hamate_lvs.vtp'.
[2026-06-04 21:19:34.874] [warning] Couldn't find file 'capitate_lvs.vtp'.
[2026-06-04 21:19:34.874] [warning] Couldn't find file 'trapezoid_lvs.vtp'.
[2026-06-04 21:19:34.874] [warning] Couldn't find file 'trapezium_lvs.vtp'.
[2026-06-04 21:19:34.874] [warning] Couldn't find file 'metacarpal2_lvs.vtp'.
[2026-06-04 21:19:34.874] [warning] Couldn't find file 'index_proximal_lvs.vtp'.
[2026-06-04 21:19:34.874] [warning] Couldn't find file 'index_medial_lvs.vtp'.
[2026-06-04 21:19:34.874] [warning] Couldn't find file 'index_distal_lvs.vtp'.
[2026-06-04 21:19:34.874] [warning] Couldn't find file 'metacarpal3_lvs.vtp'.
[2026-06-04 21:19:34.874] [warning] Couldn't find file 'middle_proximal_lvs.vtp'.
[2026-06-04 21:19:34.874] [warning] Couldn't find file 'middle_medial_lvs.vtp'.
[2026-06-04 21:19:34.874] [warning] Couldn't find file 'middle_distal_lvs.vtp'.
[2026-06-04 21:19:34.874] [warning] Couldn't find file 'metacarpal4_lvs.vtp'.
[2026-06-04 21:19:34.874] [warning] Couldn't find file 'ring_proximal_lvs.vtp'.
[2026-06-04 21:19:34.874] [warning] Couldn't find file 'ring_medial_lvs.vtp'.
[2026-06-04 21:19:34.874] [warning] Couldn't find file 'ring_distal_lvs.vtp'.
[2026-06-04 21:19:34.874] [warning] Couldn't find file 'metacarpal5_lvs.vtp'.
[2026-06-04 21:19:34.874] [warning] Couldn't find file 'little_proximal_lvs.vtp'.
[2026-06-04 21:19:34.875] [warning] Couldn't find file 'little_medial_lvs.vtp'.
[2026-06-04 21:19:34.875] [warning] Couldn't find file 'little_distal_lvs.vtp'.
[2026-06-04 21:19:34.875] [warning] Couldn't find file 'metacarpal1_lvs.vtp'.
[2026-06-04 21:19:34.875] [warning] Couldn't find file 'thumb_proximal_lvs.vtp'.
[2026-06-04 21:19:34.875] [warning] Couldn't find file 'thumb_distal_lvs.vtp'.
[2026-06-04 21:19:34.909] [info] Loaded model Full_Body_Walking_Model-Scaled_Adjusted from file ..\UF_Subject_4_Scaled_JMP_inactiveMuscles.osim
[2026-06-04 21:19:34.909] [warning] Couldn't find file 'r_pelvis.vtp'.
[2026-06-04 21:19:34.909] [warning] Couldn't find file 'l_pelvis.vtp'.
[2026-06-04 21:19:34.910] [warning] Couldn't find file 'sacrum.vtp'.
[2026-06-04 21:19:34.910] [warning] Couldn't find file 'r_femur.vtp'.
[2026-06-04 21:19:34.910] [warning] Couldn't find file 'r_patella.vtp'.
[2026-06-04 21:19:34.910] [warning] Couldn't find file 'r_tibia.vtp'.
[2026-06-04 21:19:34.910] [warning] Couldn't find file 'r_fibula.vtp'.
[2026-06-04 21:19:34.910] [warning] Couldn't find file 'r_talus.stl'.
[2026-06-04 21:19:34.910] [warning] Couldn't find file 'r_foot.vtp'.
[2026-06-04 21:19:34.910] [warning] Couldn't find file 'r_bofoot.vtp'.
[2026-06-04 21:19:34.910] [warning] Couldn't find file 'l_femur.vtp'.
[2026-06-04 21:19:34.910] [warning] Couldn't find file 'l_patella.vtp'.
[2026-06-04 21:19:34.910] [warning] Couldn't find file 'l_tibia.vtp'.
[2026-06-04 21:19:34.910] [warning] Couldn't find file 'l_fibula.vtp'.
[2026-06-04 21:19:34.910] [warning] Couldn't find file 'l_talus.stl'.
[2026-06-04 21:19:34.910] [warning] Couldn't find file 'l_foot.vtp'.
[2026-06-04 21:19:34.910] [warning] Couldn't find file 'l_bofoot.vtp'.
[2026-06-04 21:19:34.910] [warning] Couldn't find file 'hat_spine.vtp'.
[2026-06-04 21:19:34.910] [warning] Couldn't find file 'hat_jaw.vtp'.
[2026-06-04 21:19:34.910] [warning] Couldn't find file 'hat_skull.vtp'.
[2026-06-04 21:19:34.911] [warning] Couldn't find file 'hat_ribs_scap.vtp'.
[2026-06-04 21:19:34.911] [warning] Couldn't find file 'humerus_rv.vtp'.
[2026-06-04 21:19:34.911] [warning] Couldn't find file 'ulna_rv.vtp'.
[2026-06-04 21:19:34.911] [warning] Couldn't find file 'radius_rv.vtp'.
[2026-06-04 21:19:34.911] [warning] Couldn't find file 'pisiform_rvs.vtp'.
[2026-06-04 21:19:34.911] [warning] Couldn't find file 'lunate_rvs.vtp'.
[2026-06-04 21:19:34.911] [warning] Couldn't find file 'scaphoid_rvs.vtp'.
[2026-06-04 21:19:34.911] [warning] Couldn't find file 'triquetrum_rvs.vtp'.
[2026-06-04 21:19:34.911] [warning] Couldn't find file 'hamate_rvs.vtp'.
[2026-06-04 21:19:34.911] [warning] Couldn't find file 'capitate_rvs.vtp'.
[2026-06-04 21:19:34.911] [warning] Couldn't find file 'trapezoid_rvs.vtp'.
[2026-06-04 21:19:34.911] [warning] Couldn't find file 'trapezium_rvs.vtp'.
[2026-06-04 21:19:34.911] [warning] Couldn't find file 'metacarpal2_rvs.vtp'.
[2026-06-04 21:19:34.911] [warning] Couldn't find file 'index_proximal_rvs.vtp'.
[2026-06-04 21:19:34.911] [warning] Couldn't find file 'index_medial_rvs.vtp'.
[2026-06-04 21:19:34.911] [warning] Couldn't find file 'index_distal_rvs.vtp'.
[2026-06-04 21:19:34.911] [warning] Couldn't find file 'metacarpal3_rvs.vtp'.
[2026-06-04 21:19:34.911] [warning] Couldn't find file 'middle_proximal_rvs.vtp'.
[2026-06-04 21:19:34.911] [warning] Couldn't find file 'middle_medial_rvs.vtp'.
[2026-06-04 21:19:34.911] [warning] Couldn't find file 'middle_distal_rvs.vtp'.
[2026-06-04 21:19:34.912] [warning] Couldn't find file 'metacarpal4_rvs.vtp'.
[2026-06-04 21:19:34.912] [warning] Couldn't find file 'ring_proximal_rvs.vtp'.
[2026-06-04 21:19:34.912] [warning] Couldn't find file 'ring_medial_rvs.vtp'.
[2026-06-04 21:19:34.912] [warning] Couldn't find file 'ring_distal_rvs.vtp'.
[2026-06-04 21:19:34.912] [warning] Couldn't find file 'metacarpal5_rvs.vtp'.
[2026-06-04 21:19:34.912] [warning] Couldn't find file 'little_proximal_rvs.vtp'.
[2026-06-04 21:19:34.912] [warning] Couldn't find file 'little_medial_rvs.vtp'.
[2026-06-04 21:19:34.912] [warning] Couldn't find file 'little_distal_rvs.vtp'.
[2026-06-04 21:19:34.912] [warning] Couldn't find file 'metacarpal1_rvs.vtp'.
[2026-06-04 21:19:34.912] [warning] Couldn't find file 'thumb_proximal_rvs.vtp'.
[2026-06-04 21:19:34.912] [warning] Couldn't find file 'thumb_distal_rvs.vtp'.
[2026-06-04 21:19:34.912] [warning] Couldn't find file 'humerus_lv.vtp'.
[2026-06-04 21:19:34.912] [warning] Couldn't find file 'ulna_lv.vtp'.
[2026-06-04 21:19:34.912] [warning] Couldn't find file 'radius_lv.vtp'.
[2026-06-04 21:19:34.912] [warning] Couldn't find file 'pisiform_lvs.vtp'.
[2026-06-04 21:19:34.912] [warning] Couldn't find file 'lunate_lvs.vtp'.
[2026-06-04 21:19:34.912] [warning] Couldn't find file 'scaphoid_lvs.vtp'.
[2026-06-04 21:19:34.912] [warning] Couldn't find file 'triquetrum_lvs.vtp'.
[2026-06-04 21:19:34.912] [warning] Couldn't find file 'hamate_lvs.vtp'.
[2026-06-04 21:19:34.912] [warning] Couldn't find file 'capitate_lvs.vtp'.
[2026-06-04 21:19:34.913] [warning] Couldn't find file 'trapezoid_lvs.vtp'.
[2026-06-04 21:19:34.913] [warning] Couldn't find file 'trapezium_lvs.vtp'.
[2026-06-04 21:19:34.913] [warning] Couldn't find file 'metacarpal2_lvs.vtp'.
[2026-06-04 21:19:34.913] [warning] Couldn't find file 'index_proximal_lvs.vtp'.
[2026-06-04 21:19:34.913] [warning] Couldn't find file 'index_medial_lvs.vtp'.
[2026-06-04 21:19:34.913] [warning] Couldn't find file 'index_distal_lvs.vtp'.
[2026-06-04 21:19:34.913] [warning] Couldn't find file 'metacarpal3_lvs.vtp'.
[2026-06-04 21:19:34.913] [warning] Couldn't find file 'middle_proximal_lvs.vtp'.
[2026-06-04 21:19:34.913] [warning] Couldn't find file 'middle_medial_lvs.vtp'.
[2026-06-04 21:19:34.913] [warning] Couldn't find file 'middle_distal_lvs.vtp'.
[2026-06-04 21:19:34.913] [warning] Couldn't find file 'metacarpal4_lvs.vtp'.
[2026-06-04 21:19:34.913] [warning] Couldn't find file 'ring_proximal_lvs.vtp'.
[2026-06-04 21:19:34.913] [warning] Couldn't find file 'ring_medial_lvs.vtp'.
[2026-06-04 21:19:34.913] [warning] Couldn't find file 'ring_distal_lvs.vtp'.
[2026-06-04 21:19:34.913] [warning] Couldn't find file 'metacarpal5_lvs.vtp'.
[2026-06-04 21:19:34.913] [warning] Couldn't find file 'little_proximal_lvs.vtp'.
[2026-06-04 21:19:34.913] [warning] Couldn't find file 'little_medial_lvs.vtp'.
[2026-06-04 21:19:34.913] [warning] Couldn't find file 'little_distal_lvs.vtp'.
[2026-06-04 21:19:34.913] [warning] Couldn't find file 'metacarpal1_lvs.vtp'.
[2026-06-04 21:19:34.913] [warning] Couldn't find file 'thumb_proximal_lvs.vtp'.
[2026-06-04 21:19:34.913] [warning] Couldn't find file 'thumb_distal_lvs.vtp'.
[2026-06-04 21:19:34.948] [info] Loaded model Full_Body_Walking_Model-Scaled_Adjusted from file ..\UF_Subject_4_Scaled_JMP_inactiveMuscles.osim
[2026-06-04 21:19:34.948] [warning] Couldn't find file 'r_pelvis.vtp'.
[2026-06-04 21:19:34.949] [warning] Couldn't find file 'l_pelvis.vtp'.
[2026-06-04 21:19:34.949] [warning] Couldn't find file 'sacrum.vtp'.
[2026-06-04 21:19:34.949] [warning] Couldn't find file 'r_femur.vtp'.
[2026-06-04 21:19:34.949] [warning] Couldn't find file 'r_patella.vtp'.
[2026-06-04 21:19:34.949] [warning] Couldn't find file 'r_tibia.vtp'.
[2026-06-04 21:19:34.949] [warning] Couldn't find file 'r_fibula.vtp'.
[2026-06-04 21:19:34.949] [warning] Couldn't find file 'r_talus.stl'.
[2026-06-04 21:19:34.949] [warning] Couldn't find file 'r_foot.vtp'.
[2026-06-04 21:19:34.949] [warning] Couldn't find file 'r_bofoot.vtp'.
[2026-06-04 21:19:34.949] [warning] Couldn't find file 'l_femur.vtp'.
[2026-06-04 21:19:34.949] [warning] Couldn't find file 'l_patella.vtp'.
[2026-06-04 21:19:34.949] [warning] Couldn't find file 'l_tibia.vtp'.
[2026-06-04 21:19:34.949] [warning] Couldn't find file 'l_fibula.vtp'.
[2026-06-04 21:19:34.949] [warning] Couldn't find file 'l_talus.stl'.
[2026-06-04 21:19:34.949] [warning] Couldn't find file 'l_foot.vtp'.
[2026-06-04 21:19:34.949] [warning] Couldn't find file 'l_bofoot.vtp'.
[2026-06-04 21:19:34.949] [warning] Couldn't find file 'hat_spine.vtp'.
[2026-06-04 21:19:34.950] [warning] Couldn't find file 'hat_jaw.vtp'.
[2026-06-04 21:19:34.950] [warning] Couldn't find file 'hat_skull.vtp'.
[2026-06-04 21:19:34.950] [warning] Couldn't find file 'hat_ribs_scap.vtp'.
[2026-06-04 21:19:34.950] [warning] Couldn't find file 'humerus_rv.vtp'.
[2026-06-04 21:19:34.950] [warning] Couldn't find file 'ulna_rv.vtp'.
[2026-06-04 21:19:34.950] [warning] Couldn't find file 'radius_rv.vtp'.
[2026-06-04 21:19:34.950] [warning] Couldn't find file 'pisiform_rvs.vtp'.
[2026-06-04 21:19:34.950] [warning] Couldn't find file 'lunate_rvs.vtp'.
[2026-06-04 21:19:34.950] [warning] Couldn't find file 'scaphoid_rvs.vtp'.
[2026-06-04 21:19:34.950] [warning] Couldn't find file 'triquetrum_rvs.vtp'.
[2026-06-04 21:19:34.950] [warning] Couldn't find file 'hamate_rvs.vtp'.
[2026-06-04 21:19:34.950] [warning] Couldn't find file 'capitate_rvs.vtp'.
[2026-06-04 21:19:34.950] [warning] Couldn't find file 'trapezoid_rvs.vtp'.
[2026-06-04 21:19:34.950] [warning] Couldn't find file 'trapezium_rvs.vtp'.
[2026-06-04 21:19:34.950] [warning] Couldn't find file 'metacarpal2_rvs.vtp'.
[2026-06-04 21:19:34.950] [warning] Couldn't find file 'index_proximal_rvs.vtp'.
[2026-06-04 21:19:34.950] [warning] Couldn't find file 'index_medial_rvs.vtp'.
[2026-06-04 21:19:34.950] [warning] Couldn't find file 'index_distal_rvs.vtp'.
[2026-06-04 21:19:34.950] [warning] Couldn't find file 'metacarpal3_rvs.vtp'.
[2026-06-04 21:19:34.951] [warning] Couldn't find file 'middle_proximal_rvs.vtp'.
[2026-06-04 21:19:34.951] [warning] Couldn't find file 'middle_medial_rvs.vtp'.
[2026-06-04 21:19:34.951] [warning] Couldn't find file 'middle_distal_rvs.vtp'.
[2026-06-04 21:19:34.951] [warning] Couldn't find file 'metacarpal4_rvs.vtp'.
[2026-06-04 21:19:34.951] [warning] Couldn't find file 'ring_proximal_rvs.vtp'.
[2026-06-04 21:19:34.951] [warning] Couldn't find file 'ring_medial_rvs.vtp'.
[2026-06-04 21:19:34.951] [warning] Couldn't find file 'ring_distal_rvs.vtp'.
[2026-06-04 21:19:34.951] [warning] Couldn't find file 'metacarpal5_rvs.vtp'.
[2026-06-04 21:19:34.951] [warning] Couldn't find file 'little_proximal_rvs.vtp'.
[2026-06-04 21:19:34.951] [warning] Couldn't find file 'little_medial_rvs.vtp'.
[2026-06-04 21:19:34.951] [warning] Couldn't find file 'little_distal_rvs.vtp'.
[2026-06-04 21:19:34.951] [warning] Couldn't find file 'metacarpal1_rvs.vtp'.
[2026-06-04 21:19:34.951] [warning] Couldn't find file 'thumb_proximal_rvs.vtp'.
[2026-06-04 21:19:34.951] [warning] Couldn't find file 'thumb_distal_rvs.vtp'.
[2026-06-04 21:19:34.951] [warning] Couldn't find file 'humerus_lv.vtp'.
[2026-06-04 21:19:34.951] [warning] Couldn't find file 'ulna_lv.vtp'.
[2026-06-04 21:19:34.951] [warning] Couldn't find file 'radius_lv.vtp'.
[2026-06-04 21:19:34.951] [warning] Couldn't find file 'pisiform_lvs.vtp'.
[2026-06-04 21:19:34.951] [warning] Couldn't find file 'lunate_lvs.vtp'.
[2026-06-04 21:19:34.951] [warning] Couldn't find file 'scaphoid_lvs.vtp'.
[2026-06-04 21:19:34.952] [warning] Couldn't find file 'triquetrum_lvs.vtp'.
[2026-06-04 21:19:34.952] [warning] Couldn't find file 'hamate_lvs.vtp'.
[2026-06-04 21:19:34.952] [warning] Couldn't find file 'capitate_lvs.vtp'.
[2026-06-04 21:19:34.952] [warning] Couldn't find file 'trapezoid_lvs.vtp'.
[2026-06-04 21:19:34.952] [warning] Couldn't find file 'trapezium_lvs.vtp'.
[2026-06-04 21:19:34.952] [warning] Couldn't find file 'metacarpal2_lvs.vtp'.
[2026-06-04 21:19:34.952] [warning] Couldn't find file 'index_proximal_lvs.vtp'.
[2026-06-04 21:19:34.952] [warning] Couldn't find file 'index_medial_lvs.vtp'.
[2026-06-04 21:19:34.952] [warning] Couldn't find file 'index_distal_lvs.vtp'.
[2026-06-04 21:19:34.952] [warning] Couldn't find file 'metacarpal3_lvs.vtp'.
[2026-06-04 21:19:34.952] [warning] Couldn't find file 'middle_proximal_lvs.vtp'.
[2026-06-04 21:19:34.952] [warning] Couldn't find file 'middle_medial_lvs.vtp'.
[2026-06-04 21:19:34.952] [warning] Couldn't find file 'middle_distal_lvs.vtp'.
[2026-06-04 21:19:34.952] [warning] Couldn't find file 'metacarpal4_lvs.vtp'.
[2026-06-04 21:19:34.952] [warning] Couldn't find file 'ring_proximal_lvs.vtp'.
[2026-06-04 21:19:34.952] [warning] Couldn't find file 'ring_medial_lvs.vtp'.
[2026-06-04 21:19:34.952] [warning] Couldn't find file 'ring_distal_lvs.vtp'.
[2026-06-04 21:19:34.952] [warning] Couldn't find file 'metacarpal5_lvs.vtp'.
[2026-06-04 21:19:34.952] [warning] Couldn't find file 'little_proximal_lvs.vtp'.
[2026-06-04 21:19:34.952] [warning] Couldn't find file 'little_medial_lvs.vtp'.
[2026-06-04 21:19:34.952] [warning] Couldn't find file 'little_distal_lvs.vtp'.
[2026-06-04 21:19:34.953] [warning] Couldn't find file 'metacarpal1_lvs.vtp'.
[2026-06-04 21:19:34.953] [warning] Couldn't find file 'thumb_proximal_lvs.vtp'.
[2026-06-04 21:19:34.953] [warning] Couldn't find file 'thumb_distal_lvs.vtp'.
[2026-06-04 21:19:34.989] [info] Loaded model Full_Body_Walking_Model-Scaled_Adjusted from file ..\UF_Subject_4_Scaled_JMP_inactiveMuscles.osim
[2026-06-04 21:19:34.989] [warning] Couldn't find file 'r_pelvis.vtp'.
[2026-06-04 21:19:34.989] [warning] Couldn't find file 'l_pelvis.vtp'.
[2026-06-04 21:19:34.989] [warning] Couldn't find file 'sacrum.vtp'.
[2026-06-04 21:19:34.989] [warning] Couldn't find file 'r_femur.vtp'.
[2026-06-04 21:19:34.990] [warning] Couldn't find file 'r_patella.vtp'.
[2026-06-04 21:19:34.990] [warning] Couldn't find file 'r_tibia.vtp'.
[2026-06-04 21:19:34.990] [warning] Couldn't find file 'r_fibula.vtp'.
[2026-06-04 21:19:34.990] [warning] Couldn't find file 'r_talus.stl'.
[2026-06-04 21:19:34.990] [warning] Couldn't find file 'r_foot.vtp'.
[2026-06-04 21:19:34.990] [warning] Couldn't find file 'r_bofoot.vtp'.
[2026-06-04 21:19:34.990] [warning] Couldn't find file 'l_femur.vtp'.
[2026-06-04 21:19:34.990] [warning] Couldn't find file 'l_patella.vtp'.
[2026-06-04 21:19:34.990] [warning] Couldn't find file 'l_tibia.vtp'.
[2026-06-04 21:19:34.990] [warning] Couldn't find file 'l_fibula.vtp'.
[2026-06-04 21:19:34.990] [warning] Couldn't find file 'l_talus.stl'.
[2026-06-04 21:19:34.990] [warning] Couldn't find file 'l_foot.vtp'.
[2026-06-04 21:19:34.990] [warning] Couldn't find file 'l_bofoot.vtp'.
[2026-06-04 21:19:34.990] [warning] Couldn't find file 'hat_spine.vtp'.
[2026-06-04 21:19:34.990] [warning] Couldn't find file 'hat_jaw.vtp'.
[2026-06-04 21:19:34.990] [warning] Couldn't find file 'hat_skull.vtp'.
[2026-06-04 21:19:34.990] [warning] Couldn't find file 'hat_ribs_scap.vtp'.
[2026-06-04 21:19:34.991] [warning] Couldn't find file 'humerus_rv.vtp'.
[2026-06-04 21:19:34.991] [warning] Couldn't find file 'ulna_rv.vtp'.
[2026-06-04 21:19:34.991] [warning] Couldn't find file 'radius_rv.vtp'.
[2026-06-04 21:19:34.991] [warning] Couldn't find file 'pisiform_rvs.vtp'.
[2026-06-04 21:19:34.991] [warning] Couldn't find file 'lunate_rvs.vtp'.
[2026-06-04 21:19:34.991] [warning] Couldn't find file 'scaphoid_rvs.vtp'.
[2026-06-04 21:19:34.991] [warning] Couldn't find file 'triquetrum_rvs.vtp'.
[2026-06-04 21:19:34.991] [warning] Couldn't find file 'hamate_rvs.vtp'.
[2026-06-04 21:19:34.991] [warning] Couldn't find file 'capitate_rvs.vtp'.
[2026-06-04 21:19:34.991] [warning] Couldn't find file 'trapezoid_rvs.vtp'.
[2026-06-04 21:19:34.991] [warning] Couldn't find file 'trapezium_rvs.vtp'.
[2026-06-04 21:19:34.991] [warning] Couldn't find file 'metacarpal2_rvs.vtp'.
[2026-06-04 21:19:34.991] [warning] Couldn't find file 'index_proximal_rvs.vtp'.
[2026-06-04 21:19:34.991] [warning] Couldn't find file 'index_medial_rvs.vtp'.
[2026-06-04 21:19:34.991] [warning] Couldn't find file 'index_distal_rvs.vtp'.
[2026-06-04 21:19:34.991] [warning] Couldn't find file 'metacarpal3_rvs.vtp'.
[2026-06-04 21:19:34.991] [warning] Couldn't find file 'middle_proximal_rvs.vtp'.
[2026-06-04 21:19:34.991] [warning] Couldn't find file 'middle_medial_rvs.vtp'.
[2026-06-04 21:19:34.991] [warning] Couldn't find file 'middle_distal_rvs.vtp'.
[2026-06-04 21:19:34.991] [warning] Couldn't find file 'metacarpal4_rvs.vtp'.
[2026-06-04 21:19:34.992] [warning] Couldn't find file 'ring_proximal_rvs.vtp'.
[2026-06-04 21:19:34.992] [warning] Couldn't find file 'ring_medial_rvs.vtp'.
[2026-06-04 21:19:34.992] [warning] Couldn't find file 'ring_distal_rvs.vtp'.
[2026-06-04 21:19:34.992] [warning] Couldn't find file 'metacarpal5_rvs.vtp'.
[2026-06-04 21:19:34.992] [warning] Couldn't find file 'little_proximal_rvs.vtp'.
[2026-06-04 21:19:34.992] [warning] Couldn't find file 'little_medial_rvs.vtp'.
[2026-06-04 21:19:34.992] [warning] Couldn't find file 'little_distal_rvs.vtp'.
[2026-06-04 21:19:34.992] [warning] Couldn't find file 'metacarpal1_rvs.vtp'.
[2026-06-04 21:19:34.992] [warning] Couldn't find file 'thumb_proximal_rvs.vtp'.
[2026-06-04 21:19:34.992] [warning] Couldn't find file 'thumb_distal_rvs.vtp'.
[2026-06-04 21:19:34.992] [warning] Couldn't find file 'humerus_lv.vtp'.
[2026-06-04 21:19:34.992] [warning] Couldn't find file 'ulna_lv.vtp'.
[2026-06-04 21:19:34.992] [warning] Couldn't find file 'radius_lv.vtp'.
[2026-06-04 21:19:34.992] [warning] Couldn't find file 'pisiform_lvs.vtp'.
[2026-06-04 21:19:34.992] [warning] Couldn't find file 'lunate_lvs.vtp'.
[2026-06-04 21:19:34.992] [warning] Couldn't find file 'scaphoid_lvs.vtp'.
[2026-06-04 21:19:34.992] [warning] Couldn't find file 'triquetrum_lvs.vtp'.
[2026-06-04 21:19:34.992] [warning] Couldn't find file 'hamate_lvs.vtp'.
[2026-06-04 21:19:34.992] [warning] Couldn't find file 'capitate_lvs.vtp'.
[2026-06-04 21:19:34.992] [warning] Couldn't find file 'trapezoid_lvs.vtp'.
[2026-06-04 21:19:34.993] [warning] Couldn't find file 'trapezium_lvs.vtp'.
[2026-06-04 21:19:34.993] [warning] Couldn't find file 'metacarpal2_lvs.vtp'.
[2026-06-04 21:19:34.993] [warning] Couldn't find file 'index_proximal_lvs.vtp'.
[2026-06-04 21:19:34.993] [warning] Couldn't find file 'index_medial_lvs.vtp'.
[2026-06-04 21:19:34.993] [warning] Couldn't find file 'index_distal_lvs.vtp'.
[2026-06-04 21:19:34.993] [warning] Couldn't find file 'metacarpal3_lvs.vtp'.
[2026-06-04 21:19:34.993] [warning] Couldn't find file 'middle_proximal_lvs.vtp'.
[2026-06-04 21:19:34.993] [warning] Couldn't find file 'middle_medial_lvs.vtp'.
[2026-06-04 21:19:34.993] [warning] Couldn't find file 'middle_distal_lvs.vtp'.
[2026-06-04 21:19:34.993] [warning] Couldn't find file 'metacarpal4_lvs.vtp'.
[2026-06-04 21:19:34.993] [warning] Couldn't find file 'ring_proximal_lvs.vtp'.
[2026-06-04 21:19:34.993] [warning] Couldn't find file 'ring_medial_lvs.vtp'.
[2026-06-04 21:19:34.993] [warning] Couldn't find file 'ring_distal_lvs.vtp'.
[2026-06-04 21:19:34.993] [warning] Couldn't find file 'metacarpal5_lvs.vtp'.
[2026-06-04 21:19:34.993] [warning] Couldn't find file 'little_proximal_lvs.vtp'.
[2026-06-04 21:19:34.993] [warning] Couldn't find file 'little_medial_lvs.vtp'.
[2026-06-04 21:19:34.993] [warning] Couldn't find file 'little_distal_lvs.vtp'.
[2026-06-04 21:19:34.993] [warning] Couldn't find file 'metacarpal1_lvs.vtp'.
[2026-06-04 21:19:34.993] [warning] Couldn't find file 'thumb_proximal_lvs.vtp'.
[2026-06-04 21:19:34.993] [warning] Couldn't find file 'thumb_distal_lvs.vtp'.
[2026-06-04 21:19:35.030] [info] Loaded model Full_Body_Walking_Model-Scaled_Adjusted from file ..\UF_Subject_4_Scaled_JMP_inactiveMuscles.osim
[2026-06-04 21:19:35.030] [warning] Couldn't find file 'r_pelvis.vtp'.
[2026-06-04 21:19:35.030] [warning] Couldn't find file 'l_pelvis.vtp'.
[2026-06-04 21:19:35.030] [warning] Couldn't find file 'sacrum.vtp'.
[2026-06-04 21:19:35.030] [warning] Couldn't find file 'r_femur.vtp'.
[2026-06-04 21:19:35.031] [warning] Couldn't find file 'r_patella.vtp'.
[2026-06-04 21:19:35.031] [warning] Couldn't find file 'r_tibia.vtp'.
[2026-06-04 21:19:35.031] [warning] Couldn't find file 'r_fibula.vtp'.
[2026-06-04 21:19:35.031] [warning] Couldn't find file 'r_talus.stl'.
[2026-06-04 21:19:35.031] [warning] Couldn't find file 'r_foot.vtp'.
[2026-06-04 21:19:35.031] [warning] Couldn't find file 'r_bofoot.vtp'.
[2026-06-04 21:19:35.031] [warning] Couldn't find file 'l_femur.vtp'.
[2026-06-04 21:19:35.031] [warning] Couldn't find file 'l_patella.vtp'.
[2026-06-04 21:19:35.031] [warning] Couldn't find file 'l_tibia.vtp'.
[2026-06-04 21:19:35.031] [warning] Couldn't find file 'l_fibula.vtp'.
[2026-06-04 21:19:35.031] [warning] Couldn't find file 'l_talus.stl'.
[2026-06-04 21:19:35.031] [warning] Couldn't find file 'l_foot.vtp'.
[2026-06-04 21:19:35.031] [warning] Couldn't find file 'l_bofoot.vtp'.
[2026-06-04 21:19:35.031] [warning] Couldn't find file 'hat_spine.vtp'.
[2026-06-04 21:19:35.031] [warning] Couldn't find file 'hat_jaw.vtp'.
[2026-06-04 21:19:35.031] [warning] Couldn't find file 'hat_skull.vtp'.
[2026-06-04 21:19:35.031] [warning] Couldn't find file 'hat_ribs_scap.vtp'.
[2026-06-04 21:19:35.031] [warning] Couldn't find file 'humerus_rv.vtp'.
[2026-06-04 21:19:35.031] [warning] Couldn't find file 'ulna_rv.vtp'.
[2026-06-04 21:19:35.032] [warning] Couldn't find file 'radius_rv.vtp'.
[2026-06-04 21:19:35.032] [warning] Couldn't find file 'pisiform_rvs.vtp'.
[2026-06-04 21:19:35.032] [warning] Couldn't find file 'lunate_rvs.vtp'.
[2026-06-04 21:19:35.032] [warning] Couldn't find file 'scaphoid_rvs.vtp'.
[2026-06-04 21:19:35.032] [warning] Couldn't find file 'triquetrum_rvs.vtp'.
[2026-06-04 21:19:35.032] [warning] Couldn't find file 'hamate_rvs.vtp'.
[2026-06-04 21:19:35.032] [warning] Couldn't find file 'capitate_rvs.vtp'.
[2026-06-04 21:19:35.032] [warning] Couldn't find file 'trapezoid_rvs.vtp'.
[2026-06-04 21:19:35.032] [warning] Couldn't find file 'trapezium_rvs.vtp'.
[2026-06-04 21:19:35.032] [warning] Couldn't find file 'metacarpal2_rvs.vtp'.
[2026-06-04 21:19:35.032] [warning] Couldn't find file 'index_proximal_rvs.vtp'.
[2026-06-04 21:19:35.032] [warning] Couldn't find file 'index_medial_rvs.vtp'.
[2026-06-04 21:19:35.032] [warning] Couldn't find file 'index_distal_rvs.vtp'.
[2026-06-04 21:19:35.032] [warning] Couldn't find file 'metacarpal3_rvs.vtp'.
[2026-06-04 21:19:35.032] [warning] Couldn't find file 'middle_proximal_rvs.vtp'.
[2026-06-04 21:19:35.032] [warning] Couldn't find file 'middle_medial_rvs.vtp'.
[2026-06-04 21:19:35.032] [warning] Couldn't find file 'middle_distal_rvs.vtp'.
[2026-06-04 21:19:35.032] [warning] Couldn't find file 'metacarpal4_rvs.vtp'.
[2026-06-04 21:19:35.032] [warning] Couldn't find file 'ring_proximal_rvs.vtp'.
[2026-06-04 21:19:35.032] [warning] Couldn't find file 'ring_medial_rvs.vtp'.
[2026-06-04 21:19:35.032] [warning] Couldn't find file 'ring_distal_rvs.vtp'.
[2026-06-04 21:19:35.033] [warning] Couldn't find file 'metacarpal5_rvs.vtp'.
[2026-06-04 21:19:35.033] [warning] Couldn't find file 'little_proximal_rvs.vtp'.
[2026-06-04 21:19:35.033] [warning] Couldn't find file 'little_medial_rvs.vtp'.
[2026-06-04 21:19:35.033] [warning] Couldn't find file 'little_distal_rvs.vtp'.
[2026-06-04 21:19:35.033] [warning] Couldn't find file 'metacarpal1_rvs.vtp'.
[2026-06-04 21:19:35.033] [warning] Couldn't find file 'thumb_proximal_rvs.vtp'.
[2026-06-04 21:19:35.033] [warning] Couldn't find file 'thumb_distal_rvs.vtp'.
[2026-06-04 21:19:35.033] [warning] Couldn't find file 'humerus_lv.vtp'.
[2026-06-04 21:19:35.033] [warning] Couldn't find file 'ulna_lv.vtp'.
[2026-06-04 21:19:35.033] [warning] Couldn't find file 'radius_lv.vtp'.
[2026-06-04 21:19:35.033] [warning] Couldn't find file 'pisiform_lvs.vtp'.
[2026-06-04 21:19:35.033] [warning] Couldn't find file 'lunate_lvs.vtp'.
[2026-06-04 21:19:35.033] [warning] Couldn't find file 'scaphoid_lvs.vtp'.
[2026-06-04 21:19:35.033] [warning] Couldn't find file 'triquetrum_lvs.vtp'.
[2026-06-04 21:19:35.033] [warning] Couldn't find file 'hamate_lvs.vtp'.
[2026-06-04 21:19:35.033] [warning] Couldn't find file 'capitate_lvs.vtp'.
[2026-06-04 21:19:35.033] [warning] Couldn't find file 'trapezoid_lvs.vtp'.
[2026-06-04 21:19:35.033] [warning] Couldn't find file 'trapezium_lvs.vtp'.
[2026-06-04 21:19:35.033] [warning] Couldn't find file 'metacarpal2_lvs.vtp'.
[2026-06-04 21:19:35.033] [warning] Couldn't find file 'index_proximal_lvs.vtp'.
[2026-06-04 21:19:35.034] [warning] Couldn't find file 'index_medial_lvs.vtp'.
[2026-06-04 21:19:35.034] [warning] Couldn't find file 'index_distal_lvs.vtp'.
[2026-06-04 21:19:35.034] [warning] Couldn't find file 'metacarpal3_lvs.vtp'.
[2026-06-04 21:19:35.034] [warning] Couldn't find file 'middle_proximal_lvs.vtp'.
[2026-06-04 21:19:35.034] [warning] Couldn't find file 'middle_medial_lvs.vtp'.
[2026-06-04 21:19:35.034] [warning] Couldn't find file 'middle_distal_lvs.vtp'.
[2026-06-04 21:19:35.034] [warning] Couldn't find file 'metacarpal4_lvs.vtp'.
[2026-06-04 21:19:35.034] [warning] Couldn't find file 'ring_proximal_lvs.vtp'.
[2026-06-04 21:19:35.034] [warning] Couldn't find file 'ring_medial_lvs.vtp'.
[2026-06-04 21:19:35.034] [warning] Couldn't find file 'ring_distal_lvs.vtp'.
[2026-06-04 21:19:35.034] [warning] Couldn't find file 'metacarpal5_lvs.vtp'.
[2026-06-04 21:19:35.034] [warning] Couldn't find file 'little_proximal_lvs.vtp'.
[2026-06-04 21:19:35.034] [warning] Couldn't find file 'little_medial_lvs.vtp'.
[2026-06-04 21:19:35.034] [warning] Couldn't find file 'little_distal_lvs.vtp'.
[2026-06-04 21:19:35.034] [warning] Couldn't find file 'metacarpal1_lvs.vtp'.
[2026-06-04 21:19:35.034] [warning] Couldn't find file 'thumb_proximal_lvs.vtp'.
[2026-06-04 21:19:35.034] [warning] Couldn't find file 'thumb_distal_lvs.vtp'.
[2026-06-04 21:19:35.069] [info] Loaded model Full_Body_Walking_Model-Scaled_Adjusted from file ..\UF_Subject_4_Scaled_JMP_inactiveMuscles.osim
[2026-06-04 21:19:35.070] [warning] Couldn't find file 'r_pelvis.vtp'.
[2026-06-04 21:19:35.070] [warning] Couldn't find file 'l_pelvis.vtp'.
[2026-06-04 21:19:35.070] [warning] Couldn't find file 'sacrum.vtp'.
[2026-06-04 21:19:35.070] [warning] Couldn't find file 'r_femur.vtp'.
[2026-06-04 21:19:35.070] [warning] Couldn't find file 'r_patella.vtp'.
[2026-06-04 21:19:35.070] [warning] Couldn't find file 'r_tibia.vtp'.
[2026-06-04 21:19:35.070] [warning] Couldn't find file 'r_fibula.vtp'.
[2026-06-04 21:19:35.070] [warning] Couldn't find file 'r_talus.stl'.
[2026-06-04 21:19:35.070] [warning] Couldn't find file 'r_foot.vtp'.
[2026-06-04 21:19:35.070] [warning] Couldn't find file 'r_bofoot.vtp'.
[2026-06-04 21:19:35.070] [warning] Couldn't find file 'l_femur.vtp'.
[2026-06-04 21:19:35.071] [warning] Couldn't find file 'l_patella.vtp'.
[2026-06-04 21:19:35.071] [warning] Couldn't find file 'l_tibia.vtp'.
[2026-06-04 21:19:35.071] [warning] Couldn't find file 'l_fibula.vtp'.
[2026-06-04 21:19:35.071] [warning] Couldn't find file 'l_talus.stl'.
[2026-06-04 21:19:35.071] [warning] Couldn't find file 'l_foot.vtp'.
[2026-06-04 21:19:35.071] [warning] Couldn't find file 'l_bofoot.vtp'.
[2026-06-04 21:19:35.071] [warning] Couldn't find file 'hat_spine.vtp'.
[2026-06-04 21:19:35.071] [warning] Couldn't find file 'hat_jaw.vtp'.
[2026-06-04 21:19:35.071] [warning] Couldn't find file 'hat_skull.vtp'.
[2026-06-04 21:19:35.071] [warning] Couldn't find file 'hat_ribs_scap.vtp'.
[2026-06-04 21:19:35.071] [warning] Couldn't find file 'humerus_rv.vtp'.
[2026-06-04 21:19:35.071] [warning] Couldn't find file 'ulna_rv.vtp'.
[2026-06-04 21:19:35.071] [warning] Couldn't find file 'radius_rv.vtp'.
[2026-06-04 21:19:35.071] [warning] Couldn't find file 'pisiform_rvs.vtp'.
[2026-06-04 21:19:35.071] [warning] Couldn't find file 'lunate_rvs.vtp'.
[2026-06-04 21:19:35.071] [warning] Couldn't find file 'scaphoid_rvs.vtp'.
[2026-06-04 21:19:35.071] [warning] Couldn't find file 'triquetrum_rvs.vtp'.
[2026-06-04 21:19:35.071] [warning] Couldn't find file 'hamate_rvs.vtp'.
[2026-06-04 21:19:35.072] [warning] Couldn't find file 'capitate_rvs.vtp'.
[2026-06-04 21:19:35.072] [warning] Couldn't find file 'trapezoid_rvs.vtp'.
[2026-06-04 21:19:35.072] [warning] Couldn't find file 'trapezium_rvs.vtp'.
[2026-06-04 21:19:35.072] [warning] Couldn't find file 'metacarpal2_rvs.vtp'.
[2026-06-04 21:19:35.072] [warning] Couldn't find file 'index_proximal_rvs.vtp'.
[2026-06-04 21:19:35.072] [warning] Couldn't find file 'index_medial_rvs.vtp'.
[2026-06-04 21:19:35.072] [warning] Couldn't find file 'index_distal_rvs.vtp'.
[2026-06-04 21:19:35.072] [warning] Couldn't find file 'metacarpal3_rvs.vtp'.
[2026-06-04 21:19:35.072] [warning] Couldn't find file 'middle_proximal_rvs.vtp'.
[2026-06-04 21:19:35.072] [warning] Couldn't find file 'middle_medial_rvs.vtp'.
[2026-06-04 21:19:35.072] [warning] Couldn't find file 'middle_distal_rvs.vtp'.
[2026-06-04 21:19:35.072] [warning] Couldn't find file 'metacarpal4_rvs.vtp'.
[2026-06-04 21:19:35.072] [warning] Couldn't find file 'ring_proximal_rvs.vtp'.
[2026-06-04 21:19:35.072] [warning] Couldn't find file 'ring_medial_rvs.vtp'.
[2026-06-04 21:19:35.072] [warning] Couldn't find file 'ring_distal_rvs.vtp'.
[2026-06-04 21:19:35.072] [warning] Couldn't find file 'metacarpal5_rvs.vtp'.
[2026-06-04 21:19:35.072] [warning] Couldn't find file 'little_proximal_rvs.vtp'.
[2026-06-04 21:19:35.072] [warning] Couldn't find file 'little_medial_rvs.vtp'.
[2026-06-04 21:19:35.072] [warning] Couldn't find file 'little_distal_rvs.vtp'.
[2026-06-04 21:19:35.072] [warning] Couldn't find file 'metacarpal1_rvs.vtp'.
[2026-06-04 21:19:35.072] [warning] Couldn't find file 'thumb_proximal_rvs.vtp'.
[2026-06-04 21:19:35.073] [warning] Couldn't find file 'thumb_distal_rvs.vtp'.
[2026-06-04 21:19:35.073] [warning] Couldn't find file 'humerus_lv.vtp'.
[2026-06-04 21:19:35.073] [warning] Couldn't find file 'ulna_lv.vtp'.
[2026-06-04 21:19:35.073] [warning] Couldn't find file 'radius_lv.vtp'.
[2026-06-04 21:19:35.073] [warning] Couldn't find file 'pisiform_lvs.vtp'.
[2026-06-04 21:19:35.073] [warning] Couldn't find file 'lunate_lvs.vtp'.
[2026-06-04 21:19:35.073] [warning] Couldn't find file 'scaphoid_lvs.vtp'.
[2026-06-04 21:19:35.073] [warning] Couldn't find file 'triquetrum_lvs.vtp'.
[2026-06-04 21:19:35.073] [warning] Couldn't find file 'hamate_lvs.vtp'.
[2026-06-04 21:19:35.073] [warning] Couldn't find file 'capitate_lvs.vtp'.
[2026-06-04 21:19:35.073] [warning] Couldn't find file 'trapezoid_lvs.vtp'.
[2026-06-04 21:19:35.073] [warning] Couldn't find file 'trapezium_lvs.vtp'.
[2026-06-04 21:19:35.073] [warning] Couldn't find file 'metacarpal2_lvs.vtp'.
[2026-06-04 21:19:35.073] [warning] Couldn't find file 'index_proximal_lvs.vtp'.
[2026-06-04 21:19:35.073] [warning] Couldn't find file 'index_medial_lvs.vtp'.
[2026-06-04 21:19:35.073] [warning] Couldn't find file 'index_distal_lvs.vtp'.
[2026-06-04 21:19:35.074] [warning] Couldn't find file 'metacarpal3_lvs.vtp'.
[2026-06-04 21:19:35.074] [warning] Couldn't find file 'middle_proximal_lvs.vtp'.
[2026-06-04 21:19:35.074] [warning] Couldn't find file 'middle_medial_lvs.vtp'.
[2026-06-04 21:19:35.074] [warning] Couldn't find file 'middle_distal_lvs.vtp'.
[2026-06-04 21:19:35.074] [warning] Couldn't find file 'metacarpal4_lvs.vtp'.
[2026-06-04 21:19:35.074] [warning] Couldn't find file 'ring_proximal_lvs.vtp'.
[2026-06-04 21:19:35.074] [warning] Couldn't find file 'ring_medial_lvs.vtp'.
[2026-06-04 21:19:35.074] [warning] Couldn't find file 'ring_distal_lvs.vtp'.
[2026-06-04 21:19:35.074] [warning] Couldn't find file 'metacarpal5_lvs.vtp'.
[2026-06-04 21:19:35.074] [warning] Couldn't find file 'little_proximal_lvs.vtp'.
[2026-06-04 21:19:35.074] [warning] Couldn't find file 'little_medial_lvs.vtp'.
[2026-06-04 21:19:35.074] [warning] Couldn't find file 'little_distal_lvs.vtp'.
[2026-06-04 21:19:35.074] [warning] Couldn't find file 'metacarpal1_lvs.vtp'.
[2026-06-04 21:19:35.074] [warning] Couldn't find file 'thumb_proximal_lvs.vtp'.
[2026-06-04 21:19:35.074] [warning] Couldn't find file 'thumb_distal_lvs.vtp'.
[2026-06-04 21:19:35.111] [info] Loaded model Full_Body_Walking_Model-Scaled_Adjusted from file ..\UF_Subject_4_Scaled_JMP_inactiveMuscles.osim
[2026-06-04 21:19:35.111] [warning] Couldn't find file 'r_pelvis.vtp'.
[2026-06-04 21:19:35.111] [warning] Couldn't find file 'l_pelvis.vtp'.
[2026-06-04 21:19:35.111] [warning] Couldn't find file 'sacrum.vtp'.
[2026-06-04 21:19:35.111] [warning] Couldn't find file 'r_femur.vtp'.
[2026-06-04 21:19:35.111] [warning] Couldn't find file 'r_patella.vtp'.
[2026-06-04 21:19:35.111] [warning] Couldn't find file 'r_tibia.vtp'.
[2026-06-04 21:19:35.111] [warning] Couldn't find file 'r_fibula.vtp'.
[2026-06-04 21:19:35.111] [warning] Couldn't find file 'r_talus.stl'.
[2026-06-04 21:19:35.111] [warning] Couldn't find file 'r_foot.vtp'.
[2026-06-04 21:19:35.112] [warning] Couldn't find file 'r_bofoot.vtp'.
[2026-06-04 21:19:35.112] [warning] Couldn't find file 'l_femur.vtp'.
[2026-06-04 21:19:35.112] [warning] Couldn't find file 'l_patella.vtp'.
[2026-06-04 21:19:35.112] [warning] Couldn't find file 'l_tibia.vtp'.
[2026-06-04 21:19:35.112] [warning] Couldn't find file 'l_fibula.vtp'.
[2026-06-04 21:19:35.112] [warning] Couldn't find file 'l_talus.stl'.
[2026-06-04 21:19:35.112] [warning] Couldn't find file 'l_foot.vtp'.
[2026-06-04 21:19:35.112] [warning] Couldn't find file 'l_bofoot.vtp'.
[2026-06-04 21:19:35.112] [warning] Couldn't find file 'hat_spine.vtp'.
[2026-06-04 21:19:35.112] [warning] Couldn't find file 'hat_jaw.vtp'.
[2026-06-04 21:19:35.112] [warning] Couldn't find file 'hat_skull.vtp'.
[2026-06-04 21:19:35.112] [warning] Couldn't find file 'hat_ribs_scap.vtp'.
[2026-06-04 21:19:35.112] [warning] Couldn't find file 'humerus_rv.vtp'.
[2026-06-04 21:19:35.112] [warning] Couldn't find file 'ulna_rv.vtp'.
[2026-06-04 21:19:35.112] [warning] Couldn't find file 'radius_rv.vtp'.
[2026-06-04 21:19:35.112] [warning] Couldn't find file 'pisiform_rvs.vtp'.
[2026-06-04 21:19:35.112] [warning] Couldn't find file 'lunate_rvs.vtp'.
[2026-06-04 21:19:35.112] [warning] Couldn't find file 'scaphoid_rvs.vtp'.
[2026-06-04 21:19:35.112] [warning] Couldn't find file 'triquetrum_rvs.vtp'.
[2026-06-04 21:19:35.113] [warning] Couldn't find file 'hamate_rvs.vtp'.
[2026-06-04 21:19:35.113] [warning] Couldn't find file 'capitate_rvs.vtp'.
[2026-06-04 21:19:35.113] [warning] Couldn't find file 'trapezoid_rvs.vtp'.
[2026-06-04 21:19:35.113] [warning] Couldn't find file 'trapezium_rvs.vtp'.
[2026-06-04 21:19:35.113] [warning] Couldn't find file 'metacarpal2_rvs.vtp'.
[2026-06-04 21:19:35.113] [warning] Couldn't find file 'index_proximal_rvs.vtp'.
[2026-06-04 21:19:35.113] [warning] Couldn't find file 'index_medial_rvs.vtp'.
[2026-06-04 21:19:35.113] [warning] Couldn't find file 'index_distal_rvs.vtp'.
[2026-06-04 21:19:35.113] [warning] Couldn't find file 'metacarpal3_rvs.vtp'.
[2026-06-04 21:19:35.113] [warning] Couldn't find file 'middle_proximal_rvs.vtp'.
[2026-06-04 21:19:35.113] [warning] Couldn't find file 'middle_medial_rvs.vtp'.
[2026-06-04 21:19:35.113] [warning] Couldn't find file 'middle_distal_rvs.vtp'.
[2026-06-04 21:19:35.113] [warning] Couldn't find file 'metacarpal4_rvs.vtp'.
[2026-06-04 21:19:35.113] [warning] Couldn't find file 'ring_proximal_rvs.vtp'.
[2026-06-04 21:19:35.113] [warning] Couldn't find file 'ring_medial_rvs.vtp'.
[2026-06-04 21:19:35.113] [warning] Couldn't find file 'ring_distal_rvs.vtp'.
[2026-06-04 21:19:35.113] [warning] Couldn't find file 'metacarpal5_rvs.vtp'.
[2026-06-04 21:19:35.113] [warning] Couldn't find file 'little_proximal_rvs.vtp'.
[2026-06-04 21:19:35.113] [warning] Couldn't find file 'little_medial_rvs.vtp'.
[2026-06-04 21:19:35.113] [warning] Couldn't find file 'little_distal_rvs.vtp'.
[2026-06-04 21:19:35.114] [warning] Couldn't find file 'metacarpal1_rvs.vtp'.
[2026-06-04 21:19:35.114] [warning] Couldn't find file 'thumb_proximal_rvs.vtp'.
[2026-06-04 21:19:35.114] [warning] Couldn't find file 'thumb_distal_rvs.vtp'.
[2026-06-04 21:19:35.114] [warning] Couldn't find file 'humerus_lv.vtp'.
[2026-06-04 21:19:35.114] [warning] Couldn't find file 'ulna_lv.vtp'.
[2026-06-04 21:19:35.114] [warning] Couldn't find file 'radius_lv.vtp'.
[2026-06-04 21:19:35.114] [warning] Couldn't find file 'pisiform_lvs.vtp'.
[2026-06-04 21:19:35.114] [warning] Couldn't find file 'lunate_lvs.vtp'.
[2026-06-04 21:19:35.114] [warning] Couldn't find file 'scaphoid_lvs.vtp'.
[2026-06-04 21:19:35.114] [warning] Couldn't find file 'triquetrum_lvs.vtp'.
[2026-06-04 21:19:35.114] [warning] Couldn't find file 'hamate_lvs.vtp'.
[2026-06-04 21:19:35.114] [warning] Couldn't find file 'capitate_lvs.vtp'.
[2026-06-04 21:19:35.114] [warning] Couldn't find file 'trapezoid_lvs.vtp'.
[2026-06-04 21:19:35.114] [warning] Couldn't find file 'trapezium_lvs.vtp'.
[2026-06-04 21:19:35.114] [warning] Couldn't find file 'metacarpal2_lvs.vtp'.
[2026-06-04 21:19:35.114] [warning] Couldn't find file 'index_proximal_lvs.vtp'.
[2026-06-04 21:19:35.114] [warning] Couldn't find file 'index_medial_lvs.vtp'.
[2026-06-04 21:19:35.114] [warning] Couldn't find file 'index_distal_lvs.vtp'.
[2026-06-04 21:19:35.114] [warning] Couldn't find file 'metacarpal3_lvs.vtp'.
[2026-06-04 21:19:35.115] [warning] Couldn't find file 'middle_proximal_lvs.vtp'.
[2026-06-04 21:19:35.115] [warning] Couldn't find file 'middle_medial_lvs.vtp'.
[2026-06-04 21:19:35.115] [warning] Couldn't find file 'middle_distal_lvs.vtp'.
[2026-06-04 21:19:35.115] [warning] Couldn't find file 'metacarpal4_lvs.vtp'.
[2026-06-04 21:19:35.115] [warning] Couldn't find file 'ring_proximal_lvs.vtp'.
[2026-06-04 21:19:35.115] [warning] Couldn't find file 'ring_medial_lvs.vtp'.
[2026-06-04 21:19:35.115] [warning] Couldn't find file 'ring_distal_lvs.vtp'.
[2026-06-04 21:19:35.115] [warning] Couldn't find file 'metacarpal5_lvs.vtp'.
[2026-06-04 21:19:35.115] [warning] Couldn't find file 'little_proximal_lvs.vtp'.
[2026-06-04 21:19:35.115] [warning] Couldn't find file 'little_medial_lvs.vtp'.
[2026-06-04 21:19:35.115] [warning] Couldn't find file 'little_distal_lvs.vtp'.
[2026-06-04 21:19:35.115] [warning] Couldn't find file 'metacarpal1_lvs.vtp'.
[2026-06-04 21:19:35.115] [warning] Couldn't find file 'thumb_proximal_lvs.vtp'.
[2026-06-04 21:19:35.115] [warning] Couldn't find file 'thumb_distal_lvs.vtp'.
[2026-06-04 21:19:35.150] [info] Loaded model Full_Body_Walking_Model-Scaled_Adjusted from file ..\UF_Subject_4_Scaled_JMP_inactiveMuscles.osim
[2026-06-04 21:19:35.150] [warning] Couldn't find file 'r_pelvis.vtp'.
[2026-06-04 21:19:35.150] [warning] Couldn't find file 'l_pelvis.vtp'.
[2026-06-04 21:19:35.151] [warning] Couldn't find file 'sacrum.vtp'.
[2026-06-04 21:19:35.151] [warning] Couldn't find file 'r_femur.vtp'.
[2026-06-04 21:19:35.151] [warning] Couldn't find file 'r_patella.vtp'.
[2026-06-04 21:19:35.151] [warning] Couldn't find file 'r_tibia.vtp'.
[2026-06-04 21:19:35.151] [warning] Couldn't find file 'r_fibula.vtp'.
[2026-06-04 21:19:35.151] [warning] Couldn't find file 'r_talus.stl'.
[2026-06-04 21:19:35.151] [warning] Couldn't find file 'r_foot.vtp'.
[2026-06-04 21:19:35.151] [warning] Couldn't find file 'r_bofoot.vtp'.
[2026-06-04 21:19:35.151] [warning] Couldn't find file 'l_femur.vtp'.
[2026-06-04 21:19:35.151] [warning] Couldn't find file 'l_patella.vtp'.
[2026-06-04 21:19:35.151] [warning] Couldn't find file 'l_tibia.vtp'.
[2026-06-04 21:19:35.152] [warning] Couldn't find file 'l_fibula.vtp'.
[2026-06-04 21:19:35.152] [warning] Couldn't find file 'l_talus.stl'.
[2026-06-04 21:19:35.152] [warning] Couldn't find file 'l_foot.vtp'.
[2026-06-04 21:19:35.152] [warning] Couldn't find file 'l_bofoot.vtp'.
[2026-06-04 21:19:35.152] [warning] Couldn't find file 'hat_spine.vtp'.
[2026-06-04 21:19:35.152] [warning] Couldn't find file 'hat_jaw.vtp'.
[2026-06-04 21:19:35.152] [warning] Couldn't find file 'hat_skull.vtp'.
[2026-06-04 21:19:35.152] [warning] Couldn't find file 'hat_ribs_scap.vtp'.
[2026-06-04 21:19:35.152] [warning] Couldn't find file 'humerus_rv.vtp'.
[2026-06-04 21:19:35.152] [warning] Couldn't find file 'ulna_rv.vtp'.
[2026-06-04 21:19:35.152] [warning] Couldn't find file 'radius_rv.vtp'.
[2026-06-04 21:19:35.152] [warning] Couldn't find file 'pisiform_rvs.vtp'.
[2026-06-04 21:19:35.152] [warning] Couldn't find file 'lunate_rvs.vtp'.
[2026-06-04 21:19:35.152] [warning] Couldn't find file 'scaphoid_rvs.vtp'.
[2026-06-04 21:19:35.152] [warning] Couldn't find file 'triquetrum_rvs.vtp'.
[2026-06-04 21:19:35.152] [warning] Couldn't find file 'hamate_rvs.vtp'.
[2026-06-04 21:19:35.152] [warning] Couldn't find file 'capitate_rvs.vtp'.
[2026-06-04 21:19:35.152] [warning] Couldn't find file 'trapezoid_rvs.vtp'.
[2026-06-04 21:19:35.152] [warning] Couldn't find file 'trapezium_rvs.vtp'.
[2026-06-04 21:19:35.153] [warning] Couldn't find file 'metacarpal2_rvs.vtp'.
[2026-06-04 21:19:35.153] [warning] Couldn't find file 'index_proximal_rvs.vtp'.
[2026-06-04 21:19:35.153] [warning] Couldn't find file 'index_medial_rvs.vtp'.
[2026-06-04 21:19:35.153] [warning] Couldn't find file 'index_distal_rvs.vtp'.
[2026-06-04 21:19:35.153] [warning] Couldn't find file 'metacarpal3_rvs.vtp'.
[2026-06-04 21:19:35.153] [warning] Couldn't find file 'middle_proximal_rvs.vtp'.
[2026-06-04 21:19:35.153] [warning] Couldn't find file 'middle_medial_rvs.vtp'.
[2026-06-04 21:19:35.153] [warning] Couldn't find file 'middle_distal_rvs.vtp'.
[2026-06-04 21:19:35.153] [warning] Couldn't find file 'metacarpal4_rvs.vtp'.
[2026-06-04 21:19:35.153] [warning] Couldn't find file 'ring_proximal_rvs.vtp'.
[2026-06-04 21:19:35.153] [warning] Couldn't find file 'ring_medial_rvs.vtp'.
[2026-06-04 21:19:35.153] [warning] Couldn't find file 'ring_distal_rvs.vtp'.
[2026-06-04 21:19:35.153] [warning] Couldn't find file 'metacarpal5_rvs.vtp'.
[2026-06-04 21:19:35.153] [warning] Couldn't find file 'little_proximal_rvs.vtp'.
[2026-06-04 21:19:35.153] [warning] Couldn't find file 'little_medial_rvs.vtp'.
[2026-06-04 21:19:35.153] [warning] Couldn't find file 'little_distal_rvs.vtp'.
[2026-06-04 21:19:35.153] [warning] Couldn't find file 'metacarpal1_rvs.vtp'.
[2026-06-04 21:19:35.153] [warning] Couldn't find file 'thumb_proximal_rvs.vtp'.
[2026-06-04 21:19:35.153] [warning] Couldn't find file 'thumb_distal_rvs.vtp'.
[2026-06-04 21:19:35.153] [warning] Couldn't find file 'humerus_lv.vtp'.
[2026-06-04 21:19:35.154] [warning] Couldn't find file 'ulna_lv.vtp'.
[2026-06-04 21:19:35.154] [warning] Couldn't find file 'radius_lv.vtp'.
[2026-06-04 21:19:35.154] [warning] Couldn't find file 'pisiform_lvs.vtp'.
[2026-06-04 21:19:35.154] [warning] Couldn't find file 'lunate_lvs.vtp'.
[2026-06-04 21:19:35.154] [warning] Couldn't find file 'scaphoid_lvs.vtp'.
[2026-06-04 21:19:35.154] [warning] Couldn't find file 'triquetrum_lvs.vtp'.
[2026-06-04 21:19:35.154] [warning] Couldn't find file 'hamate_lvs.vtp'.
[2026-06-04 21:19:35.154] [warning] Couldn't find file 'capitate_lvs.vtp'.
[2026-06-04 21:19:35.154] [warning] Couldn't find file 'trapezoid_lvs.vtp'.
[2026-06-04 21:19:35.154] [warning] Couldn't find file 'trapezium_lvs.vtp'.
[2026-06-04 21:19:35.154] [warning] Couldn't find file 'metacarpal2_lvs.vtp'.
[2026-06-04 21:19:35.154] [warning] Couldn't find file 'index_proximal_lvs.vtp'.
[2026-06-04 21:19:35.154] [warning] Couldn't find file 'index_medial_lvs.vtp'.
[2026-06-04 21:19:35.154] [warning] Couldn't find file 'index_distal_lvs.vtp'.
[2026-06-04 21:19:35.154] [warning] Couldn't find file 'metacarpal3_lvs.vtp'.
[2026-06-04 21:19:35.154] [warning] Couldn't find file 'middle_proximal_lvs.vtp'.
[2026-06-04 21:19:35.154] [warning] Couldn't find file 'middle_medial_lvs.vtp'.
[2026-06-04 21:19:35.154] [warning] Couldn't find file 'middle_distal_lvs.vtp'.
[2026-06-04 21:19:35.154] [warning] Couldn't find file 'metacarpal4_lvs.vtp'.
[2026-06-04 21:19:35.154] [warning] Couldn't find file 'ring_proximal_lvs.vtp'.
[2026-06-04 21:19:35.154] [warning] Couldn't find file 'ring_medial_lvs.vtp'.
[2026-06-04 21:19:35.155] [warning] Couldn't find file 'ring_distal_lvs.vtp'.
[2026-06-04 21:19:35.155] [warning] Couldn't find file 'metacarpal5_lvs.vtp'.
[2026-06-04 21:19:35.155] [warning] Couldn't find file 'little_proximal_lvs.vtp'.
[2026-06-04 21:19:35.155] [warning] Couldn't find file 'little_medial_lvs.vtp'.
[2026-06-04 21:19:35.155] [warning] Couldn't find file 'little_distal_lvs.vtp'.
[2026-06-04 21:19:35.155] [warning] Couldn't find file 'metacarpal1_lvs.vtp'.
[2026-06-04 21:19:35.155] [warning] Couldn't find file 'thumb_proximal_lvs.vtp'.
[2026-06-04 21:19:35.155] [warning] Couldn't find file 'thumb_distal_lvs.vtp'.
[2026-06-04 21:19:35.190] [info] Loaded model Full_Body_Walking_Model-Scaled_Adjusted from file ..\UF_Subject_4_Scaled_JMP_inactiveMuscles.osim
[2026-06-04 21:19:35.190] [warning] Couldn't find file 'r_pelvis.vtp'.
[2026-06-04 21:19:35.190] [warning] Couldn't find file 'l_pelvis.vtp'.
[2026-06-04 21:19:35.190] [warning] Couldn't find file 'sacrum.vtp'.
[2026-06-04 21:19:35.190] [warning] Couldn't find file 'r_femur.vtp'.
[2026-06-04 21:19:35.190] [warning] Couldn't find file 'r_patella.vtp'.
[2026-06-04 21:19:35.191] [warning] Couldn't find file 'r_tibia.vtp'.
[2026-06-04 21:19:35.191] [warning] Couldn't find file 'r_fibula.vtp'.
[2026-06-04 21:19:35.191] [warning] Couldn't find file 'r_talus.stl'.
[2026-06-04 21:19:35.191] [warning] Couldn't find file 'r_foot.vtp'.
[2026-06-04 21:19:35.191] [warning] Couldn't find file 'r_bofoot.vtp'.
[2026-06-04 21:19:35.191] [warning] Couldn't find file 'l_femur.vtp'.
[2026-06-04 21:19:35.191] [warning] Couldn't find file 'l_patella.vtp'.
[2026-06-04 21:19:35.191] [warning] Couldn't find file 'l_tibia.vtp'.
[2026-06-04 21:19:35.191] [warning] Couldn't find file 'l_fibula.vtp'.
[2026-06-04 21:19:35.191] [warning] Couldn't find file 'l_talus.stl'.
[2026-06-04 21:19:35.191] [warning] Couldn't find file 'l_foot.vtp'.
[2026-06-04 21:19:35.191] [warning] Couldn't find file 'l_bofoot.vtp'.
[2026-06-04 21:19:35.191] [warning] Couldn't find file 'hat_spine.vtp'.
[2026-06-04 21:19:35.191] [warning] Couldn't find file 'hat_jaw.vtp'.
[2026-06-04 21:19:35.191] [warning] Couldn't find file 'hat_skull.vtp'.
[2026-06-04 21:19:35.191] [warning] Couldn't find file 'hat_ribs_scap.vtp'.
[2026-06-04 21:19:35.191] [warning] Couldn't find file 'humerus_rv.vtp'.
[2026-06-04 21:19:35.191] [warning] Couldn't find file 'ulna_rv.vtp'.
[2026-06-04 21:19:35.191] [warning] Couldn't find file 'radius_rv.vtp'.
[2026-06-04 21:19:35.192] [warning] Couldn't find file 'pisiform_rvs.vtp'.
[2026-06-04 21:19:35.192] [warning] Couldn't find file 'lunate_rvs.vtp'.
[2026-06-04 21:19:35.192] [warning] Couldn't find file 'scaphoid_rvs.vtp'.
[2026-06-04 21:19:35.192] [warning] Couldn't find file 'triquetrum_rvs.vtp'.
[2026-06-04 21:19:35.192] [warning] Couldn't find file 'hamate_rvs.vtp'.
[2026-06-04 21:19:35.192] [warning] Couldn't find file 'capitate_rvs.vtp'.
[2026-06-04 21:19:35.192] [warning] Couldn't find file 'trapezoid_rvs.vtp'.
[2026-06-04 21:19:35.192] [warning] Couldn't find file 'trapezium_rvs.vtp'.
[2026-06-04 21:19:35.192] [warning] Couldn't find file 'metacarpal2_rvs.vtp'.
[2026-06-04 21:19:35.192] [warning] Couldn't find file 'index_proximal_rvs.vtp'.
[2026-06-04 21:19:35.192] [warning] Couldn't find file 'index_medial_rvs.vtp'.
[2026-06-04 21:19:35.192] [warning] Couldn't find file 'index_distal_rvs.vtp'.
[2026-06-04 21:19:35.192] [warning] Couldn't find file 'metacarpal3_rvs.vtp'.
[2026-06-04 21:19:35.192] [warning] Couldn't find file 'middle_proximal_rvs.vtp'.
[2026-06-04 21:19:35.192] [warning] Couldn't find file 'middle_medial_rvs.vtp'.
[2026-06-04 21:19:35.192] [warning] Couldn't find file 'middle_distal_rvs.vtp'.
[2026-06-04 21:19:35.192] [warning] Couldn't find file 'metacarpal4_rvs.vtp'.
[2026-06-04 21:19:35.192] [warning] Couldn't find file 'ring_proximal_rvs.vtp'.
[2026-06-04 21:19:35.192] [warning] Couldn't find file 'ring_medial_rvs.vtp'.
[2026-06-04 21:19:35.193] [warning] Couldn't find file 'ring_distal_rvs.vtp'.
[2026-06-04 21:19:35.193] [warning] Couldn't find file 'metacarpal5_rvs.vtp'.
[2026-06-04 21:19:35.193] [warning] Couldn't find file 'little_proximal_rvs.vtp'.
[2026-06-04 21:19:35.193] [warning] Couldn't find file 'little_medial_rvs.vtp'.
[2026-06-04 21:19:35.193] [warning] Couldn't find file 'little_distal_rvs.vtp'.
[2026-06-04 21:19:35.193] [warning] Couldn't find file 'metacarpal1_rvs.vtp'.
[2026-06-04 21:19:35.193] [warning] Couldn't find file 'thumb_proximal_rvs.vtp'.
[2026-06-04 21:19:35.193] [warning] Couldn't find file 'thumb_distal_rvs.vtp'.
[2026-06-04 21:19:35.193] [warning] Couldn't find file 'humerus_lv.vtp'.
[2026-06-04 21:19:35.193] [warning] Couldn't find file 'ulna_lv.vtp'.
[2026-06-04 21:19:35.193] [warning] Couldn't find file 'radius_lv.vtp'.
[2026-06-04 21:19:35.193] [warning] Couldn't find file 'pisiform_lvs.vtp'.
[2026-06-04 21:19:35.193] [warning] Couldn't find file 'lunate_lvs.vtp'.
[2026-06-04 21:19:35.193] [warning] Couldn't find file 'scaphoid_lvs.vtp'.
[2026-06-04 21:19:35.193] [warning] Couldn't find file 'triquetrum_lvs.vtp'.
[2026-06-04 21:19:35.193] [warning] Couldn't find file 'hamate_lvs.vtp'.
[2026-06-04 21:19:35.193] [warning] Couldn't find file 'capitate_lvs.vtp'.
[2026-06-04 21:19:35.193] [warning] Couldn't find file 'trapezoid_lvs.vtp'.
[2026-06-04 21:19:35.193] [warning] Couldn't find file 'trapezium_lvs.vtp'.
[2026-06-04 21:19:35.193] [warning] Couldn't find file 'metacarpal2_lvs.vtp'.
[2026-06-04 21:19:35.194] [warning] Couldn't find file 'index_proximal_lvs.vtp'.
[2026-06-04 21:19:35.194] [warning] Couldn't find file 'index_medial_lvs.vtp'.
[2026-06-04 21:19:35.194] [warning] Couldn't find file 'index_distal_lvs.vtp'.
[2026-06-04 21:19:35.194] [warning] Couldn't find file 'metacarpal3_lvs.vtp'.
[2026-06-04 21:19:35.194] [warning] Couldn't find file 'middle_proximal_lvs.vtp'.
[2026-06-04 21:19:35.194] [warning] Couldn't find file 'middle_medial_lvs.vtp'.
[2026-06-04 21:19:35.194] [warning] Couldn't find file 'middle_distal_lvs.vtp'.
[2026-06-04 21:19:35.194] [warning] Couldn't find file 'metacarpal4_lvs.vtp'.
[2026-06-04 21:19:35.194] [warning] Couldn't find file 'ring_proximal_lvs.vtp'.
[2026-06-04 21:19:35.194] [warning] Couldn't find file 'ring_medial_lvs.vtp'.
[2026-06-04 21:19:35.194] [warning] Couldn't find file 'ring_distal_lvs.vtp'.
[2026-06-04 21:19:35.194] [warning] Couldn't find file 'metacarpal5_lvs.vtp'.
[2026-06-04 21:19:35.194] [warning] Couldn't find file 'little_proximal_lvs.vtp'.
[2026-06-04 21:19:35.194] [warning] Couldn't find file 'little_medial_lvs.vtp'.
[2026-06-04 21:19:35.194] [warning] Couldn't find file 'little_distal_lvs.vtp'.
[2026-06-04 21:19:35.194] [warning] Couldn't find file 'metacarpal1_lvs.vtp'.
[2026-06-04 21:19:35.194] [warning] Couldn't find file 'thumb_proximal_lvs.vtp'.
[2026-06-04 21:19:35.194] [warning] Couldn't find file 'thumb_distal_lvs.vtp'.
[2026-06-04 21:19:35.230] [info] Loaded model Full_Body_Walking_Model-Scaled_Adjusted from file ..\UF_Subject_4_Scaled_JMP_inactiveMuscles.osim
[2026-06-04 21:19:35.230] [warning] Couldn't find file 'r_pelvis.vtp'.
[2026-06-04 21:19:35.230] [warning] Couldn't find file 'l_pelvis.vtp'.
[2026-06-04 21:19:35.230] [warning] Couldn't find file 'sacrum.vtp'.
[2026-06-04 21:19:35.230] [warning] Couldn't find file 'r_femur.vtp'.
[2026-06-04 21:19:35.230] [warning] Couldn't find file 'r_patella.vtp'.
[2026-06-04 21:19:35.230] [warning] Couldn't find file 'r_tibia.vtp'.
[2026-06-04 21:19:35.230] [warning] Couldn't find file 'r_fibula.vtp'.
[2026-06-04 21:19:35.230] [warning] Couldn't find file 'r_talus.stl'.
[2026-06-04 21:19:35.231] [warning] Couldn't find file 'r_foot.vtp'.
[2026-06-04 21:19:35.231] [warning] Couldn't find file 'r_bofoot.vtp'.
[2026-06-04 21:19:35.231] [warning] Couldn't find file 'l_femur.vtp'.
[2026-06-04 21:19:35.231] [warning] Couldn't find file 'l_patella.vtp'.
[2026-06-04 21:19:35.231] [warning] Couldn't find file 'l_tibia.vtp'.
[2026-06-04 21:19:35.231] [warning] Couldn't find file 'l_fibula.vtp'.
[2026-06-04 21:19:35.231] [warning] Couldn't find file 'l_talus.stl'.
[2026-06-04 21:19:35.231] [warning] Couldn't find file 'l_foot.vtp'.
[2026-06-04 21:19:35.231] [warning] Couldn't find file 'l_bofoot.vtp'.
[2026-06-04 21:19:35.231] [warning] Couldn't find file 'hat_spine.vtp'.
[2026-06-04 21:19:35.231] [warning] Couldn't find file 'hat_jaw.vtp'.
[2026-06-04 21:19:35.231] [warning] Couldn't find file 'hat_skull.vtp'.
[2026-06-04 21:19:35.231] [warning] Couldn't find file 'hat_ribs_scap.vtp'.
[2026-06-04 21:19:35.231] [warning] Couldn't find file 'humerus_rv.vtp'.
[2026-06-04 21:19:35.231] [warning] Couldn't find file 'ulna_rv.vtp'.
[2026-06-04 21:19:35.231] [warning] Couldn't find file 'radius_rv.vtp'.
[2026-06-04 21:19:35.231] [warning] Couldn't find file 'pisiform_rvs.vtp'.
[2026-06-04 21:19:35.231] [warning] Couldn't find file 'lunate_rvs.vtp'.
[2026-06-04 21:19:35.232] [warning] Couldn't find file 'scaphoid_rvs.vtp'.
[2026-06-04 21:19:35.232] [warning] Couldn't find file 'triquetrum_rvs.vtp'.
[2026-06-04 21:19:35.232] [warning] Couldn't find file 'hamate_rvs.vtp'.
[2026-06-04 21:19:35.232] [warning] Couldn't find file 'capitate_rvs.vtp'.
[2026-06-04 21:19:35.232] [warning] Couldn't find file 'trapezoid_rvs.vtp'.
[2026-06-04 21:19:35.232] [warning] Couldn't find file 'trapezium_rvs.vtp'.
[2026-06-04 21:19:35.232] [warning] Couldn't find file 'metacarpal2_rvs.vtp'.
[2026-06-04 21:19:35.232] [warning] Couldn't find file 'index_proximal_rvs.vtp'.
[2026-06-04 21:19:35.232] [warning] Couldn't find file 'index_medial_rvs.vtp'.
[2026-06-04 21:19:35.232] [warning] Couldn't find file 'index_distal_rvs.vtp'.
[2026-06-04 21:19:35.232] [warning] Couldn't find file 'metacarpal3_rvs.vtp'.
[2026-06-04 21:19:35.232] [warning] Couldn't find file 'middle_proximal_rvs.vtp'.
[2026-06-04 21:19:35.232] [warning] Couldn't find file 'middle_medial_rvs.vtp'.
[2026-06-04 21:19:35.232] [warning] Couldn't find file 'middle_distal_rvs.vtp'.
[2026-06-04 21:19:35.232] [warning] Couldn't find file 'metacarpal4_rvs.vtp'.
[2026-06-04 21:19:35.232] [warning] Couldn't find file 'ring_proximal_rvs.vtp'.
[2026-06-04 21:19:35.232] [warning] Couldn't find file 'ring_medial_rvs.vtp'.
[2026-06-04 21:19:35.232] [warning] Couldn't find file 'ring_distal_rvs.vtp'.
[2026-06-04 21:19:35.232] [warning] Couldn't find file 'metacarpal5_rvs.vtp'.
[2026-06-04 21:19:35.232] [warning] Couldn't find file 'little_proximal_rvs.vtp'.
[2026-06-04 21:19:35.233] [warning] Couldn't find file 'little_medial_rvs.vtp'.
[2026-06-04 21:19:35.233] [warning] Couldn't find file 'little_distal_rvs.vtp'.
[2026-06-04 21:19:35.233] [warning] Couldn't find file 'metacarpal1_rvs.vtp'.
[2026-06-04 21:19:35.233] [warning] Couldn't find file 'thumb_proximal_rvs.vtp'.
[2026-06-04 21:19:35.233] [warning] Couldn't find file 'thumb_distal_rvs.vtp'.
[2026-06-04 21:19:35.233] [warning] Couldn't find file 'humerus_lv.vtp'.
[2026-06-04 21:19:35.233] [warning] Couldn't find file 'ulna_lv.vtp'.
[2026-06-04 21:19:35.233] [warning] Couldn't find file 'radius_lv.vtp'.
[2026-06-04 21:19:35.233] [warning] Couldn't find file 'pisiform_lvs.vtp'.
[2026-06-04 21:19:35.233] [warning] Couldn't find file 'lunate_lvs.vtp'.
[2026-06-04 21:19:35.233] [warning] Couldn't find file 'scaphoid_lvs.vtp'.
[2026-06-04 21:19:35.233] [warning] Couldn't find file 'triquetrum_lvs.vtp'.
[2026-06-04 21:19:35.233] [warning] Couldn't find file 'hamate_lvs.vtp'.
[2026-06-04 21:19:35.233] [warning] Couldn't find file 'capitate_lvs.vtp'.
[2026-06-04 21:19:35.233] [warning] Couldn't find file 'trapezoid_lvs.vtp'.
[2026-06-04 21:19:35.233] [warning] Couldn't find file 'trapezium_lvs.vtp'.
[2026-06-04 21:19:35.233] [warning] Couldn't find file 'metacarpal2_lvs.vtp'.
[2026-06-04 21:19:35.233] [warning] Couldn't find file 'index_proximal_lvs.vtp'.
[2026-06-04 21:19:35.233] [warning] Couldn't find file 'index_medial_lvs.vtp'.
[2026-06-04 21:19:35.233] [warning] Couldn't find file 'index_distal_lvs.vtp'.
[2026-06-04 21:19:35.234] [warning] Couldn't find file 'metacarpal3_lvs.vtp'.
[2026-06-04 21:19:35.234] [warning] Couldn't find file 'middle_proximal_lvs.vtp'.
[2026-06-04 21:19:35.234] [warning] Couldn't find file 'middle_medial_lvs.vtp'.
[2026-06-04 21:19:35.234] [warning] Couldn't find file 'middle_distal_lvs.vtp'.
[2026-06-04 21:19:35.234] [warning] Couldn't find file 'metacarpal4_lvs.vtp'.
[2026-06-04 21:19:35.234] [warning] Couldn't find file 'ring_proximal_lvs.vtp'.
[2026-06-04 21:19:35.234] [warning] Couldn't find file 'ring_medial_lvs.vtp'.
[2026-06-04 21:19:35.234] [warning] Couldn't find file 'ring_distal_lvs.vtp'.
[2026-06-04 21:19:35.234] [warning] Couldn't find file 'metacarpal5_lvs.vtp'.
[2026-06-04 21:19:35.234] [warning] Couldn't find file 'little_proximal_lvs.vtp'.
[2026-06-04 21:19:35.234] [warning] Couldn't find file 'little_medial_lvs.vtp'.
[2026-06-04 21:19:35.234] [warning] Couldn't find file 'little_distal_lvs.vtp'.
[2026-06-04 21:19:35.234] [warning] Couldn't find file 'metacarpal1_lvs.vtp'.
[2026-06-04 21:19:35.234] [warning] Couldn't find file 'thumb_proximal_lvs.vtp'.
[2026-06-04 21:19:35.234] [warning] Couldn't find file 'thumb_distal_lvs.vtp'.
[2026-06-04 21:19:35.271] [info] Loaded model Full_Body_Walking_Model-Scaled_Adjusted from file ..\UF_Subject_4_Scaled_JMP_inactiveMuscles.osim
[2026-06-04 21:19:35.271] [warning] Couldn't find file 'r_pelvis.vtp'.
[2026-06-04 21:19:35.271] [warning] Couldn't find file 'l_pelvis.vtp'.
[2026-06-04 21:19:35.271] [warning] Couldn't find file 'sacrum.vtp'.
[2026-06-04 21:19:35.271] [warning] Couldn't find file 'r_femur.vtp'.
[2026-06-04 21:19:35.271] [warning] Couldn't find file 'r_patella.vtp'.
[2026-06-04 21:19:35.271] [warning] Couldn't find file 'r_tibia.vtp'.
[2026-06-04 21:19:35.271] [warning] Couldn't find file 'r_fibula.vtp'.
[2026-06-04 21:19:35.271] [warning] Couldn't find file 'r_talus.stl'.
[2026-06-04 21:19:35.272] [warning] Couldn't find file 'r_foot.vtp'.
[2026-06-04 21:19:35.272] [warning] Couldn't find file 'r_bofoot.vtp'.
[2026-06-04 21:19:35.272] [warning] Couldn't find file 'l_femur.vtp'.
[2026-06-04 21:19:35.272] [warning] Couldn't find file 'l_patella.vtp'.
[2026-06-04 21:19:35.272] [warning] Couldn't find file 'l_tibia.vtp'.
[2026-06-04 21:19:35.272] [warning] Couldn't find file 'l_fibula.vtp'.
[2026-06-04 21:19:35.272] [warning] Couldn't find file 'l_talus.stl'.
[2026-06-04 21:19:35.272] [warning] Couldn't find file 'l_foot.vtp'.
[2026-06-04 21:19:35.272] [warning] Couldn't find file 'l_bofoot.vtp'.
[2026-06-04 21:19:35.272] [warning] Couldn't find file 'hat_spine.vtp'.
[2026-06-04 21:19:35.272] [warning] Couldn't find file 'hat_jaw.vtp'.
[2026-06-04 21:19:35.272] [warning] Couldn't find file 'hat_skull.vtp'.
[2026-06-04 21:19:35.272] [warning] Couldn't find file 'hat_ribs_scap.vtp'.
[2026-06-04 21:19:35.272] [warning] Couldn't find file 'humerus_rv.vtp'.
[2026-06-04 21:19:35.272] [warning] Couldn't find file 'ulna_rv.vtp'.
[2026-06-04 21:19:35.272] [warning] Couldn't find file 'radius_rv.vtp'.
[2026-06-04 21:19:35.272] [warning] Couldn't find file 'pisiform_rvs.vtp'.
[2026-06-04 21:19:35.272] [warning] Couldn't find file 'lunate_rvs.vtp'.
[2026-06-04 21:19:35.272] [warning] Couldn't find file 'scaphoid_rvs.vtp'.
[2026-06-04 21:19:35.272] [warning] Couldn't find file 'triquetrum_rvs.vtp'.
[2026-06-04 21:19:35.273] [warning] Couldn't find file 'hamate_rvs.vtp'.
[2026-06-04 21:19:35.273] [warning] Couldn't find file 'capitate_rvs.vtp'.
[2026-06-04 21:19:35.273] [warning] Couldn't find file 'trapezoid_rvs.vtp'.
[2026-06-04 21:19:35.273] [warning] Couldn't find file 'trapezium_rvs.vtp'.
[2026-06-04 21:19:35.273] [warning] Couldn't find file 'metacarpal2_rvs.vtp'.
[2026-06-04 21:19:35.273] [warning] Couldn't find file 'index_proximal_rvs.vtp'.
[2026-06-04 21:19:35.273] [warning] Couldn't find file 'index_medial_rvs.vtp'.
[2026-06-04 21:19:35.273] [warning] Couldn't find file 'index_distal_rvs.vtp'.
[2026-06-04 21:19:35.273] [warning] Couldn't find file 'metacarpal3_rvs.vtp'.
[2026-06-04 21:19:35.273] [warning] Couldn't find file 'middle_proximal_rvs.vtp'.
[2026-06-04 21:19:35.273] [warning] Couldn't find file 'middle_medial_rvs.vtp'.
[2026-06-04 21:19:35.273] [warning] Couldn't find file 'middle_distal_rvs.vtp'.
[2026-06-04 21:19:35.273] [warning] Couldn't find file 'metacarpal4_rvs.vtp'.
[2026-06-04 21:19:35.273] [warning] Couldn't find file 'ring_proximal_rvs.vtp'.
[2026-06-04 21:19:35.273] [warning] Couldn't find file 'ring_medial_rvs.vtp'.
[2026-06-04 21:19:35.273] [warning] Couldn't find file 'ring_distal_rvs.vtp'.
[2026-06-04 21:19:35.273] [warning] Couldn't find file 'metacarpal5_rvs.vtp'.
[2026-06-04 21:19:35.273] [warning] Couldn't find file 'little_proximal_rvs.vtp'.
[2026-06-04 21:19:35.273] [warning] Couldn't find file 'little_medial_rvs.vtp'.
[2026-06-04 21:19:35.273] [warning] Couldn't find file 'little_distal_rvs.vtp'.
[2026-06-04 21:19:35.274] [warning] Couldn't find file 'metacarpal1_rvs.vtp'.
[2026-06-04 21:19:35.274] [warning] Couldn't find file 'thumb_proximal_rvs.vtp'.
[2026-06-04 21:19:35.274] [warning] Couldn't find file 'thumb_distal_rvs.vtp'.
[2026-06-04 21:19:35.274] [warning] Couldn't find file 'humerus_lv.vtp'.
[2026-06-04 21:19:35.274] [warning] Couldn't find file 'ulna_lv.vtp'.
[2026-06-04 21:19:35.274] [warning] Couldn't find file 'radius_lv.vtp'.
[2026-06-04 21:19:35.274] [warning] Couldn't find file 'pisiform_lvs.vtp'.
[2026-06-04 21:19:35.274] [warning] Couldn't find file 'lunate_lvs.vtp'.
[2026-06-04 21:19:35.274] [warning] Couldn't find file 'scaphoid_lvs.vtp'.
[2026-06-04 21:19:35.274] [warning] Couldn't find file 'triquetrum_lvs.vtp'.
[2026-06-04 21:19:35.274] [warning] Couldn't find file 'hamate_lvs.vtp'.
[2026-06-04 21:19:35.274] [warning] Couldn't find file 'capitate_lvs.vtp'.
[2026-06-04 21:19:35.274] [warning] Couldn't find file 'trapezoid_lvs.vtp'.
[2026-06-04 21:19:35.274] [warning] Couldn't find file 'trapezium_lvs.vtp'.
[2026-06-04 21:19:35.274] [warning] Couldn't find file 'metacarpal2_lvs.vtp'.
[2026-06-04 21:19:35.274] [warning] Couldn't find file 'index_proximal_lvs.vtp'.
[2026-06-04 21:19:35.274] [warning] Couldn't find file 'index_medial_lvs.vtp'.
[2026-06-04 21:19:35.274] [warning] Couldn't find file 'index_distal_lvs.vtp'.
[2026-06-04 21:19:35.274] [warning] Couldn't find file 'metacarpal3_lvs.vtp'.
[2026-06-04 21:19:35.274] [warning] Couldn't find file 'middle_proximal_lvs.vtp'.
[2026-06-04 21:19:35.275] [warning] Couldn't find file 'middle_medial_lvs.vtp'.
[2026-06-04 21:19:35.275] [warning] Couldn't find file 'middle_distal_lvs.vtp'.
[2026-06-04 21:19:35.275] [warning] Couldn't find file 'metacarpal4_lvs.vtp'.
[2026-06-04 21:19:35.275] [warning] Couldn't find file 'ring_proximal_lvs.vtp'.
[2026-06-04 21:19:35.275] [warning] Couldn't find file 'ring_medial_lvs.vtp'.
[2026-06-04 21:19:35.275] [warning] Couldn't find file 'ring_distal_lvs.vtp'.
[2026-06-04 21:19:35.275] [warning] Couldn't find file 'metacarpal5_lvs.vtp'.
[2026-06-04 21:19:35.275] [warning] Couldn't find file 'little_proximal_lvs.vtp'.
[2026-06-04 21:19:35.275] [warning] Couldn't find file 'little_medial_lvs.vtp'.
[2026-06-04 21:19:35.275] [warning] Couldn't find file 'little_distal_lvs.vtp'.
[2026-06-04 21:19:35.275] [warning] Couldn't find file 'metacarpal1_lvs.vtp'.
[2026-06-04 21:19:35.275] [warning] Couldn't find file 'thumb_proximal_lvs.vtp'.
[2026-06-04 21:19:35.275] [warning] Couldn't find file 'thumb_distal_lvs.vtp'.
[2026-06-04 21:19:37.662] [warning] Coordinate.setValue:  coordinate knee_adduction_r is locked. Unable to change its value.
[2026-06-04 21:19:37.662] [warning] Coordinate.setValue:  coordinate knee_adduction_l is locked. Unable to change its value.
[2026-06-04 21:19:37.662] [warning] Coordinate.setValue:  coordinate pro_sup_r is locked. Unable to change its value.
[2026-06-04 21:19:37.662] [warning] Coordinate.setValue:  coordinate pro_sup_l is locked. Unable to change its value.
[2026-06-04 21:19:37.662] [warning] Coordinate.setValue:  coordinate knee_adduction_r is locked. Unable to change its value.
[2026-06-04 21:19:37.662] [warning] Coordinate.setValue:  coordinate knee_adduction_r is locked. Unable to change its value.
[2026-06-04 21:19:37.662] [warning] Coordinate.setValue:  coordinate knee_adduction_r is locked. Unable to change its value.
[2026-06-04 21:19:37.662] [warning] Coordinate.setValue:  coordinate knee_adduction_r is locked. Unable to change its value.
[2026-06-04 21:19:37.662] [warning] Coordinate.setValue:  coordinate knee_adduction_r is locked. Unable to change its value.
[2026-06-04 21:19:37.662] [warning] Coordinate.setValue:  coordinate knee_adduction_r is locked. Unable to change its value.
[2026-06-04 21:19:37.662] [warning] Coordinate.setValue:  coordinate knee_adduction_r is locked. Unable to change its value.
[2026-06-04 21:19:37.662] [warning] Coordinate.setValue:  coordinate knee_adduction_r is locked. Unable to change its value.
[2026-06-04 21:19:37.662] [warning] Coordinate.setValue:  coordinate knee_adduction_r is locked. Unable to change its value.
[2026-06-04 21:19:37.662] [warning] Coordinate.setValue:  coordinate knee_adduction_r is locked. Unable to change its value.
[2026-06-04 21:19:37.662] [warning] Coordinate.setValue:  coordinate knee_adduction_r is locked. Unable to change its value.
[2026-06-04 21:19:37.662] [warning] Coordinate.setValue:  coordinate knee_adduction_l is locked. Unable to change its value.
[2026-06-04 21:19:37.662] [warning] Coordinate.setValue:  coordinate knee_adduction_r is locked. Unable to change its value.
[2026-06-04 21:19:37.662] [warning] Coordinate.setValue:  coordinate knee_adduction_l is locked. Unable to change its value.
[2026-06-04 21:19:37.662] [warning] Coordinate.setValue:  coordinate knee_adduction_l is locked. Unable to change its value.
[2026-06-04 21:19:37.662] [warning] Coordinate.setValue:  coordinate knee_adduction_r is locked. Unable to change its value.
[2026-06-04 21:19:37.662] [warning] Coordinate.setValue:  coordinate knee_adduction_r is locked. Unable to change its value.
[2026-06-04 21:19:37.662] [warning] Coordinate.setValue:  coordinate knee_adduction_l is locked. Unable to change its value.
[2026-06-04 21:19:37.662] [warning] Coordinate.setValue:  coordinate knee_adduction_l is locked. Unable to change its value.
[2026-06-04 21:19:37.662] [warning] Coordinate.setValue:  coordinate knee_adduction_r is locked. Unable to change its value.
[2026-06-04 21:19:37.662] [warning] Coordinate.setValue:  coordinate knee_adduction_l is locked. Unable to change its value.
[2026-06-04 21:19:37.662] [warning] Coordinate.setValue:  coordinate knee_adduction_l is locked. Unable to change its value.
[2026-06-04 21:19:37.662] [warning] Coordinate.setValue:  coordinate knee_adduction_l is locked. Unable to change its value.
[2026-06-04 21:19:37.662] [warning] Coordinate.setValue:  coordinate knee_adduction_r is locked. Unable to change its value.
[2026-06-04 21:19:37.662] [warning] Coordinate.setValue:  coordinate knee_adduction_l is locked. Unable to change its value.
[2026-06-04 21:19:37.662] [warning] Coordinate.setValue:  coordinate knee_adduction_l is locked. Unable to change its value.
[2026-06-04 21:19:37.662] [warning] Coordinate.setValue:  coordinate knee_adduction_l is locked. Unable to change its value.
[2026-06-04 21:19:37.662] [warning] Coordinate.setValue:  coordinate knee_adduction_l is locked. Unable to change its value.
[2026-06-04 21:19:37.662] [warning] Coordinate.setValue:  coordinate knee_adduction_l is locked. Unable to change its value.
[2026-06-04 21:19:37.662] [warning] Coordinate.setValue:  coordinate pro_sup_r is locked. Unable to change its value.
[2026-06-04 21:19:37.662] [warning] Coordinate.setValue:  coordinate pro_sup_r is locked. Unable to change its value.
[2026-06-04 21:19:37.662] [warning] Coordinate.setValue:  coordinate knee_adduction_r is locked. Unable to change its value.
[2026-06-04 21:19:37.662] [warning] Coordinate.setValue:  coordinate pro_sup_r is locked. Unable to change its value.
[2026-06-04 21:19:37.662] [warning] Coordinate.setValue:  coordinate pro_sup_r is locked. Unable to change its value.
[2026-06-04 21:19:37.662] [warning] Coordinate.setValue:  coordinate pro_sup_r is locked. Unable to change its value.
[2026-06-04 21:19:37.663] [warning] Coordinate.setValue:  coordinate pro_sup_r is locked. Unable to change its value.
[2026-06-04 21:19:37.662] [warning] Coordinate.setValue:  coordinate knee_adduction_l is locked. Unable to change its value.
[2026-06-04 21:19:37.662] [warning] Coordinate.setValue:  coordinate knee_adduction_r is locked. Unable to change its value.
[2026-06-04 21:19:37.662] [warning] Coordinate.setValue:  coordinate pro_sup_r is locked. Unable to change its value.
[2026-06-04 21:19:37.662] [warning] Coordinate.setValue:  coordinate knee_adduction_l is locked. Unable to change its value.
[2026-06-04 21:19:37.662] [warning] Coordinate.setValue:  coordinate knee_adduction_r is locked. Unable to change its value.
[2026-06-04 21:19:37.663] [warning] Coordinate.setValue:  coordinate pro_sup_r is locked. Unable to change its value.
[2026-06-04 21:19:37.663] [warning] Coordinate.setValue:  coordinate pro_sup_l is locked. Unable to change its value.
[2026-06-04 21:19:37.663] [warning] Coordinate.setValue:  coordinate pro_sup_l is locked. Unable to change its value.
[2026-06-04 21:19:37.663] [warning] Coordinate.setValue:  coordinate pro_sup_r is locked. Unable to change its value.
[2026-06-04 21:19:37.663] [warning] Coordinate.setValue:  coordinate pro_sup_l is locked. Unable to change its value.
[2026-06-04 21:19:37.663] [warning] Coordinate.setValue:  coordinate pro_sup_l is locked. Unable to change its value.
[2026-06-04 21:19:37.663] [warning] Coordinate.setValue:  coordinate pro_sup_l is locked. Unable to change its value.
[2026-06-04 21:19:37.663] [warning] Coordinate.setValue:  coordinate pro_sup_l is locked. Unable to change its value.
[2026-06-04 21:19:37.662] [warning] Coordinate.setValue:  coordinate knee_adduction_l is locked. Unable to change its value.
[2026-06-04 21:19:37.663] [warning] Coordinate.setValue:  coordinate pro_sup_l is locked. Unable to change its value.
[2026-06-04 21:19:37.663] [warning] Coordinate.setValue:  coordinate pro_sup_r is locked. Unable to change its value.
[2026-06-04 21:19:37.663] [warning] Coordinate.setValue:  coordinate knee_adduction_l is locked. Unable to change its value.
[2026-06-04 21:19:37.663] [warning] Coordinate.setValue:  coordinate pro_sup_r is locked. Unable to change its value.
[2026-06-04 21:19:37.663] [warning] Coordinate.setValue:  coordinate pro_sup_r is locked. Unable to change its value.
[2026-06-04 21:19:37.663] [warning] Coordinate.setValue:  coordinate pro_sup_r is locked. Unable to change its value.
[2026-06-04 21:19:37.663] [warning] Coordinate.setValue:  coordinate pro_sup_r is locked. Unable to change its value.
[2026-06-04 21:19:37.663] [warning] Coordinate.setValue:  coordinate knee_adduction_l is locked. Unable to change its value.
[2026-06-04 21:19:37.663] [warning] Coordinate.setValue:  coordinate pro_sup_l is locked. Unable to change its value.
[2026-06-04 21:19:37.663] [warning] Coordinate.setValue:  coordinate pro_sup_l is locked. Unable to change its value.
[2026-06-04 21:19:37.663] [warning] Coordinate.setValue:  coordinate pro_sup_l is locked. Unable to change its value.
[2026-06-04 21:19:37.663] [warning] Coordinate.setValue:  coordinate pro_sup_l is locked. Unable to change its value.
[2026-06-04 21:19:37.663] [warning] Coordinate.setValue:  coordinate pro_sup_r is locked. Unable to change its value.
[2026-06-04 21:19:37.663] [warning] Coordinate.setValue:  coordinate knee_adduction_l is locked. Unable to change its value.
[2026-06-04 21:19:37.663] [warning] Coordinate.setValue:  coordinate pro_sup_r is locked. Unable to change its value.
[2026-06-04 21:19:37.663] [warning] Coordinate.setValue:  coordinate pro_sup_l is locked. Unable to change its value.
[2026-06-04 21:19:37.663] [warning] Coordinate.setValue:  coordinate pro_sup_l is locked. Unable to change its value.
[2026-06-04 21:19:37.663] [warning] Coordinate.setValue:  coordinate pro_sup_l is locked. Unable to change its value.
[2026-06-04 21:19:37.663] [warning] Coordinate.setValue:  coordinate pro_sup_r is locked. Unable to change its value.
[2026-06-04 21:19:37.663] [warning] Coordinate.setValue:  coordinate pro_sup_l is locked. Unable to change its value.
[2026-06-04 21:19:37.663] [warning] Coordinate.setValue:  coordinate pro_sup_l is locked. Unable to change its value.
[2026-06-04 21:19:37.663] [warning] Coordinate.setValue:  coordinate pro_sup_r is locked. Unable to change its value.
[2026-06-04 21:19:37.663] [warning] Coordinate.setValue:  coordinate pro_sup_r is locked. Unable to change its value.
[2026-06-04 21:19:37.663] [warning] Coordinate.setValue:  coordinate pro_sup_l is locked. Unable to change its value.
[2026-06-04 21:19:37.663] [warning] Coordinate.setValue:  coordinate pro_sup_l is locked. Unable to change its value.
[2026-06-04 21:19:37.663] [warning] Coordinate.setValue:  coordinate pro_sup_l is locked. Unable to change its value.
[2026-06-04 21:28:36.212] [info] Loaded model Full_Body_Walking_Model-Scaled_Adjusted from file ..\UF_Subject_4_Scaled_JMP.osim
[2026-06-04 21:28:36.213] [warning] Couldn't find file 'r_pelvis.vtp'.
[2026-06-04 21:28:36.213] [warning] Couldn't find file 'l_pelvis.vtp'.
[2026-06-04 21:28:36.213] [warning] Couldn't find file 'sacrum.vtp'.
[2026-06-04 21:28:36.213] [warning] Couldn't find file 'r_femur.vtp'.
[2026-06-04 21:28:36.213] [warning] Couldn't find file 'r_patella.vtp'.
[2026-06-04 21:28:36.213] [warning] Couldn't find file 'r_tibia.vtp'.
[2026-06-04 21:28:36.213] [warning] Couldn't find file 'r_fibula.vtp'.
[2026-06-04 21:28:36.213] [warning] Couldn't find file 'r_talus.stl'.
[2026-06-04 21:28:36.213] [warning] Couldn't find file 'r_foot.vtp'.
[2026-06-04 21:28:36.213] [warning] Couldn't find file 'r_bofoot.vtp'.
[2026-06-04 21:28:36.213] [warning] Couldn't find file 'l_femur.vtp'.
[2026-06-04 21:28:36.214] [warning] Couldn't find file 'l_patella.vtp'.
[2026-06-04 21:28:36.214] [warning] Couldn't find file 'l_tibia.vtp'.
[2026-06-04 21:28:36.214] [warning] Couldn't find file 'l_fibula.vtp'.
[2026-06-04 21:28:36.214] [warning] Couldn't find file 'l_talus.stl'.
[2026-06-04 21:28:36.214] [warning] Couldn't find file 'l_foot.vtp'.
[2026-06-04 21:28:36.214] [warning] Couldn't find file 'l_bofoot.vtp'.
[2026-06-04 21:28:36.214] [warning] Couldn't find file 'hat_spine.vtp'.
[2026-06-04 21:28:36.214] [warning] Couldn't find file 'hat_jaw.vtp'.
[2026-06-04 21:28:36.214] [warning] Couldn't find file 'hat_skull.vtp'.
[2026-06-04 21:28:36.214] [warning] Couldn't find file 'hat_ribs_scap.vtp'.
[2026-06-04 21:28:36.214] [warning] Couldn't find file 'humerus_rv.vtp'.
[2026-06-04 21:28:36.214] [warning] Couldn't find file 'ulna_rv.vtp'.
[2026-06-04 21:28:36.214] [warning] Couldn't find file 'radius_rv.vtp'.
[2026-06-04 21:28:36.214] [warning] Couldn't find file 'pisiform_rvs.vtp'.
[2026-06-04 21:28:36.214] [warning] Couldn't find file 'lunate_rvs.vtp'.
[2026-06-04 21:28:36.214] [warning] Couldn't find file 'scaphoid_rvs.vtp'.
[2026-06-04 21:28:36.214] [warning] Couldn't find file 'triquetrum_rvs.vtp'.
[2026-06-04 21:28:36.214] [warning] Couldn't find file 'hamate_rvs.vtp'.
[2026-06-04 21:28:36.215] [warning] Couldn't find file 'capitate_rvs.vtp'.
[2026-06-04 21:28:36.215] [warning] Couldn't find file 'trapezoid_rvs.vtp'.
[2026-06-04 21:28:36.215] [warning] Couldn't find file 'trapezium_rvs.vtp'.
[2026-06-04 21:28:36.215] [warning] Couldn't find file 'metacarpal2_rvs.vtp'.
[2026-06-04 21:28:36.215] [warning] Couldn't find file 'index_proximal_rvs.vtp'.
[2026-06-04 21:28:36.215] [warning] Couldn't find file 'index_medial_rvs.vtp'.
[2026-06-04 21:28:36.215] [warning] Couldn't find file 'index_distal_rvs.vtp'.
[2026-06-04 21:28:36.215] [warning] Couldn't find file 'metacarpal3_rvs.vtp'.
[2026-06-04 21:28:36.215] [warning] Couldn't find file 'middle_proximal_rvs.vtp'.
[2026-06-04 21:28:36.215] [warning] Couldn't find file 'middle_medial_rvs.vtp'.
[2026-06-04 21:28:36.215] [warning] Couldn't find file 'middle_distal_rvs.vtp'.
[2026-06-04 21:28:36.215] [warning] Couldn't find file 'metacarpal4_rvs.vtp'.
[2026-06-04 21:28:36.215] [warning] Couldn't find file 'ring_proximal_rvs.vtp'.
[2026-06-04 21:28:36.215] [warning] Couldn't find file 'ring_medial_rvs.vtp'.
[2026-06-04 21:28:36.215] [warning] Couldn't find file 'ring_distal_rvs.vtp'.
[2026-06-04 21:28:36.215] [warning] Couldn't find file 'metacarpal5_rvs.vtp'.
[2026-06-04 21:28:36.215] [warning] Couldn't find file 'little_proximal_rvs.vtp'.
[2026-06-04 21:28:36.215] [warning] Couldn't find file 'little_medial_rvs.vtp'.
[2026-06-04 21:28:36.215] [warning] Couldn't find file 'little_distal_rvs.vtp'.
[2026-06-04 21:28:36.215] [warning] Couldn't find file 'metacarpal1_rvs.vtp'.
[2026-06-04 21:28:36.216] [warning] Couldn't find file 'thumb_proximal_rvs.vtp'.
[2026-06-04 21:28:36.216] [warning] Couldn't find file 'thumb_distal_rvs.vtp'.
[2026-06-04 21:28:36.216] [warning] Couldn't find file 'humerus_lv.vtp'.
[2026-06-04 21:28:36.216] [warning] Couldn't find file 'ulna_lv.vtp'.
[2026-06-04 21:28:36.216] [warning] Couldn't find file 'radius_lv.vtp'.
[2026-06-04 21:28:36.216] [warning] Couldn't find file 'pisiform_lvs.vtp'.
[2026-06-04 21:28:36.216] [warning] Couldn't find file 'lunate_lvs.vtp'.
[2026-06-04 21:28:36.216] [warning] Couldn't find file 'scaphoid_lvs.vtp'.
[2026-06-04 21:28:36.216] [warning] Couldn't find file 'triquetrum_lvs.vtp'.
[2026-06-04 21:28:36.216] [warning] Couldn't find file 'hamate_lvs.vtp'.
[2026-06-04 21:28:36.216] [warning] Couldn't find file 'capitate_lvs.vtp'.
[2026-06-04 21:28:36.216] [warning] Couldn't find file 'trapezoid_lvs.vtp'.
[2026-06-04 21:28:36.216] [warning] Couldn't find file 'trapezium_lvs.vtp'.
[2026-06-04 21:28:36.216] [warning] Couldn't find file 'metacarpal2_lvs.vtp'.
[2026-06-04 21:28:36.216] [warning] Couldn't find file 'index_proximal_lvs.vtp'.
[2026-06-04 21:28:36.216] [warning] Couldn't find file 'index_medial_lvs.vtp'.
[2026-06-04 21:28:36.216] [warning] Couldn't find file 'index_distal_lvs.vtp'.
[2026-06-04 21:28:36.216] [warning] Couldn't find file 'metacarpal3_lvs.vtp'.
[2026-06-04 21:28:36.216] [warning] Couldn't find file 'middle_proximal_lvs.vtp'.
[2026-06-04 21:28:36.217] [warning] Couldn't find file 'middle_medial_lvs.vtp'.
[2026-06-04 21:28:36.217] [warning] Couldn't find file 'middle_distal_lvs.vtp'.
[2026-06-04 21:28:36.217] [warning] Couldn't find file 'metacarpal4_lvs.vtp'.
[2026-06-04 21:28:36.217] [warning] Couldn't find file 'ring_proximal_lvs.vtp'.
[2026-06-04 21:28:36.217] [warning] Couldn't find file 'ring_medial_lvs.vtp'.
[2026-06-04 21:28:36.217] [warning] Couldn't find file 'ring_distal_lvs.vtp'.
[2026-06-04 21:28:36.217] [warning] Couldn't find file 'metacarpal5_lvs.vtp'.
[2026-06-04 21:28:36.217] [warning] Couldn't find file 'little_proximal_lvs.vtp'.
[2026-06-04 21:28:36.217] [warning] Couldn't find file 'little_medial_lvs.vtp'.
[2026-06-04 21:28:36.217] [warning] Couldn't find file 'little_distal_lvs.vtp'.
[2026-06-04 21:28:36.217] [warning] Couldn't find file 'metacarpal1_lvs.vtp'.
[2026-06-04 21:28:36.217] [warning] Couldn't find file 'thumb_proximal_lvs.vtp'.
[2026-06-04 21:28:36.217] [warning] Couldn't find file 'thumb_distal_lvs.vtp'.
[2026-06-04 21:28:36.569] [info] Loaded model Full_Body_Walking_Model-Scaled_Adjusted from file ..\UF_Subject_4_Scaled_JMP.osim
[2026-06-04 21:28:36.569] [warning] Couldn't find file 'r_pelvis.vtp'.
[2026-06-04 21:28:36.569] [warning] Couldn't find file 'l_pelvis.vtp'.
[2026-06-04 21:28:36.569] [warning] Couldn't find file 'sacrum.vtp'.
[2026-06-04 21:28:36.569] [warning] Couldn't find file 'r_femur.vtp'.
[2026-06-04 21:28:36.569] [warning] Couldn't find file 'r_patella.vtp'.
[2026-06-04 21:28:36.569] [warning] Couldn't find file 'r_tibia.vtp'.
[2026-06-04 21:28:36.569] [warning] Couldn't find file 'r_fibula.vtp'.
[2026-06-04 21:28:36.569] [warning] Couldn't find file 'r_talus.stl'.
[2026-06-04 21:28:36.569] [warning] Couldn't find file 'r_foot.vtp'.
[2026-06-04 21:28:36.570] [warning] Couldn't find file 'r_bofoot.vtp'.
[2026-06-04 21:28:36.570] [warning] Couldn't find file 'l_femur.vtp'.
[2026-06-04 21:28:36.570] [warning] Couldn't find file 'l_patella.vtp'.
[2026-06-04 21:28:36.570] [warning] Couldn't find file 'l_tibia.vtp'.
[2026-06-04 21:28:36.570] [warning] Couldn't find file 'l_fibula.vtp'.
[2026-06-04 21:28:36.570] [warning] Couldn't find file 'l_talus.stl'.
[2026-06-04 21:28:36.570] [warning] Couldn't find file 'l_foot.vtp'.
[2026-06-04 21:28:36.570] [warning] Couldn't find file 'l_bofoot.vtp'.
[2026-06-04 21:28:36.570] [warning] Couldn't find file 'hat_spine.vtp'.
[2026-06-04 21:28:36.570] [warning] Couldn't find file 'hat_jaw.vtp'.
[2026-06-04 21:28:36.570] [warning] Couldn't find file 'hat_skull.vtp'.
[2026-06-04 21:28:36.570] [warning] Couldn't find file 'hat_ribs_scap.vtp'.
[2026-06-04 21:28:36.570] [warning] Couldn't find file 'humerus_rv.vtp'.
[2026-06-04 21:28:36.570] [warning] Couldn't find file 'ulna_rv.vtp'.
[2026-06-04 21:28:36.570] [warning] Couldn't find file 'radius_rv.vtp'.
[2026-06-04 21:28:36.570] [warning] Couldn't find file 'pisiform_rvs.vtp'.
[2026-06-04 21:28:36.570] [warning] Couldn't find file 'lunate_rvs.vtp'.
[2026-06-04 21:28:36.571] [warning] Couldn't find file 'scaphoid_rvs.vtp'.
[2026-06-04 21:28:36.571] [warning] Couldn't find file 'triquetrum_rvs.vtp'.
[2026-06-04 21:28:36.571] [warning] Couldn't find file 'hamate_rvs.vtp'.
[2026-06-04 21:28:36.571] [warning] Couldn't find file 'capitate_rvs.vtp'.
[2026-06-04 21:28:36.571] [warning] Couldn't find file 'trapezoid_rvs.vtp'.
[2026-06-04 21:28:36.571] [warning] Couldn't find file 'trapezium_rvs.vtp'.
[2026-06-04 21:28:36.571] [warning] Couldn't find file 'metacarpal2_rvs.vtp'.
[2026-06-04 21:28:36.571] [warning] Couldn't find file 'index_proximal_rvs.vtp'.
[2026-06-04 21:28:36.571] [warning] Couldn't find file 'index_medial_rvs.vtp'.
[2026-06-04 21:28:36.571] [warning] Couldn't find file 'index_distal_rvs.vtp'.
[2026-06-04 21:28:36.571] [warning] Couldn't find file 'metacarpal3_rvs.vtp'.
[2026-06-04 21:28:36.571] [warning] Couldn't find file 'middle_proximal_rvs.vtp'.
[2026-06-04 21:28:36.571] [warning] Couldn't find file 'middle_medial_rvs.vtp'.
[2026-06-04 21:28:36.571] [warning] Couldn't find file 'middle_distal_rvs.vtp'.
[2026-06-04 21:28:36.571] [warning] Couldn't find file 'metacarpal4_rvs.vtp'.
[2026-06-04 21:28:36.571] [warning] Couldn't find file 'ring_proximal_rvs.vtp'.
[2026-06-04 21:28:36.571] [warning] Couldn't find file 'ring_medial_rvs.vtp'.
[2026-06-04 21:28:36.571] [warning] Couldn't find file 'ring_distal_rvs.vtp'.
[2026-06-04 21:28:36.571] [warning] Couldn't find file 'metacarpal5_rvs.vtp'.
[2026-06-04 21:28:36.572] [warning] Couldn't find file 'little_proximal_rvs.vtp'.
[2026-06-04 21:28:36.572] [warning] Couldn't find file 'little_medial_rvs.vtp'.
[2026-06-04 21:28:36.572] [warning] Couldn't find file 'little_distal_rvs.vtp'.
[2026-06-04 21:28:36.572] [warning] Couldn't find file 'metacarpal1_rvs.vtp'.
[2026-06-04 21:28:36.572] [warning] Couldn't find file 'thumb_proximal_rvs.vtp'.
[2026-06-04 21:28:36.572] [warning] Couldn't find file 'thumb_distal_rvs.vtp'.
[2026-06-04 21:28:36.572] [warning] Couldn't find file 'humerus_lv.vtp'.
[2026-06-04 21:28:36.572] [warning] Couldn't find file 'ulna_lv.vtp'.
[2026-06-04 21:28:36.572] [warning] Couldn't find file 'radius_lv.vtp'.
[2026-06-04 21:28:36.572] [warning] Couldn't find file 'pisiform_lvs.vtp'.
[2026-06-04 21:28:36.572] [warning] Couldn't find file 'lunate_lvs.vtp'.
[2026-06-04 21:28:36.572] [warning] Couldn't find file 'scaphoid_lvs.vtp'.
[2026-06-04 21:28:36.572] [warning] Couldn't find file 'triquetrum_lvs.vtp'.
[2026-06-04 21:28:36.572] [warning] Couldn't find file 'hamate_lvs.vtp'.
[2026-06-04 21:28:36.572] [warning] Couldn't find file 'capitate_lvs.vtp'.
[2026-06-04 21:28:36.572] [warning] Couldn't find file 'trapezoid_lvs.vtp'.
[2026-06-04 21:28:36.572] [warning] Couldn't find file 'trapezium_lvs.vtp'.
[2026-06-04 21:28:36.572] [warning] Couldn't find file 'metacarpal2_lvs.vtp'.
[2026-06-04 21:28:36.572] [warning] Couldn't find file 'index_proximal_lvs.vtp'.
[2026-06-04 21:28:36.572] [warning] Couldn't find file 'index_medial_lvs.vtp'.
[2026-06-04 21:28:36.573] [warning] Couldn't find file 'index_distal_lvs.vtp'.
[2026-06-04 21:28:36.573] [warning] Couldn't find file 'metacarpal3_lvs.vtp'.
[2026-06-04 21:28:36.573] [warning] Couldn't find file 'middle_proximal_lvs.vtp'.
[2026-06-04 21:28:36.573] [warning] Couldn't find file 'middle_medial_lvs.vtp'.
[2026-06-04 21:28:36.573] [warning] Couldn't find file 'middle_distal_lvs.vtp'.
[2026-06-04 21:28:36.573] [warning] Couldn't find file 'metacarpal4_lvs.vtp'.
[2026-06-04 21:28:36.573] [warning] Couldn't find file 'ring_proximal_lvs.vtp'.
[2026-06-04 21:28:36.573] [warning] Couldn't find file 'ring_medial_lvs.vtp'.
[2026-06-04 21:28:36.573] [warning] Couldn't find file 'ring_distal_lvs.vtp'.
[2026-06-04 21:28:36.573] [warning] Couldn't find file 'metacarpal5_lvs.vtp'.
[2026-06-04 21:28:36.573] [warning] Couldn't find file 'little_proximal_lvs.vtp'.
[2026-06-04 21:28:36.573] [warning] Couldn't find file 'little_medial_lvs.vtp'.
[2026-06-04 21:28:36.573] [warning] Couldn't find file 'little_distal_lvs.vtp'.
[2026-06-04 21:28:36.573] [warning] Couldn't find file 'metacarpal1_lvs.vtp'.
[2026-06-04 21:28:36.573] [warning] Couldn't find file 'thumb_proximal_lvs.vtp'.
[2026-06-04 21:28:36.573] [warning] Couldn't find file 'thumb_distal_lvs.vtp'.
[2026-06-04 21:28:36.919] [info] Loaded model Full_Body_Walking_Model-Scaled_Adjusted from file ..\UF_Subject_4_Scaled_JMP.osim
[2026-06-04 21:28:36.919] [warning] Couldn't find file 'r_pelvis.vtp'.
[2026-06-04 21:28:36.919] [warning] Couldn't find file 'l_pelvis.vtp'.
[2026-06-04 21:28:36.919] [warning] Couldn't find file 'sacrum.vtp'.
[2026-06-04 21:28:36.919] [warning] Couldn't find file 'r_femur.vtp'.
[2026-06-04 21:28:36.919] [warning] Couldn't find file 'r_patella.vtp'.
[2026-06-04 21:28:36.919] [warning] Couldn't find file 'r_tibia.vtp'.
[2026-06-04 21:28:36.919] [warning] Couldn't find file 'r_fibula.vtp'.
[2026-06-04 21:28:36.920] [warning] Couldn't find file 'r_talus.stl'.
[2026-06-04 21:28:36.920] [warning] Couldn't find file 'r_foot.vtp'.
[2026-06-04 21:28:36.920] [warning] Couldn't find file 'r_bofoot.vtp'.
[2026-06-04 21:28:36.920] [warning] Couldn't find file 'l_femur.vtp'.
[2026-06-04 21:28:36.920] [warning] Couldn't find file 'l_patella.vtp'.
[2026-06-04 21:28:36.920] [warning] Couldn't find file 'l_tibia.vtp'.
[2026-06-04 21:28:36.920] [warning] Couldn't find file 'l_fibula.vtp'.
[2026-06-04 21:28:36.920] [warning] Couldn't find file 'l_talus.stl'.
[2026-06-04 21:28:36.920] [warning] Couldn't find file 'l_foot.vtp'.
[2026-06-04 21:28:36.920] [warning] Couldn't find file 'l_bofoot.vtp'.
[2026-06-04 21:28:36.920] [warning] Couldn't find file 'hat_spine.vtp'.
[2026-06-04 21:28:36.920] [warning] Couldn't find file 'hat_jaw.vtp'.
[2026-06-04 21:28:36.920] [warning] Couldn't find file 'hat_skull.vtp'.
[2026-06-04 21:28:36.920] [warning] Couldn't find file 'hat_ribs_scap.vtp'.
[2026-06-04 21:28:36.920] [warning] Couldn't find file 'humerus_rv.vtp'.
[2026-06-04 21:28:36.920] [warning] Couldn't find file 'ulna_rv.vtp'.
[2026-06-04 21:28:36.920] [warning] Couldn't find file 'radius_rv.vtp'.
[2026-06-04 21:28:36.921] [warning] Couldn't find file 'pisiform_rvs.vtp'.
[2026-06-04 21:28:36.921] [warning] Couldn't find file 'lunate_rvs.vtp'.
[2026-06-04 21:28:36.921] [warning] Couldn't find file 'scaphoid_rvs.vtp'.
[2026-06-04 21:28:36.921] [warning] Couldn't find file 'triquetrum_rvs.vtp'.
[2026-06-04 21:28:36.921] [warning] Couldn't find file 'hamate_rvs.vtp'.
[2026-06-04 21:28:36.921] [warning] Couldn't find file 'capitate_rvs.vtp'.
[2026-06-04 21:28:36.921] [warning] Couldn't find file 'trapezoid_rvs.vtp'.
[2026-06-04 21:28:36.921] [warning] Couldn't find file 'trapezium_rvs.vtp'.
[2026-06-04 21:28:36.921] [warning] Couldn't find file 'metacarpal2_rvs.vtp'.
[2026-06-04 21:28:36.921] [warning] Couldn't find file 'index_proximal_rvs.vtp'.
[2026-06-04 21:28:36.921] [warning] Couldn't find file 'index_medial_rvs.vtp'.
[2026-06-04 21:28:36.921] [warning] Couldn't find file 'index_distal_rvs.vtp'.
[2026-06-04 21:28:36.921] [warning] Couldn't find file 'metacarpal3_rvs.vtp'.
[2026-06-04 21:28:36.921] [warning] Couldn't find file 'middle_proximal_rvs.vtp'.
[2026-06-04 21:28:36.921] [warning] Couldn't find file 'middle_medial_rvs.vtp'.
[2026-06-04 21:28:36.921] [warning] Couldn't find file 'middle_distal_rvs.vtp'.
[2026-06-04 21:28:36.921] [warning] Couldn't find file 'metacarpal4_rvs.vtp'.
[2026-06-04 21:28:36.921] [warning] Couldn't find file 'ring_proximal_rvs.vtp'.
[2026-06-04 21:28:36.921] [warning] Couldn't find file 'ring_medial_rvs.vtp'.
[2026-06-04 21:28:36.922] [warning] Couldn't find file 'ring_distal_rvs.vtp'.
[2026-06-04 21:28:36.922] [warning] Couldn't find file 'metacarpal5_rvs.vtp'.
[2026-06-04 21:28:36.922] [warning] Couldn't find file 'little_proximal_rvs.vtp'.
[2026-06-04 21:28:36.922] [warning] Couldn't find file 'little_medial_rvs.vtp'.
[2026-06-04 21:28:36.922] [warning] Couldn't find file 'little_distal_rvs.vtp'.
[2026-06-04 21:28:36.922] [warning] Couldn't find file 'metacarpal1_rvs.vtp'.
[2026-06-04 21:28:36.922] [warning] Couldn't find file 'thumb_proximal_rvs.vtp'.
[2026-06-04 21:28:36.922] [warning] Couldn't find file 'thumb_distal_rvs.vtp'.
[2026-06-04 21:28:36.922] [warning] Couldn't find file 'humerus_lv.vtp'.
[2026-06-04 21:28:36.922] [warning] Couldn't find file 'ulna_lv.vtp'.
[2026-06-04 21:28:36.922] [warning] Couldn't find file 'radius_lv.vtp'.
[2026-06-04 21:28:36.922] [warning] Couldn't find file 'pisiform_lvs.vtp'.
[2026-06-04 21:28:36.922] [warning] Couldn't find file 'lunate_lvs.vtp'.
[2026-06-04 21:28:36.922] [warning] Couldn't find file 'scaphoid_lvs.vtp'.
[2026-06-04 21:28:36.922] [warning] Couldn't find file 'triquetrum_lvs.vtp'.
[2026-06-04 21:28:36.922] [warning] Couldn't find file 'hamate_lvs.vtp'.
[2026-06-04 21:28:36.922] [warning] Couldn't find file 'capitate_lvs.vtp'.
[2026-06-04 21:28:36.922] [warning] Couldn't find file 'trapezoid_lvs.vtp'.
[2026-06-04 21:28:36.922] [warning] Couldn't find file 'trapezium_lvs.vtp'.
[2026-06-04 21:28:36.922] [warning] Couldn't find file 'metacarpal2_lvs.vtp'.
[2026-06-04 21:28:36.923] [warning] Couldn't find file 'index_proximal_lvs.vtp'.
[2026-06-04 21:28:36.923] [warning] Couldn't find file 'index_medial_lvs.vtp'.
[2026-06-04 21:28:36.923] [warning] Couldn't find file 'index_distal_lvs.vtp'.
[2026-06-04 21:28:36.923] [warning] Couldn't find file 'metacarpal3_lvs.vtp'.
[2026-06-04 21:28:36.923] [warning] Couldn't find file 'middle_proximal_lvs.vtp'.
[2026-06-04 21:28:36.923] [warning] Couldn't find file 'middle_medial_lvs.vtp'.
[2026-06-04 21:28:36.923] [warning] Couldn't find file 'middle_distal_lvs.vtp'.
[2026-06-04 21:28:36.923] [warning] Couldn't find file 'metacarpal4_lvs.vtp'.
[2026-06-04 21:28:36.923] [warning] Couldn't find file 'ring_proximal_lvs.vtp'.
[2026-06-04 21:28:36.923] [warning] Couldn't find file 'ring_medial_lvs.vtp'.
[2026-06-04 21:28:36.923] [warning] Couldn't find file 'ring_distal_lvs.vtp'.
[2026-06-04 21:28:36.923] [warning] Couldn't find file 'metacarpal5_lvs.vtp'.
[2026-06-04 21:28:36.923] [warning] Couldn't find file 'little_proximal_lvs.vtp'.
[2026-06-04 21:28:36.923] [warning] Couldn't find file 'little_medial_lvs.vtp'.
[2026-06-04 21:28:36.923] [warning] Couldn't find file 'little_distal_lvs.vtp'.
[2026-06-04 21:28:36.923] [warning] Couldn't find file 'metacarpal1_lvs.vtp'.
[2026-06-04 21:28:36.923] [warning] Couldn't find file 'thumb_proximal_lvs.vtp'.
[2026-06-04 21:28:36.923] [warning] Couldn't find file 'thumb_distal_lvs.vtp'.
[2026-06-04 21:28:38.312] [info] Loaded model Full_Body_Walking_Model-Scaled_Adjusted from file ..\UF_Subject_4_Scaled_JMP.osim
[2026-06-04 21:28:38.312] [warning] Couldn't find file 'r_pelvis.vtp'.
[2026-06-04 21:28:38.312] [warning] Couldn't find file 'l_pelvis.vtp'.
[2026-06-04 21:28:38.312] [warning] Couldn't find file 'sacrum.vtp'.
[2026-06-04 21:28:38.312] [warning] Couldn't find file 'r_femur.vtp'.
[2026-06-04 21:28:38.312] [warning] Couldn't find file 'r_patella.vtp'.
[2026-06-04 21:28:38.313] [warning] Couldn't find file 'r_tibia.vtp'.
[2026-06-04 21:28:38.313] [warning] Couldn't find file 'r_fibula.vtp'.
[2026-06-04 21:28:38.313] [warning] Couldn't find file 'r_talus.stl'.
[2026-06-04 21:28:38.313] [warning] Couldn't find file 'r_foot.vtp'.
[2026-06-04 21:28:38.313] [warning] Couldn't find file 'r_bofoot.vtp'.
[2026-06-04 21:28:38.313] [warning] Couldn't find file 'l_femur.vtp'.
[2026-06-04 21:28:38.313] [warning] Couldn't find file 'l_patella.vtp'.
[2026-06-04 21:28:38.313] [warning] Couldn't find file 'l_tibia.vtp'.
[2026-06-04 21:28:38.313] [warning] Couldn't find file 'l_fibula.vtp'.
[2026-06-04 21:28:38.313] [warning] Couldn't find file 'l_talus.stl'.
[2026-06-04 21:28:38.313] [warning] Couldn't find file 'l_foot.vtp'.
[2026-06-04 21:28:38.313] [warning] Couldn't find file 'l_bofoot.vtp'.
[2026-06-04 21:28:38.313] [warning] Couldn't find file 'hat_spine.vtp'.
[2026-06-04 21:28:38.313] [warning] Couldn't find file 'hat_jaw.vtp'.
[2026-06-04 21:28:38.313] [warning] Couldn't find file 'hat_skull.vtp'.
[2026-06-04 21:28:38.313] [warning] Couldn't find file 'hat_ribs_scap.vtp'.
[2026-06-04 21:28:38.313] [warning] Couldn't find file 'humerus_rv.vtp'.
[2026-06-04 21:28:38.313] [warning] Couldn't find file 'ulna_rv.vtp'.
[2026-06-04 21:28:38.314] [warning] Couldn't find file 'radius_rv.vtp'.
[2026-06-04 21:28:38.314] [warning] Couldn't find file 'pisiform_rvs.vtp'.
[2026-06-04 21:28:38.314] [warning] Couldn't find file 'lunate_rvs.vtp'.
[2026-06-04 21:28:38.314] [warning] Couldn't find file 'scaphoid_rvs.vtp'.
[2026-06-04 21:28:38.314] [warning] Couldn't find file 'triquetrum_rvs.vtp'.
[2026-06-04 21:28:38.314] [warning] Couldn't find file 'hamate_rvs.vtp'.
[2026-06-04 21:28:38.314] [warning] Couldn't find file 'capitate_rvs.vtp'.
[2026-06-04 21:28:38.314] [warning] Couldn't find file 'trapezoid_rvs.vtp'.
[2026-06-04 21:28:38.314] [warning] Couldn't find file 'trapezium_rvs.vtp'.
[2026-06-04 21:28:38.314] [warning] Couldn't find file 'metacarpal2_rvs.vtp'.
[2026-06-04 21:28:38.314] [warning] Couldn't find file 'index_proximal_rvs.vtp'.
[2026-06-04 21:28:38.314] [warning] Couldn't find file 'index_medial_rvs.vtp'.
[2026-06-04 21:28:38.314] [warning] Couldn't find file 'index_distal_rvs.vtp'.
[2026-06-04 21:28:38.314] [warning] Couldn't find file 'metacarpal3_rvs.vtp'.
[2026-06-04 21:28:38.314] [warning] Couldn't find file 'middle_proximal_rvs.vtp'.
[2026-06-04 21:28:38.314] [warning] Couldn't find file 'middle_medial_rvs.vtp'.
[2026-06-04 21:28:38.314] [warning] Couldn't find file 'middle_distal_rvs.vtp'.
[2026-06-04 21:28:38.314] [warning] Couldn't find file 'metacarpal4_rvs.vtp'.
[2026-06-04 21:28:38.314] [warning] Couldn't find file 'ring_proximal_rvs.vtp'.
[2026-06-04 21:28:38.315] [warning] Couldn't find file 'ring_medial_rvs.vtp'.
[2026-06-04 21:28:38.315] [warning] Couldn't find file 'ring_distal_rvs.vtp'.
[2026-06-04 21:28:38.315] [warning] Couldn't find file 'metacarpal5_rvs.vtp'.
[2026-06-04 21:28:38.315] [warning] Couldn't find file 'little_proximal_rvs.vtp'.
[2026-06-04 21:28:38.315] [warning] Couldn't find file 'little_medial_rvs.vtp'.
[2026-06-04 21:28:38.315] [warning] Couldn't find file 'little_distal_rvs.vtp'.
[2026-06-04 21:28:38.315] [warning] Couldn't find file 'metacarpal1_rvs.vtp'.
[2026-06-04 21:28:38.315] [warning] Couldn't find file 'thumb_proximal_rvs.vtp'.
[2026-06-04 21:28:38.315] [warning] Couldn't find file 'thumb_distal_rvs.vtp'.
[2026-06-04 21:28:38.315] [warning] Couldn't find file 'humerus_lv.vtp'.
[2026-06-04 21:28:38.315] [warning] Couldn't find file 'ulna_lv.vtp'.
[2026-06-04 21:28:38.315] [warning] Couldn't find file 'radius_lv.vtp'.
[2026-06-04 21:28:38.315] [warning] Couldn't find file 'pisiform_lvs.vtp'.
[2026-06-04 21:28:38.315] [warning] Couldn't find file 'lunate_lvs.vtp'.
[2026-06-04 21:28:38.315] [warning] Couldn't find file 'scaphoid_lvs.vtp'.
[2026-06-04 21:28:38.315] [warning] Couldn't find file 'triquetrum_lvs.vtp'.
[2026-06-04 21:28:38.315] [warning] Couldn't find file 'hamate_lvs.vtp'.
[2026-06-04 21:28:38.315] [warning] Couldn't find file 'capitate_lvs.vtp'.
[2026-06-04 21:28:38.315] [warning] Couldn't find file 'trapezoid_lvs.vtp'.
[2026-06-04 21:28:38.316] [warning] Couldn't find file 'trapezium_lvs.vtp'.
[2026-06-04 21:28:38.316] [warning] Couldn't find file 'metacarpal2_lvs.vtp'.
[2026-06-04 21:28:38.316] [warning] Couldn't find file 'index_proximal_lvs.vtp'.
[2026-06-04 21:28:38.316] [warning] Couldn't find file 'index_medial_lvs.vtp'.
[2026-06-04 21:28:38.316] [warning] Couldn't find file 'index_distal_lvs.vtp'.
[2026-06-04 21:28:38.316] [warning] Couldn't find file 'metacarpal3_lvs.vtp'.
[2026-06-04 21:28:38.316] [warning] Couldn't find file 'middle_proximal_lvs.vtp'.
[2026-06-04 21:28:38.316] [warning] Couldn't find file 'middle_medial_lvs.vtp'.
[2026-06-04 21:28:38.316] [warning] Couldn't find file 'middle_distal_lvs.vtp'.
[2026-06-04 21:28:38.316] [warning] Couldn't find file 'metacarpal4_lvs.vtp'.
[2026-06-04 21:28:38.316] [warning] Couldn't find file 'ring_proximal_lvs.vtp'.
[2026-06-04 21:28:38.316] [warning] Couldn't find file 'ring_medial_lvs.vtp'.
[2026-06-04 21:28:38.316] [warning] Couldn't find file 'ring_distal_lvs.vtp'.
[2026-06-04 21:28:38.316] [warning] Couldn't find file 'metacarpal5_lvs.vtp'.
[2026-06-04 21:28:38.316] [warning] Couldn't find file 'little_proximal_lvs.vtp'.
[2026-06-04 21:28:38.317] [warning] Couldn't find file 'little_medial_lvs.vtp'.
[2026-06-04 21:28:38.317] [warning] Couldn't find file 'little_distal_lvs.vtp'.
[2026-06-04 21:28:38.317] [warning] Couldn't find file 'metacarpal1_lvs.vtp'.
[2026-06-04 21:28:38.317] [warning] Couldn't find file 'thumb_proximal_lvs.vtp'.
[2026-06-04 21:28:38.317] [warning] Couldn't find file 'thumb_distal_lvs.vtp'.
[2026-06-04 21:28:38.356] [info] Loaded model Full_Body_Walking_Model-Scaled_Adjusted from file ..\UF_Subject_4_Scaled_JMP.osim
[2026-06-04 21:28:38.356] [warning] Couldn't find file 'r_pelvis.vtp'.
[2026-06-04 21:28:38.357] [warning] Couldn't find file 'l_pelvis.vtp'.
[2026-06-04 21:28:38.357] [warning] Couldn't find file 'sacrum.vtp'.
[2026-06-04 21:28:38.357] [warning] Couldn't find file 'r_femur.vtp'.
[2026-06-04 21:28:38.357] [warning] Couldn't find file 'r_patella.vtp'.
[2026-06-04 21:28:38.357] [warning] Couldn't find file 'r_tibia.vtp'.
[2026-06-04 21:28:38.357] [warning] Couldn't find file 'r_fibula.vtp'.
[2026-06-04 21:28:38.357] [warning] Couldn't find file 'r_talus.stl'.
[2026-06-04 21:28:38.357] [warning] Couldn't find file 'r_foot.vtp'.
[2026-06-04 21:28:38.357] [warning] Couldn't find file 'r_bofoot.vtp'.
[2026-06-04 21:28:38.357] [warning] Couldn't find file 'l_femur.vtp'.
[2026-06-04 21:28:38.357] [warning] Couldn't find file 'l_patella.vtp'.
[2026-06-04 21:28:38.357] [warning] Couldn't find file 'l_tibia.vtp'.
[2026-06-04 21:28:38.357] [warning] Couldn't find file 'l_fibula.vtp'.
[2026-06-04 21:28:38.357] [warning] Couldn't find file 'l_talus.stl'.
[2026-06-04 21:28:38.357] [warning] Couldn't find file 'l_foot.vtp'.
[2026-06-04 21:28:38.358] [warning] Couldn't find file 'l_bofoot.vtp'.
[2026-06-04 21:28:38.358] [warning] Couldn't find file 'hat_spine.vtp'.
[2026-06-04 21:28:38.358] [warning] Couldn't find file 'hat_jaw.vtp'.
[2026-06-04 21:28:38.358] [warning] Couldn't find file 'hat_skull.vtp'.
[2026-06-04 21:28:38.358] [warning] Couldn't find file 'hat_ribs_scap.vtp'.
[2026-06-04 21:28:38.358] [warning] Couldn't find file 'humerus_rv.vtp'.
[2026-06-04 21:28:38.358] [warning] Couldn't find file 'ulna_rv.vtp'.
[2026-06-04 21:28:38.358] [warning] Couldn't find file 'radius_rv.vtp'.
[2026-06-04 21:28:38.358] [warning] Couldn't find file 'pisiform_rvs.vtp'.
[2026-06-04 21:28:38.358] [warning] Couldn't find file 'lunate_rvs.vtp'.
[2026-06-04 21:28:38.358] [warning] Couldn't find file 'scaphoid_rvs.vtp'.
[2026-06-04 21:28:38.358] [warning] Couldn't find file 'triquetrum_rvs.vtp'.
[2026-06-04 21:28:38.358] [warning] Couldn't find file 'hamate_rvs.vtp'.
[2026-06-04 21:28:38.358] [warning] Couldn't find file 'capitate_rvs.vtp'.
[2026-06-04 21:28:38.358] [warning] Couldn't find file 'trapezoid_rvs.vtp'.
[2026-06-04 21:28:38.358] [warning] Couldn't find file 'trapezium_rvs.vtp'.
[2026-06-04 21:28:38.358] [warning] Couldn't find file 'metacarpal2_rvs.vtp'.
[2026-06-04 21:28:38.358] [warning] Couldn't find file 'index_proximal_rvs.vtp'.
[2026-06-04 21:28:38.358] [warning] Couldn't find file 'index_medial_rvs.vtp'.
[2026-06-04 21:28:38.359] [warning] Couldn't find file 'index_distal_rvs.vtp'.
[2026-06-04 21:28:38.359] [warning] Couldn't find file 'metacarpal3_rvs.vtp'.
[2026-06-04 21:28:38.359] [warning] Couldn't find file 'middle_proximal_rvs.vtp'.
[2026-06-04 21:28:38.359] [warning] Couldn't find file 'middle_medial_rvs.vtp'.
[2026-06-04 21:28:38.359] [warning] Couldn't find file 'middle_distal_rvs.vtp'.
[2026-06-04 21:28:38.359] [warning] Couldn't find file 'metacarpal4_rvs.vtp'.
[2026-06-04 21:28:38.359] [warning] Couldn't find file 'ring_proximal_rvs.vtp'.
[2026-06-04 21:28:38.359] [warning] Couldn't find file 'ring_medial_rvs.vtp'.
[2026-06-04 21:28:38.359] [warning] Couldn't find file 'ring_distal_rvs.vtp'.
[2026-06-04 21:28:38.359] [warning] Couldn't find file 'metacarpal5_rvs.vtp'.
[2026-06-04 21:28:38.359] [warning] Couldn't find file 'little_proximal_rvs.vtp'.
[2026-06-04 21:28:38.359] [warning] Couldn't find file 'little_medial_rvs.vtp'.
[2026-06-04 21:28:38.359] [warning] Couldn't find file 'little_distal_rvs.vtp'.
[2026-06-04 21:28:38.359] [warning] Couldn't find file 'metacarpal1_rvs.vtp'.
[2026-06-04 21:28:38.359] [warning] Couldn't find file 'thumb_proximal_rvs.vtp'.
[2026-06-04 21:28:38.359] [warning] Couldn't find file 'thumb_distal_rvs.vtp'.
[2026-06-04 21:28:38.359] [warning] Couldn't find file 'humerus_lv.vtp'.
[2026-06-04 21:28:38.359] [warning] Couldn't find file 'ulna_lv.vtp'.
[2026-06-04 21:28:38.359] [warning] Couldn't find file 'radius_lv.vtp'.
[2026-06-04 21:28:38.360] [warning] Couldn't find file 'pisiform_lvs.vtp'.
[2026-06-04 21:28:38.360] [warning] Couldn't find file 'lunate_lvs.vtp'.
[2026-06-04 21:28:38.360] [warning] Couldn't find file 'scaphoid_lvs.vtp'.
[2026-06-04 21:28:38.360] [warning] Couldn't find file 'triquetrum_lvs.vtp'.
[2026-06-04 21:28:38.360] [warning] Couldn't find file 'hamate_lvs.vtp'.
[2026-06-04 21:28:38.360] [warning] Couldn't find file 'capitate_lvs.vtp'.
[2026-06-04 21:28:38.360] [warning] Couldn't find file 'trapezoid_lvs.vtp'.
[2026-06-04 21:28:38.360] [warning] Couldn't find file 'trapezium_lvs.vtp'.
[2026-06-04 21:28:38.360] [warning] Couldn't find file 'metacarpal2_lvs.vtp'.
[2026-06-04 21:28:38.360] [warning] Couldn't find file 'index_proximal_lvs.vtp'.
[2026-06-04 21:28:38.360] [warning] Couldn't find file 'index_medial_lvs.vtp'.
[2026-06-04 21:28:38.360] [warning] Couldn't find file 'index_distal_lvs.vtp'.
[2026-06-04 21:28:38.360] [warning] Couldn't find file 'metacarpal3_lvs.vtp'.
[2026-06-04 21:28:38.360] [warning] Couldn't find file 'middle_proximal_lvs.vtp'.
[2026-06-04 21:28:38.360] [warning] Couldn't find file 'middle_medial_lvs.vtp'.
[2026-06-04 21:28:38.360] [warning] Couldn't find file 'middle_distal_lvs.vtp'.
[2026-06-04 21:28:38.360] [warning] Couldn't find file 'metacarpal4_lvs.vtp'.
[2026-06-04 21:28:38.360] [warning] Couldn't find file 'ring_proximal_lvs.vtp'.
[2026-06-04 21:28:38.360] [warning] Couldn't find file 'ring_medial_lvs.vtp'.
[2026-06-04 21:28:38.360] [warning] Couldn't find file 'ring_distal_lvs.vtp'.
[2026-06-04 21:28:38.361] [warning] Couldn't find file 'metacarpal5_lvs.vtp'.
[2026-06-04 21:28:38.361] [warning] Couldn't find file 'little_proximal_lvs.vtp'.
[2026-06-04 21:28:38.361] [warning] Couldn't find file 'little_medial_lvs.vtp'.
[2026-06-04 21:28:38.361] [warning] Couldn't find file 'little_distal_lvs.vtp'.
[2026-06-04 21:28:38.361] [warning] Couldn't find file 'metacarpal1_lvs.vtp'.
[2026-06-04 21:28:38.361] [warning] Couldn't find file 'thumb_proximal_lvs.vtp'.
[2026-06-04 21:28:38.361] [warning] Couldn't find file 'thumb_distal_lvs.vtp'.
