DataType=double
version=3
OpenSimVersion=4.5
endheader
time	pelvis_tilt	pelvis_list	pelvis_rotation	pelvis_tx	pelvis_ty	pelvis_tz	hip_flexion_r	hip_adduction_r	hip_rotation_r	knee_angle_r	ankle_angle_r	subtalar_angle_r	mtp_angle_r	hip_flexion_l	hip_adduction_l	hip_rotation_l	knee_angle_l	ankle_angle_l	subtalar_angle_l	mtp_angle_l	lumbar_extension	lumbar_bending	lumbar_rotation	arm_flex_r	arm_add_r	arm_rot_r	elbow_flex_r	arm_flex_l	arm_add_l	arm_rot_l	elbow_flex_l	pelvis_tilt_u	pelvis_list_u	pelvis_rotation_u	pelvis_tx_u	pelvis_ty_u	pelvis_tz_u	hip_flexion_r_u	hip_adduction_r_u	hip_rotation_r_u	knee_angle_r_u	ankle_angle_r_u	subtalar_angle_r_u	mtp_angle_r_u	hip_flexion_l_u	hip_adduction_l_u	hip_rotation_l_u	knee_angle_l_u	ankle_angle_l_u	subtalar_angle_l_u	mtp_angle_l_u	lumbar_extension_u	lumbar_bending_u	lumbar_rotation_u	arm_flex_r_u	arm_add_r_u	arm_rot_r_u	elbow_flex_r_u	arm_flex_l_u	arm_add_l_u	arm_rot_l_u	elbow_flex_l_u
0	-0.09836148493390334	0.07787264910123211	0.01868866698688672	1.057384833100222	0.9457654577125434	0.4320871363359441	0.6142004555609739	-0.2294640145289747	0.1236638619813504	0.3654490667010842	-0.0620709697306201	-0.3642568729134202	-0.04092374366439875	-0.03602880679062842	0.0671217070951764	-0.08615490986435474	0.1782284690715689	0.2652606216578813	-0.06607120015817741	-0.02588182003513084	-0.2002665191685019	-0.01492263175806325	0.07207780401394846	-0.2075319621015385	-0.1731930041879966	-0.4770599698087119	0.2265608619152055	0.499304465991575	-0.3359513670834977	-0.0496848397080086	1.416575330548534	-0.3346005454411984	-0.1720856053078731	0.1297731732938763	0.1688208797679452	-0.2173736248431813	0.1984977781056256	-0.01492954749119801	0.4852118460642018	-1.266504672549668	0.05351678790567942	-0.1241059570369631	-0.4274892254545922	-0.4301887289383959	-0.5436040365464004	-0.5245838398834339	-0.003393108991363081	0.6081588838161476	1.219875772949596	0.6617565285400502	-0.2657679701311344	0.8010638807045934	-0.2793654250265576	-0.5157070537176243	-2.222207824265682	-0.016222052739714	0.3529202166400519	0.8596067289256717	2.027197689012552	0.1261678250012603	-0.2731374255300366	3.237032104926826
0.009512856113114032	-0.1018273010223991	0.07576770871161792	0.01985730519773514	1.058991506614776	0.9436614242783594	0.4340917293181916	0.6147301248462871	-0.2241449392620334	0.1088827190660317	0.3700043273174265	-0.06167050637619548	-0.3678488874143941	-0.04498611912565545	-0.04015148660528262	0.06165887829834879	-0.08596580286197092	0.1844524255573781	0.2721297020207867	-0.06318162759324275	-0.02594019200549282	-0.1921944097409628	-0.01729804855078351	0.06688847686412891	-0.2257696022253974	-0.1733061621966655	-0.4723154938226079	0.2372724915617744	0.5186844153628378	-0.3343964463300727	-0.05225419792797192	1.446000878978436	-0.3891242645324908	-0.2786639131934956	0.1266945388035393	0.1714954403523756	-0.2234298569225959	0.2212475223833611	0.1027533434518918	0.6326411024961274	-1.804081292921573	0.8749040455602423	0.2319366986760043	-0.3919990090437162	-0.4271686537399937	-0.3301360507512165	-0.6344507978479038	0.06556215525404518	0.742716607056327	0.4623530175908614	0.02873852501706164	0.1590483893629711	0.8934029967669054	-0.2037053977785442	-0.5760304887891261	-1.667225683279959	-0.003836178757640196	0.6632542949655738	1.351955756738366	2.007143416248621	0.2072230261010354	-0.2755550572633503	2.942875478682162
0.02645588447305514	-0.1086090426768417	0.06902597839917342	0.02285980181666611	1.06216878740818	0.9399195479788276	0.438025542478259	0.6160278294692905	-0.2116591757230881	0.07425547803155508	0.3938116468019197	-0.05299755735531697	-0.3781768530696038	-0.05224069467657982	-0.04351760490586426	0.04869219368571148	-0.08224722391164804	0.2016430190776722	0.2840863337775732	-0.06634831613368822	-0.02399042252992402	-0.1761385724395348	-0.01854923304711706	0.05632567057947345	-0.2512290979115614	-0.1729369961049901	-0.4558150028311632	0.2629866496501809	0.5491719229112484	-0.3293795233182655	-0.05755432397136917	1.491774617913788	-0.3847733699296704	-0.5129330020937874	0.2494901900198855	0.2101470615302281	-0.214754191387577	0.2385111705343021	-0.01580931205998526	0.8085149920088883	-2.136899138893755	1.803923283561517	0.642360844619275	-0.8689984381087583	-0.4197841223712433	-0.112209228946356	-0.8930950359857983	0.3952212896494195	1.298677588213438	1.098068894446393	-0.3146060945724544	-0.06243866761040806	0.9773442175498861	0.06556477979265812	-0.6596138665702301	-1.522602802093668	0.0500104597714702	1.247798751402365	1.50863098611753	1.521578865148674	0.3784244736361838	-0.3583747482323748	2.515248350085478
0.04083125941383081	-0.113204213226052	0.06074792302013703	0.02765297013210954	1.065595110605292	0.9369672434984311	0.4414385353659807	0.6132924632966126	-0.2003182030785057	0.04609136920311838	0.4211295325573881	-0.0485374305481156	-0.3926137039863753	-0.05769698126766155	-0.04539561254959174	0.03485076591455448	-0.07458734495976664	0.2224212156267905	0.2999283574652156	-0.07278537209679531	-0.02784799845521635	-0.1624955496908257	-0.0162552408415401	0.04683539297880636	-0.2776495939567626	-0.1719386510701805	-0.4366450254347883	0.2800036713327453	0.5668394173621198	-0.3234454287981898	-0.06319912887169399	1.527906545851319	-0.2260026131665335	-0.6099651643856281	0.4224617254672519	0.2700732499388081	-0.1946579648094468	0.2337039140203796	-0.4052656649510992	0.7191042242171484	-1.651257739254823	1.869244080775295	-0.320726235617425	-1.031543207348588	-0.3157029849168442	-0.2009439400816748	-0.9993451331355482	0.6442120077587089	1.496803243154415	0.6967145292773076	-0.6670554177471187	-0.4288767122696862	0.8893131506668867	0.2244333389873421	-0.6411465361903621	-2.294272279961204	0.08287908183741649	1.31103338376646	0.6935294753959051	0.9347307900210484	0.4193276468813804	-0.4170053117456886	2.615698653766005
0.04479999999999995	-0.1139548141043953	0.0583405701295894	0.02942995580995164	1.066706157155529	0.936207808206313	0.4423585874546084	0.6113948071920797	-0.1976218894632132	0.04006757047443624	0.4283223250551693	-0.0509979009848654	-0.3965299210461904	-0.05884001692143079	-0.04635063954568419	0.03090388499698186	-0.07196252073827364	0.2282420591431593	0.3014655982224873	-0.07585454619699072	-0.02960459833769584	-0.159081181221548	-0.01534898496237871	0.04434380745240198	-0.2874556319811895	-0.1716066336967497	-0.4316513364707943	0.2819715685120022	0.5702442518085273	-0.3218224589578022	-0.06486032245977716	1.538571468672949	-0.2081642485529389	-0.625546245779029	0.4405176173683656	0.2752826186125251	-0.1907867421609228	0.2349790451842177	-0.4509418041416837	0.6971738937681697	-1.375083289863086	1.727812888052787	-0.5220769254339294	-0.9361703783069195	-0.289555914402871	-0.1476158501283162	-1.01524242261061	0.7155521436156953	1.689692480698441	1.026138241010814	-0.6995090996668234	-0.3620598276345699	0.8697759788140634	0.2486237416431167	-0.6446265286851203	-2.312301210301992	0.08625954419915105	1.313551404989377	0.5993963927798229	0.8336247362708508	0.4293901372663251	-0.4181359402945977	2.589052170515925
0.05431285611311398	-0.1157471195697752	0.05226399531411093	0.03379309594258044	1.069384015282116	0.9344669738704886	0.4446185390149628	0.6060791775358618	-0.191082876900942	0.03001980017545115	0.4420960074321649	-0.04903013919780577	-0.4027777815098364	-0.06175995584736028	-0.04723063826297202	0.0210551307433626	-0.06496877318927158	0.2454341706000768	0.3093530279426894	-0.08361385918897729	-0.03305057805715597	-0.1509996494975747	-0.01279919462807689	0.03817299490442507	-0.3092301500092829	-0.1707479963912834	-0.419154311158404	0.2866306653032888	0.5772482351739365	-0.317657724244109	-0.06886643430687582	1.5632916037167	-0.1633394731851577	-0.6524368333627932	0.4623966313694547	0.2843060808856157	-0.1719296861369716	0.2418704614658967	-0.629746407212629	0.6981272610636511	-0.798282386476826	1.290421888118625	0.9091636922629278	-0.4234009458746655	-0.3367601351855596	-0.03187242329045598	-1.054069417721065	0.7483141832797642	1.947657932567628	0.6647029081798053	-0.9353132311706442	-0.4173904667070121	0.8156349897293221	0.2868969804636003	-0.6564818191124413	-2.183943679309033	0.09749186593413323	1.291498183569662	0.3442417386039849	0.5943698941750283	0.4507202830388817	-0.4286007304210283	2.569462642105986
0.07125588447305514	-0.1175764181137546	0.04080332015303079	0.04081253966724638	1.074051128722597	0.9320832687546853	0.4489598831765002	0.5956831347625777	-0.177703918655926	0.02060062779357194	0.4660601029056808	-0.01730179710899049	-0.4066872318987977	-0.06858245597332387	-0.04534701133354091	0.00267582870663477	-0.05270772268418088	0.2841613564445962	0.3172338226942153	-0.1029390036062078	-0.04453016811145336	-0.1388883311804744	-0.007510705918765986	0.02664816883790914	-0.3379301909852611	-0.1687467214313617	-0.3993696646039887	0.2866392894370814	0.5807679389744269	-0.3094058489343657	-0.07653944585752626	1.60358349279753	-0.05571922202834329	-0.6985958043035259	0.3417380779453579	0.2596908606142879	-0.1050890857996409	0.2737386967270245	-0.5318366466867929	0.9087608988130151	-0.3984188806639433	1.668032595384997	2.55248743925871	-0.1777645890439919	-0.4455897453035351	0.2815953337196835	-1.116149511832257	0.6581532370468925	2.664027699490743	0.2817327732291657	-1.32479304242794	-0.9707528566792007	0.6055854414600492	0.3284183966565957	-0.7046553318509272	-1.074865648062104	0.1384205002585994	1.006923505490293	-0.3376289121805365	-0.2091352796054815	0.5260917705531476	-0.4769514191676336	2.130779178321815
0.08563125941383082	-0.1180771785587693	0.03057382269518824	0.04457191525361935	1.077487855053189	0.931024433501434	0.4531488712727194	0.5898278731374085	-0.1630656676248034	0.01632774999157038	0.4926034182414131	0.01862984910085062	-0.4116620747996804	-0.07416022048939434	-0.03847175311327578	-0.01383164045557099	-0.04523632880460953	0.3275482206689809	0.3182482026486901	-0.1233255351501813	-0.06092136515035163	-0.1312393642841062	-0.002888867888952117	0.01635319038081754	-0.3446580262848267	-0.1666575842583982	-0.3872382181688874	0.2793819778916364	0.5734769324221056	-0.3014593143801083	-0.08349283052363878	1.630828842725936	-0.03322501508045472	-0.7205762237047658	0.1817687983996348	0.2167844692626986	-0.04423499965032335	0.3093752123079199	-0.2793663808706383	1.115710111661683	-0.1647793526231799	1.897734072114412	2.0726180413251	-0.6095818055145011	-0.2606929583540516	0.7030381649136923	-1.185082706298009	0.334687627635913	3.373715425311226	-0.2032482578938924	-1.468937519642617	-1.21310075338398	0.4822758239884537	0.3020219806053864	-0.7186524331684799	0.1208941785509591	0.1429944855090094	0.6831152841409343	-0.5662172472535507	-0.7323865318322548	0.5716003434201343	-0.4780283884427426	1.676463439511532
0.08960000000000001	-0.1182411984451338	0.02771094706752965	0.0452140037212844	1.078322827751665	0.9308761909079498	0.4543960354394437	0.5888461771624902	-0.1585609703153668	0.01590045410030404	0.4999232182410394	0.02579541053405189	-0.4145010132046035	-0.0749360690221834	-0.03539257021752967	-0.01858332830409334	-0.04418304245419171	0.3413180182673966	0.3170235485998367	-0.1291402478130901	-0.06563132548641372	-0.1293346155904324	-0.001731678362884022	0.01351478701941399	-0.3436034507585735	-0.1661092399214245	-0.3846883459133089	0.27725723629032	0.5704641394280151	-0.2991852271202423	-0.08536138635629527	1.637289180501598	-0.02595720328057563	-0.7329965238479689	0.1669852491822509	0.2129592425342312	-0.03206852238493828	0.3149314671814838	-0.3019676308126337	1.131274841496484	-0.2029304715335303	1.842004563593502	1.975307920228057	-0.5648072522139178	-0.2501646083891733	0.8002171757479195	-1.207453012755488	0.3087494214969989	3.55607972883295	-0.2736359489990251	-1.517331414986319	-1.181166354431646	0.4698983178122115	0.303948492792915	-0.7080847196038081	0.2956445633291065	0.1426590666911826	0.6476057564435835	-0.6244741639969082	-0.8281336515237236	0.5737603771680166	-0.4818829346627487	1.628743665610791
0.0991128561131141	-0.1184828566506335	0.02065218430492814	0.04665071600916999	1.080307432516459	0.9306988888489319	0.4574584811877086	0.5855063779730418	-0.1475823038062788	0.01386052343233489	0.5163857261357873	0.04442752744983706	-0.4194732832048648	-0.07708261467652625	-0.02656570331320163	-0.03033342290100655	-0.04181987207459618	0.3770711468271513	0.312491949207797	-0.1440294445112767	-0.07717397764806018	-0.1248833366752998	0.001078087064314955	0.006878153825178104	-0.3387027847755085	-0.16479103893424	-0.3789310178625795	0.2710849746426184	0.5616411791554183	-0.2936845800512407	-0.0899759106654327	1.652292968567688	-0.0236096437047271	-0.7556477067295154	0.1312406534454253	0.2054902846241986	-0.005658962523628387	0.3283997723322662	-0.4378629521885011	1.182830837306447	-0.2251538248373295	1.550421388900858	1.898795718162555	-0.4801971942275493	-0.2082545921769527	1.051803026704742	-1.26440314724603	0.1998257033567822	3.959641146979426	-0.6727261370467388	-1.630421365838844	-1.25449301631611	0.4696501636691369	0.2943323499631643	-0.6816590157611654	0.7608119718531341	0.1328546848555108	0.5443923900937336	-0.6859303727639279	-1.030112100119758	0.5844077510666267	-0.4905861388230446	1.510393053024484
0.1160558844730551	-0.1187530581626794	0.007156800053350738	0.0481625527342084	1.083768602249651	0.9309458372578695	0.4631603254815695	0.5733176341450861	-0.1263772822342827	0.009753087491928172	0.5333410201394049	0.07234912987165998	-0.4263769764615695	-0.08063051558575522	-0.005308475859705064	-0.05273056511856726	-0.0391336343163108	0.449962346040742	0.2957651038459693	-0.1745765952439933	-0.09908020287012481	-0.1166737250946045	0.006554650015251788	-0.003814149827253897	-0.3179449253888519	-0.1628385253205227	-0.3723147433767727	0.2580053501850446	0.5410625965657359	-0.2835349028318488	-0.0985118110715362	1.674922951966817	-0.006496604896759364	-0.8440647799086859	0.05070648909444091	0.2048613690978774	0.03254844270550193	0.3419677433272133	-1.044078873691726	1.323896671192462	-0.2598995612170095	0.3757489236697583	1.349229206594613	-0.3396991596968843	-0.2290912741352598	1.4464781535106	-1.381663591044108	0.1380099199159874	4.627658049549126	-1.276853575570931	-1.992277470237734	-1.258540904306723	0.5028186804279589	0.3675580111727884	-0.5697925416196818	1.640966349013178	0.0932644504914571	0.2367259240057059	-0.8432031986587858	-1.390731147288617	0.6129522221325023	-0.514078939321515	1.138017004064789
0.1304312594138309	-0.1187194505081886	-0.005602090405782883	0.04870888940008574	1.086733806980374	0.9315709033343105	0.4680680298523449	0.5543942724794834	-0.1065841236665233	0.005762982256439966	0.5313255168245181	0.08820788997632181	-0.4306278361293332	-0.08452777899222515	0.01759012929496354	-0.07333872827999763	-0.03715250661765156	0.5198936908826693	0.2745015695413341	-0.2053923664091633	-0.1137614398823567	-0.1092579106807874	0.012612920017697	-0.01110891091436522	-0.2921319373509054	-0.1618534702710271	-0.3700028488884959	0.2460863191696268	0.519359213862014	-0.2746523193063564	-0.1058244151379541	1.688697331213896	0.01063325475703311	-0.9291149708181554	0.04114020276170395	0.2072346751650764	0.05208031148121389	0.3380049286136108	-1.554682380785905	1.419536236408694	-0.29769413552833	-0.5888340313292907	0.8984610979157276	-0.2605288829522678	-0.32300945218807	1.732227183801929	-1.484977639824923	0.1384992737725408	5.077909740587637	-1.659546208528222	-2.27438863627888	-0.6454217068208612	0.524228661197579	0.4791427828414163	-0.4433030859185639	1.803371510915072	0.04132656003872434	0.1349320344856778	-0.7573233778878257	-1.606836012782118	0.6170965308795642	-0.4924597741259751	0.7837034533516229
0.1344	-0.1186696625615017	-0.009329599513250322	0.04890319902569392	1.087555996907039	0.9317834640742024	0.4694014627984814	0.5480371835159749	-0.1009233502801461	0.004555063294666789	0.5286409222186057	0.09163813262088978	-0.4316377453186939	-0.08587899507364438	0.02460793680588094	-0.07928696285434217	-0.0366066101695556	0.5402423079752512	0.2677499164149293	-0.2145198131293199	-0.1156820761540182	-0.1071777016839032	0.01458012703250555	-0.01279787977014306	-0.2852176639034762	-0.1617224106817624	-0.3694053376463892	0.2432593628612653	0.5129129737018957	-0.2722142961966654	-0.1077423466279259	1.691632853725141	0.01544120923067514	-0.948682635072446	0.03457142041501755	0.2020772571422406	0.05699545552689672	0.336473050348493	-1.621119645940464	1.445409367671247	-0.2890845654836036	-0.7313692694273374	0.8326419077275441	-0.2510276857881463	-0.3500185377328322	1.835033028254488	-1.502679836561539	0.1801364423436044	5.245401606779129	-1.655611009854315	-2.356956150752477	-0.5292389897224359	0.5137063479251873	0.5081910193691042	-0.4157509948661815	1.879007769708269	0.03358156257323963	0.1504003139219126	-0.7165322356085653	-1.690147744821345	0.6158296833856844	-0.4872593073701471	0.682390890416096
0.1439128561131141	-0.1185452688821415	-0.01857444417343239	0.04923754091851476	1.089444998178233	0.9323623117579166	0.47257196631533	0.5322221199070015	-0.0868553284735261	0.002104748825291949	0.5207937430162873	0.1006446026666613	-0.4338528668225825	-0.08972889456809439	0.04240435661530173	-0.09379142123611742	-0.03514436275141875	0.5901298774573581	0.2507897942418159	-0.2379410833467754	-0.1186702255965346	-0.1022306056897048	0.01974408933449026	-0.0165444770535922	-0.2669919234807508	-0.1615043643334144	-0.3676633113179782	0.2370565927145467	0.4966418744914484	-0.2663319892004467	-0.112267017761726	1.697265907992465	0.0156807030607036	-1.005062110981246	0.03772342972432182	0.1930081295501663	0.06486786744357687	0.3293405889248198	-1.698995075018187	1.523772174112952	-0.2219602737885464	-0.9094054434076078	1.032276615118378	-0.237525560376822	-0.4805580444864066	1.945692631823981	-1.554036189628729	0.1782448909761528	5.332528118764008	-1.916610415171634	-2.580637974909495	-0.03995379072469585	0.5148166342388696	0.5922203235118819	-0.3631541676412555	1.92145273822734	0.005778038946769148	0.2235177568745879	-0.5608345011076634	-1.751598367536361	0.6232868347411654	-0.4587848940809947	0.4446928782411268
0.1608558844730551	-0.1178848017830349	-0.03699575001025755	0.05004741199343159	1.092437816354148	0.9335739000644878	0.4779883575654929	0.5026541326862255	-0.05927890070224962	-0.0004712913942062635	0.5034543041685297	0.1183427538128511	-0.4392509464052057	-0.1009427894816329	0.07913881215863036	-0.1213428627250885	-0.02917706630503536	0.686849256633234	0.2173769449591915	-0.2844095739405524	-0.109102026798229	-0.09434366367259103	0.03186260978747975	-0.02136572706791333	-0.2359206685035042	-0.1623202225079363	-0.3622696004703151	0.2322237387399428	0.46476916723378	-0.2554662865408897	-0.1191419363282809	1.697108200757539	0.07042326327809653	-1.166874323094617	0.05855154798837912	0.1585431931847563	0.0769655423160553	0.3090619951398824	-1.782583084433648	1.725445902304491	-0.08687290845947845	-1.119264963752354	0.9683171176434719	-0.420411442749257	-0.8351917959896542	2.380256240497511	-1.700596429870315	0.5313518153829362	6.080774625073791	-1.77284971452316	-2.79890700602654	1.131183098034943	0.4016133739541952	0.8364881920979386	-0.2031746538853762	1.720897416029924	-0.1114884513613168	0.4181425723556321	0.0505334405257496	-2.016552737196176	0.6635135996704035	-0.3398791315570749	-0.5269094816071712
0.1752312594138309	-0.1164071370141472	-0.0542219663183271	0.05095974389582324	1.094521432633223	0.9346973011427061	0.4822992723729067	0.4766783349358303	-0.03398263751970844	-0.001269908807026807	0.4864633203921866	0.1293663007038847	-0.4463134509435923	-0.1138811045627467	0.1139159392940226	-0.1464757437571702	-0.02132393534274819	0.774882341802549	0.203736829399936	-0.3209671025956101	-0.08980311303700267	-0.08938276808566452	0.04467820321561018	-0.0235658408334446	-0.2121438130541	-0.1647584943594995	-0.3551876964150369	0.2380746057491241	0.4348045378167927	-0.2456090342912695	-0.1229837451211683	1.683360164971363	0.1345240154309752	-1.198442819968071	0.06402786879982546	0.1341990301977851	0.07701871974234256	0.2912396162636194	-1.830833635016187	1.753471626531933	-0.04282486315694154	-1.240557813602364	0.5035219198185135	-0.5330173010007278	-0.895128310582886	2.336108021745379	-1.780154228201748	0.4316571231842408	5.919272442219576	0.2930750393161847	-2.084631500181095	1.334113478649592	0.29694158102626	0.9038632487428173	-0.1222947450202161	1.631950424690872	-0.2249996216345582	0.5542191602597932	0.7858702195849876	-2.105020265127346	0.7079578913483099	-0.1885281287910834	-1.331112507133109
0.1792	-0.1158420255100818	-0.058922571254205	0.05120640749905509	1.095047932389926	0.9349979036701419	0.4834469135372214	0.4693844398142437	-0.02710177713374479	-0.001458123536905886	0.4814776836244904	0.1309904686333188	-0.4484157624433422	-0.1173045333982331	0.1228786632696939	-0.15354612700607	-0.01997215800363637	0.7977035206907872	0.2069411361154894	-0.3284031060789129	-0.08490342406240918	-0.08823763887808267	0.04820240032154988	-0.02405334512964384	-0.2056026278135477	-0.1657044174577116	-0.3529454968083152	0.2416313726603235	0.4265149447267374	-0.2427760684210896	-0.1236384932072199	1.677784337386069	0.1450930083303815	-1.19272011603644	0.07027725934609656	0.1263039951210203	0.07553881557239414	0.2853498891989771	-1.82522400995412	1.733507760361913	-0.05258861934550191	-1.241152235362734	0.4388839780876171	-0.5041482029394656	-0.8892036324387758	2.316830607094309	-1.782906689532719	0.4080085230303472	5.831430962709944	0.3104719174631438	-2.095111591956837	1.50346078094282	0.2697623880113078	0.9062523712206942	-0.1091047717811525	1.634938185417772	-0.2441542403838057	0.5853335551466203	0.9019497476088238	-2.142980873888273	0.7146537126503235	-0.1579452633370031	-1.492617373569628
0.1887128561131141	-0.1143887709200368	-0.07017545527607713	0.05191609656950884	1.096178152353218	0.935722064804747	0.4861000214635377	0.452149633741892	-0.01079043037705431	-0.001855536958302942	0.4697961043835428	0.1352604452631627	-0.4529039577356628	-0.1258484334513585	0.1442166521403419	-0.1705926484803244	-0.01662280989809845	0.8494205345051054	0.2051676393470999	-0.3443853285068957	-0.0673411699823469	-0.0858592786519696	0.05681364270449417	-0.02501024239583301	-0.1897712514909685	-0.1682592136604432	-0.3469256258351858	0.2518285709685953	0.4061694066388388	-0.2358716921492346	-0.1247760782365507	1.662124579559236	0.1660627331036917	-1.164087702781699	0.08505303201235932	0.1100383413578578	0.07755368258785414	0.2710260546596963	-1.803921398819944	1.682070578995329	-0.03715342639507065	-1.216205586686662	0.4332642917291845	-0.441122485563442	-0.9002702873521393	2.178981919678673	-1.778096054496699	0.3279384351302206	5.043213940561165	-0.6279742747812052	-1.286507290756207	2.19309104382614	0.2194517274908332	0.8963486326620197	-0.09213808364410968	1.676546371007762	-0.3010222281241373	0.6811840119509409	1.285477703742406	-2.119192168218075	0.7419117857530577	-0.07102528595946053	-1.852719060960322
0.2056558844730552	-0.1109001422612141	-0.08872654310983473	0.05403999782786675	1.09769684289965	0.9371214861707945	0.4903681158086767	0.4215880660212835	0.01583527998646699	-0.002735359695312495	0.4495530423946671	0.1406961805427046	-0.4595661566696115	-0.1404456875616417	0.1800013263740196	-0.1987858854909655	-0.009975470341726779	0.9236698948051313	0.1865495693123027	-0.3571948963939438	-0.02127059409125972	-0.08366979790356718	0.07119893706374733	-0.0263325706790323	-0.1618704118786802	-0.1747212697757973	-0.3340265111449897	0.2819124847969364	0.3715678790277195	-0.2225915061995485	-0.1240284892312893	1.621790092508424	0.2486134690999047	-1.008681135412713	0.1740137411397678	0.06715981780800229	0.08815944287524133	0.2307594930804388	-1.803321688403129	1.437221571783646	-0.07654088888334695	-1.168296791143933	0.1810948521344184	-0.3486459849734819	-0.7899841810439105	2.074925241105183	-1.507973333559274	0.4935084841791821	3.767154513732514	-1.341223044791945	-0.3757695086932716	3.114128906136776	0.02747143473876951	0.7862515665414544	-0.06498360231096112	1.604338214607671	-0.4651360492360427	0.8309423671770826	2.268179272555773	-1.959846167481979	0.8268306752216099	0.1636373120725959	-2.945270982067911
0.2200312594138309	-0.1069402678592737	-0.1019448247919228	0.05717563996525462	1.098367858753472	0.9384396865203662	0.4934145395473461	0.3959219278016909	0.03459051578817801	-0.004226937814876458	0.4333215554385226	0.1416986250618498	-0.4640840991622756	-0.1500386888497362	0.2100358036492161	-0.2180243751303712	-0.001672209365882554	0.9718979808879953	0.1701713229141555	-0.3624397523572386	0.02343038449933758	-0.08447185900658973	0.08151224970475945	-0.02714173677969079	-0.1390602673378372	-0.1822088593950232	-0.321647436700624	0.3187715934912462	0.3439455211979091	-0.2103515390531884	-0.1204934770027017	1.573486300733709	0.2916268858249668	-0.827911829745281	0.2588190461047107	0.02639151216787754	0.09377734367749491	0.1937198107418741	-1.751690272216999	1.172078862002357	-0.1297119909880386	-1.078222437904699	-0.01538009867856932	-0.2806797634794014	-0.5114387793095274	2.124350914029316	-1.164566673701005	0.6336192730737534	3.010393765181574	-0.7278258262034296	-0.5319684045257833	2.887480997138963	-0.1279432716077618	0.6454737467769357	-0.04904272951913361	1.595122922672305	-0.5601049136518451	0.872378352562605	2.746068011677637	-1.916033435768283	0.8643739727729116	0.3074725719737174	-3.689656588702876
0.224	-0.1057853245286715	-0.1051308743889104	0.0582387688768013	1.09845133539158	0.9388113488624998	0.4941651779109858	0.3890354149771293	0.03910378453267582	-0.004764979423124732	0.4291178269570064	0.1415998190848323	-0.4651616109841267	-0.1518472876283876	0.2185337984459065	-0.222460927611144	0.0008422401098835824	0.9835769080068884	0.168045175985418	-0.3650116630475485	0.03429220766494545	-0.08503519248901598	0.08399402627809126	-0.02733075240012321	-0.1326698257742222	-0.1844439812263754	-0.3182040062080002	0.3296629473394745	0.3362862635413141	-0.2069283897461938	-0.119244456429331	1.55864727022684	0.29739776429961	-0.7937755632459907	0.2764511125536422	0.01608234458001623	0.09505483865559164	0.1846868283408762	-1.729144984882286	1.123042214830236	-0.128903074599947	-1.047648156472719	-0.02521515273893871	-0.2715431303299713	-0.4642150273479775	2.147264841899586	-1.096671686464501	0.6551411678422729	2.804794402298821	-0.6513408011159123	-0.4501377198370972	2.841389088524888	-0.163014796465011	0.6253971000658538	-0.04236007752880787	1.599064293121519	-0.5751412453277526	0.8878678871720893	2.805357938968583	-1.938512162187719	0.8673634279805135	0.3313507938173769	-3.830326830058367
0.2335128561131141	-0.102903410599669	-0.112321430050203	0.06105472701757728	1.098496437654655	0.9397262559897693	0.4958163368229172	0.3728026193205969	0.04925447770006952	-0.00599463119385614	0.4194657342460937	0.1416216837512372	-0.4674739169499331	-0.1558049637081738	0.2390481429066946	-0.2321528437152313	0.007046309089208246	1.007716121419662	0.1639636144240538	-0.369764602364803	0.06084172434696705	-0.08692231148536388	0.08976458868844994	-0.02769771137654563	-0.1171151209867487	-0.1900609125967513	-0.3094493233241545	0.3569310799528165	0.3178119947731219	-0.1986380972146247	-0.1158172316823029	1.5209448713297	0.3125681325005888	-0.7045543515719678	0.3242023771823609	-0.007464379995334128	0.09742235677197236	0.161555458596853	-1.687944154286476	0.9946380360307197	-0.1337410503665858	-0.9814827699255835	0.0185370653181689	-0.220703992893572	-0.3536407207400021	2.170445206161885	-0.9183660488270328	0.6614843335084041	2.28730827279531	-0.2024093403933365	-0.5879082053051631	2.647527612746933	-0.2418058509603083	0.5720318793966684	-0.03901976498365269	1.656666291919758	-0.611634690291371	0.9344433894544584	2.932938009059029	-1.923756043305358	0.8791829573651715	0.395378552546581	-4.132463415266707
0.2504558844730551	-0.09713995800719519	-0.122026055420212	0.0678235958168931	1.097969208448004	0.9414171765690422	0.4981574820490532	0.3445135191682232	0.06313015571356942	-0.008562648843229048	0.4037484691311386	0.1418089564989588	-0.4709834321855285	-0.1591494740069655	0.2764400060278697	-0.2436118479687742	0.01898696859258821	1.039802421436173	0.1663538789395369	-0.3834293879696968	0.09632698576239435	-0.09268690249798955	0.09757685048338352	-0.02861158507253244	-0.08916243387699752	-0.2013281905454493	-0.2943539595216611	0.408610823725267	0.2869367985938372	-0.1833596562858391	-0.1078189467387771	1.444143817391368	0.3682698689612748	-0.4318929833307337	0.4796180128112795	-0.05448118701894164	0.1019826462184224	0.1151234215073657	-1.656506781643126	0.6355463084502018	-0.1689410388039283	-0.8809632058186447	-0.007295266026586644	-0.2078549109832971	-0.02845448682521201	2.243233076814718	-0.4251553879338569	0.7432866899532407	1.513001164499689	0.3936231398449526	-0.9807246471809998	1.45455146546917	-0.4400592532292475	0.3369945589552741	-0.073532370121057	1.63106730897305	-0.719841619480023	0.8174944161105451	3.148890913747424	-1.701708654606595	0.9243113526757595	0.547288911177891	-4.945611807378882
0.2648312594138309	-0.09165722076949001	-0.1267575820618275	0.07550287913094832	1.096948059942743	0.9428974953807974	0.4995809744243291	0.320857958915444	0.0704466693300724	-0.01101245882752591	0.3913915486204268	0.141567657504391	-0.4742345460639656	-0.1576438251035824	0.3089241085144893	-0.2472895023399166	0.02945255450418525	1.056645048709995	0.1716440668640568	-0.3964175880373785	0.1102539140900984	-0.0999390424810862	0.1011037974647298	-0.02989640180127574	-0.06575539136456576	-0.2121490950775931	-0.2837990980140236	0.4541855644903191	0.2637086477217547	-0.1699492454179257	-0.09934858199549314	1.369105591241506	0.3843247411292853	-0.2483570156662062	0.5730239947603394	-0.0847953236609385	0.1033224650731757	0.08586557457926053	-1.631119390952392	0.4146005791278502	-0.1600428572233477	-0.8498225517626269	-0.01287576250319356	-0.2504209990868462	0.2194727081666842	2.263124071594087	-0.1332688995310688	0.6721396378551696	0.8042754931533467	0.1876227315524341	-0.6516588640527154	0.5979079391025902	-0.5492909033708845	0.1756900606508107	-0.1011369076835657	1.646058425354034	-0.7720794730985541	0.6533131666579404	3.147977042860245	-1.558802896322769	0.9317364888074313	0.6121372205011357	-5.415735871962053
0.2688	-0.09014731756719437	-0.1276971290498028	0.07778971385568717	1.09660141445921	0.9433068233376216	0.4999125607927701	0.3144081255473202	0.07204925176278307	-0.01161497276043258	0.3880106477031762	0.141548266286562	-0.4752615463658896	-0.1566841908132452	0.3178860594313482	-0.2477713479781242	0.03198684700162292	1.05938377235286	0.1719381030035686	-0.3984253370854176	0.1124536351568334	-0.1021322577296262	0.1017683751709771	-0.03030191461065146	-0.05916242592136906	-0.2152095338238563	-0.2812818621015786	0.4665808750140102	0.2575268520957794	-0.1662702011387635	-0.09692802984707774	1.347542867030802	0.3843651988471479	-0.2156978160213568	0.58783644774358	-0.09225521284437782	0.1031852959524839	0.07951100228862196	-1.619036486885818	0.3774049353650138	-0.1509130363185816	-0.8394276375780195	0.00839947287584214	-0.2569055845232348	0.2583435952656694	2.27098356322338	-0.08087551080009581	0.6491584550272985	0.6285260710860718	0.2209639685057749	-0.4591520577234176	0.5070298166480129	-0.5738253433835695	0.150542349896795	-0.1033477072087338	1.651461908203433	-0.7800202643498731	0.6375472514122928	3.148036510303973	-1.558422636933897	0.9298874120369022	0.6235940012774572	-5.509812550393806
0.2783128561131141	-0.08648847328188544	-0.1294525132921073	0.08351401666284834	1.095651577831343	0.9442840425774082	0.500599234008502	0.299051396536135	0.07528615735146046	-0.01298890093370905	0.3800282830643594	0.1420534571485668	-0.4775562746707532	-0.153838819927802	0.3393426720404012	-0.2480908822576707	0.03763198825807614	1.063020831316597	0.1747578599881301	-0.401511709378829	0.116224463648727	-0.1078112298001491	0.1030081149275345	-0.03133061823975263	-0.04311860792601377	-0.2227077251951795	-0.2752605398990823	0.4965769522649699	0.2429373625193069	-0.1574404744455045	-0.09085337142507745	1.294325672145054	0.3857380145948062	-0.1465135618303148	0.6195699267259088	-0.1075132099922469	0.102201987950049	0.06480871240001967	-1.612675726462324	0.2949826227030338	-0.142530754061372	-0.8420304181769614	0.08560692222853572	-0.2279225974967773	0.3429442076803874	2.235220940459356	0.02358877799304576	0.5390002275401818	0.1326522251644472	0.3896714973135469	-0.2254776935941465	0.2369560255718232	-0.6215884859095994	0.1007035294973885	-0.1160259845941611	1.716960416600006	-0.7975353248494772	0.6065321628533695	3.158483160714348	-1.488486016432981	0.9256901079234898	0.6504443654221038	-5.697629169813031
0.2952558844730552	-0.07993018286019023	-0.1305077646766505	0.09468304297005635	1.09361067699964	0.9459906012743118	0.5014900679704382	0.2716153843923576	0.07860231683697691	-0.01557112299782969	0.3654179665866041	0.1438330173580412	-0.4811174343185172	-0.1466637495390661	0.3762851747597624	-0.2456165578048034	0.04516501212480394	1.057555313999533	0.1840422476851505	-0.4037778157858065	0.1137103741734644	-0.1190586962019671	0.1033729048751181	-0.03366809094132932	-0.01339247677003058	-0.2365105482291203	-0.2669709513545991	0.5503358531869461	0.2200829250494491	-0.1419247666546138	-0.07974355007342362	1.193897831111359	0.3848574636340517	0.02140614083319481	0.6965285782084315	-0.1322598024449171	0.09875296634292727	0.04165797126749371	-1.628387753467258	0.09847387118054796	-0.1647101894609005	-0.8916932649240121	0.113913587164077	-0.1925191108807526	0.4974297624494994	2.117152851131433	0.2635042238551463	0.3493006300666248	-0.7802660912386382	0.6398245352822023	-0.03690305421097173	-0.5087669108948667	-0.699448379765477	-0.06166620178776588	-0.1601716207561828	1.785425067122694	-0.82890302107953	0.3514185893876258	3.193547949004119	-1.198328239565336	0.9013415876166977	0.6505220442964135	-6.155406840510704
0.3096312594138309	-0.07458912221273592	-0.1294884943455106	0.1049018087596021	1.091609450988918	0.9473712840846018	0.5020047695115113	0.2481388971722641	0.07924864765703776	-0.01798196603425641	0.352052077295471	0.1457171822377102	-0.4835713630504204	-0.1389776485591967	0.4058528432340686	-0.2409934743098808	0.04893533345988924	1.040815941161895	0.191221362577853	-0.4014303217345632	0.1049626811845217	-0.12924772930284	0.101725177623752	-0.0361203222692497	0.01261273135513657	-0.2484490506728304	-0.2634137232311903	0.5967141346543825	0.2042231502554278	-0.1292705190470833	-0.07069944397403197	1.103495306248852	0.3502986779084872	0.1010477156098096	0.7109305467551791	-0.1441742067027472	0.09273979413108085	0.03213959092925829	-1.633320823500954	0.01662430560519076	-0.1621215088454032	-0.973404236284483	0.1646452841422845	-0.1425680331846549	0.5532482074213048	1.996441562400315	0.3451143458691847	0.1702579691898622	-1.543063450685227	0.2063760565592632	0.4681759098098797	-0.5371140998621629	-0.7037372682873192	-0.1484929771894488	-0.1730609605465729	1.834868837740737	-0.8244956798565282	0.1702216863019607	3.268397616905363	-1.046103303572356	0.8543179492018097	0.5997057158403274	-6.368021645768666
0.3136000000000001	-0.07323543606542897	-0.1290892594471717	0.1076983280080391	1.091035085461139	0.947734788176441	0.5021318780777889	0.2416652883762314	0.07932849523620433	-0.01860303713482202	0.3481337421223679	0.1464401974092755	-0.4840949046473317	-0.1367933923288263	0.4137124088386527	-0.2396590711959226	0.04950146247954557	1.034287861986314	0.1914630779733305	-0.3990504982713314	0.103211289991168	-0.1320111112203726	0.1011344181513001	-0.03679543702758142	0.01992922520643445	-0.2517018714558225	-0.2627683870740652	0.6097470769749627	0.2000622939411785	-0.1259159005141076	-0.06836308315580918	1.078232454329584	0.3405549975868076	0.1140318100213173	0.7102637756887747	-0.1469931355692024	0.09084229074246211	0.03031196732141807	-1.632714788715548	0.005277573127075968	-0.1577306651705231	-0.990886177488727	0.2014124188520387	-0.121432708890623	0.5633026906384643	1.962291061163796	0.3571158411474972	0.134891020275256	-1.736630347962147	0.129157646192401	0.6776128153357188	-0.5087606682490693	-0.7041192779856927	-0.1645252038783853	-0.173728700019924	1.854269049523956	-0.8235917327937503	0.1507456943730628	3.299937040797149	-1.023427135378499	0.8442200344295919	0.5929390849809397	-6.402217550690879
0.3231128561131141	-0.07010720693669267	-0.1279073656823467	0.1144024324919981	1.089608624170552	0.9485752421372937	0.5023986632446469	0.2261015371939706	0.07928860038179233	-0.02008186294488687	0.3384311244161489	0.1486544331382514	-0.4849138907772104	-0.1313469762562005	0.4318087102122723	-0.236180130836716	0.05027525219159673	1.01534508294896	0.1930033105161672	-0.3909872239839561	0.09866944848961463	-0.1386837359789008	0.09946469466668117	-0.03845942422790444	0.03806557461450408	-0.2595222243138564	-0.2614172625366716	0.6415704466999561	0.1907508404277664	-0.1179994816394075	-0.06279280166242689	1.01709871324577	0.3132534592263886	0.1361973372599234	0.6968865642074414	-0.1526647566690545	0.08549749675718091	0.02607931916408386	-1.636990627358837	-0.01596310601735212	-0.1542574221429698	-1.052158656087801	0.2500743308738411	-0.0525074967572241	0.5723899519911623	1.842657445768914	0.3791243001127886	0.02906014256895545	-2.246943006953221	0.2168699158716325	0.9585097250734662	-0.4627114014937626	-0.6945632729900635	-0.1895960255611435	-0.1741505094005836	1.950172639740293	-0.8169133269787928	0.1184621442922928	3.403136606768913	-0.9346799626402551	0.8139668431080002	0.5665245951108616	-6.45606004832256
0.3400558844730551	-0.06550992495874131	-0.1251965527154367	0.1258014880873281	1.086966331182299	0.9499174787741421	0.5028039999210768	0.1985034200627988	0.07859879408344678	-0.02268036905238938	0.3194791547092647	0.1526813741608012	-0.484893322547734	-0.1222257378737573	0.4612424740008308	-0.2291344758512593	0.04942011800220761	0.9695989851167179	0.1984210353320688	-0.374539948851877	0.09069776181732654	-0.1499654282639427	0.09569299801856568	-0.04123104093771436	0.07181809119656155	-0.2729711208357334	-0.2608514005480661	0.7017225895736057	0.1759549904658629	-0.1051237653654283	-0.05443821266884136	0.9067811867141065	0.2235921126675706	0.1814647666247087	0.643139684652718	-0.1580311306381076	0.072547677955872	0.02253234035039922	-1.616043095489081	-0.06302601461938254	-0.1506534100534573	-1.186574587817746	0.2144338213462497	0.05269513745430315	0.4907552422575398	1.63168364580075	0.4536979494376631	-0.1166248456352846	-3.14690376074405	0.3586209084831147	0.9331853728340691	-0.4692510981925353	-0.6293302010480026	-0.2560505529237999	-0.1474589777477252	2.015390044021874	-0.764391790383437	-0.05972970251308246	3.714324668376896	-0.8324916233393211	0.6978598763742989	0.4059668040720664	-6.551847834119501
0.3544312594138309	-0.06292319974297636	-0.1224835752321492	0.1345848641713835	1.084702219394824	0.9508799653009	0.5031256062634928	0.1754946485167919	0.07760538244413387	-0.02470192009512001	0.301668412335741	0.1556855822999664	-0.4835140106611996	-0.1158410124813442	0.483393002267107	-0.2223140820520448	0.04736316032923464	0.9191734266309483	0.2008121950522848	-0.3608674616817373	0.08499380567976453	-0.1584628425893162	0.09171923443405601	-0.04303759825706141	0.1007667983558465	-0.2835322395872346	-0.2625064596011002	0.7571986339238918	0.1637636357479998	-0.09587672641840587	-0.04966410873529428	0.8128397511554646	0.1376041103141362	0.1876020225072006	0.5764466780174627	-0.1557287619460304	0.06170732040901299	0.02259768111245685	-1.584283123705904	-0.06514028192960383	-0.1248198522848115	-1.285367858118196	0.2244361074032134	0.1404267791573215	0.4015643018926173	1.44894899152464	0.4839512492710946	-0.1519511103757822	-3.856255854338632	-0.1866384054235498	1.050564172934159	-0.2652761855330477	-0.5518882269439523	-0.2891612529357847	-0.1004414113791301	2.005981060342518	-0.7050300581526397	-0.1430519934154414	3.996802206731463	-0.8948671095587024	0.5926787086813101	0.2681643907885908	-6.480873580093305
0.3584000000000001	-0.06241938047084341	-0.1217547242811616	0.1368320371972548	1.08408799564748	0.9511198616799623	0.5032160101244231	0.169224957130937	0.07736863921193837	-0.02517007085606135	0.2965276217684836	0.156634226352472	-0.4829050896681796	-0.1142826764553869	0.4890408338865452	-0.2204036658050824	0.04677827075454592	0.9035077010270178	0.1994131234303994	-0.3564269966369161	0.08418915874275508	-0.1606106702785175	0.09057162275798278	-0.0434040013874985	0.1087138331097878	-0.286299844186463	-0.2630527340185859	0.7731939919511069	0.16011052371507	-0.0935702991714744	-0.04864790842609475	0.7872407953343687	0.1206692386890534	0.1874604717328879	0.5608430620726058	-0.1556899613866404	0.05930083177702661	0.02253092856566397	-1.577245925437386	-0.06165747413885206	-0.1105822080963657	-1.30399962895897	0.2427515859132796	0.1531310022840038	0.3874987306336148	1.395218838209732	0.4914743626523115	-0.1354910530077943	-4.031594942588934	-0.3012593010523669	1.242838905947948	-0.2240302870571103	-0.5400814666262549	-0.2973955528404265	-0.09148910605569036	2.034267812294154	-0.6948574990456039	-0.1454532167264733	4.052566887238498	-0.9107651799561991	0.5735405064875468	0.2477301359023753	-6.457309572765833
0.3679128561131141	-0.06145339127615956	-0.1200037198179328	0.1419425392166077	1.082616320781733	0.9516573886805355	0.5034267360705943	0.1542642813109213	0.07683776870531611	-0.02605787388346448	0.283872205844457	0.159046434034608	-0.4812145312457365	-0.110821714669672	0.5015613134269314	-0.2156752375478908	0.04563008263389161	0.8630326616979319	0.1947941316628617	-0.3436723419947404	0.08250275456857299	-0.1655919012860928	0.08770872592220391	-0.04416070367604144	0.1285030767823199	-0.292795011209982	-0.2643302257230773	0.8125357036539342	0.151274835129943	-0.08833199109406954	-0.04651703003536647	0.7261376572082076	0.07886845655095848	0.1792445178110264	0.5081938925043654	-0.1529316087837471	0.05336124483247867	0.0225386713548578	-1.563935801057705	-0.0482692107758162	-0.07338041048479217	-1.356220441546304	0.2508774548768066	0.1986448583602815	0.3195535055420854	1.23937411513459	0.4989935594869939	-0.1028433414735016	-4.474453823947487	-0.6634963330069349	1.44043123761497	-0.1627602957017611	-0.5034106779783715	-0.305097541945011	-0.0629358676497057	2.109817750977413	-0.6640371019583852	-0.1334613521862504	4.226133100357231	-0.975590488405472	0.51967841259445	0.1881360876268362	-6.370131667782974
0.3848558844730551	-0.0609543112733907	-0.1172293604979553	0.1494249207261079	1.080127828712317	0.9524458614540893	0.5038571322799883	0.1282491732764681	0.07635719027951077	-0.02664360068724816	0.2602262990495331	0.162542594551982	-0.4773220295391342	-0.1078224141686086	0.5203911174138333	-0.2073906425841589	0.04490844567438526	0.7810710610371637	0.1772497178769343	-0.3165303523095638	0.07849155757945002	-0.1733282898830468	0.08242767659260136	-0.04447764240210804	0.1642020434606182	-0.3031083429762185	-0.267057266000584	0.8870374878777094	0.1317250854458041	-0.08088713518337665	-0.04500220981855244	0.6211282093061505	-0.02023944866155642	0.1439333563987652	0.3731362959010002	-0.1395940244283549	0.03924920740700949	0.02862133026827696	-1.503665371021662	-0.005500520765060246	-8.883250871875858e-05	-1.427954434465333	0.1538146142656921	0.2644931128157439	0.0182188612053974	0.9873739935924801	0.4732455680216348	0.04438402805633396	-5.175432975371878	-1.498169377180637	1.737620009510876	-0.3363469984914711	-0.4079620703159555	-0.3154006970705242	0.02948484567441131	2.085304860590892	-0.5463885318778207	-0.1927754983311833	4.557347762298346	-1.362613618259957	0.3526526789040608	-0.01547520794629091	-5.986077237099436
0.3992312594138309	-0.06171114575365991	-0.1154962739408514	0.1541138282264098	1.078220511326344	0.9529193387092921	0.504288136244897	0.1069623164990554	0.07659187692414873	-0.0264935617094616	0.2395372923986921	0.1643979642999049	-0.4728102133944592	-0.1092099905244394	0.5331214476459571	-0.2008294523135073	0.04743680668742464	0.7033023759766335	0.1465466501392474	-0.2908972241936703	0.07288699081857461	-0.1786927133106351	0.07797730294037729	-0.04352133637364082	0.1939328926711846	-0.310233994450012	-0.2699346223577644	0.9537985530903094	0.109712095207106	-0.07676571077334227	-0.04621108381120151	0.5382679457235919	-0.0758960664094977	0.09426617065051279	0.2908229883405025	-0.1259678022835573	0.02683864588434764	0.02982952526144709	-1.464026671696381	0.03824980824222807	0.006884894426691296	-1.440647370737731	0.1282770740668532	0.3788376149108654	-0.1811983496816441	0.7839662183680751	0.4404912188964691	0.3411119241188975	-5.614303641613923	-2.933163846973406	1.783361122145122	-0.3965179663903935	-0.34565670643306	-0.2976192964527135	0.09717812261020753	2.065819779412093	-0.452002694176333	-0.1864169894929787	4.693679848461641	-1.670279767823843	0.2324380488190718	-0.1295832588834431	-5.5314338917142
0.4032	-0.0620211875438835	-0.1151549702418953	0.1552508367463156	1.077727204633258	0.9530196969575259	0.5044035144807287	0.1011583052099182	0.07676700760855215	-0.02649430260260238	0.2338337735087708	0.1649518694475542	-0.4712083563080564	-0.1099627432718742	0.5361206779800871	-0.199095403626679	0.0490247326777892	0.6808434361683273	0.133770055068801	-0.2838934877447584	0.07139832743424945	-0.1800481039260524	0.07681949602313139	-0.04311478349266036	0.2021612681198635	-0.3119947675213098	-0.2706199434477634	0.9724167682297611	0.1029935928488512	-0.07587963714620596	-0.04673158704380956	0.5165774872213333	-0.08441784712979644	0.08410013005405487	0.2758869333870926	-0.1230076313118637	0.02312531574978326	0.02883526717596612	-1.454307114747366	0.04843290215931302	0.01634140680534288	-1.434809423903994	0.1290671588584035	0.3863954618092376	-0.2108746804863391	0.7322429645074311	0.4388087676737369	0.4509191164717706	-5.681759703554879	-3.277270172706475	1.806808471711306	-0.3888825787766319	-0.3352967338147038	-0.2930389378363922	0.1084896745603025	2.084039518229363	-0.4356768411378847	-0.1703759641223395	4.718189015902635	-1.711106639222009	0.2107476307254499	-0.14386815014982	-5.430093192622844
0.4127128561131141	-0.0628917185000193	-0.1144963985666561	0.1576952943957493	1.07659619690724	0.9531928717317908	0.5046568647589885	0.08742127855122794	0.07733863770677984	-0.02630913440501081	0.2203186685138343	0.1662424053970668	-0.4672520937152303	-0.1123492289704136	0.5424795125229118	-0.1949894140859574	0.054484874927197	0.6263616385412024	0.09963994246342486	-0.2668883855138011	0.06746074182440154	-0.183100076385672	0.07416410008361467	-0.04196312310119513	0.2223600329842264	-0.3159587717594991	-0.2719331198717083	1.017635798854545	0.08644600093056053	-0.07412147377617703	-0.04824765176311297	0.4661511271797772	-0.09846785597277299	0.04771408135986341	0.2380244230049121	-0.114160594502961	0.01283808150519574	0.02455547263130641	-1.432046144712364	0.07940510191281321	0.02372052266100173	-1.405005393727342	0.1348437240834156	0.4390482709790544	-0.3069396385155878	0.6111249598624788	0.4150955262659775	0.7028333423649891	-5.750272501884148	-3.836468165515207	1.762608162756527	-0.4811347251826477	-0.3041789836047356	-0.2576051005497885	0.1369305536262736	2.14673856110077	-0.3903211013036598	-0.1128525395716895	4.775043028281384	-1.786781891450132	0.1518869644099095	-0.1796769257579071	-5.114766237386189
0.4296558844730551	-0.06472653146241372	-0.1146583760450063	0.1611617766467144	1.074845736746301	0.9532177897123028	0.5049980912953336	0.0635809240797828	0.07960957390227966	-0.02577084847548947	0.1971477422963365	0.1682256031902264	-0.4593217929455631	-0.1199055301553837	0.551557066187823	-0.188948632407923	0.07026539462127443	0.5302093662011017	0.03204848213147515	-0.238204364822316	0.05550432314059072	-0.1876230479461661	0.07089961209169499	-0.03900516591185321	0.258664380496792	-0.3214037642076559	-0.2734617845279566	1.098293157755243	0.05377699385722122	-0.07287740802880713	-0.05204352164911062	0.3882461201795697	-0.1152647986507587	-0.07003150259666939	0.1716077349092442	-0.0913278770735188	-0.01080260983893121	0.01440642121740972	-1.383079751870599	0.1902797515888319	0.03683247031767609	-1.323219158104314	0.1018535059212539	0.50145503576617	-0.5842143374812299	0.4741201570219474	0.2903245053683982	1.140316493146502	-5.521538075376024	-3.966863400787352	1.609419642347406	-0.9307380035205672	-0.2269229855387183	-0.1179064996481639	0.2138178592363728	2.130416287386151	-0.2477608420601699	-0.07341401214361182	4.721572449406386	-2.082848330761763	-0.008180851631671343	-0.2636489367663421	-4.024462304895102
0.4440312594138309	-0.06637189559749057	-0.1162361145062672	0.1632427847168686	1.073693881615219	0.9528991346858395	0.5050826504488	0.043883654609638	0.08276484204705598	-0.02533476646446736	0.178847046327644	0.1699114032367285	-0.4512804204153906	-0.1292801896111291	0.5578386242747106	-0.185461574494482	0.08825620624348768	0.4545712496124412	-0.02102719331450037	-0.2163425090386658	0.04114673886032183	-0.1903885107749992	0.07014661086344495	-0.03553548355394235	0.2895124042422291	-0.3242137008478989	-0.2742185390453129	1.165397096847502	0.0222713083358424	-0.07380677115644205	-0.05594288311326961	0.3370232394562181	-0.1095319777371074	-0.1365367101315478	0.118649804483189	-0.06880073204634107	-0.03375154220479717	-0.005053394290948074	-1.363541988224279	0.2305450671420639	0.01608169567175347	-1.216392480929978	0.156807925220657	0.6413226758865311	-0.6753195751647105	0.4038564232449335	0.2080586436510429	1.316151321610138	-4.939059359118171	-3.308901869504051	1.425872147205891	-0.9535772532410696	-0.1593064063412787	0.007979160091385357	0.2624948500673369	2.191150379446013	-0.1558601245483987	-0.02170634889893558	4.613067752236597	-2.270262573663435	-0.1071291183211205	-0.2584024879495705	-3.166321489106142
0.448	-0.06679460131855103	-0.1167830109410282	0.1636862606889484	1.073433129698095	0.9527523583427437	0.5050466421371178	0.03846848053523777	0.08365862768260249	-0.02529970040274862	0.1740913050093142	0.1706198927765798	-0.4486032963378297	-0.1319051408954039	0.5594084162149615	-0.184647470848893	0.09347216756274954	0.4354131143232017	-0.03359505893141806	-0.2107948360545669	0.03761654038463257	-0.1909880238156269	0.07023217850093824	-0.03448261506396352	0.2983143790946053	-0.3248131714690074	-0.2742507004955185	1.183649811868298	0.01323354634820569	-0.07425226742612573	-0.05691876096553013	0.3247588114955342	-0.1072892649687025	-0.1371948234437059	0.1070103412859863	-0.06263226743121583	-0.04026159196675847	-0.01124126419735735	-1.358529832229435	0.227947882913155	0.03302538084879784	-1.185013408506451	0.1823356073166311	0.62975669595767	-0.6749235179524642	0.3953236599605643	0.2036283770707997	1.326216578025331	-4.720361568929581	-3.188868861485132	1.357741238818637	-0.921209348111401	-0.1427321850891463	0.0249387207017831	0.2688210591219531	2.208032584375375	-0.1421858062553117	-0.01162803941972301	4.610330426614015	-2.296713984379533	-0.1233347079679053	-0.2502168053928505	-3.00334427384082
0.457512856113114	-0.06777489932167943	-0.1181217472181411	0.1645308509635848	1.072912675136289	0.9522912249902045	0.504861120287052	0.02559240390436834	0.08576165756366624	-0.0248964323562384	0.163251228588145	0.1727508261600349	-0.4422732503650412	-0.1384660993508938	0.5631443335330404	-0.1827978489719534	0.1059319036292518	0.3934198768670122	-0.06038577333657727	-0.198179666913113	0.02904805585010598	-0.1921412676940014	0.07074390137688977	-0.03183959511143125	0.3196249885403039	-0.3260134625278298	-0.2740248900935508	1.227466626879548	-0.008932731424965465	-0.07561925690395688	-0.05919121820848033	0.2978532871784698	-0.0991602848712642	-0.1446769192261136	0.07052419884385874	-0.04619920889388879	-0.05679856521077339	-0.02810733672680846	-1.346904882605973	0.2153387628909365	0.05707844354310493	-1.092348384993475	0.259494922712359	0.6857917183284978	-0.6984427440846925	0.3939751725051642	0.1855992844047429	1.254448315943522	-4.087923531876061	-2.416975466875298	1.278607888938439	-0.8935228363441825	-0.09743897942703331	0.0841526986482946	0.2878878063615807	2.260463575320132	-0.1058298329717354	0.04619754742068871	4.582994405650706	-2.386703676101264	-0.1662737280381928	-0.2223530860069733	-2.598074226669151
0.4744558844730551	-0.069359717390368	-0.1206109374350618	0.1652026976778626	1.072408490599738	0.9510790627343407	0.5040983704955497	0.003131333921128965	0.08916356969577821	-0.02333473209867043	0.1464155050955531	0.1779540438918821	-0.4307966572309031	-0.1498231697294516	0.5700916218702182	-0.1797186146887901	0.1230129894033115	0.3352200290068348	-0.08918136168528329	-0.1792440079184748	0.01384369001409218	-0.1929774239006873	0.0730692462664823	-0.02661567602171949	0.3578774926117614	-0.3269918449576509	-0.2732033055983618	1.303208169205301	-0.05201171240884167	-0.07919573390682605	-0.06211353563893536	0.2635321667327537	-0.08847765713266098	-0.1417033542106078	0.01100397780695799	-0.01354491216047755	-0.08583429133413867	-0.06286795863037578	-1.297673072109734	0.177049059994324	0.1218401971001863	-0.8815117213136963	0.354328249114756	0.6601762376481682	-0.605283859051891	0.4315969094464516	0.1919519947491357	0.6959733298068989	-2.755460837889966	-1.058757163135914	0.9091699022442092	-0.8804956852595838	-0.001204573919616057	0.1843039575292848	0.328716786385558	2.242893094204656	-0.008240384240861293	0.04342220170687172	4.325745572092049	-2.69566322925117	-0.2547942312844912	-0.1129141085396873	-1.420667923159123
0.4888312594138309	-0.07057524617589953	-0.1222995149591351	0.1650926101653433	1.072378340089523	0.9496918368446949	0.5029578066278074	-0.01500807258606751	0.09104129903324401	-0.0216414310471196	0.1355240141630615	0.1838717283591691	-0.4211830609986829	-0.1566620928483533	0.5765930822395442	-0.1763449362255192	0.1284924509148007	0.3039897839646096	-0.1004653180534525	-0.1697466500406464	0.002698832875256723	-0.1925022969214241	0.07601237869169583	-0.02168680247860281	0.3900090555095954	-0.3266390491847815	-0.2723588493994167	1.36327614685968	-0.09155035982461726	-0.08325821510362243	-0.06288234730918445	0.2493205487093504	-0.08057221387416869	-0.08039308511456307	-0.02273666432182542	0.007395935703336132	-0.1061531941485196	-0.09635974313722777	-1.219809619659881	0.0666705839834484	0.0908276885124589	-0.6171348351812938	0.4850937309718247	0.7049006241037929	-0.3044749340162813	0.4711547389534465	0.2985637209580059	0.06794516354084129	-1.602839958420791	-0.7037366377943808	0.3805390891598619	-0.6015442075149688	0.06121191391048749	0.2116092390384097	0.3541581998329414	2.240621326177331	0.0478363352499494	0.09737718957414321	4.031851563831675	-2.738283093191095	-0.3026880172766947	0.007141178671617249	-0.654628222405035
0.4928	-0.07089037199393868	-0.1225569609862925	0.1649916755943103	1.072414629194334	0.949261662664135	0.5025560251119986	-0.01979393164876381	0.09120685893989786	-0.02135032728015601	0.1332548549478775	0.1859066453450378	-0.4182934729058592	-0.1576182848969262	0.5784788418399593	-0.1750559443861809	0.1284411830604963	0.298220704592487	-0.103494837242534	-0.1685865126344988	0.0006195385309981372	-0.1922395436386157	0.07683700846834958	-0.02027403542447763	0.398934794990685	-0.3264412443018516	-0.2718857419055823	1.379127193898737	-0.1022843905294794	-0.08446789119835266	-0.06278828937479985	0.2469015292675613	-0.08346449820916335	-0.05910725066528535	-0.03105453179531315	0.01220515920222597	-0.1115926952888576	-0.1045296651372924	-1.185934943062047	0.03977403066771704	0.09246249136915938	-0.5323797500826586	0.5641572404598978	0.6706193758835338	-0.2468967493945387	0.4836536653581758	0.3300329119131964	-0.0932081764265302	-1.30315513087944	-0.6514758607920045	0.3850151071459773	-0.5205389687681961	0.08017887229314401	0.209958605834251	0.3574935182157308	2.244822549923933	0.0567137107168024	0.115520175488665	3.990394976625002	-2.712925536726897	-0.312083537059523	0.03224272041455881	-0.5051446771503382
0.502312856113114	-0.07170976260070794	-0.1229277691773027	0.1645291736442706	1.072583731028118	0.9481366763535662	0.5014650763674301	-0.0306867124783991	0.09123421576056723	-0.02041860258344103	0.1291653665028386	0.1918380022466421	-0.4118238057096338	-0.1593603186809296	0.5832170204672602	-0.1716046534819314	0.1258536177793494	0.2893183980652284	-0.1065611876625203	-0.1649100299032875	-0.003687853470509455	-0.1912693637139044	0.07891255509464822	-0.01681027434428481	0.4206758941753325	-0.3258013205539143	-0.2703592688306498	1.416681746011871	-0.1277972488198293	-0.08755798567320162	-0.06218806341075762	0.2435767135148006	-0.09537702239403642	-0.01318041302504769	-0.06586844001768255	0.02324062639233199	-0.1250686544148631	-0.1247918923930927	-1.094785748305107	-0.03969270364452421	0.1053092558761055	-0.3223336947778772	0.6895093593596902	0.6765582826513407	-0.1004736553884202	0.5131334934137898	0.4028957089321136	-0.4729436435946011	-0.5813405227025685	0.03000846816042424	0.315454190250942	-0.3896646947523024	0.129963898539275	0.2173370314087525	0.3709906630765585	2.315277692429014	0.08026963697667111	0.1945770032804236	3.880163797355558	-2.649351274073971	-0.3370459435482834	0.101575934281919	-0.1616534557154801
0.519255884473055	-0.07397629672337645	-0.1220527936491233	0.162901513066409	1.073141302642942	0.9458128443344607	0.4990560186779572	-0.04724050845171468	0.08895018780453379	-0.01841207813307408	0.1271457830890904	0.2057402648546895	-0.4010716290431633	-0.1576653884532424	0.5922777815024522	-0.1632331717036129	0.1111457549794075	0.2888492030326381	-0.09622250820452316	-0.1654151315551198	-0.008354387550760971	-0.1878889918563661	0.08201940543360448	-0.01030421824235742	0.4601230981322175	-0.3239439545132539	-0.2666563098513132	1.479073249835485	-0.17157587734226	-0.09357562072636108	-0.05893545792355075	0.2476772957263166	-0.179422166759277	0.122645777172829	-0.1265896358851142	0.04283162829911552	-0.1487397602802036	-0.1589255875315777	-0.8529336933432317	-0.2366487381980331	0.1255689417693931	0.0826783091929548	0.9477174474235182	0.5882900282368676	0.3089385732504299	0.5478294380271678	0.5874169524407453	-1.240702417606756	0.4672226934091063	1.056119540168451	-0.4253690514576031	-0.14426047585315	0.27474879460518	0.1366033711279442	0.3971564404869425	2.323921274822681	0.1391654908448047	0.22977856436057	3.464886018046596	-2.513909232141356	-0.3703495570724872	0.2861812863289768	0.6319977865217672
0.5336312594138308	-0.07709440201288829	-0.1194419552034644	0.1606844988927844	1.073891713281481	0.9435574328130036	0.4965889502341487	-0.05815865463808639	0.08430465433984191	-0.01681416439095763	0.1305368752423131	0.2204963769288694	-0.3927853832193062	-0.1511743255844663	0.5999773939013968	-0.1538844917918023	0.09051030372888486	0.3000385238243041	-0.08140321215705795	-0.1750912364275124	-0.008025821531089591	-0.1830789300203856	0.08333730375253368	-0.004439739278070075	0.493315256767781	-0.321679871589749	-0.2632153936187411	1.526575363388719	-0.2067673806071773	-0.0990018554340123	-0.05385849737367929	0.2596635129716036	-0.2480252763397965	0.2349762805521468	-0.1832164877526501	0.0622593873535917	-0.163873470900417	-0.1833936244865678	-0.6815181898110207	-0.4049191493697226	0.0822533379345462	0.3734349964413877	1.081257357882872	0.5928718383423537	0.5563005695647624	0.5081971009825718	0.696772704562386	-1.535012367284589	1.03194127352004	0.7318131692540089	-0.8039595523947795	0.2290414180272967	0.386715904224218	0.05115023346677625	0.4182991904077802	2.296036171937584	0.169514108408705	0.2581791163728692	3.180313468386449	-2.37942657650297	-0.3814131424430114	0.4055356725066998	0.9269778351654647
0.5376	-0.07809920438767584	-0.1184629052386053	0.1599232297227224	1.074150995255142	0.9429013900292935	0.4958496690350596	-0.06080776291552759	0.08261862238486289	-0.01654382254209322	0.1321416710727245	0.2248053731982902	-0.3903619164395931	-0.1489226070322998	0.6019393230357843	-0.151098674076591	0.08447468088430005	0.304325113549134	-0.0792819277260163	-0.1781992228909389	-0.006825267416405233	-0.1815027308235546	0.08350762503549206	-0.002769142459706015	0.5024222394752018	-0.3210054178932544	-0.2621496791155031	1.53913283878525	-0.216131886696448	-0.100515041945337	-0.05221921510447774	0.2632522136378109	-0.2586042449690651	0.258753462454843	-0.1984541650973342	0.06749243190520465	-0.1671066610476977	-0.1888873865301671	-0.6445655430249397	-0.4366696920366204	0.06646284552213522	0.4523376971717371	1.160763087065253	0.589247707916122	0.5838173207317261	0.4852211923706136	0.707808594698045	-1.545619718661616	1.155332267235056	0.6043785874830567	-0.6419536463759186	0.2814350626389833	0.405771183521738	0.03410856895109482	0.4221054592233817	2.312776158418994	0.1740110233053695	0.2671300113014151	3.155607162212076	-2.339845777883735	-0.3836347033229739	0.4279262953480863	0.9795044000628348
0.547112856113114	-0.08072479243805068	-0.1157839915136089	0.1577739933673047	1.074855506368387	0.9412699257337402	0.493991149095218	-0.0665457548618531	0.07807542464097678	-0.01594798145714024	0.1371413313769579	0.2361382586103773	-0.3845901839001306	-0.1431333281232037	0.6062771640610904	-0.1442997508817723	0.07008786201364892	0.3164434332622963	-0.07494226581948002	-0.1835185071152984	-0.003364046493734894	-0.1773705846844	0.08371715351509493	0.001324205678071771	0.5250145744343205	-0.3192887385299051	-0.2592831546429278	1.569039844320153	-0.2380627945268478	-0.1042166201751733	-0.04789610960142777	0.2729338665174793	-0.2975719778249829	0.3100468594042524	-0.2576254687035778	0.08154233882455136	-0.1758484635374387	-0.2007581190493916	-0.5578392528082751	-0.5234673322090214	0.06519592722917156	0.5999752483552352	1.220081222790683	0.6160441697643237	0.6122427846111	0.4292593513277191	0.7234725781152191	-1.438562279531383	1.390981970545432	0.2481193732581575	-0.4499485042845393	0.4211647934549341	0.4678361989015676	-0.002658903694933462	0.4409491974121346	2.411755866203048	0.188773354853128	0.3241527740226088	3.119444158632503	-2.280608944814816	-0.3915282215583838	0.4832100380425284	1.028807677384369
0.5640558844730551	-0.08656795671483962	-0.1094108438118998	0.1522494357316077	1.076519093936217	0.9381752043746244	0.4904867747413366	-0.07455393143966793	0.06758870388797988	-0.01459212598236874	0.1494989779036918	0.2573570273391632	-0.3741533975175313	-0.1341137942282908	0.6126680209454809	-0.1316838125025284	0.05110079884090415	0.3427825734298581	-0.07990385770221542	-0.1869641164962847	0.003867777533651832	-0.1682534291111545	0.08229082001389254	0.009261573791543798	0.5654839274607881	-0.3157523183532039	-0.2537537624019171	1.620580087745291	-0.2764452404907466	-0.110729397398457	-0.03881192617421003	0.2887971681076831	-0.3903305366516429	0.4443508931385406	-0.3964763144698435	0.1161703343010404	-0.188409122149997	-0.2118623219564497	-0.3943630058214991	-0.7162729376847851	0.08774028938072645	0.851012224311497	1.266093397116968	0.6205364474957751	0.4086367966516352	0.3115648122977436	0.7669162272799075	-0.692419756445933	1.665211759402449	-0.862068945447055	0.02604384844170515	0.3886001735897804	0.6066393261741487	-0.1738421656496136	0.499142792095723	2.331942659524659	0.229340204601988	0.3154080040298063	2.961086813749498	-2.256555299270998	-0.3723267102969143	0.5842181307139411	0.7861840806797289
0.5784312594138308	-0.0924910911165801	-0.1023523847719698	0.1457991738319883	1.078417636943843	0.9354323204102963	0.4873710710821173	-0.07968331912168969	0.05624836491937385	-0.01376240175778992	0.162888703313927	0.2751357977835249	-0.3646668901945514	-0.1304279720762078	0.6157541752400337	-0.1204239180392827	0.04861301121919125	0.3662317184061997	-0.09771900396477573	-0.1855270857253579	0.008474471379138704	-0.158964871159412	0.07893980137911187	0.0168196284274875	0.598188746541925	-0.3122591617149651	-0.2493430967165186	1.662573209233428	-0.3085970714282684	-0.1158872934145235	-0.03009780114754022	0.2973530318652999	-0.4195765281837316	0.5258764107887554	-0.4926136212690726	0.1475927539507408	-0.1916731906785086	-0.2229273619206026	-0.3408206721756745	-0.8509689971150602	-0.0007536183193341955	0.996509447987886	1.183127299975974	0.7285934696688032	0.09229580824146566	0.0897520967070497	0.7964391050351636	0.4101406387068116	1.517910446847792	-1.499063245539321	0.07542604589794988	0.25113818397223	0.6697849454245056	-0.2710928150582926	0.5506728674029913	2.234100595659877	0.2526511431053907	0.3083365486266093	2.910112272048631	-2.200568102842423	-0.3458054372124214	0.6144060040068572	0.3871519754790287
0.5823999999999999	-0.09413949289507489	-0.1002490516913565	0.1438116148114226	1.07901933069995	0.9346731164549278	0.4864768702938781	-0.08105533967597511	0.05282258600747522	-0.01387879145141488	0.1668894301548493	0.2797341389540187	-0.3616484257574557	-0.1302500110137907	0.6159267877699354	-0.1172547612880661	0.05096264200956276	0.3720040707806469	-0.103732424793591	-0.1854275446612995	0.009406035570637291	-0.1563089280028337	0.07786315231854857	0.01902837639118865	0.6070490731772703	-0.3112533031035565	-0.248095591684327	1.674163680520943	-0.3172601720367212	-0.1172478790964971	-0.02767377720832364	0.298647819682436	-0.4260275702270012	0.539253234801729	-0.5067314792267456	0.1537979009291862	-0.1916792642726995	-0.2277693745468333	-0.317377863539089	-0.8771041792128111	-0.005429872976449604	1.047960566290964	1.19614262734596	0.7357771562890274	0.04427773149095693	-0.007128907222403391	0.8077461278036291	0.7048418252185711	1.332671873288698	-1.431755315254016	-0.001449355510868444	0.219378918165445	0.6816912057747241	-0.2788360371127407	0.5583502785822723	2.259680064520896	0.2554797288640796	0.3054545676560512	2.925061459632007	-2.136489368035824	-0.3413533375342543	0.6213920738400124	0.3517580077113602
0.5919128561131139	-0.09824442119499967	-0.09502789873478264	0.138918016673015	1.080551585168264	0.9328330624248944	0.4842424454377463	-0.08392119919044666	0.04422632030258661	-0.01434805819476752	0.1772530372219555	0.2908198577548463	-0.3544083773382141	-0.1306952340626201	0.6154698366761899	-0.1096310484168447	0.05705807797000488	0.3849395599024498	-0.1129895969970086	-0.1870793531403505	0.01148675116180685	-0.1496739714714534	0.07523729784387566	0.02443500624565952	0.6288677286697106	-0.3087917680088142	-0.2452343223785843	1.702201977170584	-0.336621430337484	-0.1204376606749219	-0.02166047466899565	0.3017379236439459	-0.4370787269362779	0.5600474744467167	-0.5113263103300713	0.1656981881040372	-0.1925399269465086	-0.2423626610053428	-0.2731897265350901	-0.9299827145041855	-0.09354931731026785	1.145941717038371	1.118823025945213	0.7650251259861673	-0.1724775798965983	-0.04246204928889652	0.806261387592917	0.5669576459396719	1.469173848452297	-0.3736466259058066	-0.4206181495205942	0.1742773517802917	0.7073754923791697	-0.2774435134051088	0.5801366592408086	2.248967789119233	0.263176555597762	0.276898477010543	2.940636373166156	-1.908977028050285	-0.3220254903991063	0.6402311806081793	0.2690635371320391
0.6088558844730551	-0.1057761913045592	-0.08513034201713966	0.1309993373456869	1.083319134761709	0.9297993471006183	0.4798825450094404	-0.08690068897252801	0.02767046412484464	-0.01756602202029837	0.1995182780194388	0.3073998934375285	-0.3424238629476044	-0.1387623231078786	0.6175247613720278	-0.09508455412653102	0.06441983499232583	0.4173223006841147	-0.09638654749354503	-0.204245562199673	0.01100755162623708	-0.1378166632618355	0.07033000271814138	0.03468884171127921	0.6608063685377418	-0.3041458860183429	-0.242179780031425	1.749932422371555	-0.3639425768077892	-0.125115278381769	-0.01076689277160198	0.3030721855474765	-0.4485966829337338	0.6085772785394556	-0.4083713867933341	0.1558217078192285	-0.1586858796675936	-0.2732495464017344	-0.05581036905447467	-1.025306378962198	-0.3078636068769233	1.521101407308118	0.8146660785392908	0.6345296160723919	-0.7722729183638071	0.3346105268154225	0.9312807285614895	0.3315656389206977	2.409136991157374	2.252897024019459	-1.564029770715903	-0.2499584491304958	0.6786896762592425	-0.3008511758970667	0.6297902941211153	1.406016464839221	0.2856725020174974	0.07531979041275039	2.643220715802885	-1.304052631176925	-0.2245820595037649	0.6389927228581463	-0.1365880258566254
0.6232312594138308	-0.1121493054940903	-0.07614121120376292	0.1259320081462849	1.085393949585396	0.9279019656095377	0.4757412408880258	-0.0859300054567177	0.01229954430382853	-0.0241902177902858	0.2246648808797517	0.3169278839066524	-0.3338291849436352	-0.1517420319300873	0.6247486891985691	-0.08055003135943284	0.06940156241811421	0.4565459571694709	-0.05732960921437438	-0.2287854003219573	0.005878524136333651	-0.1285575002101663	0.0660817962586403	0.04395002162810073	0.6743682402638881	-0.2999319088000241	-0.2418638680367117	1.785233813923622	-0.3795562306584028	-0.1278231674328397	-0.001758218850798896	0.2988052777878536	-0.4325246964826419	0.6381943489208629	-0.3021240733814511	0.1318726121860495	-0.1016006657804694	-0.3034428713678648	0.1942345574856628	-1.115320866062106	-0.6467625258373685	1.997798668556509	0.5162188919067215	0.595175101813096	-0.9282246913418772	0.6227263989502694	1.092751823717187	0.434201562393336	2.913205534679356	2.673495026447652	-1.582394479173466	-0.3752801824193912	0.6040148606838033	-0.2772598918907873	0.653128544832795	0.5121326273176728	0.2982131247332847	0.007426295330296429	2.267693845934931	-0.9171089630193636	-0.1630213400574341	0.610942887139494	-0.4184095700048992
0.6272	-0.1138450073474077	-0.0736013298261701	0.1247737868613327	1.085903440884071	0.9275366760441972	0.4745194570321306	-0.08502089442379746	0.007819109392587717	-0.02701414548105352	0.2328912408846676	0.3188325469210275	-0.3314042095703008	-0.1552654657129953	0.6272509867903073	-0.07612629195240676	0.07134350904145578	0.4680500939843347	-0.04766037483566768	-0.2344572381895776	0.004534213129067797	-0.1262101615892909	0.06502451319135366	0.04654194604220412	0.6760187890960715	-0.2987472700773604	-0.2417777491857824	1.794041748326495	-0.3831027061636854	-0.1284636563491974	0.0006450201868652972	0.2970887264977147	-0.4273775482270855	0.6457036851065636	-0.2909596021844393	0.130989273790981	-0.09057585527531403	-0.3103240407849195	0.2572640508336949	-1.14357087293264	-0.6946276428321028	2.128779038306759	0.4471605076486906	0.586909997307475	-0.9296587652556527	0.5685338378062095	1.099900320406679	0.3622997215505206	2.781015438084733	2.376128583488072	-1.561663541307764	-0.3878138761977454	0.596844559662665	-0.2681503622797523	0.6502212955011358	0.4019219363462367	0.2979697968302283	-0.01475091459854405	2.247985554341565	-0.8180867972807249	-0.1566183685752384	0.6097337386691194	-0.4325563197894861
0.636712856113114	-0.1179026897031255	-0.06741052566074096	0.1221145456250177	1.08712631688773	0.9267939658245447	0.4714868619024281	-0.08179019979759783	-0.003376838655061165	-0.03440392820510993	0.2546161487398123	0.3220652958974164	-0.3258389581254343	-0.1644762026241756	0.6321045114571406	-0.0655515146846357	0.07439320476280713	0.493337617352797	-0.02583596110315653	-0.2487800484805732	0.0009241479221875514	-0.1205823971904516	0.06264966198301465	0.05272438432284559	0.6787377254131665	-0.2958982323662402	-0.2419906501414494	1.815169721021438	-0.3897716109977613	-0.1299135610825404	0.006464998973404593	0.2928895247059913	-0.4195390427445561	0.6560418022847003	-0.2584537403732198	0.1266428118786709	-0.06541941375127458	-0.3270418100803704	0.4161603949783606	-1.207266761169665	-0.8464094826397693	2.439623317955419	0.2249886488454182	0.5623986619609627	-1.010636443144594	0.4291588867538353	1.118760053022499	0.2686914669264722	2.49626895667611	2.124517330436305	-1.422779607067839	-0.3886055451499022	0.5822491553061026	-0.2348386817713152	0.6451378764669556	0.1204455074514426	0.3011862676483815	-0.04441131043515573	2.172102970575859	-0.5395126961828564	-0.1437091378915773	0.6093165398113017	-0.4371700548333125
0.6536558844730551	-0.124405009065525	-0.05612448464019697	0.1188256185801355	1.089268005179028	0.9260593337785124	0.4657321814257117	-0.07281087711630535	-0.02458035481744864	-0.05000602312969804	0.3007269024531867	0.322105681249054	-0.3181746379467674	-0.1824131875580318	0.6352545704083601	-0.04677378835982154	0.07676241344008858	0.5281618079652057	0.001742485042692837	-0.2684413457270802	-0.00648188796457261	-0.1112180780616347	0.05885677055694512	0.06320177904812066	0.6733735081039273	-0.2907553965992418	-0.24414973780666	1.849414740894696	-0.391981481993146	-0.131881184153799	0.0164469194406507	0.2865222555363643	-0.3377892142491959	0.6765304069684571	-0.1261579655051807	0.1285249703667937	-0.02239866561999649	-0.3502508313145091	0.6333399030970828	-1.292621833588294	-0.9718894373019258	3.005953874260038	-0.21953858918659	0.3187788588035879	-1.059397250995544	-0.1119006853269773	1.082723445278498	-0.003383132060897964	1.543644741545676	1.160072152020823	-0.8361137378219883	-0.4716668644648989	0.5196052548217824	-0.220880313651923	0.5823621150406675	-0.7799039707807587	0.3044998600676295	-0.2208471810374182	1.857950602041123	0.2930271951026763	-0.08737756723987813	0.5632508446991243	-0.2871670841786169
0.6680312594138309	-0.1285945927005739	-0.04626757211670691	0.1175615665333556	1.091203514737913	0.9259470127787637	0.4606308551645566	-0.06257476692703656	-0.04368334002557297	-0.06429297610345058	0.3474601668252685	0.3165853916254719	-0.3151881885505077	-0.1957925036939777	0.6290163140380908	-0.03186784652333354	0.07488266419422794	0.5432287330274396	0.01747652978042399	-0.2754156173258177	-0.01244488649483194	-0.1041055426554143	0.05558737709730336	0.07098927265654525	0.6576546395208023	-0.2864233268433795	-0.2482272683840993	1.874617201474995	-0.3839714430751712	-0.1329349484699068	0.02421526760130342	0.2838985667668891	-0.2457239736253837	0.6948759951331518	-0.07015338076476407	0.1430226506472199	0.004627419619607005	-0.3569024668440435	0.7900469621832169	-1.368511366766185	-1.013073571168375	3.497408111263958	-0.527106919902294	0.1157773007403226	-0.7173644080185853	-0.7803940880555942	0.9798064085766989	-0.2531882227611779	0.5472220932485194	1.312027377709304	-0.1092370272596896	-0.2888808183176981	0.4754594472010454	-0.2365586634846121	0.4985228218319719	-1.315099382189827	0.2955678744362041	-0.3238550282655063	1.688207794284479	0.7237289981613126	-0.06955254508583783	0.5208414981683808	-0.07045584241194169
0.672	-0.1295238669796425	-0.04349973116014001	0.1172645951088398	1.091783720563941	0.925975457056137	0.459216239082394	-0.05935206692965117	-0.0491650745730679	-0.0683366238811966	0.3616125249605777	0.314375088820159	-0.3147880745450171	-0.1982666813837614	0.62551155088548	-0.02805776834382721	0.07375686936677123	0.5448629165375005	0.0234250567181061	-0.2754104186537603	-0.01333267170983609	-0.1022287072592156	0.05463623070785974	0.07291854503758505	0.6523663870200535	-0.2852609957197993	-0.2495127186440618	1.881321696722118	-0.381097456907817	-0.133225882486704	0.02626859565000542	0.2837470671238754	-0.2338856407032291	0.6999835324857032	-0.066448107297048	0.1444262133009208	0.01113654990478301	-0.3573215853571033	0.8728627313785178	-1.391076962829937	-0.9635861607469984	3.661395786935699	-0.6315394733605137	0.01996843267241111	-0.6254168948125245	-0.988088959124519	0.9679148125872583	-0.2623608522433774	0.2387673138935845	1.568366922340625	0.05903034242127803	-0.2538685954598661	0.4705006755782244	-0.2417129873676775	0.4769858419901811	-1.367941756409264	0.2918351257868611	-0.3584185489613066	1.706587646892854	0.837943574295425	-0.0702170007601413	0.5176917634051356	0.01248866835048945
0.6815128561131141	-0.1316150557345434	-0.0368094325134839	0.116618499616171	1.093165883263001	0.9261427402931863	0.4558234156116782	-0.05015819216996886	-0.06270344637711607	-0.07740688724585823	0.3982762642795358	0.3073849823697967	-0.3151234334694944	-0.2032422648295629	0.6143742773258893	-0.01896727730365337	0.07116734581810522	0.5443525543127398	0.03868230763659745	-0.2739126995895461	-0.01553688963667962	-0.09782701368971744	0.05227838416971192	0.07725707587554609	0.6385634475162412	-0.2825026887615518	-0.253069813369239	1.8976410820221	-0.3723379949755585	-0.1339343521704422	0.03119632004705702	0.2846122196139576	-0.1997522179540206	0.7091546204450775	-0.06493765434111523	0.1450392512695535	0.0251631736524595	-0.3553667537597656	1.058989534869136	-1.453732908503726	-0.922951832263559	4.049314419721548	-0.8484042705892567	-0.1144808612613349	-0.3812071786088778	-1.338641882579855	0.9538276829440062	-0.266411068349825	-0.313393372560524	1.630568183237108	0.2197239738380166	-0.2339026951264365	0.4445835259818751	-0.2602441211868942	0.4296020101202951	-1.560363748550294	0.2889240252737315	-0.3872791830342435	1.691444671455925	0.9921807663010438	-0.07872442441555402	0.5139637242523577	0.1873646924847374
0.6984558844730551	-0.134095286180681	-0.02451915093656068	0.1158054247042776	1.095532732925962	0.9268595471959326	0.4498842956436486	-0.02951566260472455	-0.08813238696339173	-0.09095908943566472	0.4725809998500216	0.2887756856255156	-0.3206318918969743	-0.2033004221288702	0.5879044280598507	-0.002267050342345728	0.06785072231658566	0.5336548694027133	0.06629429252636324	-0.2707799674609508	-0.02062169121998311	-0.09141772962550618	0.04720678374954865	0.08345997395685772	0.6076537706166758	-0.2775905836192448	-0.2598271029631388	1.923616605962018	-0.3542559599542186	-0.1354184835191141	0.03954895583136131	0.2916746883709965	-0.08955337087059284	0.7409243355118573	-0.03024809786270774	0.1316479370628832	0.06053721318677178	-0.3444388064193747	1.374199341254089	-1.543411742523868	-0.6535115616149615	4.699415636164634	-1.376502371513664	-0.548652982717544	0.4095116428838751	-1.736313947744339	1.028901561831065	-0.09748165597296138	-0.8677963344106623	1.594610193604477	0.07798927502393049	-0.3688700410377004	0.3012047972187322	-0.3404414986221084	0.2992678336893008	-2.093267743097941	0.2918526563074283	-0.4015194142842697	1.331501791790629	1.111977215159861	-0.09816159611970812	0.4681795905931443	0.6632883138974013
0.712831259413831	-0.1348197477402374	-0.01381194044526494	0.1154269963073166	1.097277636794242	0.927943316592457	0.4450261150708499	-0.007940221864937425	-0.1107395749366066	-0.09859715531817798	0.5430568801554154	0.2650199817247334	-0.3306922222102409	-0.1927847400376317	0.5619762891636437	0.01301365210167457	0.0679762334896343	0.5198418386534892	0.08793309343317916	-0.272020441339585	-0.02582358415862478	-0.08797730949792022	0.04200301169544133	0.0870621800822602	0.57521911706999	-0.2733737008150029	-0.2654054597397959	1.940141680531045	-0.3383262720619725	-0.1370196691580274	0.04602392808925139	0.3040647044521123	-0.02205461826176389	0.7407233465540031	-0.03318780763353246	0.1099027885821935	0.0888981875531388	-0.3311668967496736	1.624936581259159	-1.598807362291071	-0.4277349738115772	5.063808447727441	-1.944981633784886	-0.8063941907692966	1.002140852205745	-1.832967656955571	1.086463525028128	0.1160307488074678	-1.014022920451648	1.385867687325099	-0.2662237395275515	-0.2930281424873316	0.1884428819979041	-0.3698525306911006	0.211660676206601	-2.355843477915676	0.2940129070593344	-0.3664853901242839	0.9887182366542802	1.087682192555772	-0.127294256219199	0.4384325365909169	1.038632310981932
0.7168000000000001	-0.1348967972126369	-0.01089097889429137	0.1152680312761717	1.097699840717393	0.9283081770569808	0.4437193985528699	-0.001358962638900452	-0.1171093407553713	-0.1002216763356502	0.5632614531964778	0.2569590358751079	-0.3339249010027254	-0.1886141826050974	0.554723690175473	0.0173287760610998	0.06854812270282309	0.5158073712876461	0.09325816485946202	-0.2732812077061086	-0.02679860790595682	-0.087262132519576	0.04055189310470257	0.08787819666134317	0.565876383114181	-0.2722078548917272	-0.2668242948888591	1.943940404312271	-0.3340529949872645	-0.1375466590782523	0.04776237463714948	0.3083358931570198	-0.009224484198713065	0.7368668286108715	-0.03463793240662803	0.1030025649232431	0.09632130387022431	-0.325831146895692	1.71684507830484	-1.60021088162385	-0.3212520617587348	5.200708773661666	-2.066823985196205	-0.8890145981330074	1.067374740055939	-1.852075055296952	1.084715814071325	0.1372294593117681	-1.074153141512435	1.181292583431803	-0.3541867394739898	-0.2660968064998495	0.1612088892978306	-0.3783694303077809	0.1910321900364364	-2.476595149104916	0.2926343379955138	-0.381713674584845	0.9387305441897906	1.100709917535728	-0.1324051028253812	0.4388850647024838	1.111055672118664
0.7263128561131141	-0.134859697670954	-0.003959965534140011	0.114885670385313	1.098607050936377	0.9292954459856615	0.4406708173191927	0.01585993093020477	-0.1324602431591732	-0.1026418907362344	0.6141433608991409	0.2372157214271179	-0.3422069925076745	-0.1781010128497091	0.5370380974229828	0.0275722206252052	0.07016940153728662	0.5054359571156505	0.1043706704641952	-0.2768843167558269	-0.02913949530857171	-0.08597163693712491	0.03696229467782468	0.08953670805738478	0.5410114104946269	-0.2694065314233674	-0.2703665278773166	1.952177189504026	-0.3234375922391906	-0.1389031007569744	0.05196759926146559	0.3197321131375008	0.02096014427197349	0.7200730893091889	-0.04322678869799738	0.08594473272914499	0.1106402626045454	-0.3139011134473927	1.910497987517164	-1.617251722909085	-0.1641820110609367	5.528018653140402	-2.038248518286833	-0.8698671258165354	1.203274501566652	-1.86690180330744	1.062671544955768	0.1903719046189083	-1.107322178655078	1.12625700444715	-0.3867741877030971	-0.2472620587526333	0.1007801894014913	-0.3784384212881295	0.1531201850325838	-2.738278112526563	0.2982074020651341	-0.3641756774662471	0.7591128353200483	1.143710497508819	-0.1572393773785342	0.4400657555146887	1.313586762488639
0.7432558844730551	-0.1338061476084649	0.007947083315441993	0.1141707294701965	1.099686316284455	0.9313210336109711	0.4356241774415313	0.05131855148372302	-0.159349306316964	-0.1015410826076612	0.7137049069537151	0.2052028165586745	-0.3574669666294674	-0.1510864480130822	0.5051695970287334	0.04470136610901135	0.07304387330665821	0.4861562811020471	0.1208134461169445	-0.2823899767730627	-0.03425070267089907	-0.08576474532432758	0.03043056576857837	0.0912731289982458	0.4922485524698914	-0.2641404554292215	-0.2763584461195532	1.960089266250126	-0.3024236220455497	-0.1422880422719267	0.05905447648242659	0.3467105043146773	0.1047984482625515	0.6835323163007655	-0.040934159655633	0.04012249689336975	0.1261517706635251	-0.2800838146820775	2.256660331193546	-1.541519501116199	0.3075711271189246	6.162523633476735	-1.780154775481634	-0.9166691770637386	2.071359481318462	-1.892854128105761	0.945034980507526	0.1189716885095771	-1.165663294713618	0.8019860823238756	-0.2182065254841679	-0.3557907559813214	-0.08064866941581783	-0.392403403303714	0.04980372441085616	-2.953490434428335	0.3250644232870259	-0.3446304419518837	0.1516413285067801	1.357043676805567	-0.2492427297200513	0.3895009332828433	1.873294764315598
0.757631259413831	-0.131896393998043	0.01747959385795908	0.1134992079504649	1.100003328865765	0.9331575126239505	0.4318258081101758	0.08478906705213257	-0.1808263081984165	-0.09466846998391742	0.8022393642242389	0.1775885433191947	-0.3695620560357817	-0.1149692349180631	0.4779191762706801	0.05723331310383181	0.07362174163198888	0.4692039177801337	0.1310488699116173	-0.283313730447729	-0.03911740177377533	-0.08781585347231571	0.02480196706408021	0.09146504214388727	0.4506384684486275	-0.2593143121896663	-0.2812073315666673	1.959023974186809	-0.2813002397054573	-0.1465334516898078	0.064270522130429	0.3759348221541927	0.1524524993211063	0.6403273392419684	-0.05894869407224934	0.006716953625982042	0.1273462089186745	-0.2489082418614516	2.351451816854971	-1.449345532984649	0.6064858930072384	5.973170987754646	-2.247655112745336	-0.6951429904241344	2.925216584977491	-1.893167412001789	0.7928673877633794	-0.04984046360493732	-1.185778778822686	0.6798181205859566	0.1155323388562725	-0.2635179029724262	-0.1862466405112534	-0.3846589805526208	-0.01406047323114367	-2.76901668079194	0.3438761249911951	-0.3291977980803941	-0.2447676391774904	1.579442419451511	-0.3402109148802982	0.3391643265520329	2.118644348429251
0.7616000000000002	-0.1312855506416739	0.01999220951766415	0.1132401105525079	1.100018519516499	0.9336595291573191	0.4308532590527151	0.09406442350741109	-0.1865390791606669	-0.09220087481933609	0.8254315792823144	0.167985769036185	-0.3720367996879944	-0.1029839623383507	0.4704172479290226	0.06028758318277372	0.07331375201855027	0.4645027038492548	0.1338198147395827	-0.2826247404668381	-0.03997666953194162	-0.08856810110504881	0.02329374042059918	0.09139615664629154	0.4398878681399398	-0.257945638994081	-0.2825030928547188	1.95797197762777	-0.2749214780720662	-0.1479286399943968	0.0655980644623472	0.3843027305932485	0.1637991189825881	0.6220240820942328	-0.05621358346616262	-0.0006818791839438842	0.1284188000653455	-0.2398224582841659	2.365325625131439	-1.402201300794199	0.70474838034111	5.88142766512374	-1.972560918522444	-0.3774821042721896	2.863170715131208	-1.887178267081051	0.7481070498763198	-0.09441668509268275	-1.187458344115326	0.6006721471241869	0.1866609310804276	-0.2395336557604151	-0.2094594715098734	-0.3821261296508028	-0.0276915648252094	-2.870170178114196	0.3465575008142897	-0.3271709900429435	-0.3580770647882805	1.651127819495179	-0.356319167604935	0.3342416436719963	2.155013956091968
0.7711128561131142	-0.1296419495760197	0.02571443180094303	0.1126774131244066	1.099934778447429	0.9348905646046757	0.4286761388277479	0.1164312759481199	-0.1993023555985487	-0.0846343972390545	0.8791520051864623	0.1514301797484545	-0.3721339853573886	-0.07644377753966138	0.4526349605256618	0.06689474525797551	0.07194268866437267	0.4534728047748572	0.1398198083553544	-0.2796065090385967	-0.04203663346422146	-0.09076565162527148	0.01969548332320709	0.09105533492400487	0.4119009409300505	-0.2545921452474652	-0.2853634090322673	1.953353224697623	-0.2583587944321427	-0.1515190736717699	0.06873625745912917	0.4051466529642151	0.1864155308127418	0.5735241901396266	-0.06220586759244331	-0.01795693769259722	0.1313557462344829	-0.2168158366675135	2.345318475988028	-1.261777702055667	0.8963448264582597	5.413615154346039	-1.563498353065533	0.2840383339757003	2.692092299260318	-1.853544347329437	0.6305071082096579	-0.1976673821692547	-1.130759311997226	0.649176465553154	0.4521594894830656	-0.2116006477563275	-0.2598980273045246	-0.3674644488695493	-0.04457262288908196	-3.01701802882943	0.3614362429080886	-0.2672833674627604	-0.6808672699058753	1.848968908409558	-0.4062241801475489	0.317313878357868	2.209757491286796
0.7880558844730552	-0.1258538081756609	0.03421617962875661	0.1114786071721021	1.099307987923483	0.9372252405064603	0.4254166744117419	0.156445194307305	-0.2173080764008162	-0.06615104348807613	0.9638226109273074	0.1270614495222619	-0.3637326396493891	-0.03521124036421157	0.4215500753409404	0.07514816050807568	0.0667935421778249	0.4351042976146962	0.1506258768264757	-0.2678699697050554	-0.04611597087185474	-0.09639638760615885	0.01415165726668698	0.09001724235303804	0.3586591629985446	-0.2480741756059514	-0.2886598449144079	1.93240617835881	-0.2230214374557952	-0.1596281648991938	0.07330338047499081	0.4419230259190002	0.2624509869719959	0.4258327550977602	-0.08291533885884084	-0.05625518209981287	0.1449962739912451	-0.1675533756251149	2.386449868237552	-0.8525252538548362	1.271711646214395	4.578293435504755	-1.380396610300508	0.5393177373357575	2.145219885340544	-1.820748176213626	0.3394701063711349	-0.4119449965241737	-1.045601220332309	0.60652079867233	0.9201374003065121	-0.2613357135218535	-0.4083573172745928	-0.2819161854605058	-0.07747025592830203	-3.247222653347143	0.408067951740064	-0.1267735166784849	-1.842249530195806	2.322522123410607	-0.553645064022052	0.2154093345083368	2.094254621079187
0.802431259413831	-0.121743028883073	0.03957772252839236	0.1100137044807671	1.098300056108267	0.9393841274272686	0.4232788269713098	0.1910086730579061	-0.2274209293162486	-0.04659480086990839	1.024391817457528	0.1078510636257278	-0.3584014532182829	-0.007921744302188186	0.39545898527815	0.07851763818594953	0.05965171611782645	0.4202220718793918	0.1587410753827812	-0.25251983092052	-0.04905117972341125	-0.1030119771285988	0.01053914537560124	0.08874958342739796	0.3115725440593005	-0.2420440679745343	-0.2901249057669513	1.899595186349697	-0.1874979385642974	-0.1682720696530123	0.07585824736223694	0.470504173243611	0.2995477285083993	0.3337604683173068	-0.1262524547013676	-0.08153510257898514	0.1539649656541603	-0.1321994378436574	2.413333875067341	-0.5893618683552438	1.399589446721433	3.841986584405838	-1.24843893030232	0.1350910422455754	1.670981062233835	-1.811212130349698	0.1509404135801067	-0.5741423231628335	-1.039606855443915	0.5226293357180094	1.183338825662082	-0.08473399640674217	-0.4978459875080952	-0.2314670296738471	-0.09646794605570813	-3.262907493556934	0.4230754342042248	-0.1034794003873172	-2.618458503783788	2.571559516291732	-0.632348285971872	0.1522238274503451	1.871005068729588
0.8064000000000002	-0.1205577494954388	0.04088530518733251	0.1094773368901077	1.097968428611706	0.9399965711140762	0.4227679491936833	0.2005777982366412	-0.2297013151647943	-0.0410826672852323	1.039221761917095	0.1030917520111782	-0.3581956670101524	-0.001495119343530513	0.3882727495221727	0.07906559759221604	0.05730250610683486	0.4160672056052462	0.160775411796114	-0.2477511117984403	-0.04914651210376132	-0.105002312589338	0.009621262690722061	0.08836189024507857	0.2987045520762164	-0.240375188362301	-0.2905836129761472	1.88903823831915	-0.177269214383852	-0.1707849173107255	0.0764583490933278	0.4777921076595708	0.3058220031212128	0.3146253602703081	-0.1356550085746763	-0.0876780140869737	0.156603086550106	-0.1235792334424528	2.433089471596749	-0.5342602316820788	1.437709183800569	3.655030992834809	-1.335927500211598	0.324533837269172	1.543855098256134	-1.805959431144441	0.1103482114340478	-0.6231550116268593	-1.045590238909355	0.4433022937042217	1.221059965753317	-0.05014515580060741	-0.5202432110927078	-0.2247112342610763	-0.101955898300535	-3.324031843306697	0.4243917319444138	-0.1002441188054004	-2.767275903999379	2.615508706373683	-0.6460689588211129	0.1460561383222996	1.828123357533685
0.8159128561131141	-0.1175915266282816	0.04374425869040218	0.1080259081986347	1.097070518742961	0.9415073209681137	0.4216833205466941	0.2237336953590781	-0.2343142879297189	-0.02740174532621104	1.071567198720035	0.09162363522507566	-0.3558474974094597	0.01211614999473244	0.37120409462676	0.0797767148184399	0.0509986857250915	0.4063272497492624	0.1654200282848323	-0.2354059754780829	-0.04915023792083341	-0.1101822335841222	0.007504341725670695	0.0873776126633912	0.2670317278708642	-0.2363187341712041	-0.2914309386590407	1.861433139220596	-0.1519723939733741	-0.1770563825389548	0.07780985618948345	0.494757662173802	0.3224355526080815	0.2809205810638791	-0.1721637757696715	-0.1013274329885954	0.1615649748097509	-0.1037402148582332	2.435422246892115	-0.4254056787615806	1.44315245184708	3.151281722672743	-1.083828944297143	0.1676192425526288	1.267546254171908	-1.789908293081551	0.03026706402037438	-0.7095596148254986	-1.00968208962421	0.5153944664778822	1.37737771130897	0.03363284444173831	-0.5736724439903219	-0.2147440888891821	-0.1033620525711136	-3.320159530088464	0.4298804286459603	-0.07303932969597515	-3.10448527857147	2.71375204784967	-0.6769606740326037	0.1300756268142859	1.716565464486225
0.8328558844730553	-0.1115945552848414	0.04764681897319906	0.1043705316423455	1.095146898430541	0.9443494848763706	0.4202571257503835	0.264978681454129	-0.2393441099877845	-0.002754198216478015	1.117687061676633	0.0759356417758548	-0.3551634550341011	0.02633087974069166	0.3405611184326008	0.07857966512695985	0.03728497465962746	0.389102059689745	0.1739254923103643	-0.2097776760672763	-0.04825464391385508	-0.120970158497461	0.004404743555437678	0.08573332477206279	0.2120847049763466	-0.2288800170062746	-0.2919444546688426	1.79921572442386	-0.1039837266995017	-0.18925682275349	0.07923663287044858	0.5207890601967735	0.3868934422523574	0.1772304781104306	-0.261998672272269	-0.1248281893154705	0.1738400029940776	-0.06526477642930961	2.42843892400019	-0.1717304572204825	1.455264451232948	2.291990401729956	-0.81589651986826	-0.06427326266424913	0.3933754011123995	-1.837922948220335	-0.1711411029842296	-0.9067055232016548	-1.041052290882063	0.4659805942484985	1.629946440229714	0.06898746996642036	-0.698525266695726	-0.1459712036759765	-0.08802247727314873	-3.135237365639393	0.4474877521339585	0.01516396916026685	-4.288948741400718	2.944180605662829	-0.763781186843518	0.03237855992383957	1.348400214756503
0.8472312594138312	-0.1057758012917524	0.04969042856585082	0.1000570865882688	1.09325711047694	0.9468964297926235	0.4194958739363345	0.2996366288262393	-0.2408393225272931	0.01758285097285475	1.14510787837786	0.06419807146963667	-0.3564878781828392	0.02806741148870119	0.3137101624999736	0.07528556547857507	0.02346776542134824	0.3735321003795826	0.1801258153967463	-0.1856841449464419	-0.04651156305908576	-0.1315145967920555	0.00270533913725441	0.08460686328924161	0.1688062492893256	-0.2224307566589125	-0.2912791820459352	1.731153628326713	-0.06099700069809821	-0.200599121693111	0.07919491344684275	0.5385369110093789	0.4123744130867827	0.1180700487683425	-0.335106002096125	-0.1360413581587806	0.1788902425952825	-0.04360498909603548	2.385383768077418	-0.06914555705881126	1.34447403993286	1.505577416839122	-0.8689117625566702	-0.0803243690624246	-0.04267996035937183	-1.894715830685923	-0.2624464299396049	-0.9916771070254271	-1.132196804759782	0.409178267138508	1.685917168948051	0.2111717368649262	-0.7533518640969864	-0.09750012841292033	-0.06881061521996321	-2.877602256580662	0.4447672056258086	0.06856541187484699	-5.073675290615242	2.996544429726164	-0.8029523127128756	-0.0259047233598208	1.168420484492662
0.8512000000000002	-0.104149863395303	0.05015321202899836	0.09869496690620015	1.092715615479578	0.9476053811356338	0.4193279052680047	0.3090625202904462	-0.2411339225854262	0.02279134423701044	1.150611548429669	0.06061264424947821	-0.3567286886868363	0.02792113287428476	0.3061697353549646	0.07425204083239623	0.01954119864341834	0.3689773019355023	0.1817547995419385	-0.1790424863907285	-0.04550598476555229	-0.1344992010804959	0.002326837636030428	0.08434323353505262	0.1575375650257309	-0.2206786710248317	-0.2909994102894498	1.71085328727222	-0.04916774790074713	-0.2037805426024982	0.07909085410545018	0.5431899485009155	0.4138809874471199	0.1086629616085113	-0.3519653858117244	-0.139190781491237	0.1793472117747115	-0.03902786077992329	2.382701947411637	-0.05690415188741779	1.314967151382765	1.30648919422933	-0.8951445007893597	-0.05508735871413367	-0.09160499028889457	-1.902185560307562	-0.2725360066422602	-1.0147254210263	-1.166035259409368	0.2950351663131821	1.641846195810637	0.2423550475789039	-0.7655482291090622	-0.08930306245608655	-0.06518823916676464	-2.829766571105796	0.4432533061818436	0.08431510398839992	-5.212463279729635	2.994897094150972	-0.8094207366677686	-0.03150112887663666	1.1485405609024
0.8607128561131143	-0.1001801632950701	0.05110134018122713	0.09504181807743738	1.091363007789463	0.9493086291283968	0.4190045966977128	0.331561357220999	-0.2416315888614455	0.03484369749294031	1.160634559024132	0.052766119526586	-0.3572560881262946	0.02647823302525354	0.2879941930676655	0.07157735449365663	0.009804827289618859	0.357800192304879	0.1850768280624501	-0.1634366154443301	-0.04270257900845722	-0.1419072982256093	0.001599842213658741	0.08382278615793343	0.1317482526757634	-0.2164609434993174	-0.2897550781317696	1.659911273901847	-0.02083856539111251	-0.2115685022946179	0.07872561348329528	0.5539020356689944	0.4224321578853412	0.08744754911090102	-0.4140844752393174	-0.1449066647508965	0.1789155181346678	-0.02901963569256596	2.341571324402268	-0.04367582058167288	1.216691523433293	0.7964439665363926	-0.7527522335523964	-0.06910550348207281	-0.2188077673983846	-1.924169728660887	-0.2930740011219006	-1.035397539651917	-1.193153753297183	0.3733089747816796	1.636320357894876	0.3250432521620716	-0.7922469113518662	-0.06055039840997628	-0.04333222936460733	-2.585427064994743	0.4431306686335139	0.1742039258371023	-5.556102943347173	2.963599622849919	-0.8285667734369091	-0.05365365631388994	1.12072991414714
0.8776558844730553	-0.09283232273516913	0.05206138301924232	0.08732636962012556	1.088849239040871	0.9523316316867888	0.4186394954837106	0.3701583084373499	-0.2420075066385066	0.05374956035626589	1.166157049839735	0.04187346540862432	-0.3593288136308155	0.02090721566896958	0.2547640653975222	0.06617851301153249	-0.008074933642116353	0.3365268418094988	0.1904505203664141	-0.136190873918057	-0.03746110470548512	-0.1556756029568691	0.001216038226169523	0.08345920568242104	0.09192168120934258	-0.2090008452226012	-0.2857780628617616	1.556813678864299	0.02901875562144261	-0.2259006777745948	0.07691755461815962	0.5739887859045162	0.4421766255267068	0.02455893222500338	-0.4873032020448748	-0.1509319944423813	0.1770594899348664	-0.01560318961109571	2.205604116238687	-0.005731719214973841	1.007642608500498	-0.1467729377143824	-0.5623951236795376	-0.1703437818758391	-0.4041856275477114	-1.998886724596324	-0.3394056461652567	-1.063570832117249	-1.326956236441905	0.2295705068102443	1.562218098797906	0.2741271502515248	-0.8273374440161803	0.01808884427056634	-0.0003779184877865521	-2.123071863938538	0.4355464245655263	0.2835795029319907	-6.647244219755509	2.919689106015201	-0.8608795564396428	-0.1663878473048833	1.291175314898616
0.8920312594138311	-0.08654356857283223	0.05211204823847651	0.0801834364021063	1.086668561321019	0.9548220081629596	0.4184361223900945	0.4009120681053908	-0.2422412931753366	0.06674596514044873	1.158384836532284	0.03364240643210724	-0.3616122600688489	0.01571883997728453	0.2257690833269282	0.06135781840156021	-0.02291613134840084	0.3166530855653567	0.1928273150313367	-0.1148049745349683	-0.0337206099368946	-0.167532266931505	0.001948419718996938	0.08364439587298475	0.06362856418433882	-0.2028519218668635	-0.2813937815800795	1.455672235570674	0.07053194375825127	-0.2383472495836252	0.07391462233578543	0.5945773400235258	0.4237952773593686	-0.01086448945051499	-0.4971413679972851	-0.1518038946488384	0.1675973961893551	-0.01488788402760465	2.07507044154364	-0.04565586710307995	0.7950107685836658	-0.9263524088452733	-0.6336919376198563	-0.1031527162671936	-0.2441536688969537	-2.022076001833901	-0.3148499590808856	-0.9745290040732498	-1.426958932082299	0.1330003534689914	1.393109316121324	0.2750051425143152	-0.8125196852897794	0.08018894206603872	0.02246639761506052	-1.843056415404689	0.417864891232084	0.3163968652653283	-7.318859588010992	2.845953527652931	-0.8653487840652785	-0.2391816205517232	1.591063368884847
0.8960000000000002	-0.08489200549992298	0.05206556600352905	0.07822423545360699	1.086066892537836	0.9554779410038009	0.41837270404831	0.409083315334751	-0.2424873065901406	0.06977389518592569	1.154301260884543	0.03097708283221928	-0.3618822805078243	0.0150004597653534	0.2177620872902699	0.06015900044705505	-0.02667551213397096	0.3109637523073259	0.193386651706511	-0.1094107036071598	-0.03255527115267125	-0.1707275964670856	0.002291333935805162	0.08373764791150651	0.05639930979956423	-0.2012075144667662	-0.2801402070706593	1.426515723984383	0.08176354134544939	-0.2417719640808174	0.07295622411078451	0.6010860916721137	0.4174999584162195	-0.01224254578991785	-0.524463260325569	-0.1528214415903095	0.1637498929193849	-0.0130867324963975	2.054574999636039	-0.05139166935311262	0.7799083183824449	-1.121537504291232	-0.6391618964899016	-0.07659964843049266	-0.2096133178137882	-2.026187074445117	-0.3050093741894657	-0.9857818448550877	-1.464959433800713	0.01404050199941664	1.315872494805438	0.2939804584292579	-0.8121160869716254	0.0905168929270444	0.03060185575410863	-1.699103009798286	0.4138381398773904	0.3338269429241086	-7.41241383694434	2.789825409959533	-0.8651973309595221	-0.2482825642757761	1.629028901438709
0.9055128561131143	-0.08098108103934609	0.05190373694910611	0.07305301502597433	1.084600758745128	0.9569869831573632	0.4182615505647733	0.4282217221030501	-0.2430499783064583	0.07682502424264229	1.141367251786073	0.02618321224513581	-0.3626662906807029	0.01329208044942579	0.1985313946040018	0.05738247521739961	-0.03584490167998969	0.2969888247746132	0.1938648735942347	-0.09735680535250843	-0.02932861227516873	-0.1784544314054189	0.003296997899682019	0.08412172390026948	0.04164730563154199	-0.1972982905290539	-0.2766401631210821	1.354964203343501	0.1079671807260043	-0.2500263319940988	0.07047342086970651	0.6172772066711466	0.4012538988447157	-0.02276769580885382	-0.5605362780926048	-0.1556178264616325	0.1530696843088044	-0.01066573220725305	1.969284152902303	-0.06486481432783126	0.7022673307891605	-1.600942455707754	-0.3461693752210308	-0.1235678791358568	-0.1429663124250711	-2.011202346226284	-0.2788828145549987	-0.942234509836436	-1.473019870264513	0.06166135326051569	1.211973461371433	0.3591909719762822	-0.8088003629333336	0.1218238505424589	0.04934429168184912	-1.392045647015713	0.4056476091102355	0.3814494900688595	-7.661366990731795	2.707192506588695	-0.8665608779858707	-0.2826686525960103	1.816748017329121
0.9224558844730553	-0.07473112664924061	0.05131900385920515	0.06324682396053047	1.081911084708333	0.959376695591831	0.4180852695665941	0.4603086472926307	-0.2442234579587486	0.0876194425650042	1.106807653657985	0.02562930222205362	-0.3676640096170737	0.0123710175133195	0.1651854058357487	0.05308121913064179	-0.05106967378604367	0.2720066690816678	0.1939917709681449	-0.07885059633427247	-0.02411787156099965	-0.1917967469356046	0.00586099622871894	0.08514198983339229	0.02309929120060034	-0.1907381545997706	-0.2711465598731754	1.219806642464407	0.151757171819316	-0.2644333884961504	0.06458977328834188	0.6537767698311266	0.3286071307438906	-0.04503587372619941	-0.5887456018031513	-0.1618500511070105	0.1277130720580708	-0.01091627586748385	1.818244161339953	-0.07271872681348052	0.578175400466584	-2.479940076073637	0.2508880141766351	-0.4799477877463821	0.04327478407906815	-1.911571666437359	-0.2259576601679908	-0.8477222053193726	-1.469196751629146	-0.06325371115955725	0.9652735905848386	0.2240802045782617	-0.7581084516730835	0.1790043953702171	0.06710094677623715	-0.8114256609696343	0.364762421078389	0.2281869839103866	-8.28129857560632	2.45116276461734	-0.8274966686947128	-0.4167108448187833	2.529965378582141
0.9368312594138312	-0.07063445514951261	0.05062879758283023	0.05486503408510117	1.079555939263951	0.9610219810778046	0.4179105732883828	0.4855143635844411	-0.2453637487560558	0.09544749122790661	1.065875225492736	0.03066754113926205	-0.3758108265057574	0.01422907641178274	0.138637679793096	0.05028352121618707	-0.06236702002343585	0.2511871697689458	0.1926764055964018	-0.06651398315366885	-0.02198954303644766	-0.2021994008187582	0.00866755862303599	0.08608133855172763	0.01394948717437183	-0.185808961840252	-0.269560751601771	1.098768061609768	0.1854930522708415	-0.2759687673850593	0.05795735144631732	0.6943333662370363	0.2383537211213374	-0.04640442540935175	-0.5703565751594709	-0.165237570767198	0.1003390379943064	-0.01356805577252623	1.687944594715178	-0.0899695329322891	0.521447384582759	-3.208341742770857	0.3421330166714845	-0.5793050551155017	0.211608557844532	-1.776170408057637	-0.1583250669105725	-0.7120832112251517	-1.417116784185164	-0.07864956148454094	0.7569101961091433	0.0901492550416696	-0.686216378114008	0.2061272405754438	0.05948554881278315	-0.5115390588013428	0.3212644734784001	-0.01299057824931166	-8.457149238478909	2.258194492924531	-0.7769049610905826	-0.4894466185249202	3.05980729164437
0.9408000000000003	-0.06974266404112849	0.05045432321407933	0.05262563219735081	1.078899647354604	0.9614035837453802	0.417855077823283	0.4921406046808351	-0.2457400653390217	0.09750886960657103	1.052758853980981	0.03182994215985376	-0.3779856200431048	0.01514992094109899	0.1316722904112587	0.04970303447271923	-0.06509274389829008	0.2456136578604519	0.1924575258415672	-0.0636082758906405	-0.02165307173419048	-0.2048788241998367	0.009488453555672571	0.08630476276978455	0.01197001114782995	-0.184556032664874	-0.2697457806305028	1.065342571506613	0.1943898854181587	-0.2790251999586051	0.05601552732574	0.7066317328388687	0.2188451423230117	-0.04603463083492854	-0.5677456877149489	-0.1655079909861671	0.09292198820631545	-0.01292891140030315	1.643499480995016	-0.08532852281731013	0.5276582553471336	-3.405250427530253	0.3300892495690777	-0.5263331753294298	0.2374328074006282	-1.747215773588025	-0.1443752396927293	-0.6886308210730094	-1.402514094261327	-0.0568453659449456	0.7199717603800104	0.08858751012451116	-0.6722613991054259	0.2107013545198684	0.05769055820055435	-0.4564914920749312	0.3127183236827421	-0.05795918348131396	-8.469177436687893	2.221138998343606	-0.7676963000083252	-0.4973213009735044	3.146909885809165
0.9503128561131143	-0.06788146680414817	0.05002398233004703	0.04726294676278401	1.077318360284571	0.9621984472631988	0.4177439345947266	0.5071851962519385	-0.2464608281707486	0.1026070318280866	1.018094654090223	0.03599419396264624	-0.3830914188828932	0.01746992980142124	0.1153948838649444	0.04848444300167601	-0.07130377884064917	0.2324242736746926	0.1918871679231579	-0.05726961617818491	-0.02079928039699391	-0.2111220469571427	0.01152840705096664	0.08682982553223433	0.008412250892910283	-0.1816680820310267	-0.2708215589675821	0.9847791960949485	0.2152314835382081	-0.2862363764154194	0.05118000308244731	0.7376400177475529	0.165044269501723	-0.0441033804294696	-0.5528286648275949	-0.1664693222387637	0.07337558169525485	-0.01125266517238241	1.5239263144182	-0.06964658942715057	0.5413603553084352	-3.883329516712661	0.4973869038296395	-0.5449839274664995	0.2479681022849717	-1.664678031320093	-0.1105796331896399	-0.6108391874202318	-1.365395866633079	-0.06312106536161088	0.6123095448547982	0.05724705334903979	-0.6311067062596756	0.2180817947804882	0.04921150656215197	-0.3165917276963257	0.2910246127200911	-0.2063654645807857	-8.459638012640616	2.143897850420859	-0.741807931140384	-0.5263656223901266	3.400049740254588
0.9672558844730554	-0.06639445105036609	0.04935444839304075	0.03860952703819336	1.074526455057962	0.9630895346276529	0.4175285521727746	0.5314610205045027	-0.2476500471914698	0.1119402242189586	0.9451323524655784	0.0426818983026645	-0.3916219109871532	0.0216854912227383	0.08915772730529015	0.04720148994844635	-0.08002925595689614	0.2102754567776236	0.1908032075315837	-0.04856403476442572	-0.02226180580458848	-0.2205553012344802	0.01528885540928891	0.08728374383268225	0.003046563634529348	-0.1773007060758079	-0.2791673141300423	0.8426705293731692	0.2492690986113749	-0.2979421549482865	0.04142148651115567	0.8005911611484879	0.004838998803547691	-0.03271443979799113	-0.461444311342451	-0.16188677879499	0.03100609961110175	-0.01443969107205265	1.342237005824133	-0.07447563064863219	0.5690870939144246	-4.722732071304168	0.1768344862162501	-0.3967539800031344	0.2488934035433881	-1.422242210536609	-0.0401293567618389	-0.41248493209669	-1.2387543159972	-0.05854010518395381	0.4135627845369425	-0.2328226180339874	-0.4738963406538947	0.2227761555261006	0.0003677553684580531	-0.3682661032136653	0.2214318820431562	-0.8115670906570225	-8.272356506988656	1.86143202994391	-0.6326914436213015	-0.62551191781489	4.026561809753191
0.9816312594138312	-0.06722527494722777	0.04903236325284723	0.03254418544298301	1.072257810082412	0.9632776279693844	0.4173247699237436	0.5494852785726794	-0.2487616540036757	0.1207765449489185	0.872429799926232	0.04046441911629892	-0.3937731763650405	0.02533737215701919	0.07018260981698621	0.04703241811166274	-0.08473859941635439	0.1934612258510089	0.1902560731445557	-0.04388909432631999	-0.02607570924911809	-0.2264413492558791	0.01839677333363762	0.08697075998616376	-0.003661760904573735	-0.1745262897749769	-0.2942859465422205	0.7263154044005703	0.2744864505376993	-0.3063449609230843	0.03212547317229034	0.8609408181824918	-0.1092709139887521	-0.009525680343157428	-0.3897047355048284	-0.1531287779207069	-0.003896402903334886	-0.01213109193036259	1.154374490176647	-0.07676285093281571	0.6816557013908886	-5.379827209230212	-0.5366445668745558	0.1942190352708291	0.2643799417334738	-1.229533637691718	0.01439824119743854	-0.2494136489873539	-1.097928860485111	-0.007544718071762602	0.2350837405232999	-0.2113930777793522	-0.3565313694645793	0.2051180653979339	-0.04077498816237757	-0.5781332334122307	0.168980437650989	-1.240234357769966	-7.872594323194786	1.672480336782793	-0.542722002098997	-0.6486653408934646	4.287979496893136
0.9856000000000004	-0.06769350969441032	0.04901266391847421	0.03101753906465177	1.071655969415987	0.9632454964688726	0.4172821631881192	0.5539375823090235	-0.2490584093704893	0.1235913012597309	0.850745737349798	0.03785686739049619	-0.3924699097585946	0.02640758000490458	0.06537762033519401	0.04711401456800571	-0.08565686967734337	0.1891841170093437	0.1902758531606449	-0.04305752114785502	-0.02669855155201962	-0.2278216815477275	0.01919145371572905	0.08679496439125908	-0.006086858977091769	-0.1738730740599864	-0.2993117383260706	0.6953791619939371	0.2810843495224125	-0.3084667171161222	0.02958349314275691	0.8779107053368197	-0.1296315402568131	-0.00324412356749279	-0.3784185941462769	-0.1516081121545335	-0.01246491647269134	-0.009485154819313585	1.090755078501607	-0.06674367451188051	0.7333525453200536	-5.549932275646014	-0.5729742102148712	0.3474686779188916	0.2488433453490589	-1.186930213220528	0.02582194853286096	-0.2171374580526998	-1.069583039170354	-0.05878721296569067	0.1579465028980455	-0.1619509698007162	-0.3388059520882643	0.1976713540971992	-0.04796484809676507	-0.601196443438065	0.1589438239651813	-1.312747115255447	-7.777974952219	1.650880305010074	-0.5260857095654861	-0.6436321907406157	4.330087461658264
0.9951128561131144	-0.06914095494137756	0.04902804583672881	0.02755431819849166	1.070232458554702	0.9630293631227813	0.4172261666408168	0.5635492964399493	-0.249535372150045	0.1311754957083852	0.7961475621723157	0.03214376792454571	-0.3885248691542146	0.02836730715967933	0.05457564994928213	0.04745604052475921	-0.08721009717444567	0.1795615506448731	0.1902785875377255	-0.04213186481126646	-0.02793194927393346	-0.2308430290659099	0.02101056614752595	0.08626176168272401	-0.01194108094234503	-0.172462605131947	-0.3126840748851974	0.6225443008943574	0.2966914442341233	-0.3132989532699159	0.02347110838770167	0.9196485402242758	-0.1783481689843112	0.01186544553777655	-0.3448645659220781	-0.1471083745639127	-0.03331991931847443	-0.002805660582405774	0.9339225396690209	-0.0433683313803582	0.8617486489950144	-5.917371531001654	-0.6199015309911916	0.4604296402792382	0.1385735881743876	-1.075753632902687	0.05222289204790354	-0.1011805760448862	-0.9466438811713238	0.04433393893497961	0.02480907398509957	-0.1174468857012154	-0.2907758934719821	0.1790367005411112	-0.06601601962564181	-0.6637940823729159	0.135863801310136	-1.519913067672679	-7.481971690186581	1.625975582976527	-0.4828653087514774	-0.6445594732638801	4.439654295136325
1.012055884473055	-0.07304487798186836	0.04982258021614087	0.02250868664557258	1.067865189730237	0.962135808542036	0.417262598400298	0.5773451850268148	-0.2505729669153504	0.1475947476722522	0.6920967519835063	0.02115120252085724	-0.3805435249194695	0.02756699286079339	0.0384947817621657	0.04909939074576447	-0.08680357134864258	0.165945692110266	0.1917755852800652	-0.04428111363685786	-0.03037556545948081	-0.2346815510293896	0.02331927189247173	0.0847657406242493	-0.02644222909226446	-0.1706138810017873	-0.3425557123939464	0.5042294330534244	0.3236491627149601	-0.3203609847389086	0.01239604618785294	0.9958175834497407	-0.2777908105870603	0.08632090513162122	-0.2495590966797337	-0.1304354048543219	-0.07175615533946539	0.008069097282065268	0.7033975017997867	-0.08625163250281798	1.06492333915306	-6.282320127564714	-0.6967813645377112	0.4592765638398626	-0.2391663761022471	-0.8230579763539154	0.1425254781644718	0.1417148944167704	-0.6471474218074806	0.1359496315810921	-0.2697714670899837	-0.1694385146818931	-0.1591491964898293	0.084736639264664	-0.110421766243714	-1.075139297109957	0.08189759558346904	-1.989764389992668	-6.411401253555164	1.558906821646857	-0.3455819731248447	-0.6599498128591477	4.521060637788072
1.026431259413831	-0.07729252805083021	0.0514741189736448	0.01934728703739128	1.066147457318592	0.9609013301782003	0.4175072732215618	0.5862563309708924	-0.2519578543953828	0.1636347701285895	0.6025471812356885	0.009514739343189693	-0.3739794747419178	0.02260957465867355	0.02782644470533616	0.05147121097749366	-0.08394664219409199	0.1587448587317185	0.19507485262085	-0.04908676611557911	-0.03221236615941298	-0.2362713637185041	0.02383802529431398	0.08299370942339976	-0.04410028673544394	-0.1697119713669626	-0.3724350178317601	0.4194068727692264	0.3459508930090219	-0.3245701822300693	0.003065361256119843	1.060250314293893	-0.295886650732859	0.1358016400817976	-0.2014861213740315	-0.1070956731925949	-0.09843024979281251	0.02888582851268016	0.5397168691749542	-0.09106153170647346	1.147009522031116	-6.077478624721885	-0.9744952481151787	0.476852122700765	-0.3936667175232496	-0.6846611660950612	0.1720684082683472	0.2217813795519459	-0.3520076528568174	0.3693109821794269	-0.3530323158292519	-0.02934989306802671	-0.07225473601001177	-0.01079185486873455	-0.1307887399167155	-1.331876152202579	0.04753006038883825	-2.083980418613716	-5.418437211424269	1.560056167419173	-0.2507849382194835	-0.6253496479532328	4.409657768015496
1.0304	-0.07843740794002603	0.05202087048920882	0.01854722596751845	1.06573806944047	0.9604996352592479	0.4176398982112994	0.5883139127938477	-0.2522835997258407	0.1681889944546458	0.5787481461710138	0.005377434663424441	-0.3720168057506856	0.02109834930993792	0.02512991608035869	0.05213381490808427	-0.08310042662762188	0.1575118524373314	0.1967762721432833	-0.05042818860077308	-0.03211886520180037	-0.2365355275211722	0.02374961517450895	0.08247598547590271	-0.04940174373048326	-0.1695327281018554	-0.3805661230952037	0.3983573093207573	0.3521803247553807	-0.3255404064928261	0.0006319005156083211	1.077619906906136	-0.2925138143571431	0.146691922691214	-0.194768019308141	-0.1002331879658188	-0.1046657865435079	0.03636955940518258	0.5101437078237363	-0.0868539118412468	1.136194289967249	-5.926298353209066	-1.016502988455311	0.5356392403317105	-0.4067517936419995	-0.6594293072236315	0.1718361580379675	0.239987526750829	-0.2968109503023031	0.2955748855949543	-0.3996420654241885	0.02844590572666972	-0.05258066902418934	-0.03928919190183172	-0.1353153958033337	-1.345719660628254	0.03943438022656584	-2.088775213886211	-5.206070478640495	1.56528365207569	-0.2332908274478294	-0.6118556517509295	4.39497673101776
1.039912856113114	-0.0811589427937538	0.05353346137948158	0.0167560873845367	1.06486785836056	0.9594337697692344	0.4180788873173541	0.5929236065712938	-0.2530261057079174	0.1785409675350463	0.5247371272951266	-0.003680973941333529	-0.3667662846777507	0.01686176361459001	0.01911926241307624	0.05380466512616885	-0.08075544339300227	0.1555932279944565	0.2005127070651079	-0.0544241250332263	-0.03146996789414939	-0.2367850057539983	0.02302498706944286	0.08115096330956159	-0.06208752398541198	-0.169234679920964	-0.4005096133875081	0.3512798018095987	0.3673139244030384	-0.3275874203359649	-0.005069468788765578	1.119411346253219	-0.2776308549001776	0.1765312578447226	-0.1821304579420706	-0.08190043475896747	-0.1190344517208471	0.05631304270635872	0.4665843119593466	-0.0732390121841251	1.006487089806526	-5.390505192899634	-0.8764137204563156	0.5484000637061642	-0.4970611904349149	-0.6068824449732533	0.1828833190525108	0.2516729817297431	-0.1063578045384742	0.4770718625934141	-0.4319185321802629	0.09011743842034792	0.0004569397734038513	-0.1210573001691276	-0.1434027342111706	-1.355459627221008	0.02344009088200075	-2.081689458861628	-4.625232976306894	1.614839872131397	-0.1919520481658891	-0.5879376923897202	4.362415946125673
1.056855884473055	-0.08545834401365532	0.05726527253900592	0.0138029500655001	1.063824039003939	0.9572382640627588	0.4193704406736071	0.6007516952271339	-0.2541854348755184	0.1907920762112446	0.4446671486784214	-0.01635482134139134	-0.3586559006885594	0.006488169778843922	0.009297431553517949	0.05720968321846812	-0.07663774253906624	0.15650311716765	0.210369385154398	-0.06139082022368036	-0.0301378327191175	-0.2359430946126996	0.0192359585205031	0.0785771933796211	-0.08733896859343299	-0.1690584225619058	-0.4336875683950494	0.286122469373139	0.39529486712035	-0.3298942519008832	-0.0147147108550752	1.190715857209201	-0.2250580252796933	0.2634668067814494	-0.1694413319107596	-0.03977511746069627	-0.138927520771323	0.09723003826489847	0.4686274021099978	-0.055779293652539	0.3701072222522163	-3.987320411755168	-0.6647560920752904	0.3906872325408041	-0.7154892613996309	-0.5663253217572554	0.2147949958179673	0.2158300639244348	0.2006491086279925	0.6691666200690616	-0.3639589829743861	0.05910126779017078	0.1000783749344988	-0.3298264943995368	-0.1614631529019651	-1.639923825721855	-0.00200466668234231	-1.781642320536975	-3.016321520298425	1.685364542924108	-0.07813722189067684	-0.549128483902062	4.019242207489542
1.071231259413831	-0.08825665669569219	0.06134057098645311	0.01133342132299263	1.063539042667489	0.955153777694953	0.4210467764779332	0.60764880450828	-0.2543831741347478	0.1907390308554193	0.397373100193991	-0.02700295362982261	-0.3539292908219719	-0.004071689872541945	0.0009346067809162251	0.06016773273113965	-0.07447577121074297	0.1607003955754271	0.2209816635661857	-0.06545819732024413	-0.02905842303175337	-0.2338622906480514	0.01340817837286615	0.0761078764242914	-0.1118193901660109	-0.1692249663471074	-0.4561927728366357	0.2518551524111386	0.4199050241577414	-0.3304473477664777	-0.02226194688682699	1.246142326880249	-0.1621820755645133	0.2886138905600802	-0.1779321548751563	0.0003251747391028736	-0.150244064090944	0.1366475306101217	0.4880100740542073	0.05135919189763533	-0.395639450975985	-2.580724757753079	-0.9188028534042776	0.2918001015393102	-0.6994149211700176	-0.6117966937503032	0.1807624967753326	0.05943621883148403	0.362130489897262	0.8150307530352254	-0.1833982547997421	0.126736112663496	0.1903471757400482	-0.4650351006073709	-0.1833508706043503	-1.696790581853294	-0.02075023674789733	-1.326785766259169	-1.852289707581336	1.738563027582647	-0.009185146734839347	-0.495514634612391	3.71471287102873
1.075200000000001	-0.08886239112846037	0.06246483002352377	0.01061453913554364	1.063562320744747	0.9545529141810594	0.4216119112029341	0.6095860037723342	-0.2540685660868816	0.1887270779617667	0.3879075520525268	-0.03101586293032549	-0.3527613703375095	-0.00671441153675166	-0.001548753600768588	0.06083008693204489	-0.07438020911303	0.1621800535518122	0.2243195538865796	-0.06605131365619857	-0.02843201664770904	-0.2330555485958364	0.01152711173098609	0.07536554153120834	-0.1184174250233849	-0.1693167944349788	-0.4611715483283431	0.244888762915661	0.4268348702771435	-0.3304711103714709	-0.02418690936162873	1.260781980335283	-0.1488896888516317	0.2886590713056555	-0.1775624399411231	0.01089653788415959	-0.1530523911437851	0.147469930451759	0.4892863155388628	0.09122496488446535	-0.5675325387537995	-2.221895062933229	-1.01552818182296	0.3013072852112072	-0.691068010536048	-0.6174093996049366	0.1520877036292753	0.09249054513340932	0.4001664173329876	0.7866559804133424	-0.1268232897437384	0.1445766081156044	0.2180731544929683	-0.49376468252987	-0.1914171252405626	-1.677454408942984	-0.02742393938121435	-1.248590356833192	-1.619835980168006	1.74829120237317	0.004003204082270798	-0.4790268823407358	3.672081541103367
1.084712856113115	-0.09016223680999449	0.06521085870775013	0.008983419528423187	1.063786175943916	0.9530608759915887	0.4231179919579198	0.6141277796849147	-0.2527481439900497	0.1821956259075958	0.3704411291470017	-0.03914220901685353	-0.349957769961748	-0.01344220794877143	-0.007503077924626345	0.0621740812811781	-0.07410384789410805	0.1664218598181706	0.2322518383244197	-0.06697749169107436	-0.02704585441124225	-0.2306202942229274	0.006557984109903825	0.0734452074359673	-0.1339420217268771	-0.16963902821017	-0.4721093187191254	0.2319679190800532	0.4438108483365039	-0.3303088946060453	-0.02860091679915409	1.295528827531936	-0.1283388843779629	0.2807399592158629	-0.1598980532928138	0.03730825386150272	-0.1608151671826908	0.1690584439492517	0.4616469747125692	0.188319338739236	-0.8503504991882035	-1.451324177098611	-0.697956475450846	0.2564329936185135	-0.7274029817571102	-0.6323311422697857	0.117318518436382	-0.01745362695323294	0.490371515129112	0.8752473607023581	-0.04755686837092965	0.1136112291487185	0.301960972335748	-0.5415772591005247	-0.2167418524226687	-1.610415751906376	-0.04058393134140406	-1.01327737106317	-1.061127040197811	1.806989829697957	0.03256372706434794	-0.4500059041125965	3.601737824505528
1.101655884473056	-0.09240744000835997	0.06911703977818333	0.007127382700243351	1.064911173116793	0.9501938614049151	0.4262653084270117	0.6209954335553387	-0.2479514931330584	0.1615084701894964	0.3563378920799221	-0.04721086698571011	-0.3485524738133397	-0.0261475929495486	-0.01825349443680008	0.06255947744089743	-0.07485068982469367	0.1759127028332513	0.2482561848753987	-0.06512364997670875	-0.02764225441808939	-0.2235375496428548	-0.002381701882469923	0.06904947467073823	-0.1622058914809056	-0.1705596441048972	-0.4832280915747086	0.2243248054664554	0.4744571934555091	-0.3292006579465425	-0.0358413121638728	1.353691180072202	-0.1484593794882741	0.1593054716432185	-0.03843540484254211	0.09770255947198356	-0.178748266710814	0.1997113619247576	0.3254156149188041	0.3801948982460716	-1.550969493414111	-0.2951276833294187	-0.3112085307575627	-0.1248884265875198	-0.7424486696465407	-0.6315276437214861	-0.09655229889071623	-0.05243732238513216	0.6219171832653563	1.026715176660096	0.2893057070308718	-0.1959321641413805	0.5524068618636673	-0.4817272499790523	-0.3088661363454206	-1.773072631381215	-0.06956645334605051	-0.2729458776348155	0.1497012850828225	1.805362383238504	0.09712893345557641	-0.4043215432031678	3.263288658008732
1.116031259413831	-0.0949913734700467	0.07011841225106862	0.007955671519788057	1.066728617482022	0.9474749010753172	0.4292125673019243	0.6240178155090714	-0.2413011046166354	0.1385388842690506	0.3557615045935462	-0.05149648730428577	-0.3527734977167968	-0.03548617831239341	-0.02720005448680418	0.05938596549428954	-0.07576764078762321	0.1853714526921318	0.2647206664131223	-0.05880929345361344	-0.0314399326777911	-0.2136411297925291	-0.007996705008144978	0.06395255989597448	-0.189652132182514	-0.1717874701143055	-0.4831303375499905	0.2319697512009679	0.5007639908517934	-0.3275621854277936	-0.04131702686220615	1.399842552540102	-0.2188667937342069	-0.03164058152200755	0.1715210303223326	0.1555472360804936	-0.2008305672922978	0.2063164990872999	0.0686021572434703	0.5434411490971174	-1.459982466148099	0.08937977728518337	-0.3607206453400109	-0.430676588815986	-0.4989219598267478	-0.6107810581766457	-0.3482716828844178	-0.09219466283168809	0.6848413015284884	1.299670111197952	0.5702282742938856	-0.2613046694568133	0.8314824976907703	-0.2745748341625616	-0.3988612280306073	-2.054805148582115	-0.1028760696504955	0.2258999085849716	0.8033622235465967	1.883655633708323	0.1223989479837738	-0.354182096813466	3.241581092841161
1.12	-0.09591354992931923	0.06986698725934125	0.008787340374897631	1.06737791094324	0.9466630343367239	0.4300263555129653	0.6240939811091593	-0.2390593690777832	0.1332175973816087	0.3560552032185199	-0.05311677472939377	-0.354565490792719	-0.03720534764973832	-0.02960859032985907	0.05786537044782683	-0.07620088704078153	0.1881045638494793	0.2701086659546706	-0.05644372470373865	-0.03234175504090328	-0.2101771325909995	-0.008923713983930243	0.06232553642456011	-0.1979696395950487	-0.1722173847775753	-0.4821111050211027	0.2352584977785911	0.5083525611478108	-0.3270820908462674	-0.04268750913088287	1.412893642477579	-0.2351902797785641	-0.07598073781495192	0.2287894964494943	0.170843655020948	-0.2077474326120201	0.2082838655882754	-0.008519163528123486	0.581908523350791	-1.30527354990636	0.1502636043314092	-0.2027673943660291	-0.3452392976881763	-0.4266616806622896	-0.6032056489026767	-0.4323254246980193	0.06477633820342321	0.7019076102377186	1.21193329584648	0.6344692558876768	-0.2637170388451717	0.9002934133535666	-0.227924958211739	-0.4173449119412901	-2.13073955696191	-0.11131018418407	0.3145482701537539	0.9410753673443022	1.9453823136031	0.12516203234859	-0.3402653976674841	3.301082951150492
