DataType=double
version=3
OpenSimVersion=4.5
endheader
time	addbrev_r	addlong_r	addmagDist_r	addmagIsch_r	addmagMid_r	addmagProx_r	bflh_r	bfsh_r	edl_r	ehl_r	fdl_r	fhl_r	gaslat_r	gasmed_r	gem_r	glmax1_r	glmax2_r	glmax3_r	glmed1_r	glmed2_r	glmed3_r	glmin1_r	glmin2_r	glmin3_r	grac_r	iliacus_r	pect_r	perbrev_r	perlong_r	piri_r	psoas_r	quadfem_r	recfem_r	sart_r	semimem_r	semiten_r	soleus_r	tfl_r	tibant_r	tibpost_r	vasint_r	vaslat_r	vasmed_r	addbrev_l	addlong_l	addmagDist_l	addmagIsch_l	addmagMid_l	addmagProx_l	bflh_l	bfsh_l	edl_l	ehl_l	fdl_l	fhl_l	gaslat_l	gasmed_l	gem_l	glmax1_l	glmax2_l	glmax3_l	glmed1_l	glmed2_l	glmed3_l	glmin1_l	glmin2_l	glmin3_l	grac_l	iliacus_l	pect_l	perbrev_l	perlong_l	piri_l	psoas_l	quadfem_l	recfem_l	sart_l	semimem_l	semiten_l	soleus_l	tfl_l	tibant_l	tibpost_l	vasint_l	vaslat_l	vasmed_l
0	0.002251980620158603	0.03089700199204979	0.0009708946471825993	0.0007334220225002901	0.001586505934621405	0.01420126393981298	0.2964399125703283	0.2598113322494401	0.14112191749231	0.1131918321053529	0.002213378003656379	0.0014651201260306	0.04447141110787424	0.03606816122482637	0.1016156633718678	0.005890623128607112	0.02044278889609864	0.0125930719999473	0.006959419767259715	0.003066584327998475	0.13868770207833	0.0181907259916844	0.03095297475283021	0.03945379570246753	0.008858702331378403	0.1862498682031903	0.01258076820248872	0.06584611809470395	0.07943412140585866	0.1373452564462884	0.1932638601969525	0.133785554653527	0.1798194624399128	0.09747847923567407	0.3022566944528807	0.2107795098251658	0.01212716822817028	0.03234473759368547	0.1235284377422841	0.001271524102484175	0.0009729181478517663	0.001007527394964579	0.0008012995603810399	0.01947966581127683	0.03409979255061352	0.0116884383719427	0.01191171648128973	0.0171365645292874	0.01051035755360725	0.003939039370874155	0.01832133740832876	0.04678804657984277	0.03529345197574076	0.09018661984638306	0.08870342495963175	0.2209424302027929	0.2718149586322726	0.01543036894235008	0.003354268772617836	0.002024189793839672	0.001314413825949998	0.3736663755286718	0.2604150010259449	0.2357049944298606	0.3852298518364592	0.383003868803895	0.3778460851970756	0.009338283972826688	0.2416112009937087	0.01375835944051514	0.1317089366485502	0.1581334085425947	0.0244267704313251	0.2264471642186945	0.01903764537875308	0.1934961187164211	0.02323165358885263	0.04172056581293845	0.03887609603759486	0.104950276189737	0.05185665651015845	0.0327790544939023	0.1433448087806883	0.009009671131349144	0.01122323647641356	0.007238980298133744
0.009512856113114032	0.001601551858119747	0.02800449829262448	0.000769016186573551	0.0005681901769449105	0.001154991021878925	0.01310042472381441	0.2771621331943049	0.2429930609099433	0.1510510597814833	0.1217187936867426	0.001879725695441156	0.001108306683998984	0.03899512534849299	0.02980127283215038	0.100627312463346	0.005457502863355838	0.01904338240917766	0.01171851479837218	0.003741949953263481	0.001678392669284489	0.130171664171311	0.01634247060822368	0.03007622903490785	0.03901730996009689	0.008099650534095745	0.1973952153587732	0.01159285281533274	0.06543581033073539	0.07945213245767463	0.1360280350003656	0.2056071128455887	0.1326328775148042	0.1713871436934018	0.09657561422627906	0.2825765306951937	0.1970673704893202	0.007275690871903559	0.03256539143110678	0.1293215223585859	0.0008459636675743799	0.0006711614541332145	0.0005968663753617719	0.0005290249501688793	0.02497541278118809	0.04392522903626054	0.01495032358346589	0.01525442757120723	0.02199417077020468	0.01313686550681448	0.002911166526523126	0.01766874495308463	0.04317827461593461	0.03250837227904179	0.09320461738193961	0.09153081638262976	0.2573742429059381	0.3161997388176681	0.01416676204759008	0.003316456357910415	0.001788550039729058	0.001336770353249486	0.3999329298292892	0.2709028999608195	0.2418103047558012	0.40974422318182	0.4064833683255502	0.4004130273727973	0.0117468576759911	0.2602815332141321	0.01714098638387342	0.155615102236741	0.1841451274071358	0.0222023403399025	0.2394296322056639	0.01731627798416932	0.2017656421477156	0.02359831668856371	0.043467747634404	0.04008494189247545	0.1355528392298225	0.06276814838343962	0.02998213608937347	0.1476923047685982	0.01062085239166624	0.01387045482640174	0.008568175428800083
0.02645588447305514	0.001114404668039415	0.02607371807156345	0.0006511855496555925	0.0005354409135551951	0.0008093156784552491	0.01247065254797297	0.2686872585715773	0.2355935492721467	0.1395542796081916	0.1119004643083005	0.003378561620180848	0.002333961976513033	0.03511136226471379	0.02651756805223762	0.09541026008723269	0.005299141686907837	0.01847038309911614	0.01137290289312798	0.01250403469311439	0.009082567423378813	0.1323412362441568	0.02328067345310776	0.03523661782025977	0.04299827441375306	0.00764990700812313	0.1823580398593177	0.01087383538677784	0.06035377454240427	0.07432548852399885	0.1289706632742501	0.1896881238072785	0.1257041922228874	0.1655367108115959	0.09108627141949716	0.2748043675623634	0.1916223289823509	0.002832367723413971	0.02886360807870039	0.1195294235742159	0.001597313935647081	0.0005119284414587461	0.0003157094555455003	0.0004019107083631482	0.02586541503568125	0.04553557543321322	0.01547910234949486	0.01579897841017986	0.02278412838923621	0.01347439275541951	0.002936256776503372	0.01722203184027356	0.0362504465155671	0.02724344446614146	0.09194380537881676	0.09026172976929168	0.2612979257575064	0.3209146829550529	0.01204186944114151	0.003238088782980379	0.001633825707988867	0.001329918543259131	0.3980584029516124	0.2677564110841868	0.2382335089724242	0.4064574392111536	0.4022969036495505	0.3956623081975246	0.01211444448152737	0.2502182775997175	0.01758801528023463	0.1565749717928424	0.1844124900688281	0.01865535556758069	0.2277102824309968	0.01456381896713473	0.1970614269795258	0.02156971564460745	0.04328651632202521	0.03974783225515743	0.1406122573194603	0.06352460221538266	0.02507573549164389	0.1455961213077866	0.01060276888528574	0.01416546371854401	0.008592492894251846
0.04083125941383081	0.00214262340979862	0.02536595936689478	0.001298762407982322	0.001130218484353879	0.001682605925155488	0.01154720089893429	0.2387734472223128	0.2079786767539903	0.1249875941581468	0.1007893654843192	0.002428047481184093	0.001828571415549026	0.03847295246945973	0.03229896245512239	0.08364977041940147	0.007208508229697332	0.01948577572033748	0.01206790412818565	0.0111185563911599	0.009619921583226736	0.1198756752153071	0.02075213956308299	0.03204050473723276	0.03948566199338327	0.007396970802221093	0.162250816014467	0.01049055770489665	0.05864249174824753	0.07002020622487409	0.1126642785846679	0.167776951570858	0.1100472792267627	0.1458461050740316	0.08030613700291361	0.2424322429031295	0.1687417445579445	0.01275303100363637	0.02833664417391592	0.1077573190100866	0.001659724844737808	0.003522398032448147	0.003309152068287567	0.003593077850627092	0.02917162516258206	0.05150800000595979	0.01745769664303151	0.01782616407932884	0.02573130666436424	0.01506468117309962	0.006307599132137512	0.01916426132376787	0.03521272745904536	0.02634471227222428	0.08430051098677496	0.08259125285224107	0.2724512938324866	0.3339092935155639	0.01230045997290461	0.003121658490509534	0.001803731043983435	0.001407387925781297	0.3803291429250729	0.2477330609268521	0.2194113337878565	0.3867770019061053	0.3829930522928257	0.3769294607067211	0.01352102453365538	0.2547031577866883	0.01958040631854555	0.1683587155622037	0.196286931340193	0.01913987385461808	0.2293455169073709	0.01494416371590227	0.1889673210500062	0.02288841372877212	0.04443798538390802	0.0395273796624482	0.1592863279704294	0.06970353880084669	0.02462965341607288	0.1329704772158462	0.01173163317474804	0.01592744001801388	0.009554314113166731
0.04479999999999995	0.002375667795158022	0.0225988226187441	0.003177332010865838	0.003122486620138591	0.002690920429394212	0.01041747993950214	0.2149549053445819	0.181338957628407	0.1450559293731547	0.1189355882963015	0.002935590886160997	0.0025601902739511	0.03660783137727157	0.03240659062652802	0.07832685920312298	0.01737886949425037	0.03091197697551228	0.01938321210702275	0.01929530353665111	0.03088041045557547	0.1361356883371812	0.03070143138942627	0.04438322196855318	0.05342901832867518	0.00735571016433607	0.169026425116046	0.01006610519433944	0.06617018931312338	0.07646765208713699	0.1037811499880404	0.174405035204191	0.102584647009205	0.12834927524338	0.07449091575789067	0.2127553065277363	0.1466602998025056	0.01761436260847168	0.02916650025987221	0.1204102530903805	0.00265277031222185	0.01496639056937443	0.01356262161540476	0.01602262914626185	0.02837965285830597	0.0500578265576703	0.0170262315434147	0.01737552143642381	0.0250473346892909	0.01480217673423891	0.01375840442810835	0.02627984736835336	0.03937593811889942	0.02937239823677014	0.08518466045687034	0.08348401436013141	0.2690783206726041	0.3294506432214693	0.01493204891930459	0.003556087947579105	0.002586568513298274	0.001664663779292866	0.3810895807155117	0.2502428835110719	0.2261825510643596	0.3884796332474934	0.3852704555891002	0.3797369540012379	0.01324516341355428	0.2586892896939738	0.01924380092917455	0.1666127698500848	0.1950017773099755	0.02355871534091216	0.2347610669185319	0.01838107887429687	0.1952344034102437	0.02555729040534737	0.05116872733482172	0.04460611905653573	0.1546819483210189	0.06876808174944328	0.02836204859318974	0.1344623325660786	0.01188324251102377	0.01586883447169782	0.009725091099146564
0.05431285611311398	0.001636052173161509	0.02003198016115119	0.004229428289644298	0.004255280929239078	0.002825227671385413	0.009886119845425053	0.2122809545847832	0.1750147833211274	0.1713999967351691	0.1417955393609623	0.001960143527458161	0.001737408714242552	0.02957057227846366	0.02445096023045259	0.08128502985374234	0.02455449396992885	0.03960980445089606	0.02491854707015732	0.01385450112436444	0.03888955161076337	0.1492901482236229	0.0288809638649681	0.04579515846441727	0.05701305965417587	0.007316286959910994	0.1839944891041056	0.009661243772866633	0.07104771340560111	0.08124892813363802	0.1066597398838398	0.1915632806555151	0.1062442215946953	0.1231110624165759	0.07632515443543042	0.2057467136551912	0.1408319028998807	0.01404255071394503	0.02950109108320757	0.1389403821486442	0.002118465801096215	0.02245038642358846	0.02006252482272589	0.0242272272259925	0.03131102553574843	0.05540535260931867	0.01872860835543007	0.01913112024985705	0.02764104074355858	0.01605669564612925	0.003974940887612985	0.01570745719773578	0.03509638231199935	0.02628596880382852	0.07561903790945421	0.07393174960637332	0.2750170315142748	0.3367528820484484	0.01174257223033436	0.002797802534069247	0.001602996935341549	0.001378161249057429	0.3556747743913953	0.2242386949914933	0.1951073557134423	0.360533032548453	0.3573796668367559	0.35198413519842	0.0143761031360127	0.2557987333610637	0.02078212034954368	0.1750096279579031	0.2024057018674835	0.01825603445863037	0.2286709408305658	0.01426379988636695	0.1756357209423776	0.02288721810070467	0.03973892812800392	0.03499088394718696	0.1715332633499404	0.07349014101566861	0.0242767190662284	0.1187886012061102	0.01244469318328889	0.01704058634538251	0.01014558904059019
0.07125588447305514	0.002560045078427746	0.02198568451143141	0.00597032867172629	0.00602732153397819	0.004137456554602261	0.01079064521589144	0.2290654428922014	0.1848945850162659	0.1509986084053284	0.1255266311466611	0.002276234917395412	0.002311497696856577	0.03326133737675557	0.03103744604021544	0.07370250357340039	0.0334333623033627	0.0512908712804504	0.03236186537064182	0.02121154710430282	0.05540589335442801	0.174924608444989	0.03409178933667206	0.0496318399533726	0.06057218596019295	0.008458327039480375	0.1414693498573855	0.01061200072932686	0.06950236759935807	0.07666841761885133	0.09504740516004741	0.1464743765583019	0.09551178942556614	0.1195321043813866	0.06774922746125786	0.2183288224179417	0.1484715360763292	0.02353627549678343	0.02480520230884255	0.124829247578915	0.003106431228754922	0.03196197801066648	0.02876293174331574	0.03450238766056846	0.03347095351163933	0.05934133272088703	0.02001804022634912	0.02045188385736431	0.02957510192773051	0.01715736050488249	0.002862475457681696	0.01342705034815987	0.0422422660237174	0.03170968538722936	0.06528913279982408	0.06363175328793017	0.2758044770675361	0.337281942325114	0.0136199471041092	0.002520414562447748	0.001647008293139622	0.001389515782671455	0.3251553854475157	0.1961434473589979	0.1672941059493789	0.329300749306673	0.3279396083225703	0.3240771858643557	0.0152485655037921	0.2685570240704883	0.02208861566863548	0.1839165313526523	0.211459373063442	0.02146118960217327	0.2406442702723117	0.0167584620078193	0.1639170515109963	0.02553526209586728	0.03552209167297379	0.03063193702385734	0.1838797442237944	0.0782607666101755	0.02918027384662584	0.1019291033162651	0.01353007173840698	0.01837705902869539	0.01101451491441795
0.08563125941383082	0.003258314632581297	0.02577178345772473	0.008177571176684667	0.008294277201148278	0.005549342345065051	0.01294329376947646	0.2777695142411534	0.2211671256969905	0.1394548617421877	0.116411739073879	0.002749749973329624	0.00295612159074694	0.03689488114474098	0.0367783230381889	0.07357945729222665	0.04572284598924975	0.06859392991156731	0.0433448011966527	0.02895972583299851	0.07696666866568072	0.2215689063960841	0.04066352637040151	0.05574206543707698	0.06720130143253417	0.01045645457080585	0.1021480671177299	0.01249197210429494	0.07103155144802227	0.07570515267323184	0.09308769368943692	0.1053304829372463	0.09439076660750723	0.1302419086898242	0.0654678668497153	0.2619990629151951	0.1774139077133455	0.0313956917011421	0.0198832927245091	0.1188057582036479	0.004149301878174048	0.04440604925673675	0.03998651854193679	0.0479852957086517	0.03471498099539216	0.06162359013294465	0.0207787582647696	0.02122678498505401	0.03070590575162613	0.01788950941533257	0.003180354331439944	0.01261759239296577	0.05388784743469183	0.04054039040576998	0.05504028808319419	0.05343625605791311	0.2711898302673884	0.3311803892692204	0.01710631548019977	0.002398852227220896	0.001987382019224098	0.00149951427424354	0.2922657863531056	0.1680482886234207	0.1408739235127443	0.2966380492927951	0.2977423858838109	0.2959047947829354	0.01574375136846207	0.2854836089101444	0.02290513874348766	0.1904360024944267	0.2183420112062942	0.02736195542657421	0.2582376600581729	0.02135042492644882	0.1543032551079857	0.02964341967884513	0.0323148996281195	0.02708470932349598	0.1910355135126441	0.08178883308285982	0.0374344022233841	0.08528079088619572	0.01460994075345059	0.01945569781688332	0.01188189379152378
0.08960000000000001	0.00321756227144864	0.0250887206774137	0.008820763068701231	0.008986536002589694	0.005828762148471087	0.01282086655863273	0.2774453086772835	0.2188002060490281	0.1374957976840471	0.1151216372113993	0.003048096186735849	0.003282430543465046	0.03532425424331618	0.03595251086575468	0.07070399224651853	0.04947136710926731	0.07319008215627446	0.04627935605919934	0.0322528681584407	0.08505436289044037	0.23092519790301	0.0437357523121012	0.05873732677027924	0.07029440517201874	0.01058093995803067	0.09153618615163248	0.01241581686350785	0.07055909423376527	0.07445092204969375	0.08860746326737128	0.09429669489467231	0.09035589071664933	0.1259525903751539	0.0620757248536605	0.2598307708762165	0.1754019558547593	0.03198103401488236	0.01794304125723219	0.1169499760808627	0.00451335206816132	0.04841982715651884	0.04355033358063029	0.05235794016519862	0.03467022183996096	0.06145904809038698	0.02090296550524874	0.02132762329757068	0.03074170338132505	0.01805835715949504	0.006632397513835982	0.01539495900595944	0.05974405825512941	0.04508870123349559	0.0547343934901826	0.05315053590885585	0.2699620204440081	0.3295441144685801	0.01906421429978089	0.00340642195677058	0.003431531555906479	0.002469731301694742	0.2908801283649551	0.1685989312575508	0.1439006915553118	0.2962309127068789	0.2982302519233047	0.2970751260211575	0.01581851786372663	0.2930833566376359	0.02300416816237539	0.1918921088496002	0.2202060789859764	0.03051820013460751	0.2666975353590222	0.02387601589679615	0.1572586028412513	0.03165131574510914	0.03475774633445169	0.02877887336983826	0.1903505312275167	0.08216819705064692	0.04198026613919951	0.0848651370618615	0.01577655967820496	0.02056308450131804	0.01307394799819276
0.0991128561131141	0.003190534145463409	0.02483216043797139	0.01123674043180484	0.01152338144528714	0.006969881443902742	0.01339165039427587	0.2969114381433745	0.2281750863406052	0.1537799380747926	0.1299032730565939	0.002976114085245625	0.003440024038650449	0.03243839588716004	0.03421249932323055	0.07128653317606018	0.06369508222233571	0.0915495042342425	0.0579588431220961	0.0362170738892969	0.108677728701152	0.2705966289168683	0.04978874628234817	0.06722793951808957	0.08087363360972977	0.01166935550783996	0.08172818485474811	0.01310758588517662	0.07679836918627829	0.07904881967880568	0.08721767273358835	0.08480071378179489	0.09031390471600344	0.1242791006618824	0.06058486123430025	0.2722084729094357	0.1822101084112005	0.03527006749115276	0.01569159868912882	0.1291740574464263	0.005109695307913255	0.06326113369669197	0.05675150728262097	0.06850807756264872	0.03560104642262091	0.06327973195043195	0.02131376526169159	0.02177260803674397	0.03151560858771619	0.01844430701866759	0.002896642692292763	0.01116737525275806	0.06650733488332376	0.05011221822656702	0.04360331292803592	0.042072470803229	0.2630659353168294	0.320793604309149	0.02080677574046426	0.002160531955308904	0.002217303411158322	0.001519090808779533	0.2541618647302965	0.1363617815983983	0.1109672422251768	0.2588616944872905	0.2626830515464715	0.2630757713182891	0.01606616606800266	0.3019222930033577	0.02349112778547654	0.195394338975494	0.2234825574854327	0.03364607223215255	0.2758242415886727	0.02623356072219814	0.1426686122749454	0.03386985614474006	0.02807116449961977	0.02268174857459268	0.1962635755186507	0.08467417558120435	0.04632111701656411	0.06674314020499135	0.01553988918585922	0.02029618130838719	0.01259903194746648
0.1160558844730551	0.004133282373031805	0.02131835548856446	0.01588210766469712	0.01638166662698377	0.009672593729285802	0.01205962401231385	0.2672853851838545	0.1882563714855183	0.2027129972884557	0.1738930454680526	0.00348396789581986	0.004589619054239072	0.03200881680344517	0.03805731132122959	0.06438536826528883	0.08871580123673395	0.1209615861522998	0.07674618638204952	0.05144631047545743	0.1559901579383622	0.3183987939923558	0.06968280531432877	0.09329516703865752	0.1112611930410469	0.01244954932406042	0.09801557195623288	0.01323805446090372	0.09713834248177855	0.09676241415268563	0.07383004167492162	0.1009218156480681	0.08005054442977122	0.09559072148418246	0.05215485324735655	0.2285380636568955	0.1484240987504739	0.04995965917370666	0.01874329826704798	0.1622580030582941	0.00714538030976682	0.09096050739704283	0.08165551964182458	0.09855834341088768	0.03601227430538486	0.0637993915949828	0.02209874735397883	0.02248453237217031	0.03217300741241931	0.01931193983706694	0.00761173769250181	0.01240672457570297	0.09298672946463102	0.07076132055319331	0.03043218133546558	0.02907714848046814	0.2474192373506245	0.3011529794032529	0.02789174796851532	0.005296264555802723	0.007042571994184883	0.004946524395144951	0.2080874420772325	0.1047389146161419	0.08641866065179986	0.215617576140202	0.2244146690355765	0.2287120877008804	0.01646116438729081	0.3314264703756065	0.02404959170656317	0.2013133553441767	0.229759538577711	0.04513493171674834	0.3087714906658693	0.03543653434532276	0.1328815948902831	0.04116214824698704	0.02558496198981625	0.01916526605670221	0.1973990207708769	0.08709840772569523	0.06572097741468678	0.04575507330083635	0.02019192014040415	0.0247425748531326	0.01723700680480563
0.1304312594138309	0.006149706167143404	0.02152688600865839	0.01916321543633834	0.01973150041388902	0.01228069309080832	0.01147787026059858	0.2402222306538313	0.1558302524748409	0.2338218319678476	0.2020489293878361	0.004361758787644167	0.006049964552504269	0.04200862472139438	0.05274017399578199	0.05836899444334576	0.1043049946799921	0.1388924843987274	0.08821774688719308	0.06803671601515895	0.1882908386077321	0.3456742098451049	0.08826943998149653	0.1157855432828767	0.1363858047275187	0.01333309829372686	0.1163821096708763	0.01410515544480642	0.1163031140725668	0.1140653596729009	0.06311252157522243	0.1174711056313936	0.07138822001294122	0.07620159903610624	0.04633234625443705	0.192599468476014	0.1212835008958439	0.07053620852381809	0.02501904469167834	0.1836851351168352	0.009353181653905399	0.1088652741687805	0.09808867157996334	0.1178571994946767	0.03294226444749337	0.05831583067846643	0.02036323125958928	0.02068740844523767	0.02952067124025775	0.018147576742504	0.008473416104220175	0.01214936229444622	0.1167212150657582	0.0888858386947201	0.01906697134595139	0.01790554200032314	0.2152187063158396	0.2615205843081418	0.03493989345349751	0.005671249025130627	0.00823046445500621	0.005464334355007728	0.1588824377428719	0.07247876870281701	0.05934542530433699	0.1695826000484855	0.1828555831471866	0.1906363587326505	0.01511854402705956	0.3506335326695065	0.02234915411087455	0.1927117594973635	0.2210343244737718	0.05699583604131849	0.3342162424615567	0.04468615458228822	0.1229146623207081	0.04770912258816056	0.0209758603690719	0.01475550756699017	0.1802564315963231	0.08327804834828156	0.08269820420225435	0.02772867875649962	0.02081512372426008	0.02437529590993515	0.01778493100454116
0.1344	0.006658087857449356	0.02257769023991795	0.01939975185005105	0.01999399005198103	0.01262439821680337	0.01168164151821993	0.2402772853397419	0.1556849650263122	0.2376401284765781	0.2050403606795696	0.005983027359154997	0.007527737275451317	0.04678058883317453	0.05862238285389075	0.059055493181579	0.1048342096379332	0.1395345237975641	0.08863240766181613	0.07946398957781306	0.196652981258156	0.3527917692508133	0.09882639115729916	0.126146064380477	0.1464987121562078	0.01357841879489455	0.1249941039189651	0.01454439396512706	0.1208341814017532	0.1193537770805096	0.06393735777795562	0.1250476911528718	0.07226338122698357	0.07887837389978933	0.04728922276102618	0.1931532468383721	0.1215963389953214	0.07400980024677638	0.02706204466667326	0.1864026345378276	0.01055958902891388	0.1095898634237024	0.09881569139814882	0.1185981264884477	0.03283483859827397	0.05663739702194063	0.02309736725458317	0.02302918638116116	0.03082817927432062	0.0204171051659388	0.03552372881416493	0.02571364300469977	0.1471340758454353	0.1148869190083904	0.01310703715471994	0.01242157318463379	0.1940134829285546	0.2353171611821426	0.03990397122294732	0.02329834287757325	0.03158082857796646	0.0233737224756416	0.1353376910998897	0.08285384132793114	0.09499960466993104	0.152632462999991	0.1714676214311219	0.1837030816209434	0.01650173062256804	0.3546036003947263	0.02317108539147165	0.1935458943585819	0.2189821222996138	0.06286965399352068	0.3425967219210082	0.05071832094588234	0.1188585342508559	0.05069558817042502	0.03278503765719672	0.02144085571952001	0.1722611271133208	0.07989171255649626	0.1080164173464534	0.01982350490069254	0.03925354159840674	0.04355489731520292	0.03770477533624501
0.1439128561131141	0.006954376672246618	0.02090904603477741	0.02052928338355476	0.02116153897073347	0.01332875700197855	0.01090751389682673	0.222303210363291	0.1365093917970145	0.2420035320445862	0.2097209866240887	0.005605704680781225	0.007422194247360929	0.04573814441410794	0.05902877840810997	0.05301186550122387	0.1107131985357313	0.1459573753653822	0.09275218946209757	0.08068106978310467	0.206113124977677	0.3575214531049019	0.1007509878689578	0.1290774996604456	0.1502011685266137	0.01350665933834688	0.1189946633659185	0.01419477563499197	0.1229731607840249	0.1199658213910563	0.05478043210179506	0.1186543456328598	0.0640036848593704	0.06464088541409443	0.04111688990674613	0.1713118118938893	0.1055580033384393	0.07854737098870239	0.02659749757563137	0.1884009000435937	0.01081671466486049	0.1163535417358098	0.1049397953733609	0.1259330500301619	0.02824465730243318	0.05011077746948328	0.01732879864596392	0.01761624005996815	0.02526423335507779	0.01584812178119102	0.005769395663936755	0.009508733335461249	0.132172267315537	0.1004108213886943	0.006735255945811995	0.005781351007289321	0.1737538721953133	0.2106648907774538	0.0398786145794096	0.003899686827762584	0.006561973549175577	0.003835278463502572	0.1019615820836437	0.0337296310444013	0.02377029093875375	0.1146426732123934	0.1313027271359719	0.1418334470308291	0.01287380722877849	0.3527206976899968	0.01944939699441936	0.1744923918547797	0.2015670239497396	0.06565854058677732	0.3429984078073873	0.05127768321209478	0.1064018254401836	0.05172347470023944	0.01356530158688408	0.008460151312210052	0.155000398098996	0.07572373044504943	0.09337966565035576	0.008115552142065444	0.01850825777426544	0.02080928661299306	0.01538926882730653
0.1608558844730551	0.007467831600021978	0.01940111074590468	0.02210478016512619	0.02290158131319307	0.01427647168212392	0.01015316708268345	0.2044559256046952	0.1164994069439317	0.2508753606864583	0.2176808675096519	0.00893999159661696	0.01055980332579219	0.04813297665104405	0.06462973881370346	0.04680816063604329	0.1186380947118175	0.1548824841845056	0.09847887873497634	0.1063055048636486	0.2364117758660206	0.3811634768902398	0.1251274151563275	0.1535186135852978	0.174608057051832	0.01361775489146515	0.120909055541227	0.0141103691377182	0.1300603871999368	0.127054660121359	0.04505530214923706	0.118462531244363	0.05540137174536264	0.05331921892968042	0.03461459665587155	0.150416705893695	0.0898847920724706	0.08365929147445306	0.02683113432075718	0.192734645757582	0.01350800574233824	0.1253587405962047	0.1130211786998815	0.1356841926069703	0.01687059883538476	0.02987733045979868	0.01034068452643223	0.01048708303468724	0.01509130719537996	0.01045997874458742	0.003355757643925699	0.008514570028256901	0.1565789468322857	0.1188231586440599	0.001704675492092259	0.001082959982812362	0.1006093053944889	0.1216956176830464	0.04761005554485385	0.00254904132622334	0.005334926319632715	0.002290559694492127	0.05190173759136844	0.01299055079980746	0.009147208920420468	0.07060893418843156	0.09159442788389213	0.1053276529198141	0.007793427503520301	0.3499639348738748	0.01261220176764978	0.1323690400354678	0.1577667336188667	0.07898627140387578	0.3540216930103017	0.06149102163645087	0.09966480925827662	0.05668528490678225	0.007144509819144661	0.004156442909545844	0.09213566051675073	0.0561955482559733	0.1105646045982168	0.0008835076691269266	0.01448700829696009	0.01414450168911921	0.01155867113362435
0.1752312594138309	0.008645686038688158	0.02048698549554211	0.02313804743824927	0.02409061705177702	0.01526152115570088	0.01007535815566932	0.194133347894739	0.1055615182771526	0.255474304677052	0.2211417793011223	0.01462846074204412	0.01571712946717353	0.05851117756841199	0.07911556617074994	0.04323705926940388	0.1224227372614873	0.1590421424427872	0.1011667036166303	0.1463550465428617	0.2699379059591284	0.4066488221842929	0.1616215700751382	0.188534608517457	0.208356194738215	0.01401981583912944	0.1324649890791492	0.01477081620826095	0.140261137194493	0.1389028079715367	0.03953809997331982	0.1262897085109713	0.05044702377451588	0.05255572286564275	0.03147646434894645	0.1406091165568113	0.08249520506925002	0.09174994695262118	0.02971764739750778	0.1945187223402466	0.01765054591892387	0.1299858707547444	0.1172993845475551	0.140610131824579	0.004969266722798764	0.008252768793146598	0.003758037922376628	0.003647301794280181	0.004800730371233693	0.005660955288907281	0.007883482122452021	0.01264159810744843	0.2060658419432161	0.1570148184946493	0.001503111147902084	0.001273659027284749	0.02628807110639276	0.03142712417258928	0.061951857966544	0.005994279422405098	0.01047717697924167	0.005388787799909199	0.01671118536924678	0.01240280914020938	0.02066655347588057	0.04653110500336262	0.07515047086180071	0.09424665041692266	0.002926973835000374	0.3831500452254008	0.005974398820924786	0.09668189312790881	0.1225279788017524	0.1026699362222479	0.4045451349116	0.08012085152606831	0.1107015826954933	0.06807034184514595	0.00592725998043166	0.003893010815874591	0.02408632125281194	0.03762940263833551	0.1464382740818256	0.001863876792118352	0.01580347502371365	0.01252123050596933	0.01323660012686995
0.1792	0.008811036918718105	0.02135295159881095	0.02304773230743178	0.02407625568849355	0.01523742879018818	0.01036500763907195	0.1995654613727512	0.1109877463194469	0.2539527537155469	0.2191251178181976	0.01763641087268982	0.01828111661290592	0.06213099724263273	0.08379107023092593	0.04423582518144113	0.1215567670517871	0.1582076180354991	0.1006378882001995	0.1650281239669344	0.2821626553810915	0.418148751993466	0.1781515306298788	0.2036446980129749	0.2223668202061936	0.01418338958222771	0.1373379133822523	0.01510721064775215	0.1426104753343182	0.1427820838388948	0.04101837019381531	0.1296931094705379	0.05176579736804584	0.05912076510378407	0.03249917510799716	0.1482031684509937	0.08789424568100387	0.09134336922308174	0.03017729543876213	0.1930908250498497	0.01947422005987963	0.1289893378211348	0.1163740449945795	0.1395087525489198	0.007005355641893939	0.01121793789051219	0.006189058912454569	0.005935900942833407	0.007207255341468566	0.007687025222217963	0.02074483231555249	0.02018997858594626	0.2194553738049718	0.1683983170946995	0.003234576548755901	0.003106973460960075	0.03464246187833715	0.04148566504731886	0.06440088379333421	0.01380812561911357	0.02070710331944035	0.01323962318840679	0.02764734714412428	0.02982893718716797	0.04763418750722807	0.06025227949014594	0.09084095439000206	0.1114019505097002	0.00447837138980194	0.3973290747267249	0.007687152943045212	0.1076717671009824	0.1337469201446989	0.1056371670705497	0.4186116519375472	0.0830671400367639	0.1188021763304572	0.07037084851873829	0.0142217833468358	0.009431217291413295	0.03206698910775637	0.0407186890549125	0.1576164931690072	0.005190511955017651	0.02452843935812883	0.02192264303992022	0.02248072157842453
0.1887128561131141	0.008997923471553393	0.02030186807754941	0.0229445042105468	0.02403517598515961	0.01523683698936665	0.009644096629045475	0.1815811625719283	0.09583477998324715	0.2492135575442286	0.2149364139262042	0.01985470062551107	0.02023490187737339	0.06378193842144321	0.08689562778258315	0.03950727704907725	0.120337021992335	0.1558927737130657	0.09919515192586661	0.1796398510719391	0.2913187628659124	0.4167251820954594	0.1907767454601202	0.2148818013263665	0.232470385030543	0.01375246756022536	0.1379324382243998	0.01466733216489353	0.1427791682472262	0.1435669989266681	0.03474133899799256	0.1287710609858855	0.04559530926720405	0.05277393997092909	0.02832281536465257	0.1315096495179592	0.07635435983368043	0.09186906012745234	0.03022317794997182	0.1880797266137956	0.02090012805776147	0.128098006216847	0.1155888481070818	0.1385224980113904	0.00965028093820936	0.01616982734573868	0.007371280835922689	0.007209308058103718	0.009357285026261503	0.008720874115916905	0.0153330209505983	0.01675384014011942	0.2220165952062303	0.1699384073619795	0.00209692729071958	0.00183845826253475	0.05090560800068632	0.06126263359491369	0.06545532515011973	0.01126543770135525	0.01744892099459493	0.01076091801558751	0.03134179702707924	0.02381478414548344	0.03625876184030236	0.06306610944567063	0.0938690459125934	0.1144669448272322	0.00542122615483535	0.418268805671785	0.009252526745164292	0.1210709069539507	0.1490632870508132	0.1077067399072701	0.4373736890033103	0.08447394888496829	0.1214836706442751	0.07264565308253808	0.01109804776846543	0.007017044145815658	0.04788044631462925	0.04739161572858909	0.1586597943288712	0.002856076433028752	0.02313532133327754	0.02074278910703028	0.02063278030278804
0.2056558844730552	0.0099855859075907	0.02148938937443163	0.02268642041802741	0.0239529328809812	0.01545429520656251	0.009429636974055368	0.1680063109601872	0.08613336654546427	0.2353206520410293	0.201781754588194	0.02781696546510689	0.02717389040700935	0.07534229360823984	0.1027431231120518	0.03397840086028277	0.1167801920183509	0.1508779673086159	0.09604916401988051	0.2311143771687474	0.3229323818095386	0.4327033690580814	0.2353588945867658	0.2548133256847801	0.2688118872261003	0.01365333001967273	0.1432003771622569	0.01497192809653035	0.1473054829528668	0.1511341121589518	0.02771115329772474	0.1288701898313078	0.03838024792285988	0.05603639776885765	0.02388232148196757	0.1234972832236503	0.07114575906779881	0.09548311871149845	0.03161085853202955	0.1757509577729877	0.02599587710268342	0.1248581622483212	0.1127668695087908	0.1349069565141537	0.0102263696509331	0.01765698320088489	0.006870901637374143	0.006832773059290367	0.009448762866752631	0.008400250863076549	0.007479948434629866	0.01297297866302072	0.2209502733748037	0.1682286372908933	0.00179206907672816	0.001386082498545646	0.05808321940694617	0.06998216674155565	0.06648529446383566	0.005931038614469527	0.01056969506935395	0.005368744414605277	0.03245251630996029	0.01495540590964359	0.02018815384380076	0.06298778765477314	0.09340294621998517	0.1135965527988643	0.005240602243653261	0.4321525313434172	0.00942890783806544	0.1255672369886314	0.1553338216853148	0.1101729977606305	0.4505241230270521	0.08594451583797544	0.1241197424045464	0.07464942415474936	0.007186509001230817	0.004483753370291016	0.05333667690634955	0.05055702488533544	0.1567687329345253	0.001778310209797588	0.01812684085193244	0.0154332249159197	0.01503663255152443
0.2200312594138309	0.01111451538629809	0.02386931347643621	0.02214669544714462	0.02355092109628043	0.01561668248352361	0.009644961070724458	0.1618719721822648	0.08396909850893347	0.2209758566949531	0.1880070989175754	0.03554382715928118	0.03388031321864897	0.08886412637075544	0.120174017881818	0.03096187611198116	0.1114982070406174	0.1440757577536805	0.09175266919151416	0.2804898020466872	0.3499943703820473	0.4465948038141547	0.2778365892107569	0.2925982792085223	0.3029678443376435	0.0137290657624471	0.1518450164663732	0.01561725994864858	0.1522918616181049	0.1594803821298146	0.0243724927826414	0.132452139711626	0.03456260528311754	0.06474806028902383	0.02212019730609434	0.1239101702082751	0.07206115330940649	0.09971685981805918	0.03398462362721372	0.1638458432141368	0.03088841234641797	0.1196672103299667	0.1082392967024161	0.1291551939243503	0.007710061677311324	0.01336040894949476	0.004988789102122695	0.004967482646862862	0.007029058440606686	0.006888112045928663	0.004051660606812597	0.01135762963452967	0.2192992306521068	0.1665941342318484	0.00168105854280908	0.001291750494272051	0.04475497386494806	0.05381961371754464	0.06663126095894467	0.003514581423594247	0.007447134845894409	0.002873787818232543	0.02521363307573625	0.009940370671789019	0.01354490758636472	0.05582504481366941	0.08603159782729115	0.1060643453573916	0.003943333195007731	0.4250624254833456	0.007772114879270377	0.1149210681611015	0.1442930249966725	0.1107988358445499	0.4455365996533555	0.08622358683750954	0.1220102867580508	0.07434070331847295	0.004774705832468948	0.003071735697658667	0.04033065170181583	0.04615660722321234	0.1551672489925581	0.001598573897475783	0.01486417451530193	0.01156903186075366	0.01168532621960675
0.224	0.01117227924949205	0.02511458698516143	0.02196623489747636	0.02347847251715366	0.01546992939759587	0.01019511289367863	0.1745607346145465	0.09603734382027337	0.2169478172159264	0.1835309314298078	0.03957085536472044	0.03727091504338262	0.09276206773958778	0.1252270490874245	0.03290902976963872	0.1103023045884261	0.1431583219667529	0.09116527490043111	0.3049344968588765	0.3660758762163246	0.4640480197105517	0.2993012131197799	0.3119398409730583	0.3207406670800673	0.01400808974534663	0.1549588626233188	0.01609993709108186	0.1542459125988252	0.1634965771489554	0.02720498659709321	0.1337019963318133	0.03711170290872207	0.07563453072073474	0.02386615478094973	0.1396846914011171	0.08321345940361551	0.09774207671426018	0.03372722631083019	0.1606815914757642	0.03324558980912782	0.1181322205364137	0.1067786807321212	0.1274770515428633	0.008129266541724743	0.01359313838879351	0.006168450284350346	0.006025245793002612	0.007858301618104085	0.007759178545605783	0.01376560714759659	0.01678782389133716	0.2197674237645368	0.1679048564346969	0.00411926471963617	0.003840176288088354	0.04568805487971225	0.05497428368612385	0.06550219467096878	0.009469724665349606	0.01507425047893816	0.00884476952098005	0.03440669037617018	0.02600059201972594	0.03706666133159039	0.06615826905375535	0.09646335932489861	0.1166498629635316	0.00462359698133928	0.4145239815343768	0.008258110450103814	0.1150274136032828	0.143100918129689	0.1080598907657259	0.4346960066663951	0.084586844535052	0.1238119135362567	0.07249331483643033	0.01111333429860461	0.007500691257774948	0.04012414344760738	0.0448696327839431	0.1568303683783901	0.0060721653650201	0.0207028953963423	0.01793656919807312	0.01811920356326532
0.2335128561131141	0.01139854145378745	0.0239573319114678	0.02118851927566038	0.02271587468255257	0.01517683579685442	0.009209194997159335	0.1484290504321075	0.07586895149914141	0.2046250145629659	0.1728060153881823	0.04140593587801321	0.03885031341947939	0.09485265918913836	0.1285108822712465	0.026611644536993	0.1050537651897073	0.1355285241557356	0.0863448832307834	0.3161361098041678	0.3668324914293524	0.4486649884299213	0.3078894523305151	0.3183435523853512	0.325390978848753	0.01321193716721328	0.1539310138393692	0.01536485161388603	0.1514773571309608	0.1613725889800223	0.01941766764326442	0.1310249853578705	0.02909187708993611	0.06743112470959164	0.01877009637109667	0.1165664577396031	0.06770582394322947	0.09784448458677013	0.03392295782344789	0.1499789771125056	0.03428439773112713	0.1131054326201706	0.1023372261192767	0.121989123933789	0.005615272655904852	0.009718221987933793	0.003549884418485492	0.003525755774694213	0.005078736653787016	0.005695880740573653	0.00206191443564933	0.0101690548911505	0.2164149233274358	0.1642327076803713	0.001352798370464079	0.001001828880329155	0.03275183778190863	0.03927091282587776	0.06601683113329934	0.002289779113995954	0.005839823378875312	0.001612853658639804	0.01828763760066247	0.006366648251612041	0.009509765551003923	0.04884235887628548	0.07872018692671406	0.09853979814782635	0.002922400332362375	0.4141456058456878	0.006391354791341871	0.1050497839211254	0.1336010810689877	0.1099766966568153	0.4361900529630639	0.08548139480845035	0.1184529450399075	0.0731730423191545	0.002984928094030532	0.001967177447855443	0.02918568878844713	0.04192952518110055	0.1529061424373676	0.001155517848314636	0.01286302533742959	0.009165767100527421	0.009717246904874494
0.2504558844730551	0.01214278750219055	0.02495483183420159	0.02041394952164264	0.02206841904120006	0.0150469584388003	0.008943357511268816	0.1346659011223811	0.06735052075585972	0.1877121916184869	0.1570677444696459	0.04815255157737039	0.04466111906032353	0.1045782969617095	0.1415088422025272	0.02176397331793256	0.09894045705361351	0.1273688695304049	0.08118938734256564	0.3585217534510532	0.3883374166083872	0.4542808001330338	0.3438860209973101	0.3497068638713233	0.353180086848832	0.01289515943869164	0.1578954961561385	0.01544632260604252	0.1530609191743827	0.1658387270213598	0.01372324005100231	0.130576051075634	0.02292681902526034	0.07105189245066114	0.01517644625534185	0.1091214214165327	0.06323461401116041	0.09936978023582572	0.0349781837473236	0.1357460400600912	0.03841827699032271	0.1070549712609613	0.09698198283586498	0.1153380221514065	0.003961983564725032	0.006762411280698414	0.002551657454807155	0.002508498361776156	0.003604081945490969	0.004763997311440369	0.001869020140780936	0.009908322507871482	0.2068821453817945	0.1570111647281732	0.003044204506076796	0.0027332819618418	0.02493746011428296	0.0298970001776545	0.06312022025318949	0.002215273826222455	0.005560507008785522	0.00149930530305226	0.01970870391229222	0.01039979928165005	0.01382721679378439	0.04950750244367951	0.07798217658082196	0.09682269310668014	0.00218998284555967	0.391797506670657	0.005255507392669178	0.09478194837842134	0.1218015869950053	0.1051567560870081	0.4141149628202095	0.08173041202874295	0.1146708482557463	0.06953183357042042	0.003028206694100299	0.002301435741699461	0.02001114102596855	0.03732724086832052	0.1461884718924713	0.004055538196968277	0.01179371480805875	0.008004222596235308	0.008864686811016518
0.2648312594138309	0.01285836993937243	0.02637394998849842	0.01989444509604806	0.02161277620627801	0.01507607121541836	0.00898762474742569	0.1281340343867116	0.06418178252289987	0.1766059390314065	0.1466857314862116	0.05257079656129439	0.04849057253392363	0.112912144849154	0.1521211740223844	0.01933803348721011	0.09456321361673525	0.1216760038788174	0.07758771610994727	0.3865615696771061	0.4015955290204661	0.4578410907733114	0.3676320974375521	0.3704242266157742	0.3715571913358438	0.01283195238822875	0.1622687770240412	0.0157470670025154	0.155132676146595	0.1698582756277531	0.01106931018023306	0.1318745406584585	0.01988965195588473	0.07540398503856913	0.01372504254201837	0.1069662726172635	0.06226207044728298	0.1020528683351476	0.03648334326205722	0.1267516474820893	0.04118769368233615	0.1027181133605741	0.09319436595563224	0.1105542373982785	0.003783489209661305	0.006391208396950955	0.002520014696817581	0.002466768774897177	0.003477639071817615	0.004609601364620425	0.002761791284064529	0.01042069768680479	0.196778802802178	0.1494279410342314	0.005906498587469712	0.005594494697734701	0.02691652158434114	0.03243840366683916	0.05996414619536192	0.002727909650995064	0.005995092178126845	0.001978121952184077	0.02938799965379579	0.01914432583268838	0.02262573646818175	0.05814771360717416	0.08499294438118926	0.1026576822294563	0.002156280596893348	0.3739775028397107	0.005060303378563908	0.09092996064350066	0.1169128547797173	0.09979174034788833	0.3951017171239571	0.0776049418415985	0.1138333897440705	0.06600727262430915	0.004566938594251371	0.003708128225468121	0.01879125617051292	0.03550841544231111	0.139174453494534	0.008758987403285465	0.01173066922921496	0.008163691742536531	0.00899882158878039
0.2688	0.01290225287335785	0.02733727048692514	0.01991165490943106	0.02171279835777604	0.01504250801640106	0.009442908731386881	0.1387392212774442	0.07370763546449535	0.1790939040753122	0.148030327862526	0.05543063389060299	0.05090810684577241	0.1158459294931245	0.1557821189571918	0.0221228981287105	0.09456860128617482	0.122144094431844	0.07788031195885679	0.404088067068574	0.4143657329964514	0.4729868045736027	0.3835680940962833	0.3854099438843968	0.385779700687964	0.01311593449942149	0.1697893306614738	0.01619432388696769	0.1583428944052613	0.1747297843635456	0.01484659167337338	0.1383313860463267	0.02352728427015834	0.08420968097367632	0.01627145338891796	0.1193468819904436	0.07089760991944244	0.1008558932621671	0.03704803179174569	0.1285015209540544	0.04289467142345611	0.1025087495011652	0.09293773995594901	0.1103191482958111	0.003717785596107416	0.006047395830342028	0.002879164678475131	0.002771185221739373	0.003613375957540013	0.004819635390685962	0.007440868117324311	0.01323366294930316	0.1930866127963512	0.1470276857167712	0.008051845877161378	0.007786776500032806	0.02719404035400604	0.03281513897469716	0.05839978994805895	0.00530336849678374	0.009219374038139988	0.004533168144563018	0.0365647168358423	0.02903650777019192	0.03582286952918252	0.06543157222886188	0.09169299079875309	0.1089795574383917	0.002345156991770988	0.3623181989734063	0.005083301456979069	0.08879766963709884	0.1138288860184711	0.09680934508075567	0.3830269097405006	0.07549822184049088	0.1144327110534475	0.06397929977806613	0.00809263556970124	0.006333999762333786	0.0173233320150431	0.0339780007221877	0.1371954213753849	0.01248151637857517	0.01397097380384138	0.01067071387925674	0.01156110330345619
0.2783128561131141	0.01303120424106513	0.02654501434071468	0.0193493884858621	0.02111455090239169	0.01484683026201587	0.008787952935819798	0.121163831307891	0.0601349716749892	0.1698084862143074	0.1402505176770995	0.05523254788189796	0.05074220626651798	0.1161818683882838	0.1563922336634702	0.01777684916793806	0.0909276539135342	0.1168830843173113	0.07455143612269148	0.4025899877647401	0.4080117443501097	0.4568499367428273	0.3811342308819826	0.3819926245475514	0.3815924919683706	0.01256629295288389	0.1658260626489235	0.01564742671609752	0.155101260036051	0.1712212345341643	0.009487516554240769	0.1338615231819499	0.01800044425892329	0.07713130063180208	0.01275997207180489	0.103113537048356	0.06001578948433414	0.1013748974909127	0.03698066904505625	0.1209490592754058	0.04271243193427292	0.09900927097101964	0.08987492683534855	0.1065024586469343	0.002598500621037631	0.004171484227861262	0.001975903465294348	0.001886071456351589	0.0025030061454416	0.004032565842290646	0.004131727539036739	0.01102257772922583	0.1873570122556714	0.1424732803617545	0.008681966266361299	0.008413448583134319	0.0223140898622314	0.02700798852510304	0.05681206589815827	0.003787012742940964	0.007139219696564019	0.002998199134498095	0.03585434732979553	0.02810245733514777	0.03279885794891295	0.06403757796804456	0.08942756414149218	0.106059042240179	0.001725607741366946	0.3518335613842187	0.004261695427891881	0.0826058038730233	0.1070488722940668	0.09436941516145771	0.372786554172732	0.0734797354278649	0.1116891650863918	0.06209324205411047	0.005898645061111359	0.004984588062667371	0.01172806755068783	0.03149565123755092	0.1327480211565584	0.01347201577361706	0.01189253870856374	0.008399410677387363	0.009466000624663108
0.2952558844730552	0.01369394816074502	0.02794131395432207	0.01915457452390995	0.0209302812613087	0.01505379400047248	0.008939032307180468	0.1175489407032647	0.05829922734356703	0.1674486038700011	0.1377706508393264	0.05739266780391903	0.05266384483218561	0.1227542443795035	0.1643131435874849	0.01746910649324303	0.08866589661767889	0.1139282139426386	0.07268123830813378	0.4169195243674113	0.4142023352964972	0.4579830493006345	0.3935120051866689	0.3932204216624198	0.3918513192201057	0.01265942249385024	0.1737798836881845	0.01604249102402743	0.1584409586580828	0.1756508973617613	0.009389859102757893	0.1401749100990626	0.01769685782460933	0.08030932225275546	0.0131917870277007	0.1016498794997743	0.05927602017326445	0.1051696128280716	0.03930592366110976	0.1190349788406674	0.04418216141644282	0.09686855101428621	0.08807894035807398	0.1041125950941902	0.001759067916985975	0.002546427855445507	0.001674368699776061	0.001548704146860286	0.001850924920369553	0.00361215930071483	0.005957923942791673	0.01190109725872684	0.174749408756769	0.133135765166958	0.01243526945201069	0.01219919299386952	0.02077057903651819	0.02533219994072418	0.05265335118203783	0.005092821893453412	0.008527958755568506	0.004260475875874347	0.04676592550379172	0.04031283504756744	0.04612850499095993	0.0739527222018334	0.09735183720514817	0.1125592575802375	0.001467485195987704	0.3255511987690224	0.003654834832891939	0.0748270105034762	0.09754298657329878	0.08721797048722663	0.3455835743256285	0.06803220475923857	0.1097914064510337	0.05717152281602216	0.00796415505904235	0.006859431630146756	0.006483531486766945	0.02770230769504381	0.1241229606133546	0.01975964914323471	0.01225008640115544	0.008978441519212661	0.01017641987773715
0.3096312594138309	0.01420017481962872	0.02923489158941499	0.01898116304177134	0.02070087004566978	0.01524306936319391	0.009163224962027958	0.1165599168660705	0.05839504249707891	0.1684707291017815	0.1385734939798005	0.05713217532626633	0.05249365164873497	0.1269060867973675	0.1686518990487213	0.01860192265033892	0.08692710522854363	0.1117437300233819	0.07128915325704308	0.415786473439361	0.4098595701088503	0.45225886046748	0.3923626724597318	0.3922441722373681	0.3909161144683057	0.0127823081275335	0.1808955298262513	0.01639631248647407	0.16068688076658	0.1780616886020985	0.01118534980159802	0.147050355008348	0.01929976948427269	0.08235565802238476	0.01492606306012373	0.1013596605986045	0.05931132255804384	0.1089030074679469	0.0416828529252714	0.120298545987753	0.04413736931797743	0.09519283182367873	0.08671401338841417	0.1022434655240127	0.001781360297512198	0.00258159872600444	0.001685875486776568	0.001563783244421374	0.001865689553921704	0.003495164331909995	0.006155041798587676	0.01197079925603106	0.1643019920323049	0.1252077763628967	0.01455793781192655	0.01431002046601086	0.02346621762441703	0.02871102573159617	0.04951245121479016	0.00510009347377383	0.008331046721038782	0.004249464467205158	0.05444842751006549	0.04632107402184355	0.0515858050494775	0.08033000700355908	0.1020850357921977	0.1161191567256948	0.001476595842019831	0.3085189923334264	0.003556794540463992	0.07172124804068855	0.0934834208712227	0.08195165901642699	0.3271471527975442	0.06394332610289803	0.1080538522879491	0.05378736657210247	0.008943427862667287	0.0077986603969389	0.006612969495649024	0.02639527922715226	0.1167626426846783	0.02320511860593461	0.01177319127344694	0.008730352094449834	0.009838554783960861
0.3136000000000001	0.01421678613896894	0.02973336054669219	0.01894076189455452	0.02067499228367497	0.01521709450782236	0.00938072193394664	0.1211908705322839	0.06267321044100836	0.1728063455912118	0.1419564971516085	0.05779983766913302	0.05304564112467026	0.1281013068191509	0.1697948605491294	0.02095433031770838	0.0866900608821239	0.1116543477544961	0.07122611276160573	0.4196375498414309	0.4122494571041488	0.4562435244071845	0.3961811317406072	0.3961785241987369	0.394855995908266	0.01290214176921309	0.1882242660032104	0.01661490360855338	0.1627322065773142	0.1808279636861648	0.01441273730218907	0.1543674465208552	0.02242735456623816	0.08657588504606846	0.01724330146913871	0.1065878978478901	0.06299639720105564	0.1085497594409165	0.04267019046739138	0.1236421594597432	0.04451316748579541	0.09484373922445377	0.08638327209993132	0.1018600403492645	0.001915935032530001	0.002647055529784685	0.002092509253608716	0.001928649152559822	0.00214626525785877	0.003754777813271106	0.01017857628450275	0.01425876524202717	0.1612583463329944	0.123220095362459	0.01499930449734117	0.01479665611291226	0.02330790277335339	0.0284810332669511	0.04825239100879328	0.007175919777454567	0.0109764305069077	0.006340870625387646	0.05620074664114338	0.05081587360797022	0.05901895074462046	0.0819655920049096	0.1033460931804336	0.117191596032903	0.001704658915257778	0.2985304707106667	0.003679848152881922	0.07038308778757314	0.09124676393598212	0.07955736680933258	0.3166908800644259	0.06225546939416784	0.1066576596071816	0.0522047042582747	0.01157403453960529	0.009605581142247497	0.006505520147231675	0.02544625393464888	0.1151460981878647	0.02411638754770746	0.0136741175747982	0.01088709604683552	0.01199346424722073
0.3231128561131141	0.01444146304182134	0.02978386201152806	0.0189144564776288	0.02059524003962912	0.01534966591303441	0.009217813845630295	0.114504602484104	0.05699087514821933	0.1754645202645242	0.1444951553295353	0.0566039741841939	0.05206940019769924	0.1289083527603125	0.1704177204974463	0.02067506086157682	0.08619404616563252	0.1107471699172674	0.07065196976894403	0.4126804676837747	0.4060538767243024	0.4478709360374478	0.390109132462527	0.3908620302293745	0.3900216559541955	0.0128176714041093	0.1922662823838075	0.01657528527494189	0.16354904196455	0.1811949688368083	0.01409632277995106	0.1588268639885957	0.02212906858339585	0.08344201629804895	0.01736777355568442	0.09932659904131468	0.05799779237748089	0.1109022780409145	0.04408279566354666	0.1257208658119827	0.04387377661294257	0.09452468852287306	0.08618605633796071	0.1014930931325164	0.001025705588831568	0.001264572621097576	0.001191661619019932	0.00106852407922687	0.001174511596962499	0.002958886809340996	0.005613520207751394	0.01119223252225619	0.1538221058974439	0.1172269506311008	0.01433073788154452	0.01411055335420001	0.01894998478422903	0.0232559921005505	0.04634616220867913	0.004768306455411247	0.007766723908131007	0.003944159706440353	0.0516467770824793	0.04503977105383779	0.05012085233565572	0.0761340527847075	0.09646936918300048	0.1095665337366589	0.001104427887540498	0.2869215770200512	0.002937323840235236	0.06454571680517671	0.0847824441041376	0.07671569102573332	0.3049305409455635	0.05985483733059173	0.1016221880202889	0.05015154760690682	0.008332091030364216	0.007395370496926879	0.002598182534955011	0.0234515641437534	0.1093119901100594	0.0229131282829735	0.01077931082761436	0.007813146263766673	0.009002286259707386
0.3400558844730551	0.015409266931337	0.03207858487767512	0.01900975907567365	0.02057035930328225	0.01593972661563781	0.009655940205431248	0.1133174584274608	0.05637076875805885	0.1864709926572213	0.1540487070715872	0.05501177903454213	0.0508531738130663	0.1359083279807574	0.1774407465723053	0.02423010985495386	0.08540349277119304	0.1097184092438174	0.0699901144013334	0.4044454046446043	0.3969576471216246	0.4390392820570886	0.3834652771517844	0.3860140953916414	0.3862847809352381	0.01319231752072593	0.2108940592032026	0.017335863570929	0.1701627597202505	0.1876850847933333	0.01901774980042871	0.1778387628967871	0.02693685185874625	0.08592723639125997	0.02183894810032462	0.09756650223746606	0.05690635847504576	0.119197180729549	0.04948625258459059	0.134994129339711	0.04324376419745921	0.09402168938655096	0.08600406986809382	0.1008571484982363	0.0005534496659038849	0.0005978835129349489	0.0006210351763288186	0.0005361373731959991	0.0006141452169541666	0.00233292027830638	0.002908750430901991	0.009137182726179579	0.1391753209929564	0.105820337992839	0.01313054415267451	0.01290369542807295	0.01622356888233896	0.01993750188984483	0.04231447911110155	0.002844717900426779	0.005129366674876451	0.002065518908263188	0.04640463509882409	0.03878087537859388	0.04165181175322073	0.06845280316390887	0.08678930478652294	0.09855602475069711	0.000717995075971675	0.2620362305425364	0.002381785124823098	0.05747654616472442	0.07614694199922602	0.07026024749762298	0.2786523189059519	0.05469073615997985	0.09269967010763573	0.04586925552601939	0.006403633562540006	0.006017639284710186	0.0008736250940195159	0.02106241691052688	0.09860072934859539	0.0208830181151788	0.008196447768090047	0.005327624805208127	0.006452646170412026
0.3544312594138309	0.01612911939565855	0.03406200096385859	0.01884039994541828	0.02025365189188677	0.01629456048403112	0.01004906072832878	0.1127884525633799	0.05689484166763726	0.1972451549649357	0.1634338494604231	0.05245680723926348	0.04874914566494341	0.1409185231231854	0.1816579062620181	0.02858469684884703	0.08351212004161283	0.1073705070191693	0.06848195507080788	0.3891706203507505	0.3814266084732799	0.4245231757954912	0.3704370338976999	0.375048300181191	0.3766263227347623	0.01343299768795955	0.2291058906308011	0.01792279584264307	0.1749661156211389	0.1922137257854212	0.0252065438540713	0.1971616906246024	0.0328755803278141	0.08852073318649881	0.02708735693986149	0.09659822014771048	0.05651808912199934	0.125623889694577	0.05454052685195422	0.1442997507315422	0.04187252008313218	0.09224703021492127	0.0846510397156615	0.09886000344860986	0.0006923539329891466	0.0009581586641608736	0.0005173488402727166	0.000463804533506435	0.000644399065749624	0.002127452837020328	0.00142245005540097	0.00808235684385792	0.1280579546623508	0.09718577027046311	0.0130484005457201	0.0127986087912647	0.01795631620072141	0.02205261687508188	0.03925691994482068	0.001621114824028125	0.003410749463400324	0.0008637873452285009	0.04674084684225889	0.03686549217833377	0.03801757976219589	0.06692181943141215	0.08365536386037398	0.09432737390686297	0.0006665654779057467	0.2453364319164829	0.002287330492857599	0.05447430438320382	0.07220806446755521	0.06532052576497729	0.2604152629284606	0.05075803114667305	0.08780651025168218	0.04275724158510799	0.005772689148497981	0.005619764853403772	0.002221273807225482	0.02023615770242522	0.09052722736587683	0.02065049803243869	0.006604058812362082	0.003911718040499184	0.004878406560298949
0.3584000000000001	0.01615116556084877	0.03453425557765517	0.01871109844862314	0.02010847422379933	0.01624755528074868	0.01023478896357218	0.1163093663972933	0.06041442578175921	0.1987046612906951	0.1645459349387728	0.05230877264064925	0.04860091649123544	0.1415700377072619	0.1820206997962633	0.03021129610990754	0.08278649422277731	0.1066356466373667	0.06800728826053988	0.3878456456415881	0.3792437945462204	0.4237157483017131	0.3693097577957402	0.3740730300771347	0.3757337787541111	0.01350337925111417	0.2324999505458767	0.01806779539785057	0.1755104844072636	0.1929946656777757	0.02753183853395708	0.2007547124100426	0.03506684153918877	0.09126418898637846	0.02876451549813479	0.1005219570329717	0.0593606070334427	0.1255915607540899	0.05517296256189244	0.1457091821297825	0.0417389119581548	0.09140476044558801	0.08390490504727337	0.09794082363551658	0.001197439691473882	0.001629670804040547	0.001261033207509532	0.001155006815544921	0.001312582923775484	0.002660536133761375	0.006782737576321355	0.01103842682522076	0.1261016198994073	0.09613518900378905	0.01265902597998842	0.01246857921809759	0.01850357141118765	0.02262000589603338	0.03818600545193689	0.004415034050139108	0.007029631466136736	0.003703151945370469	0.04651097203918698	0.04030613672706357	0.04544084849132823	0.06665096152589067	0.08325011368173126	0.0939461638454468	0.00111238854882413	0.2361898593282411	0.002670836051727177	0.05457714004373985	0.07133465302085497	0.0631440923004417	0.2506394300322579	0.0493007620979637	0.08568158577419739	0.04139785802914388	0.008977949287156152	0.007676081520873531	0.003893178649658987	0.01985557283609234	0.08985230506961418	0.0202584955883678	0.009390467849134512	0.007056535031782659	0.007961330200044766
0.3679128561131141	0.0165189206162628	0.03513437225174894	0.01858949345248059	0.01990349227298643	0.01641779949061316	0.01018582128651349	0.1098242434121484	0.05533964665437179	0.2107936702863432	0.1749568019105581	0.05073558463520712	0.0473046082250587	0.1440574779172971	0.1838850321488616	0.03319236610644365	0.08155608190382484	0.1048297676960071	0.06685441599301892	0.3783623963086477	0.3698070077316413	0.4125993417538104	0.3617377001692326	0.3682777758943724	0.3709844797213196	0.01347267928288772	0.2509372857482605	0.01823571117188273	0.1797202960799204	0.1973212912967172	0.03173937187855497	0.220203404120783	0.03917420711030802	0.09089090318208266	0.03242038644553555	0.09363631544560408	0.05473224652556917	0.1290260572012952	0.05917443914206594	0.155041279272288	0.04087665810741326	0.09033500665584655	0.08307482944703078	0.09674147528353096	0.0007898516775503802	0.001177833908336677	0.00052705198634167	0.0004854621220732074	0.000708720491445817	0.002004358200335343	0.0009596109042014564	0.007260393995718005	0.1178885288486016	0.08942321706476637	0.01183692263738938	0.01159769276255325	0.0174353432644565	0.02139087176045772	0.03620688570332129	0.001234778595891083	0.002814015006061199	0.0005405640726945638	0.04286562669658806	0.03311535573785886	0.03380362751726355	0.06134143676067564	0.07674290855115445	0.08656315484963953	0.0006587247995885874	0.2269708953321059	0.002190835709412853	0.05088228111733235	0.06732315904053932	0.06028139300469856	0.2407137417904108	0.04682129622191159	0.08085913690452615	0.03951586130856851	0.005125217526885323	0.00502441028703363	0.003006800396904783	0.01903289685451076	0.08328388384487305	0.01868836159228817	0.00588648499782281	0.003415067334247395	0.004262074423124041
0.3848558844730551	0.01744368990346779	0.03757097048322655	0.01799845318236069	0.0191482814051944	0.01666467302606018	0.01051206521101017	0.1043296999693681	0.05308721256829169	0.2247345349112847	0.1866678063858676	0.04880345331722975	0.04572093076182387	0.1518047913013833	0.1908551021661279	0.03901670795361058	0.07683539707210596	0.09877362928806856	0.06298827191239187	0.3664679440139845	0.3523423974972212	0.3922063682293342	0.3517960289553901	0.3602996001118345	0.3640406478754411	0.01356571200851773	0.2815113387521633	0.01887427371917094	0.1865876728382158	0.2048722482247609	0.04033686916256767	0.2517080321450518	0.04724778507632824	0.09556136587072037	0.03974545899581412	0.08936969006248134	0.05240579507875982	0.1361202473232861	0.0665351177920291	0.166566669117061	0.03983033164537778	0.08568784908690194	0.07919649720399365	0.09159839532843596	0.001323054905848962	0.002147358922870687	0.0008361025102125115	0.0008072906865626318	0.001176069981764507	0.002114497810233894	0.002760882038328868	0.008517714823399528	0.1060421390838012	0.08037880453767426	0.01200884336963307	0.01175933128181121	0.02110173745359693	0.02576745801160545	0.03296545784599311	0.001166338775375484	0.002609262759736684	0.000484947877940749	0.04509282532821599	0.03380103185748446	0.03475229036561853	0.06168011391419623	0.07539114664613346	0.08411125639471775	0.0008790814612510933	0.207760570037091	0.002387682053408165	0.04892397136056	0.06420978142239775	0.0548805318694024	0.2195602010893488	0.04262216150779762	0.07659297459908103	0.03620190754297342	0.00701820129373969	0.006390657732242673	0.006075461526886451	0.01850020676936938	0.07508972277460103	0.01893797222744655	0.005477328117505821	0.003358415609482229	0.003978459251046655
0.3992312594138309	0.01794176273948251	0.0391739392817547	0.01707554298887615	0.01808462148660162	0.0165226817779723	0.01065347085182455	0.0986322656672836	0.0513644868418137	0.2331694009454816	0.1935417651297656	0.04713927510305436	0.04427176530853336	0.1566895056321901	0.1945703033267951	0.04393718491739834	0.07080685819858214	0.0911033974003868	0.05809462029480687	0.3548835836663471	0.3339747075408686	0.3700270577962566	0.3416182406841273	0.3513070037545386	0.3555653209981074	0.01340683945770389	0.30601252601792	0.01914889433654596	0.1899522899719714	0.2090700239128133	0.04792323086685905	0.2772147769698712	0.05417915859180458	0.09993427434646007	0.04599196432754042	0.08578935817812836	0.05071823143322933	0.1393175252427633	0.07202097314111763	0.1737149748594572	0.0387159454108801	0.07950321966555807	0.07384133480660715	0.08482147415140381	0.002290203240881686	0.003877203856816387	0.001423320413659081	0.001408371332649083	0.002034866479865856	0.002574754997604139	0.02177945187474462	0.0259994622943014	0.09675801782178188	0.07285912314334872	0.01263108577760524	0.01233285945796464	0.02914293688763543	0.03450734943590267	0.03387923168910564	0.001566727601621592	0.003493884209646644	0.0005765064701438396	0.04995415617153539	0.03603822136777989	0.04566505526042638	0.06489879241948969	0.07727482547421152	0.08550065079850791	0.001394111424271878	0.1938855547400156	0.003094296110374609	0.05001637676378543	0.06514779466629769	0.05652830311148623	0.2041193289061426	0.04387430887478423	0.08348424142850608	0.03774113967976125	0.02479331615007826	0.01942969578359973	0.01142658607049345	0.01952788115353367	0.07045960268103774	0.01982687388556745	0.005415837345373388	0.003686986595394173	0.004002567887081065
0.4032	0.01795413798646589	0.03968473711701212	0.01677903677139346	0.01778512191204367	0.01637589164347721	0.01081446061036877	0.1014022953713914	0.05480223021707659	0.2342330562440249	0.1941002989989802	0.04764652693694142	0.04466338052071028	0.1579442761228317	0.1956364682527494	0.04582072482703178	0.06908435188686678	0.08910604804702278	0.05681775187797931	0.3572810411534258	0.333130249152564	0.3692242794477604	0.3437291484354363	0.3531988178982471	0.3572192188437434	0.01341167831234556	0.3119753363043123	0.01927600534901632	0.1907009711072717	0.2105346979161098	0.05074605309724109	0.2831280014602482	0.05676403380965599	0.1038969731712019	0.04804036078052754	0.08981620063105632	0.05375670474282521	0.1386446014742714	0.07291270655654222	0.174670773356231	0.03892639362571227	0.07760063798683349	0.07213223159568306	0.08274877634924165	0.002575684350487654	0.004365501936137409	0.001667333817380085	0.001646945617020738	0.002325577660094382	0.002795168612363583	0.03943054907621361	0.04180393194582714	0.09266794484999438	0.0694007222489315	0.01092072154076442	0.01062421705414239	0.02989664553019094	0.03439751142728283	0.03587867881990175	0.00228451185582475	0.00488320307554431	0.001052501420963515	0.04455578730555321	0.03206458185189395	0.05084987303702217	0.05862259065395084	0.07063612351738106	0.0790823916558539	0.001623752425319382	0.1837503168933178	0.003409965546311091	0.04909774130540968	0.06392319267890896	0.05995371010162873	0.1937369522313933	0.04654163215123728	0.08728243822784461	0.04015400302262903	0.04003686159418265	0.03038164903805984	0.01286002958250914	0.01956237409935549	0.06940187455002467	0.01705346055747237	0.005750328414273333	0.004213129086874544	0.004434442208926246
0.4127128561131141	0.0180940804738981	0.03981355739358486	0.01590820647100409	0.0168319883864562	0.01605360981944673	0.01049201124202346	0.08953601360959247	0.0472383438014147	0.238723453681071	0.1976676444738207	0.04673887667168793	0.04383380481814937	0.1597637177789984	0.1965699784083912	0.04777894988534581	0.06376021322813941	0.08202583296811207	0.05231195441256648	0.350202218905998	0.3199754414532589	0.3493655371737152	0.337381444954998	0.3473490741406318	0.351431374834013	0.01296612127486637	0.3291830479235288	0.01906074621512275	0.1915913320047795	0.2121881536004033	0.05419766999882188	0.3010485382571169	0.0597348400290033	0.1037738247396577	0.05106433435737488	0.07996411170206574	0.04757436970251383	0.138943092737621	0.07626888137734789	0.1779944771892307	0.03819210012371065	0.07217571776006795	0.06735715370632825	0.07683158973043941	0.002792496427571923	0.004789895204640268	0.001711331390437672	0.001705601472870994	0.002471084924115533	0.00285182485311957	0.04775400123081089	0.05008228271069084	0.08924870658511017	0.06648370817932527	0.01261480041458282	0.01227348567981595	0.03432782871529878	0.03934792537632326	0.03679923173241759	0.001952662264976476	0.004602299780154065	0.0005207434240651084	0.05117636889109528	0.03605653916514164	0.0581909444909029	0.06474389091903505	0.07612609978803368	0.08427648778820804	0.001729405480964665	0.1806645043953713	0.003607718095022703	0.04961945060128732	0.06479557389614798	0.06161879750255037	0.1902056565386557	0.04777304494430146	0.09351837971990948	0.04142055141926418	0.04861976797239519	0.03689059124108816	0.01423192577562707	0.02001608292708072	0.06779722385625163	0.01969079265311579	0.005128676715127603	0.003662612841194844	0.003792380718711916
0.4296558844730551	0.01830280520420848	0.04044270835118217	0.01435707935407697	0.01522181387704973	0.01539669987566773	0.01016826062477046	0.07556961225123666	0.04021956955971583	0.2411054478557101	0.1986800881068589	0.04785731178318234	0.04466801181704999	0.1645084899261903	0.2007018027200468	0.05096053756835496	0.05427001517414477	0.06971911817389125	0.04448215776202123	0.3544450021173995	0.3090249572744009	0.3270467341153142	0.3406964572933794	0.3498775487045176	0.3529077670987064	0.01231956549612645	0.3559652963270455	0.01886597122978053	0.193217487437931	0.2162096378914	0.05993727730662058	0.3276929178343723	0.06454666760902054	0.1086258179705742	0.05585785182705846	0.0712243110004106	0.04269581375037074	0.1377549745124589	0.08095615444891817	0.1794263284378979	0.03850456683333704	0.06233926138529863	0.05861866343478839	0.06610594967419595	0.002801763062786424	0.004820729642331838	0.001713150601154147	0.00170719461107344	0.002474645327010097	0.002975134268458342	0.08461786545325653	0.08429775093582634	0.08383044909782043	0.06143099533594871	0.01169074434019039	0.0113151483514391	0.03632190663575111	0.03966415385566668	0.04250208724718153	0.002574756000354512	0.006370756983688075	0.0005090838853865568	0.04767276918908708	0.03336945662113005	0.07399143441438741	0.06016568544041802	0.07098380930999652	0.07963623306717929	0.001904998443446934	0.1675874306870263	0.003959906619601552	0.04757558279302865	0.06302870479218535	0.07145557112921402	0.1774880731978813	0.05533917841651945	0.108150819339709	0.04809565721069782	0.08185859365346766	0.06120050975199592	0.01425170242685793	0.01993058205296483	0.06774046860758205	0.01810590886559207	0.004796074759759463	0.003471240339825836	0.003547286793218486
0.4440312594138309	0.01818399456405977	0.04034635639576119	0.01295862026063059	0.01377787400408069	0.01465410987312408	0.009788938064994132	0.06442618046631297	0.0348515180990078	0.2384644246691165	0.195682525070193	0.04838242079443447	0.04496513712713457	0.165866103417205	0.2011990812603438	0.05249013338217559	0.0462083460917373	0.05930297614544679	0.03785410032231651	0.3547841725847079	0.2978216751209152	0.3068116715401176	0.3402108905766883	0.3484122569567743	0.3504246815454744	0.01165369904522768	0.3704808953920137	0.01845053182824458	0.1915505481533993	0.2161643971601198	0.06323746338706385	0.3423192481272776	0.06706393134911534	0.1112316857896007	0.05851260991363194	0.06435979269450315	0.03893990608125816	0.1345615203929513	0.0831350550869628	0.1771357800544553	0.03839825747817683	0.0538765195248225	0.05104163850191993	0.05690653013956794	0.002455570994526694	0.00419883349838333	0.001517375669650202	0.001503847706047741	0.002168875900654137	0.002930603913075675	0.1177984035774791	0.1151911822651343	0.07929809046316091	0.05716632714450644	0.01181984388980789	0.01141679200872287	0.03702984843658112	0.03868056893798118	0.04770083579328255	0.00324959491863817	0.008080913604911867	0.0005857294011557742	0.04690620012545025	0.03363495165225115	0.09098061620949927	0.05870481810389338	0.06899993211507284	0.07806202957728889	0.001922317694373641	0.1556280131927018	0.004073367781978312	0.04456220740535876	0.06028064638603871	0.08040068481591058	0.1661898987088273	0.06222703865242607	0.1226019750780642	0.05405495178385519	0.1119777422252468	0.08335175823742814	0.01222089028276504	0.01919957745265832	0.06794411183255386	0.01826877319834275	0.00447563354621276	0.003212086708586579	0.003330303085184873
0.448	0.01803529264811234	0.04049397597026674	0.01271406743444645	0.01361433849451643	0.01439824097220281	0.009890389440037636	0.06825876995741421	0.03909194660852819	0.2404083310407249	0.1965555213154203	0.05106384426156585	0.04719059088625813	0.1672494711869329	0.2030106398627331	0.05443372301870304	0.04491131577166226	0.057867106573155	0.03694013509479777	0.3705150672583537	0.3078370068105925	0.3159453392540751	0.3544419847652907	0.3616117486950131	0.3627393270782762	0.01163191587952046	0.3790921831523902	0.01853974260971371	0.193382027212905	0.2197490891156674	0.06606522869884289	0.3501211136475737	0.06968929242735603	0.1173992718358227	0.06038691989816701	0.07040612760613975	0.04331292571522985	0.1316758363647575	0.08351971721098184	0.1780640457128478	0.03987809618016842	0.05234339916333052	0.04956815316876975	0.05524843121113872	0.002582788981613852	0.004380193563536042	0.001650703562251286	0.001628312608254524	0.002307159413325131	0.003140518420048599	0.1243514197124635	0.121504972818943	0.08476053896240995	0.06121444070246309	0.01315907829477187	0.01273567607466844	0.0395142190932473	0.04140276481204984	0.05049230726990511	0.003788968741075554	0.00897045713766139	0.0009708545122532753	0.05185958368835357	0.03793624716348207	0.09856699607007302	0.06460444847926815	0.0755738318601239	0.08517971897607951	0.002057146460221943	0.165901699397202	0.004320252544585537	0.04744523469224445	0.0641377246456367	0.08504358342767862	0.1771599518610971	0.06585052288312129	0.130613723460839	0.0571592444113723	0.1182475324862472	0.08806598700891155	0.01267513281620543	0.02029095777142187	0.07248521975134802	0.02041712064830317	0.005101556023871423	0.003768361280007147	0.003914843453814064
0.457512856113114	0.01779042960810416	0.03956211350220289	0.01152180176772042	0.01235087483762285	0.01372354003602046	0.009264018715598621	0.05333413353569198	0.02949265248787446	0.2315870953519653	0.1889085721172503	0.05002957106089658	0.04617891016890564	0.1655945451180069	0.2003342501180044	0.05263330560430655	0.03826423798995343	0.04903231018850789	0.0313234757016835	0.3616436237202163	0.292170582082208	0.2912700605464802	0.3452619606166406	0.3515861450179875	0.3519777113546269	0.0108669356896543	0.3794192930371367	0.01781094995040659	0.1880794682278031	0.214605675182504	0.0646418240181338	0.3509069128658689	0.06771324864492521	0.1135254175525703	0.05951423175091043	0.05810894640558406	0.03558056093201192	0.128683367277869	0.08358703679908383	0.1711962226168058	0.03887336773259363	0.04544532789869005	0.04340178071481689	0.04776642166382719	0.001895338983494017	0.003209888695394884	0.001175291390055457	0.001152709796674284	0.001667027183004022	0.002810316019471776	0.1485030194806546	0.1438311075583234	0.07930259663125858	0.05638205869233039	0.01055597366895034	0.01014096300562965	0.03471350707462482	0.03408449788218552	0.05385159411001576	0.003743129726591449	0.009602617082445804	0.0005351320431722349	0.04059010467606732	0.02970882051861774	0.1029574455219142	0.05225678055901959	0.06278135820019962	0.0727556102247597	0.001821489254228173	0.1502913946581108	0.004067916978857931	0.04189031928179333	0.05811672089382898	0.09095260394454403	0.162267354018036	0.07035592444186402	0.1357650115088908	0.06095796761287706	0.1393401017140216	0.1033568437106764	0.009068883566316365	0.01859695763035535	0.07109829247616534	0.01618981443800945	0.00417897032598083	0.00283143118317111	0.003074776587376743
0.4744558844730551	0.01768465143354407	0.03946952808472212	0.009813096752824305	0.01067085598585263	0.01277674564345348	0.008806325120344707	0.04061012753424222	0.02392301780427311	0.2188384321673009	0.1767529332662903	0.05336094857526775	0.04884486865726052	0.1687167172218034	0.2037153518139745	0.05181693333834277	0.02821413688151826	0.03609292612983715	0.02310142538046679	0.3790567585052509	0.2907774699157788	0.2763479244347025	0.3590574466316976	0.3621689005809004	0.3599332899880704	0.01006298133665921	0.3888384279154318	0.01730947049686562	0.1849416893575876	0.2141189153433229	0.0650589626829127	0.3587303170605187	0.06717278825035043	0.1180374504079144	0.05996283915866636	0.05215074814797969	0.03268643613539639	0.1238169669662635	0.08449717820424019	0.1607125988972204	0.04038626188987516	0.03488106303611666	0.03389436777013989	0.03627956246333076	0.001486931599823629	0.00249178676015622	0.000928560013749205	0.0008978032462372917	0.001302408067549889	0.002801873265631294	0.1830390061609874	0.176035095553429	0.08053462895943826	0.05643544211647553	0.00890663367373278	0.0084736032100145	0.03313016717493007	0.0301441648115543	0.06112292951503984	0.004333002056459087	0.01138112732003885	0.0005199932798011424	0.03329041250668796	0.02479050604036804	0.1158891041940516	0.04490680778636032	0.05587153118795388	0.06699827179572847	0.001807998267778	0.1471281753266538	0.004213487509321055	0.04023022916141811	0.05721652280062628	0.1034042856782415	0.160650159630526	0.07995534871539967	0.1510013944477999	0.06916795585177721	0.1700714056632535	0.1257821266185263	0.006743626885994713	0.01851706040845606	0.07550957931283898	0.0134640022635437	0.004011940906796762	0.002585515357541871	0.002928429144486606
0.4888312594138309	0.01781311637579186	0.04054812677608638	0.008649073665439901	0.009520334328802046	0.01222812979868581	0.008951906449881553	0.04058871218916488	0.02790422253476259	0.2050308232762018	0.1639824680665672	0.05604313339517401	0.05102248747012383	0.1728921363075591	0.2083732388405355	0.05172506457117949	0.02115820640425243	0.02740884066262029	0.01757631683124475	0.393654536093795	0.2909886089451794	0.2701752701689989	0.3703719883355254	0.3706478776987765	0.3662630311730498	0.009798502263096984	0.3902099886788365	0.01734426041959359	0.1825367653599092	0.2135158187674247	0.06602558287389149	0.3584392028353021	0.06736891552357739	0.1252972150302504	0.06067057274665556	0.05728335560481704	0.03716861692994503	0.1217121373258305	0.08476181652840276	0.1503678232061667	0.04171051885078481	0.02735547886780982	0.02715977252114779	0.02807936410654556	0.001539100383816216	0.002571784942836336	0.0009667678558615394	0.0009334223769303278	0.001347880916778201	0.002954489473121523	0.2024811078343929	0.1944411847194267	0.0817222176628057	0.05684925927493053	0.01001482396289732	0.009544737620362209	0.03623980319927525	0.03287518846930434	0.06535022077228707	0.004780993270474696	0.01246828418425822	0.0005838288766788019	0.03717597290741458	0.02791611049145148	0.1285648215276639	0.04899497608638581	0.0600877516498728	0.07170061503092809	0.001944225929793794	0.1490332775480767	0.004500394667450022	0.04134255046309795	0.05920448151484482	0.1106019888481155	0.1631551217680014	0.08551082668417745	0.163392896375167	0.07402416346484363	0.1881623610712267	0.1391808201394276	0.006910175350786949	0.01921901560250928	0.07833351129822463	0.01518820698755266	0.004087050377494286	0.002654329389644047	0.002996859476115271
0.4928	0.01764916973916915	0.0405471992790109	0.008559041759548748	0.009536714125423363	0.01202730735041708	0.009042407267683038	0.04504094267232198	0.03220823128993822	0.204369218606433	0.1626722130619519	0.0592093811027456	0.05367751520274486	0.1740255484160062	0.2103156953004099	0.05247619716729321	0.02075478823592837	0.02709935870227326	0.01738287211986863	0.4127632552930444	0.3048612173819795	0.2833107704765385	0.3874709997262358	0.3863227557455379	0.3808328055106335	0.009816930664762729	0.3939783890679776	0.0174183591883061	0.183836133384662	0.2164469192317692	0.06709942296177275	0.3610086083122159	0.06834492146339792	0.1307332453733226	0.06118385338274574	0.06374729213376952	0.04171048928681118	0.1187241199744282	0.08423379569484636	0.1491971212115848	0.04352562596733304	0.02676322804579427	0.02651122894375259	0.02744707358173356	0.001315516579496429	0.002120605229068514	0.0008727490781470212	0.000827228013503746	0.001163192316126786	0.002993609897840776	0.2074436959969025	0.1996481291356764	0.08821902730939432	0.06170253476322526	0.01312885860627715	0.01262978437455426	0.03865206538041994	0.0356691547438284	0.06821889091282261	0.005234780862381026	0.01316508584034385	0.0008539773872462929	0.04743254693828218	0.03686565680534196	0.1398351944290913	0.06063646691557268	0.07240034025885328	0.08445636807487852	0.001924341101334328	0.1617122215848482	0.004542963583892108	0.04366821131666282	0.06275489274640726	0.1153644174499418	0.1768854051236038	0.08921945556967617	0.1738389500027238	0.07710681927065034	0.1936063713777819	0.143514196937846	0.005392379687485195	0.01986962274361012	0.0834394316873554	0.02021819252134032	0.004528698893140112	0.002926810756451589	0.003389470631922948
0.502312856113114	0.01773991431972604	0.04045856195745268	0.007590676198724911	0.008486727090282531	0.01163414518277845	0.008686286816879904	0.03366007716829299	0.0252684332935678	0.1889353924146615	0.1495694012961748	0.05828212540563976	0.05282569970685777	0.1744201880502839	0.2103902030652028	0.04901047308427696	0.01494547886813072	0.01945611753270534	0.01252610281823987	0.4056619785590961	0.2910459663396089	0.2616446453521458	0.3792731024316187	0.3767109929050889	0.3702243004095776	0.009306406175730949	0.3851955051673879	0.01697507870714187	0.1780548781013264	0.2102343085971476	0.06329799667974104	0.3519175396116349	0.06406380985805395	0.1269418750798932	0.05864392636215912	0.05466431913776262	0.03611733161240736	0.1185717419863584	0.08366244247308255	0.1378116544437082	0.04275861049760767	0.02081008672242658	0.02126855467533593	0.02096532336524946	0.0007819651128175376	0.00122720985301125	0.0005099743277372119	0.0004634248385519705	0.0006753306674107308	0.00275468074033388	0.2217964714039829	0.2125602738844553	0.0876495065094622	0.0608511405714193	0.00821040024993765	0.007748953752401339	0.03114877734819018	0.02551641162266489	0.07103069345516191	0.005086938178942087	0.01353467328312509	0.0005431537156462906	0.02842577137020702	0.02241602808547442	0.1336228657547671	0.04103248243530477	0.05320361698280329	0.06605788128111577	0.001705617398311776	0.1539276835788035	0.004312654603699654	0.03975865571178023	0.05836607463621887	0.1202827344773585	0.1700962159792248	0.09298527494573001	0.1726500029563008	0.08019913210112865	0.2048896494405717	0.1513342685614247	0.002664507374766779	0.01879827674231933	0.08451137693554436	0.01227535620463036	0.004029032578284437	0.002343274189938484	0.002907705605781755
0.519255884473055	0.01793608333956744	0.04031047550912761	0.006799193892516333	0.007750940143005129	0.01128668420282358	0.00827219458889388	0.02167523722003323	0.01762437066893859	0.1684326082607961	0.1315135281924537	0.06154533274796959	0.05558671683759076	0.1775733250799684	0.2151628630969062	0.04323218320533451	0.009756421069026562	0.01253270827961782	0.008145594905619412	0.4253789199271266	0.29798139687403	0.2569600764307527	0.3947435451634917	0.3886174041104951	0.3795505561151084	0.008835991626086136	0.3747707933818621	0.01660773156358148	0.1738833131386291	0.2070723318603271	0.05623944016240535	0.33891599893293	0.05662638816813211	0.1254223016974322	0.05365105234114067	0.04680796945116066	0.03125998680627334	0.1175307208211809	0.08208334753075455	0.1215198735903624	0.04461181172717791	0.01555307196438579	0.01657418274789591	0.01523029944390609	0.0004092406696819614	0.0005556179053854836	0.000287755286783153	0.000232300504133125	0.0003449482456282505	0.002731189700640236	0.2315504280350743	0.2219789357998519	0.09597988123831996	0.0669220751041994	0.007707756587061442	0.007241931401421751	0.02905837243343799	0.02239085167126912	0.07552834773124655	0.005293928131016249	0.01419921854131522	0.0005471173017957139	0.02542347340114053	0.0207730789001018	0.1373603979034764	0.03925788286480555	0.05268309929779404	0.06662130428402423	0.001602401235030236	0.1664576007727916	0.004298908464308543	0.04110595692561922	0.06080374517983386	0.1278849223994545	0.1843092391128966	0.09886753683324934	0.1807257493986583	0.08508592550514892	0.2134745612833148	0.1576180765062328	0.0005149511644992378	0.01938496824342788	0.09139817975088219	0.01144808927758958	0.00425876121142485	0.002329110582671491	0.00304986196631361
0.5336312594138308	0.01864933478733484	0.04182838225406899	0.006696754745047822	0.007679850893492397	0.01155198257117839	0.008524972490607541	0.02098406531077514	0.01809531425222236	0.1516943269474103	0.1169421420146733	0.06429086104673629	0.05802797106713788	0.184002318328645	0.2237283307166215	0.03904047244396699	0.007955565239987628	0.01028155778880581	0.006729069638407457	0.4438572386282801	0.3077855085576078	0.2618078427279272	0.4095660532947273	0.4007243429073324	0.3898116734674927	0.009015737428461384	0.3634080519136612	0.01698925433174662	0.173286992324195	0.2068316336917921	0.05082337089342784	0.324803195368337	0.05106699373102502	0.127127307229975	0.04998743604275301	0.04841383116347971	0.03259400262823315	0.1215869597679147	0.08150984721905788	0.1089904889971803	0.04648807995745447	0.0138750332342737	0.01519737894149293	0.01334326626341696	0.0007237283823455666	0.001087011895406309	0.0004838547331739492	0.0004297232273607506	0.0006221288680073895	0.002940401885234911	0.2319129524594896	0.2228617010312831	0.09877371236865368	0.06903979444080728	0.01090633722570493	0.01039879717244242	0.03461790792267035	0.02925780813074601	0.07644878271992878	0.005458662439337086	0.01435094944799838	0.000625723508132926	0.03759530321942424	0.02991066986678838	0.1459972098286907	0.05211776741147341	0.06564244432234531	0.07952726875123159	0.001774723808176909	0.175454215444057	0.004571386879548373	0.04452132913559478	0.06514458078613229	0.1293764884355802	0.1932657789106389	0.1000301082413234	0.1878541573953456	0.08619374031051812	0.2150297119868632	0.1590776934660361	0.002114465568752731	0.02060557245977658	0.09339550050797274	0.01656747048623136	0.004537491285745611	0.002597780942480701	0.003276253227728786
0.5376	0.0186745874052028	0.04205150634829197	0.007030577614440244	0.00810668893364559	0.01166889114766851	0.008719842057390957	0.02684845003741641	0.02238218956159469	0.1502861729987398	0.1153847347910426	0.06676901869893043	0.06016940136353241	0.185369765948446	0.2262179093727168	0.03862404100288337	0.009776621522955393	0.01277430723333478	0.008320294454777529	0.4599290685999837	0.3222969041469737	0.2775783415694682	0.4239959694024389	0.4141112473026685	0.40248472494265	0.009241513916921712	0.3611313271651967	0.01721394769058993	0.174834545569054	0.20914428391262	0.0499746303926345	0.3212820574670505	0.05036177108431335	0.1303769714583305	0.04916593099025892	0.05476126465737941	0.03677232213798252	0.1210317485853831	0.08056387615436233	0.107519756528002	0.04807393470433979	0.01570764837751496	0.01677337449009375	0.01533399528230171	0.0008561958539648612	0.001300704047884627	0.0005939545164531404	0.0005363331482531233	0.0007549360938056253	0.003055438012312745	0.2276828833773447	0.2189777733968062	0.1027260687667934	0.07218332689948846	0.01127965665752234	0.01077163679566752	0.03530507756460027	0.03035219117391599	0.0767098704486899	0.005598163683502259	0.0144480714106074	0.000830331304858182	0.03926866559471278	0.03129547682302899	0.1453174893435724	0.05442770060879926	0.06846010331878155	0.08256921285581317	0.00183456410943228	0.1833054091539585	0.004663306281174242	0.0465768813898369	0.06759714961281094	0.1297420154537171	0.2013572986592697	0.1003387543320129	0.1882019127081983	0.0864338603369741	0.2112318082491992	0.1563060060743269	0.002743604938929595	0.02129577019315605	0.09576084242416409	0.01717805351960291	0.004958334011075756	0.002967027226193215	0.003654237315416233
0.547112856113114	0.01933119527544133	0.04273724529211549	0.006700005188264425	0.007668169491325196	0.01189196992205831	0.00851923218856988	0.01450482078036112	0.01298186673522204	0.1359785724882851	0.1037405483772393	0.06523584738460046	0.05895623419721808	0.1885383585442865	0.2299334263773329	0.03363717684463149	0.006840279102162366	0.008621501058002941	0.005691082627911689	0.4514731403594922	0.3106854366077591	0.2591164741222126	0.4147940887031009	0.4041213836205598	0.3920354396651589	0.009070268786202386	0.3492512733115982	0.01713821046393618	0.1715438432729771	0.2044383409503405	0.04365585884431451	0.3086820154487531	0.04390431226590649	0.1235709471811648	0.04517552310021213	0.04276968482619376	0.02878356511859582	0.1265285706439735	0.08082269977331716	0.09727754524617974	0.04731752290127129	0.01304628522142546	0.01461830948147858	0.0123846723889281	0.001088548628260376	0.001714571190186545	0.0007000852040021637	0.0006492529913944398	0.0009390334776350274	0.003174477542734774	0.2335646228362383	0.2249810306371302	0.1015909152894648	0.07112901163521571	0.01399848615567346	0.01344538738925564	0.04051339360944017	0.03645002826294901	0.077666947437995	0.005584216027321193	0.01449370458140854	0.0006424152405490489	0.04952701050999545	0.03866946312406253	0.1548570268088217	0.06469871537254017	0.0783344459071425	0.09220676461440454	0.001970353948354663	0.1846711547452836	0.004888352403022878	0.04817035006502713	0.06978573731256894	0.1313856756166603	0.2024397738550819	0.1015868317652093	0.1956146657229203	0.08766627178785152	0.2177705306578945	0.1613978661336229	0.004019960839717308	0.02197784918129566	0.09553632684014741	0.02150026055278433	0.00477152633928205	0.002826132877005776	0.003448708195693422
0.5640558844730551	0.02065448513268235	0.04528002972699789	0.007040091624779947	0.007988341776308413	0.0127109896468572	0.008963696834598829	0.01252278253652987	0.01134344962421932	0.1208444829219139	0.09097769105803089	0.06703848281091584	0.06073260254889497	0.1982775980244556	0.242405642491188	0.02871335599206977	0.006736459095944844	0.008400704065285479	0.00556984501941906	0.4661331146447466	0.3190392424693738	0.2630940438600745	0.4263462410498435	0.4137008034444901	0.4003498508008881	0.009553071445092693	0.3377326946160843	0.01791459548073043	0.1735031423630361	0.2058769777062071	0.03697493220667274	0.2941979342409579	0.03728699011613908	0.1231647188324942	0.04104792154556646	0.04157458986733892	0.02795530368100917	0.1364253783779724	0.08175911048770074	0.0864353992752411	0.04895708853105069	0.01342135014960055	0.01524341647714339	0.01267805891461079	0.002563254238480212	0.004318880335626015	0.001581749184843787	0.001550796265004684	0.002241634476761416	0.003856193644395528	0.2167897980255032	0.209949868621164	0.1042661999141503	0.07357404717734323	0.01815054403612455	0.01753304613713631	0.05278823244212646	0.05246544816836949	0.07515381367308173	0.005414851037366867	0.013711374725969	0.0006985029097333998	0.06850445047629969	0.05092150030287639	0.1571564511131522	0.08419855273076854	0.09772488187152908	0.1109587942275639	0.002566401260045652	0.2002572540297996	0.005690036490211285	0.05688436923385285	0.07951266838872303	0.1269810404363281	0.2163881412380169	0.09820304117022534	0.1966926742891162	0.08519760995999549	0.2044191742986572	0.1519299428461293	0.01212393657133774	0.02529319669498058	0.09566638526684129	0.02809301239391533	0.005432696720413845	0.003670580981383757	0.003979640624331152
0.5784312594138308	0.02220166910803667	0.04872662069613778	0.007525011435970229	0.008392808143443805	0.01375048869350621	0.009736476984299554	0.01536259991454256	0.01356707980166625	0.111211508569504	0.08311329444137255	0.06734267904469406	0.06126364505498268	0.2091793856695428	0.2555324223322797	0.02617396418745773	0.007285976857944696	0.009202379640229623	0.006087815195424714	0.4718907580213811	0.3211892233290038	0.2646135202029218	0.4303893934147863	0.4169781404361019	0.4032328544104501	0.01029116942386553	0.3309610768240778	0.01903553628870099	0.1773804746942921	0.2087854668533484	0.03343678961458608	0.285207984316643	0.03380708962076341	0.1245472128824557	0.03936034132908083	0.04417194234776523	0.02971559990730466	0.1488804732143068	0.08423408066067314	0.08049179125577667	0.0497878451486344	0.01447754676648046	0.01655873772065792	0.01369205174458656	0.004660666167680763	0.007374952561391444	0.004127521669432545	0.003947044765472038	0.00475123224413575	0.005823812318725303	0.1997095437034652	0.1886979114693077	0.1201689309497862	0.08772618972125724	0.01649922565070504	0.01606371135206773	0.05472866769313346	0.05630433970118002	0.07210117353366949	0.01305614834341155	0.0230249204053819	0.009020199344997473	0.06782925975103639	0.0597395925643093	0.1614508782749639	0.0864980122468392	0.1025644690798483	0.1170855075313382	0.004005246473439112	0.2171081734806749	0.007095026622325721	0.06760633354537772	0.08924969233087576	0.1204781199681917	0.2326604704201713	0.0938956282612306	0.1845742526950379	0.08106362147026708	0.1839369683253304	0.1359298391553293	0.02043221187401726	0.02786351577402827	0.1055951693100715	0.02609749860033574	0.01483445349761944	0.01373653178355519	0.01390402041881673
0.5823999999999999	0.02245001471274257	0.04972400912161272	0.007866210000042173	0.008742066991441417	0.01403553401969923	0.01017335101370898	0.02382554781334023	0.02013678338974624	0.1095066265267863	0.08169060593097002	0.06772848755349933	0.06164690611428263	0.211101342195331	0.2579916711990719	0.02648026502679804	0.008974097799979045	0.01165677460057256	0.007645158203907541	0.4752447328921406	0.325534898696277	0.272776287862075	0.4333049088596896	0.4197079935662584	0.4059441560393178	0.01067447073429748	0.3265275238026084	0.01946602036730964	0.1784763010760029	0.2096702981422889	0.03360544960422529	0.2802409625927709	0.03406900388193896	0.1274355264483694	0.03942984063416839	0.05214077906619865	0.03506872103152069	0.1510035681021541	0.08398129495315666	0.07971023818690673	0.0501796063423017	0.01620066460056056	0.01814053082189929	0.01554520075581986	0.003978220624920883	0.006390453741574782	0.003346234803905166	0.003209693095881379	0.003964724719248026	0.005204189292476196	0.2141636236425723	0.2029985067254016	0.1118697699030815	0.08058554581626609	0.01278974498829843	0.01233537477044447	0.0496372640339987	0.04898196620989143	0.07371830591826857	0.01088921320475126	0.02073510098292256	0.0065960785069294	0.05294803606111146	0.04544279866628451	0.1539646329634069	0.06972095461935553	0.08493418656851473	0.09938336011470075	0.003566857279177612	0.2008821297124682	0.006656871697006745	0.06152398968368206	0.08262646987307452	0.1237095333742869	0.2166111417694075	0.09617221455076325	0.1840889366649462	0.08313841824919824	0.1969670888323884	0.1453305157931571	0.01774785919543174	0.02636443498628709	0.1010960951774945	0.01991980362434095	0.01191358870822865	0.01070801212294945	0.01089361480935261
0.5919128561131139	0.02355642864092459	0.05161698439359971	0.007720507881961524	0.008384967687143989	0.01463795994520826	0.01029916588736973	0.01369150736139007	0.01229323932241181	0.1005211982751418	0.07504200296399341	0.06377480193582817	0.05844521379187594	0.2163642343305619	0.2632749392540049	0.02338357253586948	0.006611008687957155	0.008314070075232671	0.005521002522545661	0.4527108847654511	0.3033741511506902	0.2468946186619713	0.4118857940048466	0.3991040017649971	0.3860490771635109	0.01078781574017753	0.3190535460748031	0.01979860541890928	0.1773278958500711	0.2061309535355044	0.02976817689889224	0.2729447024407209	0.03011126806647562	0.1205637494406904	0.03762542089157507	0.04079032735468978	0.02748650505746789	0.1613377042235168	0.08646493050078664	0.07449519816691091	0.04815169493087275	0.01426726606934167	0.01679716118285983	0.01334813197702786	0.0007308553437560779	0.001022688823317982	0.0005952019030036483	0.0005261279830839957	0.000681051031949292	0.002966891700039579	0.2093957760345894	0.2017794931394025	0.1038242179179935	0.07358232979515769	0.01285221454490142	0.01236826420918088	0.03448442551022853	0.0304909506275212	0.07314497139303476	0.0057691001743066	0.01411173373058427	0.001311490257807038	0.0445825550257655	0.03643690146777302	0.141376331853082	0.06027692201561978	0.07429470084607982	0.08791481634342588	0.001734672638327567	0.1862267010757013	0.004411494785395329	0.04660093588671307	0.06723427649203427	0.123551189595203	0.2039615472435917	0.09560790380766188	0.1812106912932246	0.08222065786217597	0.1948393745044899	0.1444081534730105	0.00183999602520441	0.02072986854096752	0.09469554845519552	0.01982403214859606	0.005463316695877486	0.003450054485177673	0.004193574264919631
0.6088558844730551	0.02548167466301397	0.05639242373589887	0.007732257361102648	0.008092849412245895	0.01576910329116923	0.01134739468568258	0.01599035579613401	0.01546937225319582	0.09067615504502741	0.06777074715657268	0.05881352441284479	0.05448610368587355	0.2278081284195579	0.2749993108186646	0.02285370420662901	0.004169711889888498	0.005434742050115803	0.003675483984615265	0.4252638777161406	0.2756183943370565	0.2208408611951458	0.3857780595892255	0.3742512129438479	0.3623171785240792	0.01155889262705676	0.3126711310410071	0.02109837638726524	0.1791342887305581	0.205037687033877	0.02944685458595999	0.2664364547215402	0.02950268962308479	0.1200906665101651	0.03872709637170269	0.04163001247398645	0.02846412456313759	0.1784630106248458	0.09125751052474049	0.07030025438828043	0.04579099570290977	0.01227940984042235	0.01561918515552586	0.0110191573652181	0.005255238036939116	0.008551295272800555	0.004427039235292885	0.004271669816243896	0.005262325358057785	0.005841064606285824	0.2187022028264679	0.2046100287031216	0.09653361461943083	0.06924304373194806	0.00863542034057074	0.00824608081874671	0.05114537649563109	0.0505587881369312	0.06877951310460828	0.01274396187199104	0.0230929501508181	0.008632749564435476	0.04179099738746998	0.03754505317896997	0.1491546358399135	0.05579371933941649	0.06926291443381875	0.08278164617533484	0.004238865556825631	0.1692267845890939	0.007281043093165396	0.05922843512613161	0.07771149768388763	0.1152149205730343	0.1820489959279431	0.0897466788197647	0.1702963461349817	0.07791761344443932	0.1987327775971007	0.1459211820901907	0.02427231942660985	0.02574045804797958	0.09083644129527144	0.01334973567348423	0.01361472896730626	0.01314782515727639	0.01294843600808836
0.6232312594138308	0.02641837225471818	0.05952441693322085	0.007669409453681031	0.007790092113699276	0.01634521510476583	0.01226700355856697	0.02554758272794945	0.02444852885199394	0.08678072186169108	0.06533076740480938	0.05379972098864985	0.05031339149100945	0.2324556444313804	0.2785670741568478	0.0249739204298734	0.002839349993333979	0.004248023689104251	0.002894046369723761	0.3952538119836285	0.2492805716414231	0.2010788684649461	0.3581551450187568	0.3483758410976672	0.3379148260624075	0.01214434406411479	0.3072124451386157	0.02196322361507795	0.178818115400622	0.2023395361857632	0.03257334096879031	0.2621927331062013	0.03235890187358388	0.1218794338679563	0.04156145568728005	0.04942892562868149	0.03415380474873394	0.1877849484184128	0.09386479160039018	0.07017096341439788	0.04302870148887252	0.01100202634311573	0.0148253458500022	0.009549661756715238	0.006465137168066855	0.009281300514556475	0.007799504287231166	0.007294865999372141	0.007652598169527491	0.008451373913688469	0.2456495780106494	0.2188641216355494	0.1093715395593799	0.08171903711178861	0.008731018116353588	0.00871162058290762	0.04579106095932272	0.04383183925813951	0.06888534442271438	0.02956405474071688	0.04499613073752433	0.02563826726131818	0.04366655822977394	0.06407381174963482	0.1981088337714302	0.06183937875308866	0.07778973975065631	0.09345959044271815	0.006147545600347036	0.1541975796398438	0.008742360608525504	0.06169569988388789	0.07686466867985163	0.1130282396865973	0.1678072359344295	0.08944545010451735	0.1696939527210679	0.07621790603335418	0.2136028419850072	0.1554681138578361	0.02392155106389113	0.02330733529134332	0.1036369994526089	0.01502847259267424	0.03079911812163744	0.03160566345079583	0.03167561962323354
0.6272	0.02647134729214503	0.06057466541314047	0.008008272332249846	0.008108931129746309	0.01655323326710495	0.01286652067165686	0.03920678147163172	0.03535500952520166	0.09136300118291261	0.06931501482042038	0.05297553018135034	0.04962012525954097	0.2328085025980863	0.2785017303017725	0.02809525615875127	0.004934053681311416	0.007438046026797885	0.004906319051920441	0.3904207750753073	0.2483671856989568	0.2079382120933811	0.3543352528588068	0.3454519759114379	0.3357311921750604	0.01260360163727577	0.3076421205153421	0.02245890872173778	0.1804681454705865	0.2036856666632068	0.03651196342339694	0.2631888618120072	0.03634991489811189	0.1268352810390519	0.04423600016318931	0.06190908334868771	0.04262197764547074	0.1888762343194623	0.09414642463935434	0.07452530513835061	0.04260411963169099	0.01299193155105646	0.01661805124199754	0.01170940725697507	0.006769332662764901	0.009535223403143674	0.008543503909331653	0.007966959223765878	0.008207053236293897	0.008955623672308746	0.2377495960570562	0.2088600956047009	0.1126100080158398	0.0851025714148289	0.00681589954158869	0.006909197468578132	0.04159608822942271	0.03936963146050593	0.06633302679387663	0.03282292227147099	0.04894194675328293	0.0292319833960937	0.037461107741436	0.06434223483437013	0.1966616268072992	0.05642597434825036	0.07309935707642051	0.08911902844751046	0.006489548671697101	0.1513681613991308	0.008908867864775636	0.06192924306591263	0.07579682803041217	0.1081742864478625	0.1648549927047913	0.08599889608770904	0.1597137599174123	0.07289053976052168	0.2036643748478261	0.1476668251476118	0.02421599887724592	0.02257809551284936	0.1053280484590501	0.01230129204476432	0.03451502024755649	0.03558682563667152	0.03570437068509857
0.636712856113114	0.02677142799827501	0.05986544811694914	0.007556845260706069	0.007392110085388437	0.01665879069607732	0.01217047629500416	0.01714786285475499	0.01710258463150044	0.08539750033056372	0.06584933908445462	0.04576569317891332	0.04352259456706918	0.2297623496904602	0.2734897218157616	0.02388383673095652	0.002024021685493056	0.002903380466610014	0.00202327996750614	0.345857144477011	0.210731040608878	0.1646711783064693	0.3135389370891956	0.3069546685235051	0.2989991090707981	0.01206184357625183	0.2972451960938731	0.0217994825928015	0.1742725453999338	0.1939098835570608	0.03125169978610211	0.2552937022424138	0.03104500120724317	0.110721105819823	0.04118032732206153	0.03699509625978337	0.02564285527107905	0.1943040723403725	0.09510447069567657	0.07114473985569056	0.03829522115945765	0.01045594268231494	0.01462858607908885	0.008930453548315242	0.007422363175487787	0.01000743806649696	0.01018172116398302	0.009436211504557392	0.009403611797632066	0.01045044243811103	0.2618092208435063	0.2268977385680791	0.1309910038134667	0.1000402682157018	0.007942907008522423	0.008171472088146847	0.04165436888766914	0.03871333695946145	0.07243829174066499	0.04104777182791294	0.06009123701318311	0.03726764075815879	0.04218327666740448	0.07977567983053452	0.2283793134215239	0.06497023509543233	0.08447036191389851	0.1028255435289876	0.007511690291793769	0.1672229253950051	0.009955411040704508	0.06844882046515073	0.08279214923034331	0.1173364249432212	0.1828357887655399	0.09374771732139484	0.1734563755627669	0.07883711989225253	0.2214248410041084	0.1601812168584969	0.02435429890337799	0.0236491895659007	0.1212204352052038	0.01475821210200794	0.04316867344818162	0.04458519998190517	0.04491587440158158
0.6536558844730551	0.02693011483713522	0.05995712517634608	0.007452034602249843	0.006986952450678268	0.0168938293028251	0.01209764934044117	0.01112848272835577	0.01159481975647389	0.085192039889499	0.067501149702865	0.03684067155333214	0.03593925260223196	0.2251914648333507	0.2659534937210071	0.02348131820487703	0.001618308934978488	0.002173351756185817	0.001537401064764837	0.2904877237497032	0.1686395857622327	0.1268963183841827	0.2637230376723909	0.2608054116638487	0.2557345701237987	0.01197582447385775	0.2857656335329294	0.02156384255896485	0.1687624325701196	0.1841852498292727	0.03081222849990928	0.2475304268315036	0.03062549430740423	0.09941327851100816	0.04128548982644794	0.02634762575381485	0.01833419141710371	0.1997305232063452	0.09585922699524226	0.0732107708900159	0.03295607394148383	0.0102398882382537	0.01469782623466653	0.008688002599853679	0.008472398673068036	0.0110756189128344	0.01224324041721693	0.01132336892758141	0.01102763906849847	0.01168733886062664	0.2939853096933047	0.2509010166536506	0.0996207950953919	0.07729137714133985	0.01751216517611231	0.01785111222472547	0.05384333248911537	0.05290744661290053	0.0643283575402189	0.05059048949176233	0.07215725099164726	0.04650067611656935	0.07824226594766076	0.1211616292987962	0.2878499693228347	0.09853535540489061	0.1132358997682796	0.128691037409732	0.008818278329992782	0.09814513948182148	0.01079713614191407	0.06039974346572558	0.07029777681118587	0.1025427094106985	0.1091489947446023	0.08299005351994461	0.1785097758487922	0.06946356978809326	0.2491145245283191	0.1807397458729132	0.02625695344539426	0.01859249487047885	0.1028676832953128	0.03101956851396721	0.05083497595796541	0.05384318892851762	0.05392003234020815
0.6680312594138309	0.02623843997245865	0.05847169416046923	0.007229814059358343	0.006534464786304333	0.0166139492947062	0.0118012983023665	0.008632496033475464	0.008910246765527987	0.0925692706653167	0.07526590023857106	0.02839789099528871	0.02862069809892197	0.2151998585332278	0.2519391974635429	0.02566613706434963	0.001797484116052921	0.002317480661989601	0.001599874573942133	0.236118626677872	0.1296738240854908	0.09481080740467769	0.2156865085882711	0.2168544493461849	0.214882386285697	0.01165066696791092	0.2800082184325207	0.02090488751230395	0.1624786776285285	0.1745707517315608	0.03380041588004382	0.2465455955311754	0.03363285437941478	0.09012677139995418	0.04329673142868892	0.0193618895250538	0.01349755738773478	0.1981428828435714	0.09535729507755161	0.08031092775333357	0.02757821043126318	0.01028707965278139	0.01477471346983125	0.00880520730675974	0.01167791506332489	0.01455914140479529	0.01822710049909233	0.0167887417481227	0.01588433292562884	0.01630721039631267	0.3164683154278239	0.2560502943953294	0.1216876413106046	0.09870503149257895	0.02380085472638867	0.02463104792291422	0.05928241948007167	0.06048511302606158	0.06147303079345069	0.07626135616620394	0.1048964221360945	0.07267059290515547	0.1068048050459861	0.1796711629754197	0.3694744189991155	0.134244753483607	0.1524268637314309	0.1702778078826093	0.01229312156433002	0.09144981675637837	0.01375712032114891	0.07284177850075944	0.07880881089826625	0.09390082306145987	0.101976345550968	0.07846440062355237	0.1805601982014343	0.06377955851461799	0.2573633647966651	0.1852484409561871	0.03305574507790204	0.0179489458803756	0.1222078984311918	0.04341413847710545	0.07782266113410172	0.08294762587185454	0.08315579067025647
0.672	0.0260623266209364	0.05918667104428667	0.007692876215164911	0.007076953851272962	0.0167059833290869	0.0124308724540612	0.02641904301279334	0.02304117227606585	0.0979347298738594	0.07943241813592068	0.02999690999079266	0.02996490041100329	0.2153456588014707	0.2523088922879009	0.02914260746067539	0.004858064966876989	0.006870384107366201	0.004482855151010439	0.2461165188868614	0.1415957368055471	0.1150055751825362	0.2253684308362706	0.2265279405148355	0.2246127668503404	0.01215233986433636	0.281780688422519	0.02141108770744177	0.1651641729037671	0.17805492404895	0.03806705968107759	0.2480740263661345	0.03801147195693134	0.09839352223513985	0.04590831100035528	0.03686169554029237	0.02532496239551538	0.1964455504904701	0.09469835668775989	0.08459945829580887	0.02856383051629324	0.01314060983961825	0.01721863629563213	0.0119231896531396	0.01190547865891243	0.01473951597568504	0.01874127630168947	0.01725192849335192	0.01627133998938164	0.01674108611041351	0.3116322851150835	0.2504939990322699	0.129064727995944	0.1049110155682907	0.02600409725175257	0.02687039245850336	0.06065543919171184	0.06269241480219169	0.06146983300471323	0.0785871483372234	0.1076914664504648	0.07510982025943316	0.1149941707657369	0.1895927130269726	0.3779370436133183	0.1441139499796185	0.1632040157410743	0.1814477890240944	0.01257080418912139	0.1021159749471556	0.01399626416451976	0.07613990177880831	0.08240766809912026	0.0934626709278318	0.1130884424320127	0.07833965305913274	0.1825291414185684	0.0634289433790074	0.2523957200527782	0.1816382694301136	0.03322270476796257	0.01847071597835875	0.1270549780449466	0.04718538695021299	0.08055673034531589	0.08574028516860405	0.0860262022285679
0.6815128561131141	0.02540267747073786	0.05675657494702454	0.006938596582877253	0.006056032389978893	0.01619935797891126	0.0114669599397438	0.006860655098730605	0.007055832268435319	0.1013722530394037	0.08393767441397912	0.02109858258393953	0.0222459699865145	0.2050760033687241	0.2379357330188637	0.02847400018748024	0.001733902100080388	0.002190154644603585	0.001490763020150591	0.1884167043496184	0.09557914049241832	0.0670733782740066	0.173776865731504	0.1786551337365225	0.1794486819463784	0.01127278551711107	0.2776922873246511	0.02020064876667068	0.1568056611931503	0.1662934961342396	0.03766578760571856	0.2487442768268829	0.03747682391437143	0.08269362951193363	0.04583014202767139	0.01386346012470147	0.009720957661531924	0.1947768487350208	0.09478054870516363	0.08811010650020699	0.02281809318520109	0.01000416796496871	0.01449258009311237	0.008574690905527831	0.01332715451962822	0.01633080447224173	0.0212647093367572	0.01956359153034996	0.01835423399445853	0.01865120122252852	0.3171601492114618	0.2495617772633255	0.1354032469042758	0.1117385171514375	0.03238388301996742	0.03342016214569773	0.06763259296955532	0.07194751396644451	0.0587387027865587	0.08917724579811563	0.120933326464306	0.08589273737218371	0.140518183805192	0.2243521860247339	0.4195178452001678	0.1725899402440617	0.1923831063120733	0.2108940742856735	0.01405089909637638	0.09836703342293159	0.0152407539369177	0.08187305300959134	0.08667616785076149	0.08723388335300351	0.1084702305297258	0.07440996328693404	0.186397533524965	0.05940311600075238	0.253821931521922	0.1824454207814381	0.0364926905191752	0.01818450635706469	0.1326861066083837	0.05840318463275158	0.09157371757498244	0.09769525606840412	0.09799588400333893
0.6984558844730551	0.02443149866589993	0.05482773645739181	0.007220473871812995	0.006207868668217121	0.01597306950452555	0.01127255457805237	0.01117534785344461	0.008670409789414021	0.1179985889414013	0.09926982801796161	0.01441328226735303	0.01642217220810446	0.1939968911679835	0.2231789867736699	0.03274101489513916	0.005216066421455182	0.006690383653903413	0.004323846258514852	0.1452328962270021	0.07022238296895271	0.05242638411600651	0.1369092262667765	0.1461789771951317	0.150237438107065	0.01114780543531666	0.2783088067955835	0.01966518943658364	0.1538057991606268	0.1608762733357219	0.0429625788468942	0.2540252350110727	0.04306116462348634	0.0767212579417664	0.04920620648902616	0.01306166768071245	0.008762854784387082	0.190860876140504	0.09399598365329256	0.1015514993976765	0.01852860115345861	0.01334656887745815	0.01738433193866775	0.01229902418769272	0.01578482002152657	0.01926763589688645	0.0253257787070991	0.02329982017451435	0.02181338059236474	0.02174858663993016	0.3152731214596632	0.2381743822337515	0.1513742200800456	0.1272420446100904	0.03952682180417863	0.04085275949606637	0.0759093747163211	0.08366141815661499	0.05428734758013811	0.1053321104284007	0.1410111699509402	0.102587342854805	0.1711086632565853	0.2706132531404853	0.471613459333109	0.2083247812784048	0.2302603866715572	0.2497499074027881	0.01639078262408687	0.1030973361076446	0.01725610310987976	0.0932410994522137	0.0959238606625204	0.0771583935117293	0.1121966647374734	0.06801074004743059	0.1859475643928952	0.05285622177112505	0.245580008605436	0.1757117503505815	0.04306491221715358	0.01877045767590594	0.1446839654398772	0.07135588592636166	0.1090269541517807	0.1165121623715089	0.1168229948325212
0.712831259413831	0.02314131176280776	0.05233502936986905	0.006821230450028395	0.005753669849150132	0.01519305200812142	0.01083761235034295	0.01253481556411734	0.00979103631859044	0.1278945001067195	0.1080809769839822	0.01041688128374446	0.0127785580887581	0.1828822196894995	0.2087330562123591	0.03633911440720268	0.005046415304800132	0.006559540071416507	0.004216990693550787	0.1169584863546671	0.05125188705289743	0.03887849968547044	0.1126247440288933	0.124265759326307	0.1300209875505595	0.01064618301604535	0.2803713466315576	0.0188001844504843	0.148808049728064	0.1550755243195737	0.04790739702967774	0.2597012089171575	0.04793273385687508	0.07382724968697182	0.05209222439510698	0.01261774208023901	0.008498498272030079	0.1822057422557921	0.09226054868468603	0.1091243250627516	0.01556883241470319	0.01271759946240095	0.01659903029651323	0.01172953766929322	0.01727011769686031	0.02092462094937246	0.02797837787174451	0.02572856993984829	0.02400037552456763	0.02375745946190051	0.3125661166742846	0.2292041757286994	0.161940929609408	0.1376027722913958	0.04525364603035445	0.04677616668355362	0.08131169400729864	0.09147429883864155	0.05088680317983312	0.116326111379104	0.1546036431798864	0.113951206416014	0.1944766545904026	0.3044567048576604	0.5086574771032261	0.2353064105254999	0.2585870520651776	0.2786042623267629	0.01790033287865462	0.10585458879366	0.01850061949831381	0.1003032707631896	0.1015194526431508	0.06966298053277595	0.1143376917254938	0.06316263294917146	0.185987061600133	0.04792425638420436	0.2389400056286815	0.1704780926428551	0.04646893231157181	0.01876783739045668	0.1524929320452734	0.08158837560254194	0.1208317696126649	0.1292158404276909	0.1295770167605471
0.7168000000000001	0.02310832579474774	0.05356471498588049	0.0074584395652366	0.006593932588244995	0.01535390143165403	0.01166361153954414	0.03482147193870443	0.02774100647349795	0.132876668265487	0.1111633925891657	0.01598781294937726	0.01753800442159232	0.1865629487459621	0.2142413514335307	0.03998830331023646	0.008732792583789725	0.01206614303703818	0.007715836256308822	0.1522018048499488	0.08257474872974514	0.07733991858044166	0.1449642287441804	0.1549789635413522	0.1595466316076814	0.01134056767541275	0.2865778460872609	0.01961785119705079	0.1547871743492391	0.163578101805481	0.05229312468909039	0.2637609469943107	0.05245134066058307	0.08779567517114274	0.05470066573611909	0.03646389354331291	0.02464807884668969	0.1799032548419625	0.09163771869701523	0.1123794320320063	0.01903280567827955	0.01618003979521785	0.01952017273474262	0.01549449154836726	0.01759782961139013	0.02130398681692825	0.02853485180308345	0.02623908787448392	0.02446822903487072	0.02420200085791803	0.3133921365872696	0.2287374421687011	0.1651927404554349	0.1405129317348121	0.04661757252674039	0.04817488908950009	0.08288849942001218	0.093573233879563	0.05080328631072024	0.1186092423284806	0.1574744753913151	0.1162765457482208	0.1999824460478989	0.3119118842545326	0.5174319443752846	0.2417197264563157	0.2654139009302399	0.2856551061198558	0.0182297209027154	0.1085782662518951	0.0188025217624801	0.1023283780238232	0.103456939351606	0.06916105202128177	0.1170822493734382	0.06296876332274821	0.1876065000943408	0.04760607737374289	0.2389154337413083	0.170406780624023	0.04728078785157506	0.01901132915571022	0.1549997385683364	0.0839818350389441	0.1232983351029541	0.1318463960842643	0.1322217117254901
0.7263128561131141	0.01752312373210856	0.04046150559131148	0.004640507851008635	0.003779793857790094	0.011262509529901	0.008321683748067008	0.008200249920358492	0.008087960057223315	0.1418938852518297	0.1191894910388084	0.007378961685411654	0.009152445786889769	0.1419734431862218	0.1592859034056985	0.04220304001924127	0.0008115764137956668	0.001182994375053427	0.0007584294823863846	0.08330001511027516	0.0304712600912629	0.02225379754321305	0.08440308291422481	0.09749237065966247	0.1040841900274205	0.007988033976879919	0.2787841950808267	0.01467695667034922	0.1267490822490056	0.1348376723671391	0.05660296753164124	0.2660329731446637	0.0561453347842092	0.06769429845593704	0.05490693576886231	0.009529822626575762	0.006843297211050406	0.1372175895572159	0.07998074637161696	0.1162479713323405	0.01126990696695629	0.006389200326453973	0.009658061343333841	0.005341432751521808	0.01781600660759439	0.02130828833394185	0.02932325149290467	0.02693965424701955	0.02498346938327888	0.02474396239565575	0.3049463076659504	0.2186610712023937	0.1682930014463601	0.1439321634132288	0.05059774092809048	0.05223087063618196	0.08444877343965763	0.09643949643066699	0.04781067197421035	0.1226143374312983	0.1621464396368498	0.1205070726926845	0.214349080320212	0.3295848825012855	0.5324052588297792	0.2576457032847443	0.2815563978082864	0.3015686757090926	0.01862010031114129	0.1088489676300602	0.01898131247754411	0.103711452196224	0.1041193295717002	0.06341100777427412	0.1170608272560327	0.0588798454185772	0.186077589756866	0.04370231595965931	0.2302569407332574	0.1641367558149608	0.04664515286056782	0.01817546487602962	0.1565622570945667	0.0908244955535361	0.1275559268507542	0.1363894111445532	0.1368595286784717
0.7432558844730551	0.01036267447188842	0.02617090862548112	0.002763924636504099	0.002221515198221957	0.006674096156877673	0.005845717550235528	0.02229673436958622	0.02027461234421776	0.1558842163206288	0.1303001334261102	0.003968669374230863	0.004983372940787829	0.08928954845019367	0.0963962775266583	0.04955726711378261	0.0008399119432982565	0.001884587779944193	0.001146836309792204	0.04474102315167016	0.01480987973635812	0.02227619600529103	0.05233702257799226	0.06703670385269996	0.07486768703248504	0.005305244864516027	0.2600725021966554	0.009984474243088683	0.09849252674652031	0.1080496795911289	0.06672965515019261	0.2568579049691617	0.06604720324758261	0.06371603995650918	0.05725183293936388	0.02311034069284581	0.0162711357481783	0.08078252137269545	0.06148290024912142	0.1231766716958155	0.006286775809902084	0.003749982716856032	0.00562612785155064	0.003105828478468858	0.01804395663481496	0.02128351659928495	0.03015461136936367	0.02767729868006621	0.02551989324585863	0.0253184597680202	0.2936578218086613	0.2062836155647637	0.171821172834962	0.147797255222301	0.05805510730966573	0.05973994929195432	0.08966805962043599	0.1040799004339987	0.04427812731623348	0.1268959595854093	0.1669785711662893	0.1249899626950755	0.2410481815374609	0.3573619240371783	0.5555485598922968	0.2864060624526777	0.3102901326958946	0.3297113562360109	0.01904449303391293	0.112594020663986	0.01918065213658544	0.1062715243896311	0.1063588048968833	0.05666168557246051	0.1203555078740256	0.0540408645971522	0.1887274525617812	0.03915880027207772	0.2201480886798776	0.1571556623359849	0.04585269385302956	0.01747695426266429	0.1581421189413422	0.1032991880737859	0.1320630200614622	0.1411822568991533	0.1417620844197628
0.757631259413831	0.008348854399669718	0.02230251367335011	0.002277425560169853	0.001821974908779557	0.005404725281749279	0.00520700213032005	0.02719107231715267	0.02441436972020709	0.1693916554686079	0.1414326012704129	0.00292368432450896	0.003733422165193275	0.07499579045735724	0.07887276280867514	0.05447731193741339	0.001103286807710413	0.002432534027166811	0.001473866239312245	0.03322153822090652	0.01026159544056486	0.023300121480839	0.04359419322336429	0.05970095977684496	0.06842514474177364	0.004601914245694742	0.2669883078151	0.008792265830502192	0.09362093155419363	0.1041424178602604	0.07339602144367033	0.2670210217054533	0.07263738834685145	0.06479353600341416	0.06079011020666221	0.02769677226675107	0.01943229664871093	0.06496343153579844	0.05808976778453258	0.132272207203242	0.004830824411443861	0.003254649473659315	0.004706347770749754	0.002742993078913477	0.01782841307991265	0.02086199413590773	0.0299921728035441	0.02751530250909564	0.02529948696268122	0.0251591868843466	0.2858998303455164	0.2001714108704361	0.1703290703709318	0.1468237036691662	0.06540145274349718	0.067027682010048	0.09648696555174474	0.1131092837660031	0.04244451848685274	0.1267474254929664	0.1663214802056422	0.1247965885149767	0.2665399111933465	0.3775386005148652	0.5704472751098362	0.3125648112507877	0.335578093405	0.3539638459593545	0.01894846193023104	0.1164993452427068	0.01901595731805921	0.1071471423918068	0.1079046933996725	0.05349137548504798	0.1238143766243611	0.05157566114137893	0.1961369166032287	0.03706684865693327	0.2158502468042999	0.1548183851011068	0.04452027279311154	0.01721677690151396	0.1562710223487097	0.1151579999407647	0.1317168389887677	0.1407907441769492	0.1414184566148464
0.7616000000000002	0.007100747509879729	0.01879049493205662	0.003063425507279212	0.002753643296697929	0.005116010208910722	0.004528427087264129	0.02673619703873726	0.02052960193751949	0.1858824337705481	0.1556335689764022	0.003225495932710213	0.003898836656171098	0.06483781792414528	0.06784883976630943	0.05542631953522292	0.007442774375953715	0.0102035290711144	0.006421898159041825	0.03439843384994969	0.02287080098407277	0.04042532455120691	0.04685648152410365	0.06460500318571374	0.07446943852215686	0.004346013643395239	0.2700565660375925	0.008010557419844603	0.09399853262714009	0.1047191557970575	0.07369713295348757	0.2717449305544635	0.07362720094816572	0.05992381075417604	0.06021567103201864	0.02415252926762819	0.01611113991732377	0.05646670779757348	0.05524145837532858	0.1429880760837304	0.004828367095937296	0.009630043451126936	0.01006865376886806	0.009788295288951233	0.0178100516063776	0.02091665953225203	0.02980393214633206	0.02735115949836473	0.02519400391941835	0.02499961870586894	0.2780098073818468	0.1936969121767746	0.1704672194757605	0.1468998119905208	0.06638925417970923	0.06798620875563043	0.09787946846001622	0.1151989886108977	0.04153478924405046	0.1255409186791571	0.164565434889698	0.1236625524231287	0.2701519234153754	0.3785819483156904	0.5667445724563154	0.3161661757007408	0.3390443433971356	0.3571284899799168	0.01882615382049148	0.1208556829634347	0.01891048438128879	0.1079085647606284	0.1090044028157003	0.0520687693293989	0.127983499093161	0.05038933455267251	0.1952674495609781	0.0361451633821683	0.2096951304223476	0.1504924664050544	0.04486955689492765	0.0175922897653817	0.1554925283286765	0.1166564080489068	0.1306436718180077	0.139615665100565	0.1402216549803788
0.7711128561131142	0.007057855856055671	0.01813319405108925	0.001992310148368863	0.001611388504828872	0.004597360508661016	0.003846923921786356	0.007712929460352966	0.007212173913559546	0.1983371951835823	0.1657929190767641	0.002497065547553474	0.003185626949440987	0.0657966536596935	0.06751733235330688	0.05872893773517587	0.001132222734300667	0.001584187116239995	0.0009401167151758983	0.02774115264260483	0.009077029577343378	0.01685965165494598	0.04158845140652935	0.06043139653883307	0.07058008749939478	0.00361714268997669	0.2996711783619792	0.007526416709345334	0.09654184960093944	0.1087664071772476	0.07910006419117041	0.302612619071027	0.07850138824721359	0.05885617044626135	0.06478623031834252	0.007581443090927075	0.005357585621403617	0.0550501775016335	0.06001358107662656	0.1516485393493568	0.004094218962853165	0.003221693119883892	0.004367601205142861	0.002814846386971128	0.01704753148913893	0.01971718188004951	0.02896484580495687	0.02655382248542396	0.02431577259651426	0.02430796415242073	0.2740291423903193	0.1923095093109474	0.1647267639729942	0.1421592041547374	0.07256354821598494	0.07406861403962831	0.1023485409651171	0.1209495369610632	0.04036378820439596	0.1232618914192179	0.1613381940175685	0.1212096589068207	0.2901618700770592	0.3918515725570662	0.5758274432843008	0.3358624964334732	0.3573277310047746	0.3741674803451076	0.01833315601990495	0.1190250805523175	0.01835125667308342	0.1054768923695078	0.1072613207328718	0.05039596251776066	0.1258825224367429	0.04888768866670301	0.2029095941343464	0.03498243580952991	0.2095829897700502	0.1513133355851403	0.04146179259386088	0.01657086341364354	0.150890463847558	0.1264477829906755	0.1277671151359052	0.136520243365145	0.1372048275424006
0.7880558844730552	0.007210084994902755	0.01863921858181368	0.002052485458818842	0.001663024207614573	0.00470385439134846	0.003961377345433353	0.008173722348081097	0.007606619883470511	0.2120767805265572	0.1772587103426185	0.00256502580879901	0.003260989306550408	0.06780395186937702	0.06923435158132861	0.06275945910034479	0.001259590098739744	0.001752577841782118	0.001041347485111698	0.02825657628468414	0.009359860150698503	0.0180385687307322	0.04327336107915283	0.06341634923491997	0.07427494186277817	0.003723867057018622	0.3186512785820108	0.00779749320807988	0.1017051750529782	0.1148051965348205	0.0845268817014152	0.3221744348208704	0.08389327209458483	0.06223644552137683	0.06900311215086063	0.00799254427416003	0.005638340179921929	0.05621525243720198	0.06315154933988933	0.1619282209682853	0.004183076986630109	0.003386948274536256	0.004539345641576734	0.002976934697119723	0.01635707008073293	0.01865498519405509	0.02811958423439867	0.02575838086717446	0.02347335914999747	0.02356615358783771	0.2608320504526255	0.1828204777189658	0.1578742966465885	0.1367465166933841	0.08127910672140345	0.08267018418098192	0.1097432955791078	0.1308610128750904	0.03720123897861451	0.120576245128319	0.1572481403518157	0.1184492213103345	0.319488163516118	0.4118156287159891	0.5862780062152343	0.3649682571418589	0.3845996958480364	0.3996069130270412	0.01781936661693461	0.1190876776201106	0.01773904859525898	0.1038469168013059	0.1064321727959444	0.04534057110936652	0.1251347464549248	0.0447507998193476	0.2099244234682155	0.03161965576236227	0.2022197263329781	0.147099436021662	0.03853224291633785	0.01564942471515126	0.1445351598179132	0.1403237786336447	0.1245772361256042	0.1331127841881788	0.1338472785175449
0.802431259413831	0.007584805958911382	0.01972075126275325	0.002287010895966045	0.001885975839717524	0.005007229971268201	0.004263973995371493	0.01118507272739698	0.009872047426211993	0.2234569759645009	0.1867897585109599	0.002793804828191531	0.003520058704525929	0.07131452035192805	0.07289767218947243	0.06622648641852827	0.002089431745292097	0.00289925567726891	0.001765606336955165	0.03051454715173273	0.0115084494454723	0.02205377310668106	0.04631420020830655	0.06754360648919661	0.07902637726804995	0.00401388409458688	0.3341190644098064	0.008286381890733146	0.1072771657999448	0.1210081966843878	0.08908470356827758	0.3377822507115295	0.08847264581201252	0.06614803680591097	0.07264637823379744	0.01070820941297176	0.007439904938092247	0.05924993184549709	0.06621137632967899	0.1706881902900252	0.004488256743455208	0.004330045244302353	0.005454546341358209	0.003966249053986821	0.01613919101406359	0.01847927478942677	0.02750364423305534	0.02520646787782704	0.02302632961072199	0.02302532364878925	0.2499786657068073	0.1755085836146967	0.1509069540588232	0.1311136901642602	0.08835304029919931	0.08961994760280069	0.118541796574219	0.1422427119681267	0.03463917545359278	0.117565451291647	0.1528680253022127	0.115356345934818	0.3443511710780605	0.4268512952902392	0.5928179346454594	0.3892113226579151	0.4071074632248576	0.4204591421624433	0.01748743583662605	0.120082410948062	0.0174230091085764	0.1039084584789099	0.1074087323773601	0.04136844184322006	0.1249952053257425	0.04142281972943038	0.2163024146364115	0.02913003214762693	0.1967165845864045	0.1440667241049994	0.03842459978710885	0.01576502701210586	0.1383107924504823	0.1514695672822237	0.1212197195546449	0.1296030094891874	0.1302630325894684
0.8064000000000002	0.007886026208571269	0.02072185806869469	0.003238815173025011	0.002883098338828734	0.005603915976451093	0.004815023837970743	0.02307410241554783	0.01759428255590098	0.2308073104752203	0.1931715248710367	0.003511172276889399	0.004249926894794937	0.07341315038147259	0.07585765196042325	0.067845237087092	0.007246956116948994	0.009767759627304166	0.006131671607367179	0.03709797613606519	0.02322542048568717	0.04090092254427834	0.05319130074025961	0.07517637798462093	0.08729595930374885	0.004663824019570238	0.3349210286291905	0.008946707789459425	0.1119880312582647	0.1255652730001637	0.09048869305322912	0.3381859112328898	0.09029974566195348	0.06950145872937258	0.07362161282060732	0.02050829409244305	0.01362323511620351	0.06249891113302181	0.0665925030340653	0.1765152974542972	0.005258769725677011	0.00971321384292303	0.01029509707381687	0.009795199818770696	0.01622128454121542	0.01876990870708138	0.02728079886698436	0.02502170244594777	0.02296394011627365	0.02287686812986093	0.2451510724413297	0.1722269076876367	0.1518236657624015	0.13157811569057	0.08851217890967819	0.08973395465097318	0.1203402941915189	0.1445665330948335	0.03490076030577507	0.1158170379572851	0.1505593088477203	0.1136186509313882	0.3453340337904565	0.4246748715196401	0.5872086401253732	0.390064899134673	0.4079874624266712	0.4212489626292742	0.01737624267441239	0.126807700995899	0.01740838622389889	0.1054367125986865	0.1095952242320221	0.04202579577013654	0.1316669781410279	0.0417941209232899	0.216939467798997	0.02963758256318005	0.1934294644429917	0.1417979048943905	0.03959432480664855	0.01672438334091787	0.1383581919687322	0.1515498459536327	0.1196320283092974	0.1278702953942363	0.1284737184705823
0.8159128561131141	0.007241231340575139	0.01904802539404705	0.002361763399579311	0.00198594788287839	0.004862908686111701	0.004153162897710698	0.01185266894954093	0.009977229140761223	0.237798164683406	0.1988000898916605	0.002724023130288578	0.003409780960449016	0.06937359776815334	0.0701603073509926	0.07000257442688336	0.003037128532062726	0.004088094709121099	0.002515314461607605	0.02933287474609104	0.01266115136048036	0.02513272079837247	0.04668339277933176	0.06930178612345791	0.08159155465605758	0.003948458310183021	0.349665925798639	0.008201395012022451	0.1104402262385585	0.1249827060745656	0.09404825068842305	0.3544526088074507	0.09349170671349863	0.06802312761001908	0.07616906254395149	0.01088467211335171	0.007443244622968761	0.05670537607095988	0.0676832673215985	0.1810411387157115	0.004337717059176007	0.00520561630090687	0.006141998295880634	0.004945623864122205	0.01550465775589091	0.01776380286530837	0.02628879392328285	0.02409899136217402	0.02203957142727107	0.0219991699815015	0.2355415256568091	0.1659684387627043	0.1416934998911559	0.1234179660073532	0.09333772202966421	0.09445969395064281	0.1241017378644428	0.1496345554517513	0.03187684175429194	0.1122679062274052	0.145572036310689	0.1100001786242001	0.3608973686513582	0.43247137396958	0.5874884869045108	0.4043449634503102	0.4202943275025843	0.4318669666155444	0.01677404653801951	0.1192082300886009	0.01672391832496663	0.1016494900035635	0.106030840406513	0.03740113529392074	0.1231218944744557	0.03791342286292558	0.2187915389244029	0.02657283050198661	0.1883962683609477	0.1389424764131336	0.03700784138511362	0.01547206237491711	0.130015551114396	0.1590741346000428	0.1154821335576941	0.1235169653615352	0.1241183397812186
0.8328558844730553	0.006809935411765018	0.01811962916018132	0.002866491422294859	0.002548363204609099	0.004874862845532283	0.004100301126743394	0.01595025308085877	0.01166028922519796	0.2545268587272973	0.2129889046188996	0.002784046760269629	0.00343803948836559	0.06632556787081888	0.06651519442132614	0.07364748773475317	0.006629050274091713	0.00868158518821501	0.005431648237081201	0.02961478548371517	0.01890657721658421	0.03612058885515334	0.0487891238026497	0.07311774621903322	0.08651424165561757	0.004043872354555543	0.3623647325983643	0.008174444548964455	0.1142887449261042	0.1293805120305404	0.09842947929561606	0.368315045719044	0.09818365225864381	0.06937149959086927	0.07911342905466313	0.0132537823428849	0.008633397777080182	0.05404618213680041	0.06836043533486999	0.1930816177248685	0.004353339399383612	0.008816271699130913	0.009239280007573424	0.008908757657646369	0.01511596670336504	0.01735895800594176	0.02546175160174065	0.02334979725317486	0.02139105315476912	0.0212613799917509	0.2216020995955215	0.155860734696427	0.133303442619415	0.1166444792400242	0.09821409633741029	0.09922470525851715	0.1296970390040016	0.1571533271758441	0.02862696776762001	0.1084590733755775	0.1401605489723968	0.1061920563610713	0.3776041651744647	0.4402394871746539	0.5853047139060318	0.4199255160855908	0.434103515862065	0.4440170382159716	0.01628222062905963	0.1169209220991845	0.01621346582399426	0.1000378213851057	0.1049343541959207	0.03238783617864555	0.1196875165341708	0.03372299127362205	0.21999187987836	0.02333796377324301	0.1796448794757654	0.1333538953566085	0.03632840995143059	0.01514054167137852	0.1224390425007036	0.1666369408183753	0.1113428262776996	0.1191760050304541	0.1197083517364738
0.8472312594138312	0.007065586022429606	0.0186996036535161	0.003337992510944301	0.00306352065628304	0.005205966177895325	0.004311581586757665	0.01924677517902725	0.01338554042810104	0.2633520170262018	0.2203287378426874	0.004033969614857726	0.004579927642028941	0.06892789910314674	0.06983064924484148	0.07547135072358743	0.008945506966883357	0.01166703828083754	0.007332766290415929	0.03861017102820807	0.02849937734271172	0.04750816713561173	0.0577864444520895	0.08261451615523854	0.0962775262651272	0.004344947962741244	0.3720660008916714	0.008568615414876697	0.1192665888861875	0.1350156958163366	0.1005275317694307	0.3775998910622633	0.1004813543311833	0.07214947163332378	0.0807924752502167	0.01602026084743038	0.01026297858851048	0.05606432008496269	0.06997342708628185	0.1994927178024939	0.005309324163538128	0.01130558639069575	0.01148113567325509	0.01159161995029694	0.01515723067955066	0.01777492483532495	0.02482254409119348	0.02280338828987985	0.02109335244382689	0.02072913249524014	0.2101113489530547	0.1481245697139606	0.1276902503518066	0.1118200265453015	0.1008045627578972	0.1016954974246767	0.1357709335255884	0.1649702356092157	0.02693604152037641	0.104222899440177	0.1343949729371368	0.10194772917903	0.3874254734621168	0.4410803810746726	0.5774169523984788	0.4285685146879021	0.441531679385791	0.4502967991755235	0.01594655198670542	0.1203311478063185	0.01600350117883836	0.1008482723345833	0.1066589332517538	0.03008275894668927	0.1220584491218048	0.03159370281055503	0.2211277688853946	0.0220159275643707	0.1726594997909343	0.1288212173131978	0.03827651708878922	0.01617840945871008	0.1170417010340051	0.1704164513170243	0.1070537556237191	0.1146727459406774	0.1150421763853534
0.8512000000000002	0.007123613111647547	0.01906700571870272	0.00383763646757416	0.003656686788837678	0.005421975861443871	0.004583162023650414	0.02660555036847696	0.01849486776684937	0.2687985440672006	0.2245906703950323	0.00637848044871117	0.006622843417989996	0.0706581646384763	0.07253640650532973	0.07683846005539807	0.01170190323410352	0.01537374858732907	0.009693032087772219	0.05408521476363948	0.04385671375280119	0.06569372383888392	0.0723597144767356	0.09690933317047112	0.1103395789782717	0.004673118635803357	0.3768906799662039	0.008929476174783896	0.1231641738499315	0.1398854449066681	0.1019476165406957	0.3815474264881351	0.1021122212397577	0.07657761065376133	0.08168668651801238	0.02332567138380572	0.01499493324116241	0.05603572575481685	0.0701356869108519	0.2031799847245208	0.006861800453871573	0.01411673720354301	0.01393445764447687	0.01464244847304345	0.01534706366068194	0.01827702236627183	0.02464104193477994	0.02266424197278993	0.02111653665037603	0.0206460247111085	0.2082146344159731	0.1475937413907565	0.1298341968027856	0.1131091364026031	0.09996131927277303	0.1008047159576877	0.1374044660171809	0.1668693430493749	0.02823036110444196	0.1023660081816855	0.132082020465869	0.100063984221164	0.3851404888911275	0.435899117780443	0.5703411426832016	0.426154503994234	0.439400810699098	0.4483515731045797	0.01588133159157582	0.1290059836702473	0.01609283502731996	0.1030750913389858	0.1097264089679678	0.03252018109168574	0.1308534063300122	0.03332906702945022	0.2225512348276435	0.02373326507064114	0.1717879681944474	0.1282231533186648	0.04012360243255184	0.01759109838184918	0.1182458738090461	0.1688445795807293	0.1054136038024726	0.1128721230569511	0.1131638946902204
0.8607128561131143	0.006414878325689662	0.01705006525717416	0.003658962952138563	0.003497266755222557	0.004983062859995042	0.004025282430599268	0.02071368065561403	0.01323941884398299	0.2705759215504938	0.2262390057388969	0.005518890616142037	0.0057841438718422	0.06466927948717002	0.06551736774885687	0.07616038275677842	0.01168417622805013	0.01509311382858672	0.009516074807454922	0.04726726022562575	0.04020018136437123	0.06087745558734872	0.06654341465716096	0.09151246722023282	0.10522396304343	0.004226322241456262	0.3749560911526889	0.008227792318159293	0.1199302675232116	0.136458730230556	0.1010325650862371	0.3807425773464994	0.1012639346456937	0.07208947765479815	0.08067938128832837	0.0169194363641413	0.0105139142209388	0.05083318924104748	0.06840459719040543	0.2038465737606812	0.006077712321163805	0.0139821890719087	0.01366681996191302	0.01455962621782461	0.01480566281762487	0.01763839627636287	0.02369927355096304	0.02180291216644491	0.02032682302464789	0.01978805961202331	0.1951098590855195	0.1378149349069983	0.1197390861759136	0.1049916355490616	0.1015014497359759	0.1022665642231883	0.1384214904101996	0.1686278272225515	0.02468324983436587	0.09832353414272647	0.1264855693808848	0.0960850470567207	0.3896325139375332	0.4340486397008285	0.5595424701364958	0.4289100075310226	0.44044160725811	0.4479214405698053	0.01528786271256337	0.1203919564361679	0.01543571001704809	0.09917442153251924	0.1056605545522643	0.02707939279810847	0.1211597220694879	0.02879193646255321	0.2178608939035542	0.02014673053615012	0.1626214908310285	0.121993752582584	0.03877931344256787	0.01658084737008239	0.1095535851749623	0.1710343697491958	0.101004947519728	0.1082698068480919	0.108503125422731
0.8776558844730553	0.005555818807475041	0.01487723918713013	0.003944971648427102	0.003916340031050935	0.004630009825452554	0.003631459691201428	0.02213346489181871	0.01298869245346262	0.2737786806930651	0.2287444531884439	0.007183522282981562	0.007111415079031938	0.05870696741357503	0.05949103799179539	0.075595619424113	0.01451504505747941	0.01863284367757968	0.01177371616257284	0.05669357848059561	0.05300094048344577	0.07515669827508593	0.07567450345270896	0.1003046488817535	0.1137866885030987	0.004013530972398123	0.3715542008604898	0.007693699377161899	0.1185156828636073	0.1356772047498174	0.09983026854775011	0.3774918233142758	0.1003635603223581	0.07090216644985133	0.07912228036529489	0.01784423487032662	0.01076343233339054	0.0438831521698127	0.06537660143155032	0.205013356519719	0.006882189355944896	0.01669184168495168	0.01583009699057367	0.01758327938851073	0.01477023628614998	0.01808766403230174	0.02273980544066088	0.0209745281517452	0.01983014032769204	0.01897009824759302	0.1774659695825816	0.1250077627830511	0.1119831899103832	0.09834314273146175	0.101285121476206	0.1019227551902864	0.1418287253026941	0.1732972029394979	0.02204054383926381	0.09219746741935925	0.1182499771977602	0.09006512860579169	0.3895359216402515	0.4243497948026799	0.5375822414507908	0.4267714030607889	0.4369489187732988	0.4431658777005141	0.01473586706672655	0.1218571496564354	0.01502364968191716	0.09873710386891345	0.1058897999143424	0.02343238863768505	0.1213585611516629	0.02548255785056815	0.2123661918300613	0.01793827548122322	0.1500236257471703	0.1131774550199989	0.04114721109603841	0.01761700813387573	0.1019184234184375	0.1701423451341236	0.09492773652372646	0.1018786870071241	0.1018974778772839
0.8920312594138311	0.00537732722771429	0.01434676019221056	0.00407244839401515	0.004097944297090082	0.004573824240329098	0.003542993886863091	0.02288825698475331	0.01315873410899395	0.2698212703564236	0.2253072271295656	0.008221590207824505	0.007987346595340998	0.05750584439228491	0.05874082014972414	0.07396109898878866	0.01546181995479486	0.01982965407717668	0.01254087028867194	0.06320103061285356	0.05957475722331214	0.08156405082393442	0.08126690989551334	0.1051268781150101	0.1181266712217317	0.003986117917320888	0.3648360793560472	0.007559080449177993	0.1172153261587939	0.1344573921487021	0.09746965976000303	0.3702266497164978	0.09811695723218689	0.07019580019269583	0.07717282580054241	0.01868273777410111	0.01121122992597726	0.04222680195050302	0.06367812457461053	0.2016473777941837	0.007491471961808474	0.01763096159359953	0.01660122148040427	0.01862175012866995	0.01482640609386054	0.01880832524785665	0.02164702768403005	0.02003957855968366	0.01932262426713907	0.01808795719775428	0.161095097642331	0.1140991415762778	0.104956361510871	0.09196981803716779	0.1000923733578168	0.100574714603396	0.1457951257464584	0.1784343118326577	0.02052008885060383	0.0849185485625282	0.1086535521856716	0.08284218058288374	0.3863316154959148	0.4101049844129003	0.5111949235118362	0.421296771940453	0.4302589478915934	0.4353775836850329	0.01413774377038021	0.1270212841904585	0.01466584137091933	0.09922797434028707	0.107500847881254	0.02186095358002835	0.1253634059299303	0.023679792851121	0.20797245968185	0.01716855635461593	0.1389613263206501	0.1054704130417309	0.04454088976499619	0.01942408125888018	0.09485617310603921	0.1675385809572577	0.08776189014802337	0.09430794417243457	0.09406309440972464
0.8960000000000002	0.005227354389493827	0.01426042850435805	0.004181337324737286	0.004248757180875683	0.004527788031030989	0.003643865004173428	0.02733209770398903	0.01665365610467167	0.2703235260852576	0.2255574326315964	0.009067129672681046	0.008688474001093788	0.05695501712046389	0.05833281560945938	0.07449522510450948	0.01631699258646567	0.02107741346732596	0.0133329887406457	0.0682983605043969	0.0648255070261383	0.08859954232499209	0.08597272208332091	0.1095569657244061	0.1223784291157892	0.00406761094891184	0.3641182829604561	0.007606837994113358	0.1174576745482642	0.1350599149472362	0.09806791622127878	0.3693056351256522	0.09875690828108814	0.07226947812472137	0.07738867670648385	0.02325348938227993	0.01428692825068614	0.04077079136344092	0.0629883916493873	0.2018920538375044	0.007971406909989173	0.01840411077231992	0.01722950875204647	0.01947567839271578	0.01505116873688769	0.01938155869275562	0.02146858863039037	0.01990637267331917	0.01936749696812806	0.01801263375614035	0.1602141584563005	0.1146088375496902	0.1068119702358754	0.0929910508374126	0.09940758880956295	0.09983575589463742	0.1480042027792623	0.1809736004193558	0.02199140957783479	0.08297524913925794	0.1062523626702095	0.08084656182256698	0.3847105320247323	0.4052061033180225	0.5047912343441481	0.4194892605789568	0.4286774691460893	0.4339609226767117	0.01408557877791182	0.1356612807374322	0.01478509449961065	0.1016101961304532	0.1107955684216795	0.02461707832643864	0.1340804338099067	0.02565109785736065	0.2102144823014648	0.01912007531567432	0.139149559944211	0.1056736432809032	0.04662257094523173	0.02094504018952894	0.09595262521835937	0.1662047488756812	0.08600954161860846	0.09239888647197293	0.09206297031358728
0.9055128561131143	0.004063441932972538	0.01122684404233988	0.003814955011403878	0.003948954797133626	0.003744482487110828	0.002877635866851182	0.02164010300685381	0.01182045570885607	0.2645348224646575	0.2206495263594744	0.00889956069257342	0.008359175037311433	0.04775322149121772	0.048031906552763	0.0718613404135172	0.01584543176740382	0.02025064519818907	0.01281157124846324	0.06473935379570432	0.06377421843142353	0.08563070346442822	0.08245222112570894	0.1053573412204313	0.117765383474354	0.003397491372011597	0.3519438228546868	0.006514405668434619	0.1102596552789984	0.1277130122915729	0.09458393440300893	0.3580169401370991	0.09530956656140822	0.06672247011274049	0.07408844840332517	0.0177188988352636	0.01045704807681937	0.03148180993339896	0.05855521178612975	0.1964825729879115	0.007410494938040539	0.01763024024647832	0.01626991747028848	0.01873939856856897	0.01442259987077199	0.01881518580385598	0.02008327193219555	0.01865527358754073	0.01830978373795241	0.01679438422434435	0.1420681324364297	0.1014051424822946	0.09438299087225095	0.08272456685165447	0.09883885087218777	0.0991532649960208	0.1478453238362642	0.1813049422829745	0.0180671833829324	0.07636577657319346	0.09734812539278377	0.07434700741029381	0.3817844302487889	0.3936170680929455	0.4807368340742362	0.4138902147150599	0.4211111577707653	0.4247367098587893	0.01322807688464647	0.127080767683163	0.01392751086440774	0.09691730536032324	0.1060688978114471	0.01890867531131387	0.1242056625054019	0.02070205556640681	0.2014913021959094	0.01539756372032098	0.1260782601621249	0.0965478084214524	0.04591904411737873	0.02026952774812385	0.08495503902266434	0.1647680334818567	0.07907986917088276	0.08511825600618667	0.0846547143323608
0.9224558844730553	0.002672529468612887	0.008012766531025043	0.003303531753425787	0.003511122583958171	0.002773485511267302	0.002174728455093433	0.01977090543538521	0.01059300050884417	0.2520539551697139	0.2100261442353537	0.008699824657180449	0.007948886069141008	0.0368633294998959	0.0358443797510921	0.06836992453712559	0.01491850462863244	0.01904020413323167	0.01204245252312907	0.06027579265967669	0.06171000530669035	0.08290681857097067	0.0775117449496362	0.0990507739486764	0.1106710909468006	0.002694799075079839	0.3306441840593743	0.005309464424392299	0.09999153667653608	0.1170640739667575	0.09002896837274899	0.3375314729248249	0.09071087406146047	0.06175890008162543	0.0697024750503453	0.01637250652565879	0.009609596298773808	0.020202229317278	0.05228539456461902	0.1862352666576023	0.006710600436234657	0.01622163678955919	0.01469194238121523	0.01733440117617574	0.01429198864151521	0.01951726824053333	0.01831462140969677	0.0171215420810628	0.01735764220870986	0.01533150732268099	0.1188256937637448	0.08611731740199739	0.08075779590451991	0.0707925035185996	0.09679931574618887	0.09689056538407413	0.1523517465584365	0.1871813572115075	0.01510726391263121	0.06544260652202986	0.08295047857216005	0.06349628732588389	0.3755058646485934	0.3714701056007286	0.4411299348515236	0.4037780973363734	0.4087811781574591	0.4105390010885533	0.01223608967710178	0.1280591624294148	0.01322920908461361	0.09549120298035862	0.1058659041944834	0.01543521168656482	0.1233008405377819	0.01712783634363161	0.193371387528024	0.01345686975387207	0.1105373551544275	0.08574782887914251	0.04984185794340098	0.02211494716014702	0.07232362221380269	0.1604833376918666	0.06810894929542811	0.07357090465095369	0.07273538473738082
0.9368312594138312	0.00238856164619899	0.007318175508183812	0.003045136397841413	0.003235822905214937	0.002520275507618084	0.002005616021368551	0.01869599447828474	0.01012688842283614	0.238729703827694	0.1989510757658698	0.007862706531468113	0.007177506018251604	0.0337259771890166	0.03242236598013987	0.06492821811216297	0.0138766339256261	0.01772308478158132	0.01120605586920351	0.05430567307371083	0.05626273945132546	0.07663447309181966	0.07092088241400504	0.09143892764522368	0.1025353887837871	0.002480655760477928	0.3125321571049792	0.004918316726488946	0.09382761138279819	0.1099136477732743	0.08554785513834536	0.3193776014549382	0.08616430510510738	0.05815592951568074	0.06613442778285723	0.01543243211813632	0.009083958034589251	0.01809024138774458	0.04919964699699235	0.1764061350608602	0.006057559870594205	0.0150473573064074	0.01360740498259423	0.0160863106500069	0.01408947833370993	0.01992624265012099	0.0168081075894654	0.01580584411985705	0.01649381850686465	0.01410932967792044	0.1016851035601969	0.07531992744116721	0.0708246124374209	0.06190070613830891	0.09438159501382413	0.09429634557160556	0.1547518150555303	0.1902846838424092	0.01343554625757792	0.05650987038173829	0.07126968849975822	0.05459994644631556	0.3674204322912453	0.3511780675657659	0.4077050543435809	0.3926663472868512	0.3960993227517904	0.3965651952031719	0.01138741280483779	0.1299344320704844	0.01262778915391349	0.09413440113014361	0.1055722365097665	0.0138732714326743	0.1239550038524818	0.0151920370809632	0.1870049947809127	0.01267601890944043	0.09923674680611819	0.07787913516283754	0.05253598586824397	0.02360003612693118	0.06304104647018782	0.1557695315287857	0.05913774756317728	0.06408600070910421	0.06297681116492621
0.9408000000000003	0.002266213640621332	0.007181134557033713	0.0031354992414461	0.003346702096080357	0.002493847635509028	0.002065058113991045	0.02182262472182137	0.0124902607478931	0.2364109452000241	0.1969807592601122	0.00809968262289657	0.007366821720252719	0.03278470636200258	0.03154895335396578	0.06447962714389667	0.01460233772013713	0.01875674908416257	0.0118627678783093	0.05572035923064846	0.05855009665611707	0.08038025284827045	0.0720512495718218	0.09227584359663327	0.1032358699607203	0.002531573919337114	0.3075677749226118	0.004904382995912265	0.09282845072703884	0.1088042477189635	0.08483763372203426	0.3142877723177578	0.08550590167222791	0.05852251065262192	0.06542265827163968	0.01839969303489648	0.01105935364082899	0.0171412730261009	0.04809196086162044	0.1746776350499518	0.006181783581129283	0.01572298285341619	0.01417357235653548	0.01683297575545684	0.01412032460330758	0.02010651256863143	0.0166031661491359	0.0156309924478728	0.0164116330521657	0.01401468905514698	0.1028462054033208	0.07733403634729301	0.07330317243003104	0.06345977961737224	0.0933594620648306	0.09324109911802593	0.1550707174579025	0.1904437156993575	0.01519446862674827	0.05514436879633431	0.06966627226446127	0.05317065595775514	0.3639824141978245	0.3461210091482207	0.4026689333446133	0.3892329275936703	0.3930463668412786	0.393839343799708	0.01130035497356745	0.1370902242770575	0.01266255178752859	0.09553406698689097	0.1076896194476319	0.01704695359643667	0.1314992952487409	0.01753181111658328	0.1891099190746767	0.01481837720517579	0.1007693043152263	0.07900428850760224	0.05330497442077716	0.02458872842964993	0.06482540077598091	0.1539617338424698	0.05789033542087245	0.06268043909568499	0.06154518338604464
0.9503128561131143	0.001910654411767932	0.006141668145597514	0.002762198634602009	0.002923658437686022	0.002171662711625344	0.00173347842950439	0.01710757869827546	0.009061724422226585	0.2249991959798022	0.1876974212042164	0.006213716264178782	0.005685735353929315	0.02854903109575108	0.02650351180356924	0.06121414657909818	0.01301671426564371	0.01661130801595687	0.01049830772352616	0.0429138630143516	0.04741188458712809	0.06761779742635246	0.05947328754964086	0.07924904854927056	0.09006253287418517	0.002178596863811063	0.2914323223268808	0.004349392935763994	0.08614670370716358	0.1008465570416171	0.08067719111905569	0.2987474305682171	0.08125620736577915	0.05291570101491638	0.06216575273457355	0.01346868034125493	0.007822860858698637	0.01485479577285347	0.0454016646880034	0.1663118573151647	0.004847719877890001	0.01401826401885188	0.01262581030322974	0.01501429492958353	0.01371474123492871	0.01995916319837172	0.01532478854766135	0.0144940194622992	0.01553958596581986	0.01287825248418158	0.0859191206153615	0.06524518376236341	0.0597986745138578	0.05231059728108721	0.09214182865787855	0.0919042950127317	0.1557432485441317	0.1916749599050158	0.01126845566826462	0.04837490492914383	0.06060208617190412	0.04650582795260803	0.3594054827392016	0.3325531226680412	0.3771216170772856	0.3816568703753987	0.3833960435256692	0.3825101234663686	0.01052795471531677	0.1272147257530163	0.0119338635829809	0.09130393822158486	0.1033787121739782	0.01137422930309284	0.1200470184654944	0.01259451466316626	0.1798369076976818	0.01120203773453467	0.08873033085102583	0.07056279455921831	0.05393883795725563	0.02427010907814718	0.05317948188611045	0.1514410285786784	0.05082748180036797	0.05531914666176625	0.05398895416043788
0.9672558844730554	0.002233342035128493	0.006716413209665295	0.002745662056754587	0.002790852104419367	0.002401100490466652	0.001853004357156848	0.01643900894283934	0.008504471370387408	0.206794625595648	0.1731103727282873	0.003270524420776349	0.003234118846305551	0.028063201240936	0.02592209275593435	0.05623602301018469	0.01260595483843186	0.01609855126325266	0.01017191907160821	0.02549903110745887	0.03321027992632358	0.05397257266470792	0.04208861751107171	0.06138362231797739	0.07222527599620335	0.002254614054113302	0.2650640327298389	0.004321464102106787	0.07966216482413255	0.09179000605071014	0.07402572282269604	0.2723518194807133	0.07462021881424738	0.04660587715766977	0.05740518871001587	0.01143827361414608	0.006478278461101656	0.01879186938558554	0.04295060904391518	0.1538716367725623	0.003198877670800618	0.01373036730949815	0.01253397745702261	0.01467978315275458	0.01348216175471393	0.02049441880900904	0.01349285547066541	0.01289581034729742	0.01449847865092904	0.01139787600168361	0.07001727958399431	0.05657640840075577	0.04634843309324917	0.04032140895774884	0.08817532961569484	0.0877261733320826	0.1580022410088815	0.1943233086516575	0.009822314378179578	0.03752005440144501	0.04656023344483733	0.03563277480510758	0.3459554795121103	0.3049260800998431	0.3361219082583131	0.3641752592092245	0.3639156729720802	0.3615515277508528	0.009513466027118833	0.1259491746693037	0.01123825114046172	0.08893208288990673	0.1021469811837549	0.01051376830144194	0.1172838920307337	0.01103348182925324	0.1723176102993347	0.01096164460508601	0.07914588835231486	0.06393959126075992	0.05734260414286959	0.02596343660027632	0.04142771190993114	0.1440381181605461	0.03980374745958511	0.043704669313211	0.04202297503000999
0.9816312594138312	0.002694410527271489	0.007640119520816861	0.002790230946815961	0.002756859095696799	0.002700220308103251	0.002049995096481308	0.01645083376489787	0.008584723888338959	0.1913250274050831	0.16054066448407	0.001751459023030694	0.002019336004758003	0.02965181307974068	0.02798533484302171	0.05204345514699922	0.01227303336164878	0.01570361731143077	0.009923574133268833	0.01725310806228888	0.02569469326805219	0.04623434862091621	0.03316796952190214	0.05167860979923539	0.06224202124030109	0.002412902127670973	0.244876591911764	0.00447012331653023	0.07562979138416731	0.08598484746586121	0.0684137463961124	0.2515284147151601	0.0690169898268575	0.04277731664423357	0.05348704980434114	0.01078929561121438	0.00608015642979492	0.02318015356662474	0.04139966585026254	0.1432027185178985	0.002465340458403969	0.01354880705625033	0.01253309977233181	0.01444676108180178	0.01372952564721742	0.02161646080615607	0.01243662857867984	0.01201086350959865	0.01412454045311202	0.01059052223378369	0.06400876110171019	0.0553507729449646	0.03817944774191954	0.03271497833166023	0.08479320260292353	0.0841786118257648	0.1618406093466545	0.1985873072131672	0.01027197799348261	0.02989357989235618	0.03687556826077611	0.02791315370745815	0.3355099822225709	0.2838486872972268	0.3080872521874342	0.3508645192337237	0.3494240591692415	0.346305421026628	0.008997921907804083	0.1284019639403073	0.01107344289749609	0.0894370331529513	0.1038618956789775	0.01241266605890736	0.1186298653007309	0.01186365934047875	0.1698948088829457	0.01258995335752163	0.0770597393443572	0.06261344108477569	0.06205652793806848	0.0282769406293074	0.03458917063262854	0.1378110790275902	0.03216073571161563	0.03568810074535827	0.03366977966764588
0.9856000000000004	0.00258606243001194	0.008015638289260531	0.002767845685752009	0.00274765294038479	0.002625353427610408	0.002332801270513306	0.02423905700503855	0.0154213269912031	0.1887869140481148	0.1582295464218964	0.002070609878382258	0.002255789144424365	0.02937662317948887	0.0276125380126144	0.05289548701779216	0.01238140157306195	0.01618678686581752	0.01022319573869955	0.01879807570805891	0.02703449772412284	0.05067063122344587	0.03433335368442059	0.05245332057206842	0.06281391590718673	0.002560293359357346	0.24109125002203	0.004617485867311995	0.07478866671422876	0.08526535394510804	0.06957332240519311	0.2476339763522252	0.07009794034806129	0.04620224981559065	0.05406502199719271	0.01891729412595405	0.01174598246495919	0.02204082073066988	0.04052027013209376	0.1416354515580068	0.002595776732406174	0.01347308196940233	0.01242697394776189	0.01437420701695105	0.01435141486390753	0.02271691268820665	0.01285089619835129	0.01242688056360877	0.01470042439898714	0.01099152884130667	0.06862992765430201	0.05937256972578447	0.04225647101650465	0.03573791253579019	0.08284286230847236	0.0822261701572763	0.1633987976392994	0.2001403843346539	0.01227576451702408	0.03020936860537141	0.03751606673396524	0.02820093579434326	0.3302582568502704	0.2790166698418411	0.3058178087143352	0.3458409831275553	0.3451352176875337	0.3426758182865081	0.009305370806868106	0.1356334013823639	0.0115487280035496	0.09297733449163828	0.107886922691006	0.01576647971576438	0.1259844053638554	0.01448331004352524	0.1714121737097656	0.01496782284044128	0.08055510606796937	0.06490709592400999	0.06543436472082065	0.02997965476547122	0.03794553665864041	0.1346142540746726	0.03281625570954171	0.03639268973102859	0.03426578413203024
0.9951128561131144	0.002339155868624534	0.007548853999528902	0.002456042410763635	0.002417717549753049	0.002362121974028379	0.00222827323548358	0.02400790971888681	0.01592053472953004	0.1778533907598452	0.1490663672897608	0.001403264384167716	0.001624217462490123	0.02694751644938333	0.02483626555260559	0.0505333985695183	0.01097832687412231	0.01446093916435788	0.009124462139592292	0.0137502281433821	0.0216536676077389	0.04463624788911076	0.0287508563973383	0.04598738328696644	0.05586906775777911	0.002372320587158337	0.2273889254518368	0.004310502639218683	0.06968136424487814	0.07948905599532012	0.06660947380299795	0.2339405657904283	0.06700852508266268	0.04414882143878907	0.05164507814534406	0.01911884076253535	0.01206663091207912	0.02002184736108757	0.03815425791303108	0.1336350892485277	0.002035190280518767	0.01190375773498456	0.01099247890761509	0.01269196131249398	0.01410559830991491	0.02290267749167607	0.01156945711532298	0.01130165245790132	0.01391918649509616	0.00990553546625448	0.05663207195175166	0.0524523251393978	0.02932376134636108	0.02476750401360564	0.08229000548238022	0.0815193123312889	0.1667391273616412	0.2043111615144266	0.009854073547408138	0.02295213480465115	0.02796883992878189	0.02091690098605925	0.3284934104855495	0.2663905136194188	0.2831302263591863	0.3410664936500959	0.3382908883215354	0.3342438234057998	0.008588908242404561	0.1292317165895481	0.0109829554378411	0.09019363214536194	0.1056225132496172	0.01273124120251962	0.118059956791702	0.0115311106868863	0.1670452229489895	0.01319574920278795	0.07366214796737745	0.06035324920740066	0.06717357622464015	0.03047475915318217	0.02716394304341087	0.1330680959792053	0.02522009052916003	0.02846519320753501	0.02609502428840102
1.012055884473055	0.002115061633656029	0.01008488143813452	0.001988424833480428	0.001923411714023723	0.002021945021791188	0.003654862241118264	0.05861810584388023	0.04756178061589029	0.1596062454016478	0.1330472178534366	0.001374788934336562	0.001439170744611987	0.02713007329920865	0.0242130084758252	0.0538289808000976	0.009041090000225824	0.0136424458862684	0.008563174473044185	0.01135973247386233	0.01663553283711624	0.0528044629507115	0.0247518508746806	0.04007762863416622	0.04900566638161596	0.003027681065444434	0.2055775971636737	0.005067378137437089	0.0637450654219254	0.07340986123752273	0.07148618002344502	0.2117757931770131	0.07127587301179283	0.05933922272111059	0.05418581047041384	0.05574598357802304	0.03792979559456766	0.01706150300934245	0.03457159890387623	0.1222757872631276	0.001724007066142199	0.009072484766726039	0.00839945367190799	0.009634397449411814	0.0144512275720788	0.02434109297946811	0.01030642938413367	0.01024817753585074	0.01349913575696246	0.008935236566710218	0.04910340934375567	0.05093488423327582	0.0185610836172493	0.01488795774982923	0.0794958858526293	0.07851015883090635	0.1732241760471399	0.2117728286395746	0.01013042861734568	0.01367556957077742	0.0161291364686388	0.01150139500284715	0.320598375953856	0.2444221356559932	0.2522819237822048	0.3296963997509098	0.3252500040610376	0.320072704266312	0.007986708817492307	0.1321425368103352	0.01081107231934034	0.09112939849807269	0.1081450298334903	0.01457674397867844	0.1194286431123767	0.01217842524267254	0.1658189100355877	0.01490495554181715	0.07144001120102059	0.05911190797595238	0.0731308056927113	0.0333524635550988	0.01823404758774638	0.1276152400892283	0.01586925281542803	0.01868012862034764	0.0158848552694135
1.026431259413831	0.002169701833676002	0.01336736638689511	0.001631450938551088	0.001529650438990369	0.001876628629237102	0.005274445116070691	0.09481173481713555	0.08050010762991179	0.14480244625732	0.1198971397009679	0.00154354696173807	0.001467599379347551	0.02971256224686058	0.0262503592330364	0.05831643994617618	0.007342905701548695	0.01318506081712249	0.008230093120045813	0.01080135418103462	0.01278289205012617	0.06274612277370697	0.02267121557819611	0.03638601476991703	0.04452446864854843	0.003857697601276498	0.1893957156269779	0.006116673617649167	0.06031356136444879	0.07005625752166364	0.07793547154248087	0.1950687724720678	0.07711245510633365	0.07644033223158112	0.05806995347970917	0.09393811101755607	0.06486095711640533	0.01627496650338775	0.03240906060172757	0.1136956467827674	0.001645378059581528	0.006554713095454402	0.006144925849448987	0.006891923010369469	0.01468958355295013	0.02519057703495378	0.009683391004260054	0.009734120978525006	0.01333067959253216	0.008504807660389078	0.05094342388669804	0.05564923771161458	0.01406984329087744	0.01043987610746827	0.07843826322113961	0.07732654256351766	0.1778669447672644	0.216885602995331	0.01176825923197305	0.008969341650620794	0.01028370867569899	0.006604843601569609	0.3179974066747222	0.2340909544240158	0.2401279136300293	0.325451038280818	0.320270185698844	0.3147102320140037	0.007732990245027467	0.1358768118008561	0.01084380839572004	0.0924470892644922	0.1106738506467914	0.01807430541755814	0.1225917655783741	0.01447394151197542	0.1694189205314715	0.01751151465124707	0.07568802246720932	0.06247429075831894	0.07651961905694253	0.03526567365321279	0.0149560156409981	0.1253900867070302	0.01105711227614692	0.01362944048390062	0.01060881856163701
1.0304	0.002094157201846691	0.0146979427570475	0.00168297528963803	0.001594058688102237	0.00185108762520361	0.006054892214620451	0.1138819374967699	0.09704547440764072	0.1420150066865373	0.117222240308611	0.002001186459365692	0.001806981631388285	0.03032162203192428	0.02665090763147619	0.06122138014753885	0.007962512928940395	0.0148025826535958	0.009238909052345284	0.01306039831461665	0.01509647897156712	0.07311504783558141	0.02445596976036769	0.03772282926799887	0.04569360025207661	0.004321108929355356	0.1843487472898724	0.006644385845147554	0.05998037816238846	0.0699705176611279	0.08182473805213575	0.1898782307129982	0.08083891375062141	0.08516100404679207	0.06042495886368607	0.1134559211446425	0.07842703686752592	0.01524802847899055	0.03137452455014693	0.1125960442405657	0.001858295018768331	0.006811110876381784	0.006330433196330216	0.007177415900386355	0.015700635817245	0.02687706324920998	0.01053771516081814	0.01056715086317591	0.01435598547230602	0.009242628557043558	0.0541157390008714	0.05742083195586201	0.01984337887385445	0.0150520063745729	0.07612375231363516	0.07503769183338166	0.1800445503519136	0.2193532665505287	0.01327631326663555	0.01053012084212495	0.01246979224262828	0.008229667370840143	0.3124325423641219	0.2304213125776228	0.2389111721832206	0.3204343675614292	0.3162865889865086	0.3115521323377531	0.008298890933085177	0.1442925965537986	0.01157984024834214	0.09759760644729522	0.1160883227553774	0.02038533692105494	0.1309201839443401	0.0164008061993117	0.1691029493926714	0.0192526528015118	0.07705087248390123	0.06303299242244104	0.08152899922914138	0.03738461596649136	0.01943295411473508	0.1217070908293873	0.01319955236398915	0.01595678402465575	0.01278497362559536
1.039912856113114	0.00183488791288097	0.01553317594638666	0.001189689301981372	0.001069783046343496	0.001491065580257206	0.00657891076709357	0.1275690159532674	0.1103587625628707	0.1330270103803705	0.1093265997570649	0.001476592991062467	0.00123752258952853	0.02924328136112423	0.02469676447949026	0.06293194397341562	0.005696518609656867	0.01263799143343778	0.007841033976338454	0.007964507689098493	0.008113009812087795	0.07110603173695243	0.01890433317061342	0.03133890678243407	0.03887387637435579	0.004443129691140363	0.1751197368738918	0.006799570542569956	0.05592218222307917	0.06586499194694947	0.08454670109418012	0.1808936375811577	0.08315107480602443	0.0915916159041302	0.06190773971471036	0.1284948355110176	0.08924013977451174	0.01253271319755382	0.02967596207190604	0.1069182950026365	0.001280438543910867	0.004029933150466385	0.003795811733485157	0.00417600078391324	0.01522915967624499	0.02646774248040154	0.009440752258809018	0.009577916385370359	0.01352881495368993	0.008320313038981867	0.04774347426906286	0.05482468132837466	0.009130441230874392	0.006038235764430446	0.07793742728571743	0.07672662743492682	0.1834393118672439	0.2235344461418635	0.01156854705157747	0.005413032689456996	0.005705585784699006	0.002997551506168027	0.3181513237680612	0.2274206683641583	0.2295328670141597	0.324102735671505	0.318097532957786	0.3119464985962486	0.007681048716784287	0.1377035035501394	0.01102236956509909	0.09448223748977333	0.1134504298246117	0.01825715361008112	0.1233187687946405	0.01431567560349504	0.1697298616251847	0.01796250514429431	0.07487708157361281	0.06205982163404799	0.08106293351356147	0.03711595158818885	0.01091493922725563	0.1241825319728762	0.007566689570240669	0.01006031985424738	0.006775191425052094
1.056855884473055	0.001755105422702953	0.01870299003577648	0.0008938215740341714	0.0007456544978781613	0.00130632840502752	0.008258432814890694	0.1666607000710643	0.1455318198287905	0.1198316736028407	0.09753293976547726	0.001546760991855402	0.001161909450355976	0.03086991417445888	0.02555301949169541	0.06817407909740868	0.004589489016035784	0.01303774899570186	0.008049430716442199	0.006567852139787872	0.00469601413619479	0.08329781860328274	0.01627751371976056	0.02730671429999641	0.03421497494965173	0.005315278139484641	0.1590148075412016	0.007854945827174746	0.05247375665684048	0.06251454183199409	0.09193536478509094	0.1645222821620214	0.08995323731550742	0.1095863734350114	0.06633633954081579	0.1693142981277792	0.1179318191152414	0.01080703864953648	0.02720882754485922	0.09959466433190119	0.001106774142607842	0.002042129434252419	0.001980005524772279	0.002021813924601024	0.01591617153112189	0.02776800685804365	0.009724667115910178	0.009889308544997005	0.01407544638533426	0.008551709495544089	0.04735592665463328	0.05490879556819214	0.007654518565823417	0.004758868671838692	0.07771017751194213	0.07646146406216095	0.1879682254526263	0.2289803706742582	0.01147034136550131	0.00462215907841142	0.004693644019325876	0.002204455429084635	0.3193790957846321	0.2258354796191255	0.226922010638816	0.3247663484452329	0.3185092476999449	0.312184270563739	0.007917549995691716	0.1396025864144181	0.01141136936671846	0.09726272141309399	0.1165588473888849	0.01820313245809432	0.1244120163452602	0.01420744664368408	0.1701560410471858	0.01818611049218831	0.07510681644804378	0.06221468433583495	0.08524068135956292	0.03863098395119864	0.009769607249253142	0.1236739338953221	0.00696456547690886	0.009549705466577336	0.006069044852114883
1.071231259413831	0.002193156382189381	0.02102753360345786	0.001169566133541522	0.001057006830490311	0.001624141426709781	0.009231262283745626	0.1857704506253189	0.1619278898611408	0.1136577539143152	0.09185770035488278	0.003521108182877906	0.002894305137537325	0.03579611996096163	0.03159749918612997	0.0697108016358729	0.005664736533375934	0.01521078602549093	0.009420701165607363	0.01973645591000731	0.0148645567599349	0.09988691885259403	0.02749610071714252	0.03723999671728959	0.0433917614944421	0.006009930686745295	0.1529235165697418	0.008747841275149059	0.05429204474812543	0.0648294383897059	0.09388411621699282	0.1568949637299943	0.09180404812031401	0.1193912704377799	0.06755221888091646	0.1893596393859651	0.1317988097028547	0.01335322733440559	0.02682880727600782	0.09591778544717254	0.002470435554158149	0.002953378320948804	0.002839717116285288	0.00297410120685822	0.01648661555905941	0.0287289081932165	0.01015956326686566	0.01031878316879653	0.01462617017933901	0.008908994217930292	0.04775586372371692	0.05506633924235405	0.008569149019127243	0.005559642595641549	0.07882009509939772	0.07755856321094255	0.1921697355619762	0.2341492806816524	0.01150686945312793	0.005247079588224022	0.005460043689278812	0.002827913404839133	0.3248521108553614	0.2300858547634535	0.2311923575501769	0.3304334992843024	0.3242054750287959	0.3178542332426121	0.008222648301114788	0.1430390652120936	0.01180247478951419	0.1001939407015688	0.1197757574886285	0.01815453102385391	0.1273912525954612	0.01422179738001319	0.1724333919437029	0.01832366705170312	0.07567647796291831	0.0626642212362082	0.08812753994560391	0.03974235896211323	0.01047610314082543	0.1254670475457697	0.007777704816542174	0.01048834885583305	0.006899622890565193
1.075200000000001	0.001904624485467946	0.01940444614111802	0.001656498815039241	0.001768761486879626	0.001583477179649552	0.008737066569959843	0.1804397200405533	0.1558569584017544	0.1133153195793532	0.09087409651085723	0.008911268687887143	0.007520065327317871	0.03560452982373413	0.03364654202918719	0.06633879385066244	0.008523461453400393	0.0184653396756739	0.01152096268878426	0.0541110512491978	0.04541284359207652	0.1252942499422077	0.05863789544738626	0.06626996145597631	0.07080897830067875	0.005862100636063405	0.1527423201733301	0.008444458696987773	0.05647403413537469	0.06886641814957079	0.08882484982529606	0.1544006578127593	0.08715203003373491	0.118556723892199	0.0635899651115879	0.1852079193031319	0.1284645315297318	0.009431878470293226	0.02471872738343281	0.09343355487692838	0.005788410878808958	0.006003514063752561	0.005362409172667265	0.00631602251449555	0.01723290555492844	0.02991119634338784	0.01089670866555501	0.01102506110420785	0.01543553717511461	0.009540051343368968	0.0480887879035679	0.05417742306574937	0.01487646679157461	0.01070461431383922	0.07756135387718063	0.07633333185323828	0.193530401922097	0.2358527195393234	0.01247951279173917	0.007036507828533529	0.007825764730474302	0.00471142195210179	0.322271130387548	0.2296697467886814	0.2319199800232478	0.3287273560546124	0.3235290688485655	0.3178982009279357	0.008685833833589377	0.1518323175105321	0.0123635077892766	0.104572243207965	0.124361412082729	0.01950154497707414	0.1362890458547082	0.01542720816679597	0.1720614020966224	0.01932934661610913	0.07461461740688177	0.0615551006501428	0.09152307345412936	0.04129507193829757	0.01505904957630873	0.1235434309374654	0.0101071077645471	0.01296019024113408	0.009296248780138237
1.084712856113115	0.001796035288126496	0.02189589696063149	0.001224262923883214	0.001162527489096831	0.001419839373962492	0.01001956183621595	0.2086242710602844	0.181555839422713	0.1113218808474431	0.08941103860115678	0.004466240483337436	0.003595013556237746	0.03445307328428855	0.02982747427632716	0.07322463847472233	0.006793004178877243	0.01762250985804024	0.01093147141227076	0.0243514327043897	0.02020566766556995	0.1150533671031788	0.03152703402579222	0.04064264328716531	0.04651694003207728	0.006451074085094717	0.1465676139289643	0.009171970935477195	0.0531721932216478	0.06425532271852667	0.09853057194381894	0.150531776508538	0.09629742739701409	0.1295916246736553	0.07014571616608078	0.212789123492836	0.1480255829023366	0.009571698098695501	0.0247219669342644	0.09498221713434349	0.002862597106933834	0.003569086685140847	0.00325212793902125	0.003678723215656886	0.01725397708529018	0.03008546916251715	0.01063831460767927	0.01080630142673774	0.01531591913650287	0.009249145890477071	0.04121510448388609	0.04891552287767756	0.007329381424282367	0.004806370364265015	0.07971705305869722	0.07843722411417177	0.1971714018066215	0.2406375539776298	0.009750786400891468	0.005274316848718603	0.005262283924630027	0.002977841671166319	0.3302520804715644	0.2331335463314479	0.2304024671234643	0.3355874642822076	0.3290571074825055	0.32230789335249	0.008539281621916113	0.1447955884330348	0.01219803587262662	0.103303745559935	0.122919857835317	0.01512611158982123	0.1280638646665407	0.01189622299753905	0.1705163911593401	0.01655697945465824	0.07018405233708638	0.05865912568227028	0.09234796926398869	0.04100201175695643	0.008920310046075063	0.1268765256898654	0.008123941684014457	0.01100265329287863	0.00722909553598933
1.101655884473056	0.001594056298417266	0.02304855753784424	0.00159464378325202	0.001639712249225073	0.001430877341659254	0.01088556141627243	0.2323724616269454	0.2012586251810052	0.1112939216416731	0.08872568964609134	0.007098040011218535	0.005793886765862062	0.03526813923504458	0.0311763841845385	0.07661546436469592	0.009372198032882547	0.02184943567084264	0.01360416492588862	0.04044531559522726	0.03587771326516535	0.1402133098071885	0.04615088819375862	0.05428126280548927	0.05958009929970409	0.007059390017393404	0.1434369740716448	0.009813535837887185	0.05484682431660213	0.06706556669366112	0.1027698369054238	0.1465112329294542	0.100535003691498	0.1411931546894677	0.07252471106320085	0.237218461242067	0.1647503506912708	0.006954268625891929	0.02307283210557991	0.09538433540361341	0.00442313478155118	0.005777594709733888	0.005088549965116691	0.006097570963897322	0.0178376391094975	0.0308820791653319	0.01140618504872193	0.01152444433777613	0.01603806273196749	0.009810919027732986	0.03565989792625471	0.04236036511176799	0.009274758661416161	0.006962746589846087	0.08249134030111423	0.0812446002434604	0.2010882143007248	0.2460296553218706	0.00779831753169306	0.007832381418485194	0.008232772435700324	0.005685714242836462	0.3415073713225004	0.2452403430305005	0.2404018825685363	0.3477344626948908	0.341295559718357	0.3343495588699094	0.008983551080158567	0.1469307619273874	0.01258810671399165	0.1062093973435776	0.1255616470437594	0.0113746357432071	0.1295831739524106	0.009224265881662998	0.1702760622340845	0.01415783093070182	0.06471750074692392	0.0546937807668219	0.09441333241628273	0.04138310207188943	0.009865940981963816	0.1315792308541091	0.01098896789388418	0.01412834553080948	0.01031104363794287
1.116031259413831	0.001598775700932508	0.02375403930388396	0.002138574703876811	0.002355704743772412	0.001586129470669384	0.0113673143402172	0.2456802226239696	0.2116025623392997	0.1203779666412919	0.09547858161178588	0.01181522371882185	0.009839659443041255	0.03859045216518343	0.03603561124872751	0.07997756873748385	0.01240206232890265	0.02614695328049015	0.01633918479137368	0.07043691245615004	0.06244229852641929	0.1706382581546305	0.07411113013312143	0.08132992937658526	0.08584449122188599	0.007527519858892484	0.1556600057299915	0.01040427638530299	0.06145501654530857	0.0760448927128195	0.1068471426802809	0.1571100426956884	0.1047698841260317	0.1514125213824198	0.07519077420267731	0.2517337498825092	0.1744692370925059	0.005336132545811187	0.02364899282051624	0.1014247205594681	0.007378591271628223	0.008729434236519231	0.007588660850594125	0.009303198844002216	0.01776764792885905	0.03054596567738143	0.01173659044674218	0.01180184085041798	0.01616009307874574	0.01006041760116262	0.03332441814949329	0.03885757784554351	0.01328128594413641	0.01054399119966555	0.08345394488966341	0.08226295084323232	0.1994978532821937	0.2444500830551783	0.007275703686870168	0.01011525999538133	0.01103841958110946	0.008071022738402631	0.3444820604706941	0.2515282172736027	0.246786436512173	0.3518205214108843	0.3459474785514799	0.3392758337503016	0.009126038699261103	0.1491046455213829	0.01261293748376685	0.1065820804112039	0.1256112497966496	0.01011377951223448	0.1321668300474259	0.008452251713111774	0.1695067889037469	0.0131844533941026	0.06151570489998632	0.0522702199298341	0.09299719803332575	0.04080604538797711	0.01259704747196216	0.1333781439951907	0.01342885293797224	0.01665013078622745	0.0129481138115534
1.12	0.001624852821097894	0.02389015643075016	0.00232218913303261	0.002598512612510165	0.001650013488555277	0.01145380168949141	0.2481370809085479	0.2133351986442594	0.1243393844488458	0.0985225347230174	0.01346870310694851	0.01126540497119637	0.03987149499734308	0.03789492153767776	0.08096719291846752	0.01336021759259015	0.02742596278680451	0.01715550487453352	0.08103314379000791	0.07166675218008192	0.1802394096275767	0.08405095962231157	0.09102353894467882	0.09528737916281971	0.007644096476630691	0.1613580486401747	0.01056761053978392	0.06405853883813997	0.07950805599924386	0.1080298020406178	0.1622437493691118	0.1060215087460167	0.1541937609561505	0.07601715770361815	0.2546045041352162	0.17633925237409	0.004978821429695569	0.02411910378301896	0.1040049744875247	0.008425941938678318	0.009704507690256055	0.008419004091460743	0.0103596418719093	0.0176657924146963	0.03030566764818855	0.01178109507545699	0.0118301219242556	0.01612229936572004	0.01009617632291209	0.03307556847680686	0.03822877665789397	0.01472020329870297	0.01177894217194355	0.08346966473221357	0.08229852992010171	0.19828985348252	0.2430481375568422	0.007302342014353579	0.01076251933120147	0.01185809317054242	0.008743294385673247	0.3441769055258868	0.2525528290871464	0.2481464041509656	0.3518670447455038	0.3462242353638054	0.3396974938673202	0.009131094661394333	0.1496902043806316	0.01257500255864656	0.1063601503695489	0.1252783581629891	0.01005601049356366	0.1330031523982727	0.008464920938805125	0.1691524630217427	0.01307687610769184	0.06086798561552185	0.05175284967354895	0.09214465400064772	0.04051124420167947	0.01362992573354371	0.1334793197491433	0.01410432634207685	0.01732836305767622	0.01368026238994964
